Çağrı ID;Başlangıç;Kuyruk;Temsilci;Bekleme (sn);Görüşme (sn);Beklemeye Alma (sn);Çağrı Sonrası İş (sn);Durum;Arayan;Kategori;Çözüldü
C000006;14.09.2026 09:05:39;Destek;Temsilci 12;3;120;0;17;Cevaplandı;05482844689;Kurulum;Evet
C000003;14.09.2026 09:08:05;Satış;Temsilci 07;2;952;0;35;Cevaplandı;05554647466;Ürün bilgisi;Hayır
C000001;14.09.2026 09:10:10;Destek;Temsilci 03;2;333;49;50;Cevaplandı;05401905165;Kurulum;Evet
C000007;14.09.2026 09:11:36;Destek;Temsilci 12;18;146;0;35;Cevaplandı;05526475920;Kurulum;Evet
C000005;14.09.2026 09:12:29;Satış;Temsilci 06;15;139;0;29;Cevaplandı;05431041362;Ürün bilgisi;Evet
C000009;14.09.2026 09:16:09;Destek;Temsilci 04;1;315;0;42;Cevaplandı;05512074269;Kurulum;Evet
C000008;14.09.2026 09:19:47;Satış;Temsilci 05;2;53;0;15;Cevaplandı;05456011658;Sipariş;Evet
C000004;14.09.2026 09:21:11;Destek;Temsilci 03;2;273;0;25;Cevaplandı;05429369424;Şikâyet;Evet
C000002;14.09.2026 09:23:17;Fatura;Temsilci 06;2;181;87;25;Cevaplandı;05435383994;Ödeme;Evet
C000010;14.09.2026 09:28:18;Satış;Temsilci 09;3;181;26;55;Cevaplandı;05488261153;Sipariş;Hayır
C000018;14.09.2026 09:31:02;Fatura;Temsilci 02;6;303;0;44;Cevaplandı;05407043095;Fatura itirazı;Evet
C000016;14.09.2026 09:31:54;Satış;Temsilci 07;1;161;0;19;Cevaplandı;05559901105;Sipariş;Evet
C000014;14.09.2026 09:39:46;Destek;Temsilci 08;5;107;20;54;Cevaplandı;05583403288;Kurulum;Evet
C000011;14.09.2026 09:42:07;Fatura;Temsilci 01;1;389;45;60;Cevaplandı;05419691694;Ödeme;Evet
C000017;14.09.2026 09:42:19;Destek;Temsilci 11;0;4;18;58;Cevaplandı;05572452468;Kurulum;Hayır
C000020;14.09.2026 09:50:25;Fatura;Temsilci 02;12;115;0;56;Cevaplandı;05321395747;Ödeme;Hayır
C000015;14.09.2026 09:51:17;Fatura;Temsilci 10;0;191;0;56;Cevaplandı;05431069070;Fatura itirazı;Evet
C000019;14.09.2026 09:53:09;Destek;Temsilci 12;2;191;0;50;Cevaplandı;05504184063;Kurulum;Evet
C000012;14.09.2026 09:55:12;Destek;Temsilci 01;3;358;0;35;Cevaplandı;05557961357;Kurulum;Hayır
C000013;14.09.2026 09:59:52;Satış;Temsilci 12;11;73;0;33;Cevaplandı;05403553982;Ürün bilgisi;Evet
C000039;14.09.2026 10:05:03;Satış;Temsilci 03;46;528;11;33;Cevaplandı;05549591210;Ürün bilgisi;Evet
C000031;14.09.2026 10:06:10;Fatura;;38;0;0;0;Terk;05594329747;;
C000027;14.09.2026 10:06:19;Fatura;Temsilci 04;24;223;43;24;Cevaplandı;05577530294;Ödeme;Evet
C000033;14.09.2026 10:08:23;Destek;Temsilci 07;3;484;44;16;Cevaplandı;05411054827;Kurulum;Evet
C000041;14.09.2026 10:08:34;Destek;;36;0;0;0;Terk;05557849723;;
C000028;14.09.2026 10:09:03;Destek;;33;0;0;0;Terk;05403722353;;
C000042;14.09.2026 10:12:37;Fatura;;68;0;0;0;Terk;05514888350;;
C000035;14.09.2026 10:13:40;Destek;Temsilci 08;27;342;76;35;Cevaplandı;05397098126;Kurulum;Evet
C000026;14.09.2026 10:13:51;Satış;;10;0;0;0;Terk;05361561475;;
C000024;14.09.2026 10:15:05;Destek;Temsilci 05;57;290;0;22;Cevaplandı;05387669799;Şikâyet;Hayır
C000032;14.09.2026 10:16:12;Fatura;Temsilci 07;2;607;0;31;Cevaplandı;05357321272;Ödeme;Evet
C000037;14.09.2026 10:18:09;Satış;Temsilci 01;82;512;0;19;Cevaplandı;05382903255;Ürün bilgisi;Evet
C000030;14.09.2026 10:19:23;Destek;;53;0;0;0;Terk;05366164914;;
C000021;14.09.2026 10:20:33;Destek;Temsilci 09;3;409;0;47;Cevaplandı;05459227867;Kurulum;Evet
C000040;14.09.2026 10:22:03;Destek;Temsilci 04;43;192;0;21;Cevaplandı;05593250648;Kurulum;Evet
C000034;14.09.2026 10:24:43;Destek;Temsilci 01;34;96;0;24;Cevaplandı;05398232496;Arıza;Evet
C000023;14.09.2026 10:26:33;Fatura;Temsilci 09;61;271;0;51;Cevaplandı;05313332651;Fatura itirazı;Hayır
C000038;14.09.2026 10:26:53;Destek;Temsilci 07;15;437;0;50;Cevaplandı;05499127427;Kurulum;Hayır
C000022;14.09.2026 10:27:37;Destek;Temsilci 03;0;72;0;28;Cevaplandı;05564838705;Kurulum;Evet
C000029;14.09.2026 10:28:00;Fatura;Temsilci 08;37;145;35;37;Cevaplandı;05398240453;Fatura itirazı;Evet
C000036;14.09.2026 10:28:40;Fatura;Temsilci 03;54;382;0;43;Cevaplandı;05555820568;Fatura itirazı;Evet
C000025;14.09.2026 10:28:52;Fatura;Temsilci 11;87;121;82;16;Cevaplandı;05471688487;Fatura itirazı;Evet
C000059;14.09.2026 10:30:20;Satış;Temsilci 10;70;205;37;23;Cevaplandı;05421684601;Ürün bilgisi;Evet
C000043;14.09.2026 10:30:38;Satış;Temsilci 02;16;210;0;25;Cevaplandı;05494156706;Ürün bilgisi;Hayır
C000048;14.09.2026 10:37:11;Fatura;Temsilci 11;41;202;0;41;Cevaplandı;05516188811;Fatura itirazı;Evet
C000046;14.09.2026 10:38:50;Satış;Temsilci 08;99;346;0;52;Cevaplandı;05341711954;Sipariş;Evet
C000061;14.09.2026 10:40:40;Satış;Temsilci 09;9;184;71;49;Cevaplandı;05405830557;Ürün bilgisi;Evet
C000060;14.09.2026 10:40:49;Fatura;Temsilci 04;40;489;0;50;Cevaplandı;05569633776;Fatura itirazı;Hayır
C000052;14.09.2026 10:41:45;Fatura;Temsilci 06;13;230;0;39;Cevaplandı;05584027201;Ödeme;Evet
C000054;14.09.2026 10:42:23;Destek;Temsilci 09;196;185;0;31;Cevaplandı;05446810860;Şikâyet;Evet
C000047;14.09.2026 10:42:42;Destek;Temsilci 01;46;52;0;24;Cevaplandı;05323118044;Kurulum;Evet
C000049;14.09.2026 10:43:51;Satış;Temsilci 08;37;186;0;18;Cevaplandı;05438927388;Sipariş;Evet
C000055;14.09.2026 10:43:51;Destek;Temsilci 12;7;208;17;39;Cevaplandı;05537254489;Arıza;Evet
C000051;14.09.2026 10:47:00;Destek;Temsilci 10;72;275;0;22;Cevaplandı;05599716902;Kurulum;Evet
C000058;14.09.2026 10:48:03;Destek;Temsilci 03;3;137;0;23;Cevaplandı;05359881023;Arıza;Evet
C000044;14.09.2026 10:49:40;Destek;Temsilci 04;87;146;0;47;Cevaplandı;05418846476;Arıza;Evet
C000045;14.09.2026 10:53:50;Fatura;;1;0;0;0;Terk;05514041567;;
C000050;14.09.2026 10:55:38;Fatura;;23;0;0;0;Terk;05445656500;;
C000057;14.09.2026 10:57:02;Satış;Temsilci 07;10;234;0;19;Cevaplandı;05329885060;Sipariş;Evet
C000053;14.09.2026 10:57:27;Destek;;29;0;0;0;Terk;05302404497;;
C000062;14.09.2026 10:59:41;Destek;Temsilci 01;52;109;49;25;Cevaplandı;05588106928;Arıza;Evet
C000056;14.09.2026 10:59:58;Fatura;Temsilci 09;2;110;0;39;Cevaplandı;05383481406;Fatura itirazı;Evet
C000072;14.09.2026 11:00:33;Fatura;Temsilci 08;31;242;35;26;Cevaplandı;05453527078;Ödeme;Evet
C000081;14.09.2026 11:01:45;Destek;;13;0;0;0;Terk;05336067514;;
C000068;14.09.2026 11:02:06;Destek;Temsilci 07;16;530;0;26;Cevaplandı;05513372482;Kurulum;Hayır
C000075;14.09.2026 11:04:48;Satış;Temsilci 05;100;209;0;43;Cevaplandı;05501497075;Sipariş;Evet
C000065;14.09.2026 11:07:18;Destek;;8;0;0;0;Terk;05537518337;;
C000074;14.09.2026 11:10:37;Satış;Temsilci 02;47;153;0;36;Cevaplandı;05468964391;Sipariş;Evet
C000073;14.09.2026 11:11:17;Destek;Temsilci 02;53;496;0;51;Cevaplandı;05367212994;Arıza;Evet
C000080;14.09.2026 11:13:24;Destek;Temsilci 08;26;221;83;56;Cevaplandı;05507994516;Arıza;Evet
C000064;14.09.2026 11:14:10;Destek;;46;0;0;0;Terk;05539210705;;
C000066;14.09.2026 11:19:44;Satış;Temsilci 12;60;178;0;41;Cevaplandı;05498740717;Ürün bilgisi;Evet
C000077;14.09.2026 11:19:57;Fatura;Temsilci 03;148;190;0;22;Cevaplandı;05379421883;Fatura itirazı;Hayır
C000067;14.09.2026 11:20:06;Fatura;;68;0;0;0;Terk;05355472751;;
C000078;14.09.2026 11:20:12;Satış;Temsilci 08;165;206;0;58;Cevaplandı;05564060935;Ürün bilgisi;Hayır
C000069;14.09.2026 11:21:59;Fatura;;98;0;0;0;Terk;05397520023;;
C000071;14.09.2026 11:22:48;Satış;Temsilci 10;20;137;0;33;Cevaplandı;05411525082;Ürün bilgisi;Evet
C000076;14.09.2026 11:24:06;Fatura;Temsilci 05;21;170;0;57;Cevaplandı;05312227791;Fatura itirazı;Evet
C000070;14.09.2026 11:24:15;Fatura;;199;0;0;0;Terk;05553164398;;
C000063;14.09.2026 11:25:48;Destek;Temsilci 12;95;311;0;29;Cevaplandı;05458538945;Arıza;Evet
C000079;14.09.2026 11:26:53;Satış;Temsilci 04;28;240;0;30;Cevaplandı;05341993182;Ürün bilgisi;Evet
C000095;14.09.2026 11:30:44;Satış;Temsilci 06;27;95;0;39;Cevaplandı;05544401773;Sipariş;Evet
C000082;14.09.2026 11:32:43;Destek;;33;0;0;0;Terk;05588321081;;
C000106;14.09.2026 11:32:54;Fatura;;16;0;0;0;Terk;05401322281;;
C000099;14.09.2026 11:36:22;Satış;Temsilci 03;15;77;63;24;Cevaplandı;05496607814;Ürün bilgisi;Evet
C000083;14.09.2026 11:38:16;Destek;Temsilci 01;32;168;0;42;Cevaplandı;05336987846;Arıza;Evet
C000103;14.09.2026 11:38:26;Destek;Temsilci 02;121;394;0;30;Cevaplandı;05317929631;Arıza;Evet
C000084;14.09.2026 11:38:46;Fatura;Temsilci 04;44;364;0;60;Cevaplandı;05434782809;Ödeme;Hayır
C000104;14.09.2026 11:39:20;Fatura;Temsilci 01;51;339;61;51;Cevaplandı;05458653740;Ödeme;Evet
C000087;14.09.2026 11:40:39;Destek;Temsilci 07;1;391;0;40;Cevaplandı;05595058297;Kurulum;Evet
C000101;14.09.2026 11:43:35;Satış;;4;0;0;0;Terk;05489658127;;
C000090;14.09.2026 11:44:16;Satış;Temsilci 10;38;124;37;47;Cevaplandı;05511373406;Sipariş;Evet
C000088;14.09.2026 11:44:32;Fatura;Temsilci 07;38;188;0;21;Cevaplandı;05571461450;Ödeme;Evet
C000098;14.09.2026 11:45:23;Destek;;35;0;0;0;Terk;05554619900;;
C000091;14.09.2026 11:46:25;Satış;;19;0;0;0;Terk;05546611964;;
C000092;14.09.2026 11:47:19;Destek;Temsilci 11;2;327;0;34;Cevaplandı;05364878999;Kurulum;Hayır
C000102;14.09.2026 11:47:21;Fatura;Temsilci 04;68;272;0;35;Cevaplandı;05362787998;Fatura itirazı;Evet
C000105;14.09.2026 11:48:39;Destek;Temsilci 02;15;139;84;52;Cevaplandı;05535915754;Arıza;Evet
C000089;14.09.2026 11:50:59;Fatura;Temsilci 10;15;432;0;16;Cevaplandı;05593461231;Fatura itirazı;Evet
C000097;14.09.2026 11:53:44;Satış;Temsilci 01;6;164;25;16;Cevaplandı;05567428128;Ürün bilgisi;Evet
C000086;14.09.2026 11:54:41;Satış;Temsilci 12;32;96;0;44;Cevaplandı;05485499848;Ürün bilgisi;Evet
C000093;14.09.2026 11:57:00;Fatura;Temsilci 11;13;280;0;28;Cevaplandı;05499608720;Ödeme;Evet
C000085;14.09.2026 11:57:22;Satış;;54;0;0;0;Terk;05419736874;;
C000094;14.09.2026 11:58:11;Destek;Temsilci 05;47;183;41;42;Cevaplandı;05406830818;Şikâyet;Evet
C000096;14.09.2026 11:58:41;Destek;Temsilci 12;9;177;0;34;Cevaplandı;05405362546;Arıza;Evet
C000100;14.09.2026 11:59:09;Destek;Temsilci 04;212;271;65;59;Cevaplandı;05309150724;Arıza;Evet
C000112;14.09.2026 12:01:00;Satış;Temsilci 06;5;118;30;44;Cevaplandı;05504421339;Sipariş;Evet
C000109;14.09.2026 12:06:01;Destek;Temsilci 05;10;196;0;48;Cevaplandı;05573857951;Arıza;Evet
C000108;14.09.2026 12:06:04;Destek;Temsilci 12;12;347;0;40;Cevaplandı;05552029586;Kurulum;Evet
C000110;14.09.2026 12:06:33;Fatura;Temsilci 01;2;425;52;54;Cevaplandı;05339536431;Ödeme;Evet
C000119;14.09.2026 12:08:32;Destek;Temsilci 03;7;283;0;53;Cevaplandı;05368134172;Şikâyet;Evet
C000118;14.09.2026 12:08:57;Destek;Temsilci 05;10;409;0;29;Cevaplandı;05351175138;Kurulum;Hayır
C000107;14.09.2026 12:13:25;Destek;Temsilci 06;9;146;0;36;Cevaplandı;05341516680;Arıza;Evet
C000120;14.09.2026 12:13:26;Fatura;Temsilci 12;15;154;0;18;Cevaplandı;05529999097;Ödeme;Hayır
C000114;14.09.2026 12:13:41;Satış;Temsilci 07;8;419;0;50;Cevaplandı;05483813727;Sipariş;Evet
C000115;14.09.2026 12:14:42;Destek;Temsilci 11;3;646;0;39;Cevaplandı;05448431237;Arıza;Evet
C000111;14.09.2026 12:16:36;Satış;Temsilci 02;1;62;23;30;Cevaplandı;05397553373;Sipariş;Evet
C000117;14.09.2026 12:17:07;Fatura;Temsilci 11;3;399;0;43;Cevaplandı;05305198496;Fatura itirazı;Evet
C000113;14.09.2026 12:18:33;Fatura;Temsilci 11;1;425;0;26;Cevaplandı;05444848774;Fatura itirazı;Evet
C000121;14.09.2026 12:28:13;Destek;;8;0;0;0;Terk;05311031924;;
C000116;14.09.2026 12:28:22;Destek;Temsilci 01;9;170;0;37;Cevaplandı;05476754699;Kurulum;Evet
C000124;14.09.2026 12:31:02;Satış;Temsilci 10;1;282;0;53;Cevaplandı;05526475920;Ürün bilgisi;Evet
C000128;14.09.2026 12:33:49;Satış;Temsilci 05;14;256;87;45;Cevaplandı;05373188131;Ürün bilgisi;Evet
C000122;14.09.2026 12:38:16;Destek;Temsilci 01;3;210;0;32;Cevaplandı;05403409210;Arıza;Evet
C000131;14.09.2026 12:40:47;Destek;Temsilci 11;1;187;0;55;Cevaplandı;05319289180;Şikâyet;Hayır
C000134;14.09.2026 12:40:51;Destek;Temsilci 03;6;241;75;35;Cevaplandı;05439867690;Kurulum;Evet
C000126;14.09.2026 12:44:44;Fatura;Temsilci 03;7;170;0;43;Cevaplandı;05394481313;Ödeme;Evet
C000132;14.09.2026 12:48:40;Satış;Temsilci 03;5;151;0;30;Cevaplandı;05539673050;Sipariş;Evet
C000129;14.09.2026 12:50:01;Fatura;Temsilci 06;2;189;0;29;Cevaplandı;05544341683;Fatura itirazı;Evet
C000123;14.09.2026 12:52:37;Destek;Temsilci 12;1;229;0;27;Cevaplandı;05565905716;Arıza;Hayır
C000125;14.09.2026 12:53:03;Satış;Temsilci 09;4;140;0;28;Cevaplandı;05562416704;Sipariş;Evet
C000130;14.09.2026 12:54:44;Satış;Temsilci 06;20;110;82;24;Cevaplandı;05346768204;Ürün bilgisi;Hayır
C000127;14.09.2026 12:57:12;Destek;Temsilci 09;6;180;0;27;Cevaplandı;05462146041;Arıza;Evet
C000133;14.09.2026 12:59:27;Fatura;Temsilci 04;1;374;0;37;Cevaplandı;05574778109;Fatura itirazı;Evet
C000137;14.09.2026 13:01:32;Destek;Temsilci 04;3;180;55;41;Cevaplandı;05302179246;Arıza;Evet
C000140;14.09.2026 13:07:35;Destek;Temsilci 10;1;260;0;18;Cevaplandı;05433324951;Kurulum;Evet
C000145;14.09.2026 13:11:08;Destek;Temsilci 06;0;241;48;53;Cevaplandı;05343515546;Arıza;Evet
C000136;14.09.2026 13:14:55;Fatura;Temsilci 03;6;144;0;45;Cevaplandı;05319095672;Fatura itirazı;Hayır
C000138;14.09.2026 13:15:45;Destek;Temsilci 01;7;370;0;56;Cevaplandı;05409679588;Şikâyet;Evet
C000141;14.09.2026 13:21:30;Satış;Temsilci 06;14;205;0;53;Cevaplandı;05339368715;Sipariş;Hayır
C000135;14.09.2026 13:23:05;Fatura;Temsilci 04;5;185;82;52;Cevaplandı;05319959594;Fatura itirazı;Hayır
C000143;14.09.2026 13:24:04;Destek;Temsilci 02;0;87;0;38;Cevaplandı;05407191651;Kurulum;Hayır
C000142;14.09.2026 13:25:00;Fatura;Temsilci 01;13;95;0;18;Cevaplandı;05448380154;Ödeme;Hayır
C000139;14.09.2026 13:27:56;Destek;Temsilci 03;14;310;90;34;Cevaplandı;05485167503;Şikâyet;Evet
C000144;14.09.2026 13:28:56;Destek;Temsilci 03;4;311;0;25;Cevaplandı;05464638687;Arıza;Hayır
C000148;14.09.2026 13:30:48;Destek;Temsilci 09;4;201;0;38;Cevaplandı;05444485636;Arıza;Evet
C000150;14.09.2026 13:35:02;Destek;Temsilci 05;0;289;0;16;Cevaplandı;05359584417;Şikâyet;Hayır
C000147;14.09.2026 13:53:38;Fatura;Temsilci 11;13;297;0;53;Cevaplandı;05587041060;Ödeme;Evet
C000146;14.09.2026 13:55:34;Fatura;Temsilci 09;1;300;0;52;Cevaplandı;05307966073;Fatura itirazı;Evet
C000149;14.09.2026 13:59:43;Destek;Temsilci 02;2;243;0;22;Cevaplandı;05504767919;Kurulum;Evet
C000153;14.09.2026 14:01:35;Destek;Temsilci 09;3;119;0;36;Cevaplandı;05314911833;Şikâyet;Evet
C000163;14.09.2026 14:01:43;Satış;Temsilci 07;2;84;0;47;Cevaplandı;05341471346;Sipariş;Evet
C000165;14.09.2026 14:02:36;Satış;Temsilci 02;5;123;0;45;Cevaplandı;05564230512;Ürün bilgisi;Evet
C000169;14.09.2026 14:02:41;Satış;Temsilci 03;13;193;0;16;Cevaplandı;05578490609;Ürün bilgisi;Hayır
C000152;14.09.2026 14:03:30;Satış;Temsilci 02;20;181;0;40;Cevaplandı;05395915454;Sipariş;Evet
C000171;14.09.2026 14:03:42;Fatura;Temsilci 07;4;925;0;46;Cevaplandı;05357865741;Fatura itirazı;Evet
C000151;14.09.2026 14:04:56;Satış;Temsilci 08;4;220;0;15;Cevaplandı;05472969544;Sipariş;Hayır
C000155;14.09.2026 14:07:22;Satış;Temsilci 07;2;185;0;15;Cevaplandı;05399686017;Ürün bilgisi;Hayır
C000170;14.09.2026 14:09:59;Satış;Temsilci 11;3;8;0;60;Cevaplandı;05435180085;Ürün bilgisi;Hayır
C000158;14.09.2026 14:10:24;Satış;Temsilci 05;1;108;0;56;Cevaplandı;05409152632;Ürün bilgisi;Hayır
C000160;14.09.2026 14:13:08;Destek;Temsilci 02;5;332;35;38;Cevaplandı;05584443478;Şikâyet;Evet
C000161;14.09.2026 14:15:42;Fatura;Temsilci 12;10;130;0;53;Cevaplandı;05553341491;Ödeme;Evet
C000168;14.09.2026 14:16:47;Fatura;Temsilci 03;13;159;40;22;Cevaplandı;05518713772;Fatura itirazı;Evet
C000159;14.09.2026 14:18:39;Destek;Temsilci 05;2;206;0;43;Cevaplandı;05512518915;Arıza;Evet
C000157;14.09.2026 14:18:40;Destek;Temsilci 05;2;356;0;52;Cevaplandı;05498540554;Kurulum;Hayır
C000164;14.09.2026 14:21:42;Destek;Temsilci 03;2;260;0;44;Cevaplandı;05346000590;Şikâyet;Evet
C000156;14.09.2026 14:21:55;Fatura;Temsilci 05;14;313;0;20;Cevaplandı;05504012585;Fatura itirazı;Hayır
C000162;14.09.2026 14:27:12;Destek;;4;0;0;0;Terk;05365038413;;
C000154;14.09.2026 14:27:29;Destek;Temsilci 11;14;347;16;53;Cevaplandı;05305780050;Arıza;Hayır
C000166;14.09.2026 14:28:39;Destek;Temsilci 03;5;209;0;45;Cevaplandı;05533026921;Arıza;Evet
C000167;14.09.2026 14:28:47;Destek;Temsilci 03;12;435;0;39;Cevaplandı;05534076720;Arıza;Evet
C000188;14.09.2026 14:30:58;Satış;Temsilci 07;5;427;0;48;Cevaplandı;05583426193;Ürün bilgisi;Evet
C000187;14.09.2026 14:31:19;Destek;Temsilci 06;17;222;0;26;Cevaplandı;05554926689;Arıza;Evet
C000189;14.09.2026 14:33:48;Destek;Temsilci 09;1;215;73;50;Cevaplandı;05398198843;Şikâyet;Evet
C000172;14.09.2026 14:34:36;Destek;Temsilci 10;16;659;0;55;Cevaplandı;05571843486;Arıza;Hayır
C000174;14.09.2026 14:35:27;Satış;Temsilci 05;6;127;0;33;Cevaplandı;05518913773;Ürün bilgisi;Hayır
C000186;14.09.2026 14:36:34;Fatura;Temsilci 04;5;168;18;15;Cevaplandı;05594329747;Ödeme;Evet
C000179;14.09.2026 14:36:58;Satış;Temsilci 01;23;191;0;59;Cevaplandı;05493736357;Ürün bilgisi;Evet
C000173;14.09.2026 14:38:01;Destek;Temsilci 08;2;470;0;59;Cevaplandı;05522186118;Şikâyet;Evet
C000185;14.09.2026 14:40:39;Destek;Temsilci 09;13;191;0;32;Cevaplandı;05309629797;Şikâyet;Evet
C000176;14.09.2026 14:41:53;Destek;Temsilci 05;16;444;14;36;Cevaplandı;05443721977;Arıza;Evet
C000181;14.09.2026 14:43:32;Satış;Temsilci 02;6;290;0;23;Cevaplandı;05317337831;Ürün bilgisi;Hayır
C000178;14.09.2026 14:44:34;Fatura;Temsilci 08;18;545;0;45;Cevaplandı;05459418151;Fatura itirazı;Evet
C000175;14.09.2026 14:47:10;Satış;Temsilci 09;2;185;0;31;Cevaplandı;05392599441;Ürün bilgisi;Evet
C000183;14.09.2026 14:49:25;Destek;Temsilci 05;10;419;0;52;Cevaplandı;05559539841;Arıza;Evet
C000180;14.09.2026 14:51:25;Fatura;Temsilci 07;2;292;0;36;Cevaplandı;05382959451;Fatura itirazı;Evet
C000184;14.09.2026 14:51:52;Destek;Temsilci 10;5;137;0;44;Cevaplandı;05598201116;Şikâyet;Hayır
C000182;14.09.2026 14:56:01;Satış;Temsilci 06;1;190;0;34;Cevaplandı;05452454230;Ürün bilgisi;Evet
C000177;14.09.2026 14:59:32;Satış;Temsilci 10;13;297;0;26;Cevaplandı;05318913340;Ürün bilgisi;Evet
C000190;14.09.2026 15:00:23;Fatura;Temsilci 05;0;236;32;18;Cevaplandı;05518485279;Fatura itirazı;Hayır
C000206;14.09.2026 15:01:15;Destek;Temsilci 02;3;655;0;60;Cevaplandı;05326387013;Kurulum;Evet
C000194;14.09.2026 15:01:42;Satış;Temsilci 10;5;258;0;18;Cevaplandı;05358029744;Ürün bilgisi;Evet
C000195;14.09.2026 15:06:43;Destek;Temsilci 06;11;162;0;50;Cevaplandı;05527630535;Şikâyet;Evet
C000193;14.09.2026 15:08:19;Fatura;;28;0;0;0;Terk;05538739795;;
C000196;14.09.2026 15:09:15;Destek;Temsilci 01;74;326;0;35;Cevaplandı;05381055565;Arıza;Evet
C000197;14.09.2026 15:11:36;Satış;Temsilci 08;7;99;0;40;Cevaplandı;05469108004;Sipariş;Evet
C000209;14.09.2026 15:15:16;Satış;Temsilci 07;14;208;0;21;Cevaplandı;05391249751;Ürün bilgisi;Evet
C000192;14.09.2026 15:16:17;Destek;Temsilci 10;17;314;0;40;Cevaplandı;05305930676;Kurulum;Evet
C000204;14.09.2026 15:18:27;Destek;Temsilci 09;7;216;0;39;Cevaplandı;05467941580;Kurulum;Evet
C000198;14.09.2026 15:18:39;Destek;Temsilci 01;29;204;29;18;Cevaplandı;05559439423;Arıza;Hayır
C000205;14.09.2026 15:19:43;Destek;Temsilci 05;16;620;80;38;Cevaplandı;05351038664;Kurulum;Evet
C000203;14.09.2026 15:20:26;Fatura;Temsilci 11;26;131;0;49;Cevaplandı;05414333883;Fatura itirazı;Evet
C000210;14.09.2026 15:21:21;Satış;Temsilci 09;51;101;0;54;Cevaplandı;05491220922;Sipariş;Evet
C000202;14.09.2026 15:21:37;Fatura;Temsilci 09;4;401;70;41;Cevaplandı;05409206282;Fatura itirazı;Evet
C000208;14.09.2026 15:21:51;Destek;Temsilci 01;11;316;0;59;Cevaplandı;05476685933;Kurulum;Evet
C000207;14.09.2026 15:22:06;Fatura;Temsilci 01;85;129;0;24;Cevaplandı;05557767887;Ödeme;Evet
C000191;14.09.2026 15:23:13;Satış;Temsilci 04;1;220;0;21;Cevaplandı;05483313774;Ürün bilgisi;Evet
C000200;14.09.2026 15:25:11;Destek;Temsilci 07;44;238;0;35;Cevaplandı;05365668155;Arıza;Hayır
C000199;14.09.2026 15:26:03;Destek;Temsilci 07;9;809;0;32;Cevaplandı;05431219185;Şikâyet;Evet
C000201;14.09.2026 15:26:27;Fatura;Temsilci 09;21;284;85;21;Cevaplandı;05518190042;Ödeme;Evet
C000213;14.09.2026 15:32:24;Satış;Temsilci 10;1;187;71;28;Cevaplandı;05513203488;Ürün bilgisi;Evet
C000216;14.09.2026 15:38:49;Destek;Temsilci 08;29;242;47;48;Cevaplandı;05339578813;Şikâyet;Evet
C000223;14.09.2026 15:39:08;Satış;Temsilci 09;11;84;0;23;Cevaplandı;05384775340;Ürün bilgisi;Evet
C000215;14.09.2026 15:40:32;Destek;Temsilci 03;22;453;0;22;Cevaplandı;05302747501;Kurulum;Evet
C000212;14.09.2026 15:41:33;Fatura;;9;0;0;0;Terk;05301494148;;
C000221;14.09.2026 15:42:56;Destek;Temsilci 01;10;150;0;18;Cevaplandı;05417713276;Şikâyet;Evet
C000224;14.09.2026 15:43:29;Destek;;58;0;0;0;Terk;05425978980;;
C000211;14.09.2026 15:43:47;Destek;Temsilci 06;9;167;0;37;Cevaplandı;05309424541;Şikâyet;Evet
C000217;14.09.2026 15:44:27;Fatura;Temsilci 10;27;235;0;30;Cevaplandı;05476949247;Fatura itirazı;Evet
C000214;14.09.2026 15:44:50;Destek;Temsilci 12;74;498;20;20;Cevaplandı;05593250648;Arıza;Evet
C000218;14.09.2026 15:48:13;Fatura;Temsilci 08;17;175;0;31;Cevaplandı;05359103152;Ödeme;Evet
C000219;14.09.2026 15:49:12;Destek;Temsilci 05;7;190;0;35;Cevaplandı;05563712820;Şikâyet;Evet
C000227;14.09.2026 15:51:41;Destek;Temsilci 11;6;482;0;56;Cevaplandı;05331299442;Arıza;Evet
C000226;14.09.2026 15:53:28;Destek;Temsilci 02;18;124;76;50;Cevaplandı;05351394052;Arıza;Evet
C000228;14.09.2026 15:53:33;Destek;Temsilci 12;14;305;82;53;Cevaplandı;05588568238;Arıza;Evet
C000225;14.09.2026 15:55:07;Destek;;8;0;0;0;Terk;05425684528;;
C000222;14.09.2026 15:55:33;Destek;Temsilci 10;39;236;0;55;Cevaplandı;05477400565;Şikâyet;Evet
C000220;14.09.2026 15:56:36;Fatura;Temsilci 08;28;281;0;46;Cevaplandı;05456101172;Fatura itirazı;Evet
C000232;14.09.2026 16:01:40;Satış;Temsilci 09;18;164;0;39;Cevaplandı;05558390279;Ürün bilgisi;Evet
C000244;14.09.2026 16:05:40;Fatura;Temsilci 09;3;201;0;46;Cevaplandı;05546864001;Fatura itirazı;Evet
C000231;14.09.2026 16:08:46;Destek;Temsilci 06;2;231;82;23;Cevaplandı;05396745680;Şikâyet;Evet
C000233;14.09.2026 16:08:53;Destek;Temsilci 08;1;344;0;25;Cevaplandı;05575692347;Şikâyet;Evet
C000230;14.09.2026 16:09:32;Fatura;Temsilci 10;0;106;0;59;Cevaplandı;05479636876;Ödeme;Evet
C000229;14.09.2026 16:09:50;Destek;Temsilci 04;6;233;0;24;Cevaplandı;05403518779;Kurulum;Evet
C000246;14.09.2026 16:10:32;Destek;Temsilci 12;4;254;45;45;Cevaplandı;05425671873;Şikâyet;Evet
C000240;14.09.2026 16:10:58;Satış;Temsilci 01;8;91;0;31;Cevaplandı;05304364346;Ürün bilgisi;Evet
C000237;14.09.2026 16:11:55;Fatura;Temsilci 10;2;183;0;19;Cevaplandı;05468589321;Fatura itirazı;Evet
C000243;14.09.2026 16:12:04;Satış;Temsilci 07;1;618;15;22;Cevaplandı;05496640451;Sipariş;Evet
C000245;14.09.2026 16:12:26;Satış;Temsilci 08;2;182;0;23;Cevaplandı;05428459503;Ürün bilgisi;Evet
C000241;14.09.2026 16:21:11;Satış;Temsilci 09;10;179;47;43;Cevaplandı;05303542560;Sipariş;Hayır
C000239;14.09.2026 16:23:07;Destek;Temsilci 02;10;383;0;19;Cevaplandı;05598282132;Arıza;Hayır
C000238;14.09.2026 16:23:09;Destek;Temsilci 04;3;268;0;57;Cevaplandı;05473908371;Şikâyet;Evet
C000234;14.09.2026 16:23:20;Satış;Temsilci 08;3;142;0;56;Cevaplandı;05349697766;Sipariş;Hayır
C000236;14.09.2026 16:24:11;Fatura;Temsilci 06;4;168;53;18;Cevaplandı;05564573814;Fatura itirazı;Evet
C000242;14.09.2026 16:26:26;Destek;Temsilci 02;7;404;0;37;Cevaplandı;05341171686;Şikâyet;Evet
C000235;14.09.2026 16:26:49;Fatura;Temsilci 04;11;136;0;60;Cevaplandı;05346651307;Fatura itirazı;Evet
C000256;14.09.2026 16:33:19;Destek;Temsilci 12;8;369;51;44;Cevaplandı;05446810860;Şikâyet;Evet
C000259;14.09.2026 16:33:31;Destek;Temsilci 12;3;319;0;29;Cevaplandı;05366859719;Kurulum;Evet
C000247;14.09.2026 16:36:10;Fatura;Temsilci 11;1;104;54;58;Cevaplandı;05561462508;Ödeme;Evet
C000258;14.09.2026 16:36:22;Destek;Temsilci 07;7;653;61;39;Cevaplandı;05436429078;Arıza;Evet
C000255;14.09.2026 16:36:49;Fatura;Temsilci 02;12;140;0;52;Cevaplandı;05533214524;Ödeme;Evet
C000251;14.09.2026 16:37:48;Destek;Temsilci 11;10;340;0;39;Cevaplandı;05388851157;Şikâyet;Evet
C000257;14.09.2026 16:38:15;Destek;Temsilci 06;21;144;0;19;Cevaplandı;05419526406;Şikâyet;Evet
C000252;14.09.2026 16:41:05;Fatura;Temsilci 01;5;67;48;44;Cevaplandı;05472605514;Fatura itirazı;Evet
C000260;14.09.2026 16:43:16;Destek;Temsilci 04;3;315;0;44;Cevaplandı;05307798469;Şikâyet;Evet
C000249;14.09.2026 16:50:54;Satış;Temsilci 03;8;167;0;54;Cevaplandı;05365986009;Ürün bilgisi;Evet
C000254;14.09.2026 16:52:59;Destek;Temsilci 06;1;370;67;54;Cevaplandı;05355660453;Arıza;Evet
C000261;14.09.2026 16:53:20;Destek;Temsilci 04;9;223;0;32;Cevaplandı;05533923648;Arıza;Evet
C000250;14.09.2026 16:55:50;Satış;Temsilci 10;6;201;0;57;Cevaplandı;05552818319;Sipariş;Evet
C000248;14.09.2026 16:57:25;Destek;Temsilci 05;2;205;36;22;Cevaplandı;05516298587;Şikâyet;Evet
C000253;14.09.2026 16:57:28;Destek;Temsilci 10;20;605;0;29;Cevaplandı;05425143984;Şikâyet;Hayır
C000262;14.09.2026 17:00:37;Fatura;Temsilci 07;2;191;37;32;Cevaplandı;05345739527;Ödeme;Evet
C000263;14.09.2026 17:12:14;Satış;Temsilci 08;2;202;0;45;Cevaplandı;05424203608;Ürün bilgisi;Evet
C000264;14.09.2026 17:13:11;Destek;Temsilci 03;2;398;0;50;Cevaplandı;05514267617;Arıza;Evet
C000270;14.09.2026 17:30:04;Satış;Temsilci 10;3;144;0;23;Cevaplandı;05459247664;Sipariş;Evet
C000268;14.09.2026 17:30:29;Satış;Temsilci 06;4;67;20;39;Cevaplandı;05353760871;Sipariş;Hayır
C000266;14.09.2026 17:38:25;Fatura;Temsilci 10;4;144;0;21;Cevaplandı;05308072383;Fatura itirazı;Evet
C000269;14.09.2026 17:40:06;Destek;Temsilci 11;5;602;83;37;Cevaplandı;05505668962;Kurulum;Evet
C000265;14.09.2026 17:40:38;Satış;Temsilci 02;0;70;0;18;Cevaplandı;05307865805;Ürün bilgisi;Evet
C000267;14.09.2026 17:43:12;Destek;;7;0;0;0;Terk;05431947582;;
C000271;14.09.2026 17:46:06;Destek;Temsilci 11;5;2;0;50;Cevaplandı;05308386896;Şikâyet;Hayır
C000280;15.09.2026 09:01:44;Fatura;Temsilci 04;2;151;16;31;Cevaplandı;05362749412;Fatura itirazı;Evet
C000276;15.09.2026 09:01:52;Destek;Temsilci 05;2;354;0;32;Cevaplandı;05493736357;Kurulum;Hayır
C000289;15.09.2026 09:02:54;Fatura;Temsilci 10;10;193;13;20;Cevaplandı;05505602481;Fatura itirazı;Evet
C000287;15.09.2026 09:03:06;Fatura;Temsilci 01;1;271;0;20;Cevaplandı;05545896385;Fatura itirazı;Evet
C000282;15.09.2026 09:04:04;Satış;Temsilci 06;3;136;0;40;Cevaplandı;05511985126;Ürün bilgisi;Evet
C000273;15.09.2026 09:05:10;Destek;Temsilci 04;5;228;88;31;Cevaplandı;05353608320;Şikâyet;Evet
C000290;15.09.2026 09:12:06;Destek;Temsilci 10;9;679;47;15;Cevaplandı;05501056658;Kurulum;Evet
C000284;15.09.2026 09:12:28;Satış;Temsilci 05;9;197;0;19;Cevaplandı;05437009999;Ürün bilgisi;Evet
C000279;15.09.2026 09:16:13;Destek;Temsilci 02;2;377;66;18;Cevaplandı;05586576377;Arıza;Evet
C000277;15.09.2026 09:16:18;Satış;Temsilci 11;14;92;0;20;Cevaplandı;05462014012;Sipariş;Evet
C000275;15.09.2026 09:17:38;Satış;Temsilci 08;2;201;23;19;Cevaplandı;05395915454;Sipariş;Evet
C000286;15.09.2026 09:19:57;Satış;Temsilci 08;0;153;80;20;Cevaplandı;05355038160;Sipariş;Hayır
C000278;15.09.2026 09:22:22;Destek;Temsilci 08;13;225;0;17;Cevaplandı;05483204874;Şikâyet;Hayır
C000285;15.09.2026 09:23:50;Satış;Temsilci 08;10;116;0;29;Cevaplandı;05335938474;Sipariş;Evet
C000272;15.09.2026 09:24:07;Satış;Temsilci 10;3;111;0;19;Cevaplandı;05446691269;Ürün bilgisi;Hayır
C000283;15.09.2026 09:27:04;Destek;Temsilci 02;7;277;0;15;Cevaplandı;05439639379;Kurulum;Evet
C000288;15.09.2026 09:28:51;Destek;Temsilci 08;6;278;0;40;Cevaplandı;05481828070;Arıza;Evet
C000274;15.09.2026 09:29:18;Destek;Temsilci 07;7;542;57;38;Cevaplandı;05531905886;Şikâyet;Hayır
C000281;15.09.2026 09:29:57;Fatura;Temsilci 08;3;213;0;21;Cevaplandı;05516915260;Fatura itirazı;Evet
C000298;15.09.2026 09:32:20;Destek;Temsilci 01;9;400;12;17;Cevaplandı;05347956128;Kurulum;Evet
C000291;15.09.2026 09:35:20;Destek;Temsilci 05;4;301;0;28;Cevaplandı;05552413446;Arıza;Evet
C000296;15.09.2026 09:44:06;Destek;Temsilci 09;25;148;59;48;Cevaplandı;05538602379;Şikâyet;Evet
C000294;15.09.2026 09:45:49;Satış;Temsilci 04;9;159;0;52;Cevaplandı;05535293469;Sipariş;Hayır
C000293;15.09.2026 09:46:33;Destek;Temsilci 08;45;443;0;27;Cevaplandı;05425417297;Kurulum;Evet
C000300;15.09.2026 09:51:19;Destek;Temsilci 03;4;158;0;19;Cevaplandı;05525530289;Şikâyet;Evet
C000297;15.09.2026 09:54:20;Destek;Temsilci 08;15;236;0;36;Cevaplandı;05352043734;Şikâyet;Evet
C000295;15.09.2026 09:54:38;Destek;Temsilci 06;6;110;0;18;Cevaplandı;05535874029;Kurulum;Evet
C000292;15.09.2026 09:55:07;Satış;Temsilci 03;6;142;0;36;Cevaplandı;05368955258;Sipariş;Evet
C000301;15.09.2026 09:57:13;Fatura;Temsilci 07;17;311;0;17;Cevaplandı;05402416716;Ödeme;Evet
C000299;15.09.2026 09:57:29;Satış;Temsilci 05;6;155;0;54;Cevaplandı;05494220952;Sipariş;Evet
C000318;15.09.2026 10:02:37;Destek;Temsilci 11;14;701;0;47;Cevaplandı;05416436032;Arıza;Hayır
C000314;15.09.2026 10:03:05;Destek;Temsilci 09;6;272;65;40;Cevaplandı;05475682076;Şikâyet;Hayır
C000306;15.09.2026 10:04:00;Satış;;9;0;0;0;Terk;05423076407;;
C000309;15.09.2026 10:04:14;Destek;Temsilci 01;43;371;0;23;Cevaplandı;05421923267;Şikâyet;Evet
C000308;15.09.2026 10:04:58;Destek;Temsilci 11;12;221;0;47;Cevaplandı;05393171487;Arıza;Hayır
C000305;15.09.2026 10:08:37;Fatura;Temsilci 04;26;507;0;48;Cevaplandı;05308139562;Ödeme;Evet
C000315;15.09.2026 10:09:43;Destek;Temsilci 05;5;270;0;51;Cevaplandı;05361845348;Şikâyet;Hayır
C000319;15.09.2026 10:12:59;Destek;Temsilci 05;6;293;0;58;Cevaplandı;05304134147;Şikâyet;Evet
C000302;15.09.2026 10:14:28;Fatura;Temsilci 01;17;124;38;21;Cevaplandı;05386246500;Ödeme;Evet
C000311;15.09.2026 10:14:44;Destek;Temsilci 09;33;104;0;43;Cevaplandı;05339514075;Şikâyet;Evet
C000312;15.09.2026 10:15:01;Destek;Temsilci 08;15;301;0;53;Cevaplandı;05433529423;Kurulum;Evet
C000303;15.09.2026 10:16:22;Satış;Temsilci 09;10;87;0;59;Cevaplandı;05453942376;Ürün bilgisi;Evet
C000321;15.09.2026 10:16:35;Destek;Temsilci 02;10;221;0;27;Cevaplandı;05586689065;Arıza;Evet
C000320;15.09.2026 10:16:45;Fatura;Temsilci 10;29;319;0;38;Cevaplandı;05357896561;Fatura itirazı;Evet
C000307;15.09.2026 10:18:12;Fatura;Temsilci 02;25;133;0;53;Cevaplandı;05304161454;Fatura itirazı;Evet
C000316;15.09.2026 10:18:39;Fatura;Temsilci 06;0;175;38;52;Cevaplandı;05323303600;Fatura itirazı;Evet
C000310;15.09.2026 10:22:12;Destek;Temsilci 05;20;161;0;34;Cevaplandı;05463776400;Kurulum;Evet
C000304;15.09.2026 10:25:16;Satış;Temsilci 12;7;122;0;51;Cevaplandı;05368889712;Sipariş;Evet
C000313;15.09.2026 10:27:17;Destek;Temsilci 01;26;226;0;25;Cevaplandı;05555971162;Kurulum;Evet
C000317;15.09.2026 10:29:54;Fatura;Temsilci 08;52;124;0;53;Cevaplandı;05389291975;Fatura itirazı;Evet
C000339;15.09.2026 10:31:14;Satış;Temsilci 02;13;307;59;34;Cevaplandı;05558568417;Ürün bilgisi;Evet
C000332;15.09.2026 10:31:45;Destek;Temsilci 11;2;351;0;41;Cevaplandı;05317831064;Kurulum;Evet
C000341;15.09.2026 10:31:51;Destek;Temsilci 09;19;359;0;33;Cevaplandı;05576752581;Şikâyet;Evet
C000335;15.09.2026 10:32:17;Destek;Temsilci 10;6;743;0;47;Cevaplandı;05565916193;Kurulum;Evet
C000330;15.09.2026 10:32:59;Destek;Temsilci 04;4;182;0;60;Cevaplandı;05394504328;Kurulum;Evet
C000343;15.09.2026 10:33:37;Destek;Temsilci 01;3;776;0;28;Cevaplandı;05526447199;Arıza;Evet
C000336;15.09.2026 10:34:24;Satış;Temsilci 03;5;56;0;38;Cevaplandı;05545160635;Ürün bilgisi;Evet
C000334;15.09.2026 10:34:39;Destek;Temsilci 08;0;294;89;47;Cevaplandı;05507994516;Şikâyet;Evet
C000325;15.09.2026 10:34:44;Satış;Temsilci 08;73;88;0;36;Cevaplandı;05439065162;Ürün bilgisi;Hayır
C000324;15.09.2026 10:39:27;Destek;Temsilci 09;52;372;0;48;Cevaplandı;05319333165;Kurulum;Evet
C000322;15.09.2026 10:39:30;Destek;Temsilci 02;25;190;24;54;Cevaplandı;05365371238;Kurulum;Evet
C000323;15.09.2026 10:40:51;Destek;Temsilci 01;4;61;0;57;Cevaplandı;05415990013;Şikâyet;Hayır
C000333;15.09.2026 10:41:26;Satış;Temsilci 08;55;131;0;55;Cevaplandı;05462087503;Ürün bilgisi;Evet
C000338;15.09.2026 10:43:56;Destek;Temsilci 08;12;155;36;48;Cevaplandı;05582136503;Şikâyet;Evet
C000326;15.09.2026 10:44:00;Destek;Temsilci 05;19;277;61;22;Cevaplandı;05348073269;Arıza;Hayır
C000329;15.09.2026 10:45:58;Destek;Temsilci 02;3;132;12;16;Cevaplandı;05347568346;Kurulum;Evet
C000327;15.09.2026 10:46:21;Destek;Temsilci 10;9;328;15;34;Cevaplandı;05406678765;Şikâyet;Hayır
C000340;15.09.2026 10:48:00;Destek;Temsilci 10;13;630;20;59;Cevaplandı;05307490299;Arıza;Evet
C000342;15.09.2026 10:48:44;Destek;Temsilci 11;6;6;47;29;Cevaplandı;05317780402;Arıza;Evet
C000328;15.09.2026 10:52:52;Destek;Temsilci 06;35;162;0;15;Cevaplandı;05585115480;Arıza;Evet
C000337;15.09.2026 10:53:49;Fatura;Temsilci 02;1;64;0;19;Cevaplandı;05329086641;Ödeme;Evet
C000331;15.09.2026 10:55:31;Fatura;Temsilci 12;42;186;0;38;Cevaplandı;05347057608;Fatura itirazı;Evet
C000357;15.09.2026 11:00:30;Destek;Temsilci 09;19;211;0;33;Cevaplandı;05515351629;Arıza;Evet
C000361;15.09.2026 11:01:52;Fatura;Temsilci 05;3;186;0;31;Cevaplandı;05466083381;Fatura itirazı;Evet
C000356;15.09.2026 11:03:57;Satış;Temsilci 04;16;298;0;42;Cevaplandı;05446863878;Ürün bilgisi;Evet
C000349;15.09.2026 11:04:00;Satış;Temsilci 05;77;104;0;23;Cevaplandı;05321308875;Sipariş;Evet
C000352;15.09.2026 11:05:10;Satış;Temsilci 12;2;98;18;60;Cevaplandı;05598872412;Sipariş;Evet
C000344;15.09.2026 11:05:55;Destek;Temsilci 12;20;494;0;19;Cevaplandı;05428459503;Kurulum;Evet
C000351;15.09.2026 11:07:22;Satış;Temsilci 10;80;273;0;15;Cevaplandı;05368846264;Ürün bilgisi;Evet
C000354;15.09.2026 11:08:51;Satış;Temsilci 12;28;182;0;31;Cevaplandı;05419334085;Sipariş;Evet
C000345;15.09.2026 11:09:31;Destek;Temsilci 06;42;196;0;31;Cevaplandı;05592710079;Kurulum;Evet
C000362;15.09.2026 11:09:39;Destek;Temsilci 01;1;277;0;49;Cevaplandı;05409079918;Kurulum;Evet
C000347;15.09.2026 11:10:52;Destek;Temsilci 11;2;203;10;54;Cevaplandı;05437965854;Arıza;Evet
C000358;15.09.2026 11:11:35;Fatura;Temsilci 05;36;272;45;30;Cevaplandı;05393019002;Ödeme;Evet
C000363;15.09.2026 11:17:08;Satış;Temsilci 10;23;217;0;35;Cevaplandı;05377645678;Ürün bilgisi;Hayır
C000353;15.09.2026 11:18:36;Destek;Temsilci 12;0;225;0;32;Cevaplandı;05449198840;Şikâyet;Evet
C000346;15.09.2026 11:18:46;Satış;Temsilci 06;30;275;0;49;Cevaplandı;05444211347;Ürün bilgisi;Hayır
C000348;15.09.2026 11:20:11;Destek;Temsilci 03;16;292;0;23;Cevaplandı;05533026921;Kurulum;Hayır
C000350;15.09.2026 11:20:53;Fatura;Temsilci 08;153;314;82;54;Cevaplandı;05344091127;Ödeme;Evet
C000360;15.09.2026 11:21:00;Destek;Temsilci 03;27;361;0;53;Cevaplandı;05455207926;Arıza;Evet
C000355;15.09.2026 11:26:16;Destek;Temsilci 06;46;168;0;28;Cevaplandı;05435019173;Şikâyet;Hayır
C000359;15.09.2026 11:28:28;Fatura;Temsilci 04;33;175;0;50;Cevaplandı;05568731459;Fatura itirazı;Evet
C000381;15.09.2026 11:30:17;Destek;Temsilci 11;2;97;0;33;Cevaplandı;05446920945;Arıza;Hayır
C000385;15.09.2026 11:30:45;Fatura;Temsilci 08;20;175;18;50;Cevaplandı;05462519770;Fatura itirazı;Hayır
C000383;15.09.2026 11:30:54;Satış;Temsilci 08;83;229;0;57;Cevaplandı;05472820078;Ürün bilgisi;Evet
C000386;15.09.2026 11:32:20;Satış;Temsilci 11;4;191;0;29;Cevaplandı;05506466673;Sipariş;Evet
C000371;15.09.2026 11:33:18;Destek;Temsilci 01;9;133;17;48;Cevaplandı;05303363746;Şikâyet;Evet
C000379;15.09.2026 11:33:24;Fatura;Temsilci 04;4;195;0;42;Cevaplandı;05411406427;Ödeme;Evet
C000388;15.09.2026 11:33:48;Destek;Temsilci 01;6;1087;87;28;Cevaplandı;05591521376;Kurulum;Hayır
C000367;15.09.2026 11:36:02;Destek;Temsilci 03;61;430;0;55;Cevaplandı;05443440342;Şikâyet;Evet
C000377;15.09.2026 11:36:44;Destek;Temsilci 01;3;373;0;45;Cevaplandı;05569714585;Şikâyet;Evet
C000384;15.09.2026 11:37:00;Fatura;Temsilci 11;60;6;0;54;Cevaplandı;05322316664;Fatura itirazı;Evet
C000375;15.09.2026 11:37:04;Fatura;Temsilci 11;6;88;56;51;Cevaplandı;05392209620;Ödeme;Evet
C000382;15.09.2026 11:38:00;Satış;Temsilci 02;5;176;0;42;Cevaplandı;05563008080;Sipariş;Evet
C000370;15.09.2026 11:38:33;Fatura;;5;0;0;0;Terk;05475936617;;
C000380;15.09.2026 11:44:44;Fatura;Temsilci 02;1;176;0;59;Cevaplandı;05593899961;Fatura itirazı;Hayır
C000389;15.09.2026 11:47:08;Fatura;Temsilci 10;32;124;0;18;Cevaplandı;05351141847;Ödeme;Hayır
C000387;15.09.2026 11:48:16;Fatura;Temsilci 12;13;360;0;47;Cevaplandı;05336078578;Fatura itirazı;Evet
C000365;15.09.2026 11:49:39;Fatura;Temsilci 03;23;93;40;17;Cevaplandı;05591521376;Fatura itirazı;Hayır
C000372;15.09.2026 11:50:07;Fatura;Temsilci 01;44;217;54;18;Cevaplandı;05553341812;Fatura itirazı;Evet
C000369;15.09.2026 11:50:15;Destek;Temsilci 01;1;264;0;37;Cevaplandı;05331232507;Kurulum;Evet
C000374;15.09.2026 11:51:23;Destek;Temsilci 01;1;208;74;40;Cevaplandı;05336401692;Kurulum;Evet
C000368;15.09.2026 11:52:51;Fatura;Temsilci 03;15;158;0;30;Cevaplandı;05342774875;Ödeme;Evet
C000378;15.09.2026 11:53:30;Destek;Temsilci 01;19;301;0;17;Cevaplandı;05566239660;Şikâyet;Hayır
C000373;15.09.2026 11:54:55;Satış;Temsilci 05;58;208;0;24;Cevaplandı;05514098004;Sipariş;Evet
C000366;15.09.2026 11:55:15;Destek;Temsilci 11;56;197;0;17;Cevaplandı;05483940431;Arıza;Evet
C000364;15.09.2026 11:58:50;Fatura;;16;0;0;0;Terk;05425259197;;
C000376;15.09.2026 11:59:11;Destek;Temsilci 03;26;367;31;36;Cevaplandı;05537932704;Arıza;Evet
C000392;15.09.2026 12:01:14;Fatura;Temsilci 03;25;87;0;28;Cevaplandı;05491517756;Fatura itirazı;Evet
C000393;15.09.2026 12:09:28;Fatura;Temsilci 01;10;123;0;25;Cevaplandı;05418016527;Ödeme;Evet
C000398;15.09.2026 12:09:58;Fatura;Temsilci 02;26;199;19;31;Cevaplandı;05336910167;Fatura itirazı;Evet
C000391;15.09.2026 12:13:16;Satış;Temsilci 03;1;153;0;29;Cevaplandı;05417774464;Ürün bilgisi;Evet
C000401;15.09.2026 12:15:40;Destek;Temsilci 06;5;324;0;16;Cevaplandı;05336022744;Kurulum;Hayır
C000390;15.09.2026 12:16:27;Destek;Temsilci 04;2;283;0;19;Cevaplandı;05556121830;Kurulum;Evet
C000397;15.09.2026 12:18:16;Satış;Temsilci 07;29;345;0;18;Cevaplandı;05308944854;Sipariş;Evet
C000400;15.09.2026 12:23:21;Destek;Temsilci 06;10;170;0;48;Cevaplandı;05494040619;Kurulum;Evet
C000395;15.09.2026 12:23:28;Destek;Temsilci 10;16;403;0;44;Cevaplandı;05414947874;Kurulum;Evet
C000394;15.09.2026 12:26:30;Destek;Temsilci 05;15;192;0;23;Cevaplandı;05456302520;Arıza;Evet
C000396;15.09.2026 12:26:36;Satış;Temsilci 10;26;185;0;24;Cevaplandı;05449393663;Sipariş;Evet
C000399;15.09.2026 12:28:30;Satış;Temsilci 10;16;361;0;56;Cevaplandı;05525204668;Ürün bilgisi;Evet
C000404;15.09.2026 12:32:23;Fatura;Temsilci 06;16;200;31;33;Cevaplandı;05324469377;Ödeme;Evet
C000403;15.09.2026 12:32:55;Destek;Temsilci 12;9;271;0;28;Cevaplandı;05326139185;Kurulum;Evet
C000408;15.09.2026 12:34:14;Destek;Temsilci 09;9;402;0;16;Cevaplandı;05554553938;Şikâyet;Evet
C000411;15.09.2026 12:36:42;Satış;Temsilci 03;5;133;14;48;Cevaplandı;05362578871;Sipariş;Evet
C000406;15.09.2026 12:37:39;Destek;Temsilci 02;11;1282;0;46;Cevaplandı;05593355548;Arıza;Evet
C000414;15.09.2026 12:39:20;Destek;Temsilci 12;4;515;0;36;Cevaplandı;05365710316;Şikâyet;Evet
C000402;15.09.2026 12:40:56;Destek;Temsilci 09;1;501;0;37;Cevaplandı;05322003433;Arıza;Evet
C000415;15.09.2026 12:42:23;Destek;Temsilci 05;6;592;11;46;Cevaplandı;05392657985;Arıza;Evet
C000405;15.09.2026 12:43:01;Satış;Temsilci 11;1;232;0;41;Cevaplandı;05416310060;Sipariş;Hayır
C000407;15.09.2026 12:46:57;Satış;Temsilci 02;16;212;0;57;Cevaplandı;05449947018;Ürün bilgisi;Hayır
C000413;15.09.2026 12:48:54;Destek;Temsilci 04;16;140;0;21;Cevaplandı;05409132831;Arıza;Evet
C000409;15.09.2026 12:49:10;Satış;Temsilci 09;3;147;0;25;Cevaplandı;05442183242;Ürün bilgisi;Evet
C000410;15.09.2026 12:49:45;Destek;Temsilci 07;11;415;0;33;Cevaplandı;05559393044;Şikâyet;Evet
C000412;15.09.2026 12:59:58;Fatura;Temsilci 10;2;338;0;49;Cevaplandı;05485998241;Ödeme;Evet
C000422;15.09.2026 13:05:47;Fatura;Temsilci 01;1;121;0;26;Cevaplandı;05339384559;Ödeme;Evet
C000426;15.09.2026 13:06:15;Fatura;Temsilci 12;3;127;0;49;Cevaplandı;05548136889;Fatura itirazı;Evet
C000418;15.09.2026 13:08:51;Satış;Temsilci 11;4;200;0;53;Cevaplandı;05582914761;Sipariş;Evet
C000425;15.09.2026 13:10:20;Destek;Temsilci 02;1;234;0;19;Cevaplandı;05542446488;Arıza;Evet
C000416;15.09.2026 13:13:32;Satış;Temsilci 08;8;104;0;53;Cevaplandı;05473000020;Sipariş;Evet
C000419;15.09.2026 13:13:40;Fatura;Temsilci 01;6;938;0;34;Cevaplandı;05402999683;Fatura itirazı;Evet
C000427;15.09.2026 13:16:05;Fatura;Temsilci 03;0;251;74;29;Cevaplandı;05326982617;Ödeme;Evet
C000421;15.09.2026 13:20:10;Fatura;Temsilci 12;8;260;0;56;Cevaplandı;05504344091;Fatura itirazı;Hayır
C000424;15.09.2026 13:20:36;Destek;Temsilci 11;19;127;0;36;Cevaplandı;05434031239;Şikâyet;Evet
C000417;15.09.2026 13:25:26;Satış;Temsilci 04;4;123;0;35;Cevaplandı;05367240643;Sipariş;Hayır
C000423;15.09.2026 13:27:47;Fatura;Temsilci 11;17;108;54;15;Cevaplandı;05478933475;Fatura itirazı;Evet
C000420;15.09.2026 13:28:22;Destek;Temsilci 12;1;409;0;56;Cevaplandı;05368923500;Şikâyet;Evet
C000439;15.09.2026 13:31:08;Satış;Temsilci 11;5;7;0;39;Cevaplandı;05327817085;Sipariş;Hayır
C000436;15.09.2026 13:35:32;Destek;Temsilci 02;0;418;0;24;Cevaplandı;05341045560;Şikâyet;Evet
C000433;15.09.2026 13:35:53;Fatura;Temsilci 07;13;783;0;42;Cevaplandı;05539587699;Ödeme;Evet
C000435;15.09.2026 13:38:38;Destek;Temsilci 07;9;435;88;44;Cevaplandı;05464849554;Arıza;Hayır
C000430;15.09.2026 13:43:42;Fatura;Temsilci 04;4;78;0;41;Cevaplandı;05446370166;Ödeme;Hayır
C000428;15.09.2026 13:49:13;Fatura;Temsilci 02;13;402;86;19;Cevaplandı;05425577519;Fatura itirazı;Evet
C000434;15.09.2026 13:49:33;Satış;Temsilci 12;15;137;22;43;Cevaplandı;05358935706;Ürün bilgisi;Evet
C000429;15.09.2026 13:49:43;Destek;Temsilci 11;2;424;0;35;Cevaplandı;05502627765;Arıza;Evet
C000432;15.09.2026 13:50:43;Destek;Temsilci 05;18;513;0;47;Cevaplandı;05533026921;Kurulum;Hayır
C000431;15.09.2026 13:51:19;Destek;Temsilci 03;7;728;0;47;Cevaplandı;05486509590;Kurulum;Evet
C000438;15.09.2026 13:52:18;Satış;Temsilci 12;10;482;0;58;Cevaplandı;05487076367;Sipariş;Evet
C000437;15.09.2026 13:53:19;Satış;Temsilci 08;2;117;0;39;Cevaplandı;05355067976;Sipariş;Evet
C000451;15.09.2026 14:00:40;Satış;Temsilci 12;9;232;0;17;Cevaplandı;05359860063;Ürün bilgisi;Evet
C000443;15.09.2026 14:00:56;Satış;Temsilci 03;3;251;0;21;Cevaplandı;05402722429;Ürün bilgisi;Evet
C000452;15.09.2026 14:02:06;Destek;Temsilci 04;3;298;0;57;Cevaplandı;05437965854;Arıza;Evet
C000456;15.09.2026 14:02:06;Satış;Temsilci 06;7;139;0;57;Cevaplandı;05589807591;Sipariş;Evet
C000441;15.09.2026 14:07:09;Destek;Temsilci 11;13;228;58;50;Cevaplandı;05436388988;Kurulum;Hayır
C000455;15.09.2026 14:07:57;Destek;Temsilci 10;11;653;0;53;Cevaplandı;05482452794;Şikâyet;Evet
C000450;15.09.2026 14:09:26;Satış;Temsilci 09;4;284;0;54;Cevaplandı;05355580501;Ürün bilgisi;Evet
C000445;15.09.2026 14:09:31;Destek;Temsilci 01;5;142;0;36;Cevaplandı;05475601653;Kurulum;Evet
C000458;15.09.2026 14:09:54;Destek;Temsilci 05;1;219;0;32;Cevaplandı;05416555038;Kurulum;Evet
C000448;15.09.2026 14:13:13;Destek;Temsilci 12;17;135;0;59;Cevaplandı;05351434689;Kurulum;Evet
C000457;15.09.2026 14:13:33;Destek;Temsilci 11;7;173;0;23;Cevaplandı;05378831913;Şikâyet;Hayır
C000442;15.09.2026 14:13:53;Destek;Temsilci 04;10;203;88;59;Cevaplandı;05469810337;Kurulum;Hayır
C000447;15.09.2026 14:14:12;Destek;Temsilci 01;4;534;73;37;Cevaplandı;05574405292;Şikâyet;Evet
C000453;15.09.2026 14:16:23;Destek;Temsilci 05;1;442;0;27;Cevaplandı;05583406450;Kurulum;Evet
C000446;15.09.2026 14:18:44;Destek;Temsilci 01;26;217;0;45;Cevaplandı;05591619877;Arıza;Evet
C000449;15.09.2026 14:19:52;Destek;Temsilci 01;0;242;0;39;Cevaplandı;05472868166;Kurulum;Evet
C000460;15.09.2026 14:24:39;Satış;Temsilci 02;13;175;0;34;Cevaplandı;05363366593;Ürün bilgisi;Evet
C000454;15.09.2026 14:26:43;Satış;Temsilci 06;8;95;0;32;Cevaplandı;05536271889;Ürün bilgisi;Evet
C000459;15.09.2026 14:26:59;Destek;Temsilci 08;13;146;0;37;Cevaplandı;05417633087;Arıza;Evet
C000444;15.09.2026 14:27:25;Destek;Temsilci 08;1;434;78;43;Cevaplandı;05541166589;Kurulum;Evet
C000440;15.09.2026 14:29:19;Destek;Temsilci 02;20;106;0;57;Cevaplandı;05318990632;Arıza;Evet
C000463;15.09.2026 14:32:27;Destek;;0;0;0;0;Terk;05511935041;;
C000464;15.09.2026 14:33:37;Destek;Temsilci 09;2;252;0;15;Cevaplandı;05322936537;Şikâyet;Hayır
C000465;15.09.2026 14:36:38;Destek;Temsilci 01;5;426;35;44;Cevaplandı;05322768839;Kurulum;Evet
C000467;15.09.2026 14:41:35;Satış;Temsilci 07;5;264;0;40;Cevaplandı;05469939418;Ürün bilgisi;Evet
C000471;15.09.2026 14:44:57;Destek;Temsilci 06;6;273;80;31;Cevaplandı;05536067230;Kurulum;Evet
C000472;15.09.2026 14:46:33;Fatura;Temsilci 05;10;156;15;60;Cevaplandı;05431948980;Fatura itirazı;Evet
C000461;15.09.2026 14:47:12;Destek;Temsilci 06;12;302;32;20;Cevaplandı;05525991696;Şikâyet;Evet
C000466;15.09.2026 14:48:54;Satış;Temsilci 01;0;217;0;50;Cevaplandı;05323303819;Ürün bilgisi;Evet
C000462;15.09.2026 14:52:39;Destek;Temsilci 03;13;225;53;20;Cevaplandı;05372420233;Arıza;Evet
C000473;15.09.2026 14:52:58;Fatura;Temsilci 10;5;221;0;43;Cevaplandı;05522236424;Ödeme;Evet
C000474;15.09.2026 14:53:28;Fatura;Temsilci 11;33;141;0;55;Cevaplandı;05551959390;Fatura itirazı;Evet
C000469;15.09.2026 14:56:22;Fatura;Temsilci 10;9;458;0;44;Cevaplandı;05357840792;Ödeme;Evet
C000470;15.09.2026 14:57:08;Satış;Temsilci 11;8;167;15;39;Cevaplandı;05506183318;Sipariş;Evet
C000468;15.09.2026 14:57:31;Fatura;Temsilci 07;17;210;36;30;Cevaplandı;05374018333;Fatura itirazı;Evet
C000483;15.09.2026 15:01:50;Destek;Temsilci 06;2;111;54;17;Cevaplandı;05408128699;Kurulum;Evet
C000491;15.09.2026 15:02:13;Destek;Temsilci 03;52;101;0;42;Cevaplandı;05418530235;Şikâyet;Evet
C000482;15.09.2026 15:02:40;Destek;;5;0;0;0;Terk;05513399530;;
C000486;15.09.2026 15:02:53;Fatura;Temsilci 10;11;168;0;36;Cevaplandı;05404925203;Ödeme;Evet
C000478;15.09.2026 15:03:36;Destek;Temsilci 01;9;308;0;34;Cevaplandı;05302016310;Arıza;Evet
C000492;15.09.2026 15:03:56;Fatura;Temsilci 12;24;177;0;38;Cevaplandı;05428346708;Fatura itirazı;Evet
C000477;15.09.2026 15:05:00;Destek;Temsilci 09;16;135;0;47;Cevaplandı;05591718334;Şikâyet;Evet
C000487;15.09.2026 15:06:33;Satış;Temsilci 07;37;345;14;55;Cevaplandı;05491554901;Sipariş;Evet
C000493;15.09.2026 15:12:34;Fatura;Temsilci 09;24;137;52;57;Cevaplandı;05453828748;Ödeme;Evet
C000484;15.09.2026 15:13:12;Destek;Temsilci 12;55;185;0;17;Cevaplandı;05308230845;Kurulum;Evet
C000475;15.09.2026 15:14:38;Fatura;Temsilci 04;2;503;0;58;Cevaplandı;05485498340;Ödeme;Evet
C000476;15.09.2026 15:14:59;Destek;Temsilci 02;1;286;78;45;Cevaplandı;05504254984;Kurulum;Evet
C000488;15.09.2026 15:16:19;Fatura;Temsilci 10;42;122;0;36;Cevaplandı;05598353382;Fatura itirazı;Evet
C000480;15.09.2026 15:19:23;Destek;Temsilci 06;24;247;64;17;Cevaplandı;05494748788;Arıza;Evet
C000481;15.09.2026 15:20:47;Destek;Temsilci 03;2;364;0;48;Cevaplandı;05512995633;Şikâyet;Evet
C000489;15.09.2026 15:21:21;Destek;Temsilci 04;10;560;0;21;Cevaplandı;05322137478;Arıza;Evet
C000479;15.09.2026 15:21:32;Destek;Temsilci 04;7;156;16;30;Cevaplandı;05568640366;Arıza;Hayır
C000485;15.09.2026 15:22:46;Fatura;Temsilci 01;70;174;0;22;Cevaplandı;05351755347;Ödeme;Evet
C000490;15.09.2026 15:27:40;Satış;;10;0;0;0;Terk;05541488732;;
C000508;15.09.2026 15:30:41;Destek;Temsilci 01;7;400;0;42;Cevaplandı;05467941580;Kurulum;Evet
C000515;15.09.2026 15:30:49;Destek;Temsilci 03;34;436;0;33;Cevaplandı;05592012515;Kurulum;Evet
C000504;15.09.2026 15:30:52;Destek;Temsilci 07;3;435;0;22;Cevaplandı;05329006723;Şikâyet;Evet
C000494;15.09.2026 15:31:47;Satış;Temsilci 01;21;176;70;30;Cevaplandı;05445176129;Ürün bilgisi;Evet
C000499;15.09.2026 15:34:28;Destek;Temsilci 01;40;181;0;27;Cevaplandı;05334857495;Kurulum;Hayır
C000496;15.09.2026 15:35:23;Satış;Temsilci 05;17;239;0;60;Cevaplandı;05597495980;Ürün bilgisi;Evet
C000514;15.09.2026 15:37:06;Fatura;Temsilci 06;1;429;0;26;Cevaplandı;05582842628;Fatura itirazı;Evet
C000510;15.09.2026 15:37:48;Destek;Temsilci 06;19;225;0;19;Cevaplandı;05575815248;Arıza;Evet
C000497;15.09.2026 15:40:02;Destek;;21;0;0;0;Terk;05337875683;;
C000511;15.09.2026 15:40:09;Satış;Temsilci 12;148;169;0;53;Cevaplandı;05404962758;Ürün bilgisi;Evet
C000498;15.09.2026 15:45:58;Destek;Temsilci 05;3;340;0;26;Cevaplandı;05585680460;Kurulum;Hayır
C000518;15.09.2026 15:46:00;Satış;Temsilci 11;30;102;0;57;Cevaplandı;05429672983;Ürün bilgisi;Hayır
C000516;15.09.2026 15:46:50;Fatura;Temsilci 04;0;289;33;22;Cevaplandı;05435897988;Ödeme;Evet
C000506;15.09.2026 15:46:57;Satış;;62;0;0;0;Terk;05569633776;;
C000517;15.09.2026 15:48:29;Destek;Temsilci 11;14;317;0;37;Cevaplandı;05386720659;Şikâyet;Evet
C000502;15.09.2026 15:50:08;Satış;Temsilci 11;20;290;0;31;Cevaplandı;05388245297;Sipariş;Hayır
C000500;15.09.2026 15:50:38;Fatura;Temsilci 03;20;73;0;34;Cevaplandı;05499236317;Fatura itirazı;Evet
C000505;15.09.2026 15:51:34;Destek;Temsilci 03;51;326;21;18;Cevaplandı;05404352939;Arıza;Evet
C000512;15.09.2026 15:51:56;Fatura;Temsilci 01;37;211;0;26;Cevaplandı;05453157333;Ödeme;Evet
C000513;15.09.2026 15:52:57;Fatura;Temsilci 12;43;222;0;30;Cevaplandı;05597411664;Fatura itirazı;Evet
C000503;15.09.2026 15:53:28;Fatura;Temsilci 08;21;162;0;30;Cevaplandı;05389569061;Ödeme;Evet
C000509;15.09.2026 15:54:19;Destek;Temsilci 01;29;191;43;26;Cevaplandı;05366424353;Arıza;Evet
C000501;15.09.2026 15:54:30;Destek;Temsilci 03;9;333;0;60;Cevaplandı;05478225500;Arıza;Evet
C000507;15.09.2026 15:57:40;Destek;Temsilci 08;15;112;0;25;Cevaplandı;05303673362;Şikâyet;Evet
C000495;15.09.2026 15:58:48;Destek;Temsilci 07;14;475;0;37;Cevaplandı;05482270690;Arıza;Evet
C000526;15.09.2026 16:00:06;Satış;Temsilci 03;5;102;0;20;Cevaplandı;05384358481;Ürün bilgisi;Evet
C000523;15.09.2026 16:01:06;Destek;Temsilci 06;5;325;0;31;Cevaplandı;05498305279;Şikâyet;Evet
C000525;15.09.2026 16:01:19;Fatura;Temsilci 04;7;322;0;30;Cevaplandı;05409460236;Fatura itirazı;Evet
C000521;15.09.2026 16:05:08;Fatura;Temsilci 07;1;276;0;25;Cevaplandı;05549440997;Fatura itirazı;Hayır
C000529;15.09.2026 16:05:39;Destek;Temsilci 02;2;170;0;51;Cevaplandı;05313440991;Şikâyet;Evet
C000527;15.09.2026 16:09:56;Fatura;Temsilci 08;6;309;88;33;Cevaplandı;05515708826;Ödeme;Evet
C000520;15.09.2026 16:13:51;Destek;Temsilci 12;4;390;46;24;Cevaplandı;05453942376;Kurulum;Evet
C000528;15.09.2026 16:15:23;Destek;Temsilci 01;3;547;0;42;Cevaplandı;05511356558;Arıza;Hayır
C000522;15.09.2026 16:15:27;Destek;Temsilci 01;0;241;0;48;Cevaplandı;05531343487;Kurulum;Evet
C000531;15.09.2026 16:18:59;Satış;Temsilci 02;0;307;0;51;Cevaplandı;05379273476;Sipariş;Evet
C000533;15.09.2026 16:23:19;Destek;Temsilci 01;17;122;0;38;Cevaplandı;05567278630;Kurulum;Hayır
C000530;15.09.2026 16:24:32;Fatura;Temsilci 01;8;172;0;49;Cevaplandı;05385223837;Fatura itirazı;Evet
C000519;15.09.2026 16:25:39;Destek;Temsilci 11;1;301;0;17;Cevaplandı;05469800517;Şikâyet;Hayır
C000534;15.09.2026 16:29:32;Satış;Temsilci 02;4;209;0;49;Cevaplandı;05595654874;Ürün bilgisi;Hayır
C000532;15.09.2026 16:29:52;Destek;Temsilci 06;11;194;87;26;Cevaplandı;05438825925;Arıza;Hayır
C000524;15.09.2026 16:29:53;Destek;Temsilci 07;19;119;0;42;Cevaplandı;05373290447;Arıza;Evet
C000535;15.09.2026 16:30:57;Destek;Temsilci 09;2;383;0;23;Cevaplandı;05574693372;Kurulum;Evet
C000536;15.09.2026 16:31:14;Fatura;Temsilci 06;4;226;0;38;Cevaplandı;05354027737;Ödeme;Hayır
C000543;15.09.2026 16:38:19;Destek;Temsilci 05;3;199;53;26;Cevaplandı;05318386473;Kurulum;Evet
C000540;15.09.2026 16:38:35;Destek;Temsilci 11;2;225;0;38;Cevaplandı;05559884339;Arıza;Evet
C000542;15.09.2026 16:40:02;Destek;Temsilci 07;1;283;0;26;Cevaplandı;05434773482;Şikâyet;Hayır
C000548;15.09.2026 16:40:04;Destek;Temsilci 08;3;201;0;47;Cevaplandı;05441919033;Kurulum;Hayır
C000544;15.09.2026 16:42:28;Fatura;Temsilci 09;2;112;19;51;Cevaplandı;05584692237;Ödeme;Evet
C000538;15.09.2026 16:45:52;Destek;Temsilci 11;32;222;0;60;Cevaplandı;05374082128;Arıza;Evet
C000546;15.09.2026 16:46:40;Fatura;Temsilci 06;0;219;0;54;Cevaplandı;05555200142;Ödeme;Evet
C000539;15.09.2026 16:47:28;Satış;Temsilci 04;1;385;77;54;Cevaplandı;05435897988;Ürün bilgisi;Evet
C000549;15.09.2026 16:49:48;Destek;Temsilci 07;5;256;0;20;Cevaplandı;05432015380;Arıza;Evet
C000537;15.09.2026 16:50:06;Destek;Temsilci 06;15;194;17;15;Cevaplandı;05521510372;Arıza;Evet
C000545;15.09.2026 16:55:09;Destek;Temsilci 10;11;217;0;37;Cevaplandı;05516549556;Kurulum;Evet
C000547;15.09.2026 16:58:54;Fatura;Temsilci 10;1;211;0;38;Cevaplandı;05501660163;Ödeme;Evet
C000541;15.09.2026 16:59:39;Destek;Temsilci 01;4;237;57;58;Cevaplandı;05387208020;Şikâyet;Evet
C000550;15.09.2026 17:06:55;Destek;Temsilci 02;1;312;0;23;Cevaplandı;05386191025;Şikâyet;Evet
C000556;15.09.2026 17:07:08;Destek;Temsilci 11;2;6;0;20;Cevaplandı;05466586680;Arıza;Evet
C000553;15.09.2026 17:10:21;Satış;Temsilci 03;1;111;0;48;Cevaplandı;05505668962;Sipariş;Evet
C000551;15.09.2026 17:12:42;Destek;Temsilci 10;5;233;0;53;Cevaplandı;05385422348;Şikâyet;Evet
C000552;15.09.2026 17:18:38;Destek;Temsilci 08;11;132;75;49;Cevaplandı;05406212939;Arıza;Evet
C000554;15.09.2026 17:20:54;Satış;Temsilci 09;36;59;0;52;Cevaplandı;05593701571;Ürün bilgisi;Evet
C000555;15.09.2026 17:23:07;Satış;;2;0;0;0;Terk;05577328979;;
C000563;15.09.2026 17:30:42;Satış;Temsilci 01;7;438;0;40;Cevaplandı;05512399854;Sipariş;Evet
C000559;15.09.2026 17:37:08;Destek;Temsilci 08;2;363;0;38;Cevaplandı;05465551122;Kurulum;Evet
C000562;15.09.2026 17:39:45;Satış;Temsilci 03;11;142;0;43;Cevaplandı;05533740699;Ürün bilgisi;Hayır
C000557;15.09.2026 17:50:26;Fatura;Temsilci 02;2;92;29;48;Cevaplandı;05362749888;Ödeme;Evet
C000564;15.09.2026 17:50:55;Destek;Temsilci 12;1;627;0;49;Cevaplandı;05347580255;Şikâyet;Evet
C000558;15.09.2026 17:54:52;Destek;Temsilci 08;0;195;13;47;Cevaplandı;05546371842;Şikâyet;Evet
C000561;15.09.2026 17:56:37;Satış;Temsilci 11;11;217;0;58;Cevaplandı;05419422395;Ürün bilgisi;Evet
C000560;15.09.2026 17:56:56;Destek;Temsilci 11;1;350;39;28;Cevaplandı;05374886266;Arıza;Evet
C000565;15.09.2026 17:58:30;Satış;Temsilci 10;5;92;0;50;Cevaplandı;05332948054;Ürün bilgisi;Hayır
C000570;16.09.2026 09:00:00;Satış;Temsilci 11;6;2;0;60;Cevaplandı;05512014424;Ürün bilgisi;Hayır
C000572;16.09.2026 09:04:45;Satış;Temsilci 07;4;296;27;32;Cevaplandı;05505440572;Ürün bilgisi;Evet
C000566;16.09.2026 09:10:17;Satış;Temsilci 01;6;502;0;34;Cevaplandı;05499506498;Sipariş;Evet
C000568;16.09.2026 09:12:38;Destek;Temsilci 06;2;220;0;37;Cevaplandı;05571313858;Şikâyet;Hayır
C000567;16.09.2026 09:13:11;Destek;Temsilci 04;0;149;0;16;Cevaplandı;05517508710;Şikâyet;Evet
C000571;16.09.2026 09:13:40;Satış;Temsilci 11;3;175;41;22;Cevaplandı;05571732837;Sipariş;Hayır
C000573;16.09.2026 09:25:38;Destek;Temsilci 07;1;497;0;54;Cevaplandı;05316396407;Kurulum;Evet
C000569;16.09.2026 09:28:11;Destek;Temsilci 10;1;203;32;21;Cevaplandı;05412275896;Arıza;Hayır
C000581;16.09.2026 09:31:42;Fatura;Temsilci 09;3;154;44;27;Cevaplandı;05303549360;Ödeme;Evet
C000575;16.09.2026 09:38:00;Destek;Temsilci 05;11;405;0;17;Cevaplandı;05308634047;Arıza;Hayır
C000576;16.09.2026 09:39:55;Destek;Temsilci 11;4;136;0;35;Cevaplandı;05481480176;Arıza;Evet
C000574;16.09.2026 09:51:12;Satış;Temsilci 04;1;181;0;25;Cevaplandı;05566310572;Sipariş;Evet
C000578;16.09.2026 09:55:10;Destek;Temsilci 09;6;225;0;49;Cevaplandı;05376457382;Kurulum;Evet
C000579;16.09.2026 09:57:01;Destek;Temsilci 07;5;299;79;42;Cevaplandı;05588568238;Şikâyet;Evet
C000582;16.09.2026 09:57:07;Fatura;Temsilci 07;10;234;0;51;Cevaplandı;05496506828;Ödeme;Hayır
C000577;16.09.2026 09:57:45;Destek;Temsilci 07;6;118;0;40;Cevaplandı;05401059921;Arıza;Hayır
C000580;16.09.2026 09:59:10;Fatura;Temsilci 01;6;202;0;42;Cevaplandı;05373328964;Fatura itirazı;Evet
C000585;16.09.2026 10:01:35;Destek;Temsilci 10;5;295;0;23;Cevaplandı;05311589626;Şikâyet;Evet
C004194;16.09.2026 10:05:00;Destek;Temsilci 03;8;300;0;30;Cevaplandı;05551234567;Arıza;Hayır
C000598;16.09.2026 10:06:08;Destek;Temsilci 04;2;194;0;59;Cevaplandı;05311682605;Şikâyet;Hayır
C000590;16.09.2026 10:08:05;Satış;Temsilci 11;10;396;0;44;Cevaplandı;05513899276;Sipariş;Evet
C000588;16.09.2026 10:08:14;Fatura;Temsilci 12;56;257;0;57;Cevaplandı;05584714283;Fatura itirazı;Evet
C000591;16.09.2026 10:09:01;Destek;Temsilci 01;40;113;0;41;Cevaplandı;05541929000;Kurulum;Evet
C000602;16.09.2026 10:09:21;Fatura;Temsilci 05;18;208;62;28;Cevaplandı;05379774734;Ödeme;Evet
C000593;16.09.2026 10:09:43;Fatura;Temsilci 01;1;136;14;16;Cevaplandı;05506773378;Ödeme;Evet
C000603;16.09.2026 10:11:26;Satış;Temsilci 08;27;323;0;56;Cevaplandı;05597411664;Sipariş;Evet
C000597;16.09.2026 10:11:53;Fatura;Temsilci 03;1;326;0;60;Cevaplandı;05309188968;Ödeme;Evet
C000595;16.09.2026 10:12:39;Destek;Temsilci 05;11;397;30;32;Cevaplandı;05472923740;Kurulum;Evet
C000600;16.09.2026 10:12:52;Destek;Temsilci 06;0;284;67;40;Cevaplandı;05573059934;Arıza;Evet
C000592;16.09.2026 10:13:10;Satış;Temsilci 02;45;340;0;34;Cevaplandı;05309008646;Sipariş;Evet
C000583;16.09.2026 10:15:35;Fatura;Temsilci 11;27;3;0;57;Cevaplandı;05371312180;Fatura itirazı;Evet
C000586;16.09.2026 10:21:22;Fatura;Temsilci 05;7;140;54;44;Cevaplandı;05497075684;Fatura itirazı;Evet
C000601;16.09.2026 10:21:22;Destek;Temsilci 02;10;531;84;59;Cevaplandı;05515346179;Şikâyet;Evet
C000596;16.09.2026 10:22:19;Destek;Temsilci 09;34;612;0;15;Cevaplandı;05308904232;Şikâyet;Evet
C000584;16.09.2026 10:23:41;Destek;Temsilci 04;4;115;0;46;Cevaplandı;05493184379;Arıza;Evet
C000587;16.09.2026 10:25:37;Satış;Temsilci 03;19;197;0;21;Cevaplandı;05419489619;Sipariş;Evet
C000594;16.09.2026 10:27:38;Satış;Temsilci 10;17;328;0;19;Cevaplandı;05388118347;Sipariş;Evet
C000599;16.09.2026 10:27:55;Fatura;Temsilci 10;21;262;0;56;Cevaplandı;05506458568;Ödeme;Evet
C000589;16.09.2026 10:28:53;Satış;Temsilci 04;8;127;0;25;Cevaplandı;05466168378;Sipariş;Evet
C000614;16.09.2026 10:31:39;Satış;Temsilci 10;35;184;60;54;Cevaplandı;05473434637;Sipariş;Evet
C000619;16.09.2026 10:32:58;Destek;Temsilci 11;16;441;87;17;Cevaplandı;05577876408;Kurulum;Evet
C000620;16.09.2026 10:33:14;Satış;Temsilci 10;4;215;75;44;Cevaplandı;05429634651;Sipariş;Evet
C000622;16.09.2026 10:33:30;Fatura;Temsilci 04;77;564;0;29;Cevaplandı;05366164914;Fatura itirazı;Hayır
C000613;16.09.2026 10:34:27;Fatura;Temsilci 04;33;292;38;35;Cevaplandı;05414912058;Fatura itirazı;Evet
C000611;16.09.2026 10:34:34;Satış;Temsilci 08;13;241;0;53;Cevaplandı;05395276076;Sipariş;Evet
C000605;16.09.2026 10:35:24;Destek;Temsilci 02;44;307;0;38;Cevaplandı;05587764552;Kurulum;Evet
C000612;16.09.2026 10:35:57;Satış;Temsilci 06;7;113;0;15;Cevaplandı;05491981362;Sipariş;Evet
C000621;16.09.2026 10:35:57;Fatura;Temsilci 08;28;267;60;53;Cevaplandı;05399928513;Ödeme;Evet
C000615;16.09.2026 10:38:23;Fatura;Temsilci 06;16;131;0;59;Cevaplandı;05511332944;Ödeme;Hayır
C000609;16.09.2026 10:38:41;Destek;Temsilci 09;38;183;0;52;Cevaplandı;05364998787;Kurulum;Evet
C000608;16.09.2026 10:41:45;Destek;;18;0;0;0;Terk;05476230341;;
C000617;16.09.2026 10:46:43;Satış;Temsilci 03;6;210;0;38;Cevaplandı;05587257317;Sipariş;Hayır
C000616;16.09.2026 10:47:19;Destek;Temsilci 01;21;128;0;26;Cevaplandı;05553020855;Şikâyet;Evet
C000618;16.09.2026 10:48:13;Destek;Temsilci 12;18;100;0;54;Cevaplandı;05403708864;Şikâyet;Hayır
C000607;16.09.2026 10:48:28;Fatura;Temsilci 01;15;106;0;45;Cevaplandı;05552209170;Ödeme;Evet
C000623;16.09.2026 10:49:01;Satış;Temsilci 10;31;279;0;23;Cevaplandı;05444486995;Ürün bilgisi;Evet
C000624;16.09.2026 10:49:13;Destek;Temsilci 08;10;235;10;53;Cevaplandı;05325600685;Şikâyet;Hayır
C000610;16.09.2026 10:51:17;Destek;Temsilci 10;13;676;36;23;Cevaplandı;05302404497;Şikâyet;Hayır
C000604;16.09.2026 10:52:16;Fatura;Temsilci 10;5;171;0;30;Cevaplandı;05483492983;Fatura itirazı;Evet
C000606;16.09.2026 10:53:21;Destek;Temsilci 11;16;93;0;46;Cevaplandı;05582700645;Şikâyet;Evet
C000625;16.09.2026 10:55:48;Destek;Temsilci 06;23;761;0;56;Cevaplandı;05402837497;Kurulum;Evet
C000634;16.09.2026 11:03:03;Destek;Temsilci 11;13;158;0;47;Cevaplandı;05404765820;Arıza;Evet
C000629;16.09.2026 11:03:26;Satış;Temsilci 08;2;92;0;36;Cevaplandı;05354588832;Sipariş;Evet
C000636;16.09.2026 11:04:38;Fatura;Temsilci 02;28;276;17;23;Cevaplandı;05451737207;Fatura itirazı;Hayır
C000631;16.09.2026 11:04:54;Destek;Temsilci 10;7;594;0;25;Cevaplandı;05352586060;Arıza;Evet
C000648;16.09.2026 11:05:54;Satış;Temsilci 09;23;304;0;25;Cevaplandı;05511480841;Sipariş;Evet
C000632;16.09.2026 11:07:22;Fatura;;2;0;0;0;Terk;05483159998;;
C000630;16.09.2026 11:07:25;Destek;Temsilci 06;10;74;0;21;Cevaplandı;05317941211;Şikâyet;Evet
C000640;16.09.2026 11:08:29;Destek;Temsilci 05;38;193;23;46;Cevaplandı;05312493444;Arıza;Evet
C000643;16.09.2026 11:10:04;Destek;Temsilci 08;15;581;0;39;Cevaplandı;05322607022;Şikâyet;Evet
C000641;16.09.2026 11:13:29;Satış;Temsilci 03;36;133;31;45;Cevaplandı;05504581916;Ürün bilgisi;Evet
C000647;16.09.2026 11:15:08;Satış;Temsilci 08;18;189;28;46;Cevaplandı;05473380805;Sipariş;Evet
C000627;16.09.2026 11:16:12;Satış;Temsilci 09;14;204;58;19;Cevaplandı;05572141985;Ürün bilgisi;Evet
C000645;16.09.2026 11:17:00;Destek;Temsilci 03;21;198;33;19;Cevaplandı;05427701399;Şikâyet;Evet
C000639;16.09.2026 11:17:01;Destek;Temsilci 09;17;721;0;52;Cevaplandı;05442504505;Arıza;Evet
C000646;16.09.2026 11:17:25;Fatura;Temsilci 09;32;104;0;40;Cevaplandı;05378966220;Ödeme;Evet
C000642;16.09.2026 11:21:10;Destek;Temsilci 11;8;264;0;29;Cevaplandı;05342442954;Kurulum;Evet
C000635;16.09.2026 11:24:31;Destek;Temsilci 04;95;237;0;30;Cevaplandı;05509125991;Şikâyet;Evet
C000644;16.09.2026 11:25:30;Destek;Temsilci 07;3;498;0;38;Cevaplandı;05425273610;Şikâyet;Evet
C000633;16.09.2026 11:25:43;Fatura;;0;0;0;0;Terk;05329976725;;
C000637;16.09.2026 11:26:24;Destek;;18;0;0;0;Terk;05576701129;;
C000638;16.09.2026 11:27:20;Fatura;;10;0;0;0;Terk;05351972983;;
C000626;16.09.2026 11:27:49;Satış;Temsilci 10;19;133;53;39;Cevaplandı;05446832772;Ürün bilgisi;Evet
C000628;16.09.2026 11:29:05;Destek;Temsilci 12;24;337;0;60;Cevaplandı;05309890423;Şikâyet;Evet
C000653;16.09.2026 11:32:01;Fatura;Temsilci 11;15;227;0;33;Cevaplandı;05317116719;Ödeme;Evet
C000650;16.09.2026 11:34:00;Satış;Temsilci 02;6;219;79;17;Cevaplandı;05576650956;Ürün bilgisi;Evet
C000663;16.09.2026 11:34:31;Fatura;Temsilci 09;23;231;0;15;Cevaplandı;05449939958;Ödeme;Evet
C000662;16.09.2026 11:34:49;Fatura;Temsilci 02;7;228;0;29;Cevaplandı;05454142442;Fatura itirazı;Evet
C000652;16.09.2026 11:35:28;Destek;Temsilci 05;92;227;0;53;Cevaplandı;05438197122;Kurulum;Evet
C000656;16.09.2026 11:37:53;Destek;Temsilci 10;8;104;0;43;Cevaplandı;05317790305;Arıza;Evet
C000664;16.09.2026 11:38:48;Destek;;23;0;0;0;Terk;05311390125;;
C000649;16.09.2026 11:42:38;Fatura;Temsilci 04;1;238;0;30;Cevaplandı;05366287186;Ödeme;Evet
C000651;16.09.2026 11:45:46;Satış;Temsilci 11;47;97;52;54;Cevaplandı;05325443324;Ürün bilgisi;Hayır
C000657;16.09.2026 11:50:19;Destek;Temsilci 09;3;529;0;25;Cevaplandı;05446810860;Kurulum;Hayır
C000659;16.09.2026 11:52:03;Fatura;Temsilci 09;46;142;0;33;Cevaplandı;05328673166;Ödeme;Hayır
C000655;16.09.2026 11:54:10;Destek;Temsilci 10;18;157;0;38;Cevaplandı;05379877487;Arıza;Evet
C000658;16.09.2026 11:54:16;Fatura;Temsilci 11;42;7;40;54;Cevaplandı;05517669090;Fatura itirazı;Hayır
C000661;16.09.2026 11:54:59;Destek;Temsilci 09;22;1257;0;29;Cevaplandı;05458620523;Arıza;Evet
C000660;16.09.2026 11:57:03;Destek;Temsilci 04;22;156;0;47;Cevaplandı;05319375511;Arıza;Evet
C000654;16.09.2026 11:57:56;Fatura;Temsilci 10;1;291;0;50;Cevaplandı;05389190619;Fatura itirazı;Evet
C000668;16.09.2026 12:01:48;Destek;Temsilci 04;9;456;0;54;Cevaplandı;05391287431;Kurulum;Hayır
C000674;16.09.2026 12:05:49;Fatura;Temsilci 08;2;280;0;49;Cevaplandı;05393778372;Fatura itirazı;Evet
C000675;16.09.2026 12:06:27;Destek;Temsilci 10;1;484;0;18;Cevaplandı;05488312985;Arıza;Evet
C000669;16.09.2026 12:07:08;Fatura;Temsilci 10;6;147;0;18;Cevaplandı;05438927388;Ödeme;Hayır
C000676;16.09.2026 12:08:46;Destek;Temsilci 10;5;248;78;18;Cevaplandı;05552055413;Arıza;Evet
C000672;16.09.2026 12:08:59;Fatura;Temsilci 07;8;359;0;59;Cevaplandı;05417969947;Fatura itirazı;Evet
C000673;16.09.2026 12:14:13;Satış;Temsilci 02;2;124;53;39;Cevaplandı;05523580185;Sipariş;Hayır
C000665;16.09.2026 12:16:39;Destek;Temsilci 10;8;129;0;36;Cevaplandı;05459010180;Şikâyet;Evet
C000667;16.09.2026 12:19:07;Destek;Temsilci 10;11;114;0;17;Cevaplandı;05422410247;Şikâyet;Evet
C000671;16.09.2026 12:19:22;Fatura;Temsilci 09;5;122;0;42;Cevaplandı;05319145371;Fatura itirazı;Evet
C000666;16.09.2026 12:24:13;Destek;;12;0;0;0;Terk;05466586680;;
C000670;16.09.2026 12:28:46;Destek;Temsilci 10;13;159;44;44;Cevaplandı;05467941580;Arıza;Evet
C000685;16.09.2026 12:32:56;Fatura;Temsilci 06;0;159;0;33;Cevaplandı;05395926748;Ödeme;Evet
C000679;16.09.2026 12:34:42;Destek;Temsilci 10;12;218;0;57;Cevaplandı;05478484110;Kurulum;Evet
C000681;16.09.2026 12:36:46;Destek;Temsilci 07;7;884;0;40;Cevaplandı;05591972092;Arıza;Evet
C000683;16.09.2026 12:47:31;Destek;Temsilci 12;11;249;0;56;Cevaplandı;05473000020;Kurulum;Evet
C000682;16.09.2026 12:47:37;Destek;Temsilci 12;3;182;0;60;Cevaplandı;05532877761;Arıza;Evet
C000677;16.09.2026 12:49:33;Fatura;;15;0;0;0;Terk;05555432533;;
C000678;16.09.2026 12:57:01;Fatura;Temsilci 03;8;630;0;18;Cevaplandı;05544616758;Ödeme;Evet
C000680;16.09.2026 12:58:48;Satış;Temsilci 08;2;203;0;34;Cevaplandı;05553305072;Ürün bilgisi;Evet
C000684;16.09.2026 12:59:34;Satış;Temsilci 11;14;132;0;56;Cevaplandı;05567119095;Sipariş;Evet
C000694;16.09.2026 13:04:30;Satış;Temsilci 11;0;120;0;27;Cevaplandı;05416509454;Ürün bilgisi;Evet
C000686;16.09.2026 13:06:00;Fatura;Temsilci 10;5;235;0;29;Cevaplandı;05595209879;Ödeme;Evet
C000690;16.09.2026 13:08:02;Fatura;Temsilci 04;0;101;0;19;Cevaplandı;05418072815;Fatura itirazı;Evet
C000692;16.09.2026 13:10:45;Fatura;Temsilci 02;5;281;0;23;Cevaplandı;05582966668;Ödeme;Evet
C000689;16.09.2026 13:12:05;Destek;Temsilci 11;3;341;11;15;Cevaplandı;05369144912;Kurulum;Evet
C000688;16.09.2026 13:13:58;Fatura;Temsilci 11;9;8;38;16;Cevaplandı;05496307542;Fatura itirazı;Evet
C000691;16.09.2026 13:17:29;Destek;Temsilci 09;26;210;0;27;Cevaplandı;05364058349;Şikâyet;Evet
C000695;16.09.2026 13:17:51;Destek;Temsilci 02;2;188;0;23;Cevaplandı;05489110244;Arıza;Evet
C000687;16.09.2026 13:21:53;Destek;Temsilci 08;8;200;0;59;Cevaplandı;05311924651;Kurulum;Evet
C000693;16.09.2026 13:21:53;Satış;Temsilci 02;1;297;57;27;Cevaplandı;05355485654;Ürün bilgisi;Evet
C000700;16.09.2026 13:34:28;Fatura;Temsilci 08;0;31;0;15;Cevaplandı;05339206980;Ödeme;Evet
C000696;16.09.2026 13:35:43;Fatura;Temsilci 06;1;254;0;36;Cevaplandı;05572775244;Ödeme;Evet
C000702;16.09.2026 13:39:56;Fatura;Temsilci 02;19;311;0;28;Cevaplandı;05432227348;Fatura itirazı;Evet
C000701;16.09.2026 13:44:10;Satış;Temsilci 05;9;145;0;23;Cevaplandı;05335186423;Ürün bilgisi;Evet
C000703;16.09.2026 13:44:23;Satış;Temsilci 07;6;394;0;58;Cevaplandı;05475682076;Ürün bilgisi;Evet
C000697;16.09.2026 13:45:02;Satış;Temsilci 09;3;326;67;23;Cevaplandı;05525767362;Sipariş;Evet
C000699;16.09.2026 13:46:16;Destek;Temsilci 07;3;334;0;49;Cevaplandı;05514361737;Şikâyet;Evet
C000698;16.09.2026 13:54:15;Destek;Temsilci 12;12;461;0;31;Cevaplandı;05569097524;Şikâyet;Evet
C000704;16.09.2026 13:58:46;Destek;Temsilci 10;7;324;0;46;Cevaplandı;05351600645;Şikâyet;Evet
C000715;16.09.2026 14:00:53;Satış;Temsilci 03;12;217;0;34;Cevaplandı;05584323079;Ürün bilgisi;Evet
C000707;16.09.2026 14:02:09;Destek;Temsilci 04;0;154;0;31;Cevaplandı;05462440326;Arıza;Evet
C000710;16.09.2026 14:03:13;Destek;Temsilci 09;3;195;34;53;Cevaplandı;05551401774;Kurulum;Evet
C000714;16.09.2026 14:04:23;Destek;Temsilci 06;5;151;69;25;Cevaplandı;05539945027;Şikâyet;Evet
C000709;16.09.2026 14:04:43;Destek;Temsilci 08;1;187;0;25;Cevaplandı;05588869152;Arıza;Evet
C000721;16.09.2026 14:06:51;Destek;Temsilci 05;10;300;30;15;Cevaplandı;05533221452;Arıza;Evet
C000717;16.09.2026 14:08:18;Fatura;Temsilci 04;3;231;0;48;Cevaplandı;05397520023;Ödeme;Evet
C000706;16.09.2026 14:08:40;Satış;Temsilci 06;2;176;38;36;Cevaplandı;05321240376;Sipariş;Evet
C000720;16.09.2026 14:09:56;Fatura;Temsilci 10;9;110;35;34;Cevaplandı;05391493910;Fatura itirazı;Hayır
C000711;16.09.2026 14:11:50;Destek;Temsilci 10;1;351;0;44;Cevaplandı;05571903872;Şikâyet;Evet
C000712;16.09.2026 14:13:43;Fatura;Temsilci 02;4;148;0;37;Cevaplandı;05574429853;Fatura itirazı;Hayır
C000713;16.09.2026 14:14:04;Satış;Temsilci 10;3;146;75;54;Cevaplandı;05464300165;Sipariş;Hayır
C000716;16.09.2026 14:14:43;Destek;Temsilci 05;7;303;0;57;Cevaplandı;05525530289;Kurulum;Hayır
C000719;16.09.2026 14:15:40;Destek;Temsilci 12;2;153;40;37;Cevaplandı;05354289308;Şikâyet;Hayır
C000718;16.09.2026 14:20:34;Fatura;Temsilci 09;3;125;0;60;Cevaplandı;05391622925;Ödeme;Evet
C000708;16.09.2026 14:22:03;Satış;Temsilci 04;6;120;0;56;Cevaplandı;05337098645;Sipariş;Evet
C000705;16.09.2026 14:29:25;Satış;Temsilci 04;1;268;0;48;Cevaplandı;05566152207;Sipariş;Hayır
C000723;16.09.2026 14:31:00;Satış;Temsilci 12;10;204;0;39;Cevaplandı;05378726007;Sipariş;Evet
C000739;16.09.2026 14:31:11;Destek;Temsilci 11;16;149;0;35;Cevaplandı;05344065096;Arıza;Evet
C000743;16.09.2026 14:34:15;Destek;Temsilci 09;17;705;37;37;Cevaplandı;05345432776;Şikâyet;Evet
C000734;16.09.2026 14:34:30;Fatura;Temsilci 06;17;257;0;21;Cevaplandı;05319885677;Fatura itirazı;Hayır
C000736;16.09.2026 14:38:51;Fatura;Temsilci 03;1;269;0;21;Cevaplandı;05472194853;Fatura itirazı;Evet
C000724;16.09.2026 14:39:09;Destek;Temsilci 08;3;424;71;55;Cevaplandı;05359372516;Arıza;Evet
C000728;16.09.2026 14:40:21;Destek;Temsilci 11;2;463;0;52;Cevaplandı;05389795575;Kurulum;Hayır
C000727;16.09.2026 14:41:11;Satış;Temsilci 05;9;104;23;19;Cevaplandı;05321299183;Sipariş;Evet
C000729;16.09.2026 14:41:16;Satış;Temsilci 02;6;133;0;23;Cevaplandı;05473758783;Ürün bilgisi;Evet
C000741;16.09.2026 14:42:12;Destek;Temsilci 01;1;273;0;47;Cevaplandı;05581282243;Arıza;Hayır
C000731;16.09.2026 14:43:13;Satış;Temsilci 11;11;224;0;35;Cevaplandı;05365328206;Sipariş;Hayır
C000732;16.09.2026 14:43:20;Destek;Temsilci 07;2;327;0;50;Cevaplandı;05516188811;Kurulum;Evet
C000725;16.09.2026 14:44:52;Destek;Temsilci 08;7;335;0;34;Cevaplandı;05548025807;Kurulum;Evet
C000738;16.09.2026 14:50:44;Destek;Temsilci 01;0;196;0;39;Cevaplandı;05485223982;Şikâyet;Hayır
C000742;16.09.2026 14:50:50;Destek;Temsilci 06;9;391;55;28;Cevaplandı;05369628589;Şikâyet;Evet
C000740;16.09.2026 14:51:31;Fatura;Temsilci 12;2;119;0;50;Cevaplandı;05584311918;Fatura itirazı;Evet
C000735;16.09.2026 14:53:34;Satış;Temsilci 02;5;174;0;52;Cevaplandı;05413227974;Ürün bilgisi;Evet
C000722;16.09.2026 14:54:02;Destek;Temsilci 05;2;170;63;39;Cevaplandı;05368813950;Şikâyet;Hayır
C000737;16.09.2026 14:57:02;Destek;Temsilci 05;1;251;14;36;Cevaplandı;05448284686;Şikâyet;Evet
C000730;16.09.2026 14:57:28;Destek;Temsilci 04;5;301;64;56;Cevaplandı;05503052096;Arıza;Evet
C000733;16.09.2026 14:57:41;Fatura;Temsilci 02;1;343;0;28;Cevaplandı;05439709279;Ödeme;Evet
C000726;16.09.2026 14:57:51;Satış;Temsilci 05;7;119;0;41;Cevaplandı;05365210758;Ürün bilgisi;Evet
C000746;16.09.2026 15:00:43;Destek;Temsilci 03;25;371;17;25;Cevaplandı;05434518448;Arıza;Evet
C000761;16.09.2026 15:01:46;Destek;Temsilci 05;9;331;80;34;Cevaplandı;05432250766;Kurulum;Hayır
C000757;16.09.2026 15:02:28;Destek;Temsilci 03;1;286;0;48;Cevaplandı;05525129021;Arıza;Evet
C000754;16.09.2026 15:03:15;Destek;Temsilci 06;12;189;0;16;Cevaplandı;05394271283;Kurulum;Evet
C000753;16.09.2026 15:06:28;Destek;Temsilci 02;17;508;0;29;Cevaplandı;05422151756;Şikâyet;Evet
C000755;16.09.2026 15:07:34;Satış;Temsilci 02;13;59;0;50;Cevaplandı;05337382873;Sipariş;Evet
C000745;16.09.2026 15:08:07;Fatura;Temsilci 07;4;479;0;28;Cevaplandı;05508629490;Fatura itirazı;Evet
C000758;16.09.2026 15:08:35;Destek;Temsilci 08;68;1003;0;32;Cevaplandı;05495679575;Arıza;Evet
C000748;16.09.2026 15:12:10;Fatura;;34;0;0;0;Terk;05445656500;;
C000752;16.09.2026 15:13:21;Fatura;Temsilci 02;9;166;0;55;Cevaplandı;05557139314;Fatura itirazı;Evet
C000750;16.09.2026 15:16:02;Fatura;Temsilci 08;16;173;0;24;Cevaplandı;05449566149;Ödeme;Hayır
C000749;16.09.2026 15:16:40;Destek;;4;0;0;0;Terk;05392692477;;
C000751;16.09.2026 15:17:04;Destek;Temsilci 07;2;769;0;38;Cevaplandı;05555890205;Arıza;Evet
C000759;16.09.2026 15:17:22;Destek;Temsilci 08;25;193;61;36;Cevaplandı;05407487020;Şikâyet;Evet
C000756;16.09.2026 15:18:16;Destek;Temsilci 06;37;410;0;42;Cevaplandı;05559659265;Şikâyet;Evet
C000760;16.09.2026 15:21:58;Fatura;Temsilci 05;40;202;10;16;Cevaplandı;05536662168;Fatura itirazı;Evet
C000744;16.09.2026 15:23:38;Destek;Temsilci 10;2;392;0;58;Cevaplandı;05577884996;Şikâyet;Evet
C000747;16.09.2026 15:24:07;Satış;Temsilci 04;49;274;0;48;Cevaplandı;05324963953;Sipariş;Hayır
C000782;16.09.2026 15:30:09;Fatura;Temsilci 02;23;162;0;24;Cevaplandı;05417075845;Fatura itirazı;Hayır
C000767;16.09.2026 15:32:59;Destek;Temsilci 04;45;330;0;36;Cevaplandı;05459255242;Arıza;Evet
C000781;16.09.2026 15:33:48;Destek;Temsilci 09;4;718;0;36;Cevaplandı;05536819757;Kurulum;Evet
C000770;16.09.2026 15:34:25;Destek;Temsilci 12;35;229;0;20;Cevaplandı;05354708290;Arıza;Evet
C000785;16.09.2026 15:35:01;Destek;;4;0;0;0;Terk;05464662128;;
C000777;16.09.2026 15:35:13;Fatura;Temsilci 08;52;256;0;34;Cevaplandı;05493514683;Fatura itirazı;Evet
C000775;16.09.2026 15:37:23;Destek;Temsilci 11;3;184;50;39;Cevaplandı;05408735991;Şikâyet;Evet
C000762;16.09.2026 15:39:57;Destek;Temsilci 11;6;270;0;30;Cevaplandı;05567789571;Kurulum;Hayır
C000778;16.09.2026 15:40:23;Fatura;Temsilci 11;14;125;0;53;Cevaplandı;05559107621;Fatura itirazı;Evet
C000763;16.09.2026 15:40:40;Fatura;Temsilci 09;35;236;0;44;Cevaplandı;05578560831;Fatura itirazı;Evet
C000784;16.09.2026 15:41:52;Destek;Temsilci 06;5;295;78;33;Cevaplandı;05384035487;Kurulum;Hayır
C000765;16.09.2026 15:42:33;Fatura;Temsilci 03;6;501;0;41;Cevaplandı;05345795596;Ödeme;Hayır
C000769;16.09.2026 15:42:55;Fatura;Temsilci 08;6;256;0;35;Cevaplandı;05554080067;Ödeme;Evet
C000771;16.09.2026 15:43:52;Satış;Temsilci 11;9;113;0;30;Cevaplandı;05449096520;Ürün bilgisi;Hayır
C000780;16.09.2026 15:44:32;Satış;Temsilci 06;5;80;19;30;Cevaplandı;05355263494;Sipariş;Evet
C000779;16.09.2026 15:48:00;Destek;Temsilci 02;12;119;0;42;Cevaplandı;05565520313;Arıza;Evet
C000774;16.09.2026 15:51:37;Satış;Temsilci 12;18;190;0;46;Cevaplandı;05553028689;Sipariş;Evet
C000768;16.09.2026 15:52:30;Fatura;Temsilci 06;7;78;0;32;Cevaplandı;05449574410;Ödeme;Evet
C000783;16.09.2026 15:52:41;Fatura;;3;0;0;0;Terk;05311925035;;
C000772;16.09.2026 15:54:11;Destek;Temsilci 03;7;284;76;41;Cevaplandı;05422997320;Arıza;Hayır
C000766;16.09.2026 15:55:38;Satış;Temsilci 02;9;123;0;38;Cevaplandı;05467882398;Ürün bilgisi;Evet
C000764;16.09.2026 15:57:17;Fatura;Temsilci 02;8;316;0;21;Cevaplandı;05542799147;Ödeme;Evet
C000776;16.09.2026 15:58:22;Satış;Temsilci 09;48;157;70;26;Cevaplandı;05528722550;Ürün bilgisi;Evet
C000773;16.09.2026 15:59:46;Destek;Temsilci 11;74;295;0;35;Cevaplandı;05388545676;Arıza;Evet
C000796;16.09.2026 16:00:54;Satış;Temsilci 10;2;189;0;53;Cevaplandı;05408782019;Sipariş;Evet
C000789;16.09.2026 16:01:01;Fatura;Temsilci 11;5;177;0;27;Cevaplandı;05599532440;Ödeme;Evet
C000793;16.09.2026 16:04:43;Satış;Temsilci 05;4;287;16;60;Cevaplandı;05542374534;Ürün bilgisi;Evet
C000788;16.09.2026 16:05:12;Fatura;Temsilci 09;7;110;0;28;Cevaplandı;05576951051;Fatura itirazı;Evet
C000792;16.09.2026 16:05:13;Satış;Temsilci 04;1;293;22;30;Cevaplandı;05345298381;Sipariş;Evet
C000790;16.09.2026 16:07:38;Satış;Temsilci 02;3;67;0;32;Cevaplandı;05363328465;Ürün bilgisi;Hayır
C000791;16.09.2026 16:09:11;Destek;Temsilci 05;1;148;0;28;Cevaplandı;05553653460;Arıza;Evet
C000787;16.09.2026 16:17:12;Destek;Temsilci 09;0;294;0;51;Cevaplandı;05545971015;Şikâyet;Hayır
C000797;16.09.2026 16:18:29;Satış;Temsilci 02;1;225;56;36;Cevaplandı;05311039430;Sipariş;Evet
C000794;16.09.2026 16:18:45;Destek;Temsilci 10;28;201;0;40;Cevaplandı;05562826290;Kurulum;Evet
C000786;16.09.2026 16:20:29;Destek;Temsilci 05;4;583;73;48;Cevaplandı;05385734636;Arıza;Evet
C000795;16.09.2026 16:24:50;Fatura;Temsilci 05;13;291;0;38;Cevaplandı;05595716852;Fatura itirazı;Hayır
C000799;16.09.2026 16:26:31;Satış;Temsilci 05;4;132;59;27;Cevaplandı;05362483940;Sipariş;Hayır
C000798;16.09.2026 16:28:13;Destek;Temsilci 02;6;213;17;22;Cevaplandı;05325230329;Şikâyet;Evet
C000810;16.09.2026 16:30:07;Destek;Temsilci 11;0;5;82;27;Cevaplandı;05536341697;Şikâyet;Evet
C000814;16.09.2026 16:30:22;Destek;Temsilci 03;3;197;89;39;Cevaplandı;05314255743;Şikâyet;Evet
C000807;16.09.2026 16:31:47;Destek;Temsilci 09;5;216;0;15;Cevaplandı;05542107074;Şikâyet;Evet
C000816;16.09.2026 16:33:50;Destek;Temsilci 12;0;373;0;23;Cevaplandı;05504175133;Şikâyet;Evet
C000806;16.09.2026 16:36:14;Destek;Temsilci 02;6;229;0;19;Cevaplandı;05573043090;Şikâyet;Evet
C000803;16.09.2026 16:36:18;Fatura;Temsilci 12;8;135;0;57;Cevaplandı;05523880941;Fatura itirazı;Evet
C000809;16.09.2026 16:36:54;Destek;Temsilci 10;2;330;0;59;Cevaplandı;05397557891;Arıza;Evet
C000805;16.09.2026 16:38:11;Destek;Temsilci 05;3;288;0;60;Cevaplandı;05394827389;Şikâyet;Evet
C000813;16.09.2026 16:39:23;Destek;Temsilci 11;3;6;0;46;Cevaplandı;05456525548;Kurulum;Evet
C000812;16.09.2026 16:39:34;Destek;Temsilci 01;21;200;0;38;Cevaplandı;05478879045;Şikâyet;Evet
C000811;16.09.2026 16:40:21;Fatura;Temsilci 03;13;367;0;18;Cevaplandı;05419189305;Ödeme;Evet
C000802;16.09.2026 16:51:14;Destek;Temsilci 05;6;497;0;38;Cevaplandı;05375978373;Şikâyet;Evet
C000801;16.09.2026 16:54:01;Satış;Temsilci 11;4;157;0;52;Cevaplandı;05559640544;Ürün bilgisi;Hayır
C000804;16.09.2026 16:55:47;Destek;Temsilci 07;11;938;82;42;Cevaplandı;05341115462;Şikâyet;Evet
C000815;16.09.2026 16:58:48;Fatura;Temsilci 05;1;318;0;45;Cevaplandı;05481828070;Fatura itirazı;Evet
C000800;16.09.2026 16:59:23;Satış;Temsilci 11;0;177;0;21;Cevaplandı;05413423352;Ürün bilgisi;Evet
C000808;16.09.2026 16:59:40;Destek;Temsilci 04;2;266;39;27;Cevaplandı;05569276353;Kurulum;Evet
C000824;16.09.2026 17:03:20;Fatura;Temsilci 07;9;380;0;32;Cevaplandı;05557315439;Fatura itirazı;Evet
C000817;16.09.2026 17:03:56;Fatura;Temsilci 03;2;162;0;28;Cevaplandı;05547050869;Ödeme;Evet
C000826;16.09.2026 17:07:02;Satış;Temsilci 04;12;133;0;21;Cevaplandı;05542107074;Ürün bilgisi;Evet
C000821;16.09.2026 17:14:30;Destek;Temsilci 05;7;136;0;24;Cevaplandı;05443795553;Arıza;Evet
C000822;16.09.2026 17:21:44;Fatura;Temsilci 02;1;265;0;28;Cevaplandı;05537018470;Ödeme;Evet
C000825;16.09.2026 17:23:28;Fatura;Temsilci 12;11;114;0;33;Cevaplandı;05535992880;Fatura itirazı;Hayır
C000820;16.09.2026 17:24:45;Fatura;Temsilci 10;0;384;72;32;Cevaplandı;05566287533;Ödeme;Evet
C000819;16.09.2026 17:24:54;Fatura;Temsilci 11;4;216;14;27;Cevaplandı;05338678882;Fatura itirazı;Hayır
C000818;16.09.2026 17:26:44;Destek;Temsilci 01;4;227;56;22;Cevaplandı;05444786007;Arıza;Evet
C000823;16.09.2026 17:29:23;Fatura;Temsilci 04;4;197;0;49;Cevaplandı;05393338616;Fatura itirazı;Evet
C000835;16.09.2026 17:30:42;Fatura;Temsilci 06;2;466;0;40;Cevaplandı;05449348928;Fatura itirazı;Hayır
C000831;16.09.2026 17:37:30;Destek;Temsilci 12;7;511;0;36;Cevaplandı;05557278512;Kurulum;Evet
C000827;16.09.2026 17:40:54;Fatura;Temsilci 10;16;69;0;56;Cevaplandı;05304329639;Ödeme;Evet
C000838;16.09.2026 17:42:01;Destek;Temsilci 06;2;520;0;34;Cevaplandı;05431412384;Arıza;Evet
C000828;16.09.2026 17:45:54;Destek;Temsilci 04;2;329;0;52;Cevaplandı;05507994722;Şikâyet;Evet
C000832;16.09.2026 17:47:38;Destek;Temsilci 04;6;253;0;59;Cevaplandı;05379273476;Kurulum;Evet
C000836;16.09.2026 17:51:42;Satış;Temsilci 05;16;148;0;25;Cevaplandı;05445610582;Sipariş;Evet
C000830;16.09.2026 17:53:46;Satış;Temsilci 08;6;112;0;31;Cevaplandı;05524387058;Ürün bilgisi;Evet
C000829;16.09.2026 17:57:31;Destek;Temsilci 10;1;158;65;42;Cevaplandı;05529579450;Arıza;Evet
C000834;16.09.2026 17:58:00;Fatura;Temsilci 02;2;154;0;37;Cevaplandı;05572467776;Ödeme;Evet
C000837;16.09.2026 17:58:17;Satış;Temsilci 04;4;153;36;54;Cevaplandı;05567548013;Sipariş;Hayır
C000833;16.09.2026 17:59:58;Destek;Temsilci 08;12;363;0;46;Cevaplandı;05375151142;Arıza;Evet
C000840;17.09.2026 09:00:10;Destek;Temsilci 07;1;458;0;28;Cevaplandı;05386818763;Şikâyet;Hayır
C000839;17.09.2026 09:03:49;Destek;Temsilci 04;19;128;46;38;Cevaplandı;05585462160;Şikâyet;Hayır
C000849;17.09.2026 09:05:23;Destek;Temsilci 04;7;425;0;41;Cevaplandı;05439415971;Şikâyet;Evet
C000846;17.09.2026 09:10:13;Destek;Temsilci 03;4;397;0;21;Cevaplandı;05512615790;Arıza;Evet
C000842;17.09.2026 09:12:14;Destek;Temsilci 05;9;179;0;41;Cevaplandı;05504099890;Arıza;Evet
C000841;17.09.2026 09:14:42;Destek;Temsilci 11;1;377;0;60;Cevaplandı;05494392257;Arıza;Evet
C000845;17.09.2026 09:20:25;Fatura;Temsilci 04;12;127;0;56;Cevaplandı;05591187255;Fatura itirazı;Evet
C000843;17.09.2026 09:21:22;Destek;Temsilci 04;5;254;0;42;Cevaplandı;05495679575;Kurulum;Hayır
C000847;17.09.2026 09:23:17;Destek;Temsilci 09;10;210;0;57;Cevaplandı;05358136733;Kurulum;Evet
C000848;17.09.2026 09:24:09;Destek;Temsilci 05;1;352;0;56;Cevaplandı;05526930513;Arıza;Evet
C000844;17.09.2026 09:25:57;Fatura;Temsilci 11;1;124;0;33;Cevaplandı;05564394997;Fatura itirazı;Evet
C000850;17.09.2026 09:28:51;Destek;Temsilci 04;2;221;61;50;Cevaplandı;05549070055;Şikâyet;Evet
C000852;17.09.2026 09:31:34;Destek;Temsilci 05;4;449;0;54;Cevaplandı;05452527347;Şikâyet;Evet
C000851;17.09.2026 09:33:56;Destek;Temsilci 10;0;135;0;21;Cevaplandı;05453491945;Şikâyet;Hayır
C000857;17.09.2026 09:36:23;Satış;Temsilci 01;8;163;0;26;Cevaplandı;05432021278;Ürün bilgisi;Evet
C000861;17.09.2026 09:37:44;Satış;Temsilci 12;3;161;52;42;Cevaplandı;05486764019;Sipariş;Evet
C000854;17.09.2026 09:38:10;Fatura;Temsilci 09;1;149;0;45;Cevaplandı;05596825095;Ödeme;Evet
C000853;17.09.2026 09:41:39;Destek;Temsilci 09;12;119;0;23;Cevaplandı;05523726352;Arıza;Evet
C000862;17.09.2026 09:49:46;Fatura;Temsilci 08;1;328;0;57;Cevaplandı;05351657566;Fatura itirazı;Evet
C000856;17.09.2026 09:50:20;Fatura;Temsilci 02;0;164;0;59;Cevaplandı;05596562148;Fatura itirazı;Evet
C000855;17.09.2026 09:54:52;Destek;Temsilci 03;3;186;0;32;Cevaplandı;05427094245;Şikâyet;Hayır
C000860;17.09.2026 09:55:10;Destek;Temsilci 12;11;201;0;41;Cevaplandı;05473999786;Kurulum;Evet
C000858;17.09.2026 09:55:31;Destek;Temsilci 10;6;171;34;60;Cevaplandı;05508177029;Kurulum;Evet
C000859;17.09.2026 09:59:15;Satış;Temsilci 08;9;404;77;25;Cevaplandı;05592869823;Sipariş;Evet
C000865;17.09.2026 10:02:06;Destek;Temsilci 06;19;271;0;33;Cevaplandı;05325434413;Şikâyet;Evet
C000863;17.09.2026 10:03:06;Destek;Temsilci 08;21;267;0;49;Cevaplandı;05542352280;Kurulum;Hayır
C000881;17.09.2026 10:03:56;Fatura;Temsilci 02;19;217;86;36;Cevaplandı;05317668423;Fatura itirazı;Evet
C000875;17.09.2026 10:04:09;Destek;Temsilci 01;12;240;0;21;Cevaplandı;05368466266;Şikâyet;Evet
C000877;17.09.2026 10:06:35;Destek;Temsilci 06;10;166;0;50;Cevaplandı;05453934834;Arıza;Evet
C000880;17.09.2026 10:07:05;Destek;Temsilci 07;129;417;78;29;Cevaplandı;05334763050;Arıza;Evet
C000867;17.09.2026 10:09:10;Destek;Temsilci 08;2;318;0;23;Cevaplandı;05559537777;Arıza;Evet
C000874;17.09.2026 10:09:28;Destek;Temsilci 12;29;469;18;60;Cevaplandı;05435332428;Arıza;Evet
C000876;17.09.2026 10:10:27;Destek;Temsilci 03;26;245;0;15;Cevaplandı;05434928861;Kurulum;Hayır
C000866;17.09.2026 10:11:22;Fatura;Temsilci 11;9;296;39;19;Cevaplandı;05373229625;Fatura itirazı;Evet
C000870;17.09.2026 10:13:49;Satış;Temsilci 01;2;211;0;41;Cevaplandı;05588212302;Ürün bilgisi;Evet
C000872;17.09.2026 10:14:55;Destek;Temsilci 12;30;277;0;15;Cevaplandı;05429084042;Arıza;Hayır
C000869;17.09.2026 10:15:50;Fatura;;30;0;0;0;Terk;05388255036;;
C000879;17.09.2026 10:17:37;Destek;Temsilci 06;53;154;54;46;Cevaplandı;05351717880;Kurulum;Evet
C000878;17.09.2026 10:17:39;Fatura;Temsilci 08;55;173;0;36;Cevaplandı;05312442567;Ödeme;Evet
C000882;17.09.2026 10:19:22;Destek;Temsilci 10;63;352;0;45;Cevaplandı;05418859129;Şikâyet;Evet
C000864;17.09.2026 10:21:41;Satış;Temsilci 10;29;234;15;53;Cevaplandı;05528680445;Ürün bilgisi;Evet
C000868;17.09.2026 10:23:14;Destek;Temsilci 04;5;156;0;20;Cevaplandı;05506889575;Şikâyet;Evet
C000873;17.09.2026 10:27:02;Fatura;Temsilci 03;2;444;0;52;Cevaplandı;05533123547;Fatura itirazı;Evet
C000871;17.09.2026 10:29:50;Destek;Temsilci 07;27;836;0;27;Cevaplandı;05393863079;Kurulum;Evet
C000889;17.09.2026 10:30:00;Destek;Temsilci 04;59;418;0;49;Cevaplandı;05577863847;Şikâyet;Evet
C000894;17.09.2026 10:30:07;Satış;Temsilci 07;1;434;0;48;Cevaplandı;05362521041;Ürün bilgisi;Evet
C000885;17.09.2026 10:30:15;Satış;Temsilci 10;38;113;0;24;Cevaplandı;05314311568;Sipariş;Evet
C000900;17.09.2026 10:30:42;Fatura;Temsilci 11;22;168;0;39;Cevaplandı;05497952426;Fatura itirazı;Evet
C000884;17.09.2026 10:31:53;Satış;;63;0;0;0;Terk;05463720918;;
C000890;17.09.2026 10:33:40;Destek;;42;0;0;0;Terk;05522039497;;
C000892;17.09.2026 10:35:04;Destek;Temsilci 12;3;174;0;37;Cevaplandı;05303365829;Şikâyet;Evet
C000883;17.09.2026 10:39:15;Destek;Temsilci 10;55;254;49;27;Cevaplandı;05541046519;Kurulum;Hayır
C000893;17.09.2026 10:40:19;Destek;Temsilci 11;2;344;0;19;Cevaplandı;05526301597;Şikâyet;Evet
C000891;17.09.2026 10:40:28;Destek;Temsilci 03;44;179;0;44;Cevaplandı;05554412448;Kurulum;Hayır
C000902;17.09.2026 10:40:38;Fatura;Temsilci 11;8;144;0;60;Cevaplandı;05309008646;Ödeme;Hayır
C000887;17.09.2026 10:41:43;Destek;Temsilci 02;4;91;0;54;Cevaplandı;05571461450;Kurulum;Evet
C000898;17.09.2026 10:43:54;Destek;Temsilci 03;16;1090;0;40;Cevaplandı;05388518888;Arıza;Evet
C000901;17.09.2026 10:44:31;Fatura;Temsilci 09;21;238;0;54;Cevaplandı;05545338974;Fatura itirazı;Evet
C000903;17.09.2026 10:46:57;Fatura;Temsilci 11;26;737;0;54;Cevaplandı;05389111498;Fatura itirazı;Hayır
C000904;17.09.2026 10:47:44;Fatura;Temsilci 11;13;149;0;30;Cevaplandı;05421412915;Ödeme;Hayır
C000895;17.09.2026 10:47:57;Destek;Temsilci 12;36;601;0;52;Cevaplandı;05412286768;Kurulum;Hayır
C000888;17.09.2026 10:48:13;Satış;Temsilci 11;13;110;65;30;Cevaplandı;05542025432;Sipariş;Evet
C000905;17.09.2026 10:53:52;Fatura;;11;0;0;0;Terk;05474990678;;
C000899;17.09.2026 10:54:53;Destek;Temsilci 06;44;489;0;47;Cevaplandı;05395135396;Arıza;Hayır
C000897;17.09.2026 10:56:00;Fatura;;27;0;0;0;Terk;05428166553;;
C000896;17.09.2026 10:56:29;Destek;Temsilci 08;15;558;0;18;Cevaplandı;05432227348;Şikâyet;Evet
C000886;17.09.2026 10:57:39;Fatura;Temsilci 11;3;425;0;53;Cevaplandı;05596624119;Fatura itirazı;Evet
C000923;17.09.2026 11:04:43;Fatura;Temsilci 12;3;188;0;45;Cevaplandı;05483692043;Ödeme;Evet
C004195;17.09.2026 11:05:00;Destek;Temsilci 03;8;300;0;30;Cevaplandı;05551234567;Arıza;Hayır
C000919;17.09.2026 11:08:36;Fatura;Temsilci 08;4;119;0;59;Cevaplandı;05566643371;Ödeme;Evet
C000914;17.09.2026 11:08:57;Destek;Temsilci 12;27;214;0;46;Cevaplandı;05593009007;Şikâyet;Evet
C000918;17.09.2026 11:09:26;Destek;Temsilci 12;10;219;0;48;Cevaplandı;05349060985;Arıza;Evet
C000911;17.09.2026 11:11:10;Satış;Temsilci 12;21;226;0;49;Cevaplandı;05433584833;Ürün bilgisi;Evet
C000908;17.09.2026 11:11:37;Destek;Temsilci 04;36;792;0;29;Cevaplandı;05566112959;Arıza;Hayır
C000924;17.09.2026 11:11:50;Fatura;Temsilci 02;15;183;0;54;Cevaplandı;05515764909;Fatura itirazı;Evet
C000909;17.09.2026 11:15:20;Destek;Temsilci 01;12;599;45;32;Cevaplandı;05449227626;Şikâyet;Evet
C000907;17.09.2026 11:15:32;Destek;Temsilci 05;1;343;0;18;Cevaplandı;05574218202;Şikâyet;Hayır
C000910;17.09.2026 11:15:38;Satış;Temsilci 02;8;231;0;38;Cevaplandı;05449811874;Sipariş;Hayır
C000916;17.09.2026 11:16:07;Destek;;15;0;0;0;Terk;05406194310;;
C000921;17.09.2026 11:18:11;Destek;Temsilci 04;66;285;0;26;Cevaplandı;05322445988;Kurulum;Evet
C000915;17.09.2026 11:18:12;Destek;Temsilci 02;4;157;0;54;Cevaplandı;05458000096;Kurulum;Evet
C000922;17.09.2026 11:18:58;Destek;Temsilci 06;44;151;0;45;Cevaplandı;05337003618;Arıza;Evet
C000925;17.09.2026 11:19:19;Destek;Temsilci 09;3;986;79;18;Cevaplandı;05417676998;Kurulum;Evet
C000913;17.09.2026 11:20:10;Fatura;Temsilci 04;7;341;83;51;Cevaplandı;05316577599;Ödeme;Hayır
C000920;17.09.2026 11:25:59;Destek;Temsilci 12;76;687;0;42;Cevaplandı;05347908267;Şikâyet;Evet
C000927;17.09.2026 11:26:40;Satış;Temsilci 03;18;146;0;44;Cevaplandı;05411070011;Sipariş;Evet
C000906;17.09.2026 11:27:03;Satış;Temsilci 02;14;197;0;32;Cevaplandı;05489511795;Ürün bilgisi;Evet
C000926;17.09.2026 11:27:53;Destek;Temsilci 11;4;162;0;60;Cevaplandı;05469308208;Kurulum;Evet
C000917;17.09.2026 11:28:22;Satış;Temsilci 01;31;105;0;28;Cevaplandı;05529650922;Sipariş;Hayır
C000912;17.09.2026 11:28:56;Destek;Temsilci 02;25;273;0;15;Cevaplandı;05489593460;Arıza;Evet
C000928;17.09.2026 11:29:23;Fatura;Temsilci 07;1;209;35;30;Cevaplandı;05375401746;Fatura itirazı;Evet
C000933;17.09.2026 11:30:07;Fatura;Temsilci 07;0;220;45;34;Cevaplandı;05429206917;Fatura itirazı;Evet
C000941;17.09.2026 11:34:57;Destek;Temsilci 07;6;529;0;25;Cevaplandı;05443062978;Arıza;Evet
C000944;17.09.2026 11:37:45;Satış;Temsilci 09;11;114;26;29;Cevaplandı;05403209893;Ürün bilgisi;Evet
C000945;17.09.2026 11:38:27;Destek;Temsilci 11;10;418;0;60;Cevaplandı;05346259855;Arıza;Evet
C000937;17.09.2026 11:38:42;Destek;Temsilci 04;2;295;13;54;Cevaplandı;05522854677;Arıza;Evet
C000934;17.09.2026 11:39:47;Fatura;Temsilci 01;3;185;0;41;Cevaplandı;05376866034;Ödeme;Evet
C000932;17.09.2026 11:41:10;Fatura;Temsilci 04;52;392;0;47;Cevaplandı;05385734636;Ödeme;Evet
C000939;17.09.2026 11:41:42;Satış;Temsilci 08;12;189;26;58;Cevaplandı;05427776611;Sipariş;Evet
C000930;17.09.2026 11:41:54;Destek;Temsilci 02;8;210;0;20;Cevaplandı;05365984727;Şikâyet;Evet
C000935;17.09.2026 11:42:25;Fatura;Temsilci 07;13;179;0;53;Cevaplandı;05598872412;Ödeme;Evet
C000940;17.09.2026 11:45:05;Satış;;24;0;0;0;Terk;05386241537;;
C000946;17.09.2026 11:46:18;Destek;Temsilci 02;1;142;77;27;Cevaplandı;05565327867;Şikâyet;Evet
C000943;17.09.2026 11:47:48;Fatura;Temsilci 06;5;207;0;39;Cevaplandı;05434371251;Ödeme;Evet
C000936;17.09.2026 11:49:04;Destek;Temsilci 10;32;916;58;51;Cevaplandı;05424191906;Kurulum;Evet
C000938;17.09.2026 11:49:31;Fatura;Temsilci 02;3;200;0;32;Cevaplandı;05337987112;Fatura itirazı;Evet
C000931;17.09.2026 11:51:44;Fatura;Temsilci 09;9;101;0;36;Cevaplandı;05472807454;Fatura itirazı;Evet
C000929;17.09.2026 11:53:02;Fatura;Temsilci 01;55;250;67;54;Cevaplandı;05573993320;Ödeme;Evet
C000942;17.09.2026 11:55:50;Satış;Temsilci 08;48;65;79;22;Cevaplandı;05552264663;Sipariş;Evet
C000953;17.09.2026 12:00:56;Destek;Temsilci 05;2;292;0;40;Cevaplandı;05569765698;Arıza;Hayır
C000960;17.09.2026 12:00:57;Destek;Temsilci 02;18;280;42;53;Cevaplandı;05521406001;Şikâyet;Hayır
C000961;17.09.2026 12:01:41;Destek;Temsilci 07;7;794;82;32;Cevaplandı;05429704542;Kurulum;Evet
C000951;17.09.2026 12:01:57;Satış;Temsilci 05;18;210;0;29;Cevaplandı;05416178520;Sipariş;Evet
C000955;17.09.2026 12:04:24;Satış;Temsilci 02;0;63;0;36;Cevaplandı;05546059751;Ürün bilgisi;Evet
C000948;17.09.2026 12:04:26;Fatura;Temsilci 10;9;159;0;28;Cevaplandı;05316195401;Ödeme;Evet
C000947;17.09.2026 12:09:02;Destek;Temsilci 02;0;101;0;54;Cevaplandı;05576356711;Arıza;Evet
C000962;17.09.2026 12:11:56;Destek;Temsilci 07;12;417;65;30;Cevaplandı;05579208312;Kurulum;Evet
C000949;17.09.2026 12:15:21;Satış;Temsilci 10;4;88;0;18;Cevaplandı;05324452705;Sipariş;Evet
C000957;17.09.2026 12:15:45;Destek;Temsilci 10;4;354;0;30;Cevaplandı;05468209815;Arıza;Evet
C000950;17.09.2026 12:21:30;Destek;Temsilci 06;1;453;44;42;Cevaplandı;05392136820;Şikâyet;Evet
C000959;17.09.2026 12:23:08;Satış;Temsilci 04;4;92;0;21;Cevaplandı;05374117669;Ürün bilgisi;Hayır
C000958;17.09.2026 12:25:16;Destek;Temsilci 08;3;244;0;33;Cevaplandı;05429206917;Kurulum;Evet
C000956;17.09.2026 12:25:23;Fatura;Temsilci 02;2;214;16;53;Cevaplandı;05569724884;Fatura itirazı;Evet
C000954;17.09.2026 12:28:39;Fatura;Temsilci 03;1;521;0;54;Cevaplandı;05304737505;Fatura itirazı;Evet
C000952;17.09.2026 12:28:40;Satış;Temsilci 08;13;123;0;37;Cevaplandı;05586649979;Sipariş;Evet
C000971;17.09.2026 12:32:11;Destek;Temsilci 02;42;390;0;27;Cevaplandı;05384802777;Kurulum;Evet
C000963;17.09.2026 12:35:03;Fatura;Temsilci 06;8;149;87;23;Cevaplandı;05575980242;Fatura itirazı;Evet
C000967;17.09.2026 12:35:36;Destek;Temsilci 09;16;181;0;55;Cevaplandı;05311031924;Şikâyet;Hayır
C000966;17.09.2026 12:38:07;Fatura;Temsilci 09;10;74;0;37;Cevaplandı;05315979157;Ödeme;Evet
C000964;17.09.2026 12:41:24;Destek;Temsilci 03;5;186;0;32;Cevaplandı;05519751166;Kurulum;Hayır
C000972;17.09.2026 12:45:14;Satış;Temsilci 11;3;197;0;42;Cevaplandı;05346747353;Ürün bilgisi;Hayır
C000968;17.09.2026 12:45:43;Destek;Temsilci 09;7;163;0;56;Cevaplandı;05521510372;Şikâyet;Evet
C000969;17.09.2026 12:47:35;Destek;Temsilci 02;6;527;0;39;Cevaplandı;05364998787;Kurulum;Evet
C000965;17.09.2026 12:50:16;Destek;Temsilci 01;2;284;0;50;Cevaplandı;05561938835;Arıza;Evet
C000973;17.09.2026 12:50:45;Fatura;Temsilci 08;17;256;0;46;Cevaplandı;05407343879;Fatura itirazı;Evet
C000970;17.09.2026 12:52:43;Satış;Temsilci 03;0;71;0;15;Cevaplandı;05379770632;Sipariş;Evet
C000974;17.09.2026 13:03:02;Satış;Temsilci 07;8;74;0;32;Cevaplandı;05414677834;Sipariş;Evet
C000987;17.09.2026 13:04:59;Destek;Temsilci 09;3;170;17;40;Cevaplandı;05448895035;Şikâyet;Evet
C000988;17.09.2026 13:07:18;Satış;Temsilci 01;32;180;0;41;Cevaplandı;05409787246;Ürün bilgisi;Evet
C000985;17.09.2026 13:09:12;Fatura;Temsilci 09;2;319;52;49;Cevaplandı;05564160934;Fatura itirazı;Evet
C000984;17.09.2026 13:09:56;Destek;Temsilci 08;3;278;27;30;Cevaplandı;05569276353;Şikâyet;Evet
C000976;17.09.2026 13:10:05;Destek;Temsilci 04;5;425;0;34;Cevaplandı;05442491633;Arıza;Hayır
C000981;17.09.2026 13:11:46;Satış;Temsilci 07;5;503;0;27;Cevaplandı;05502053991;Sipariş;Evet
C000983;17.09.2026 13:11:47;Destek;Temsilci 12;0;256;57;22;Cevaplandı;05502877679;Şikâyet;Hayır
C000980;17.09.2026 13:12:07;Fatura;Temsilci 04;3;126;0;18;Cevaplandı;05315689361;Ödeme;Evet
C000979;17.09.2026 13:12:36;Satış;Temsilci 06;3;243;0;29;Cevaplandı;05344961839;Ürün bilgisi;Evet
C000977;17.09.2026 13:14:20;Fatura;Temsilci 07;6;383;0;49;Cevaplandı;05418765037;Ödeme;Evet
C000978;17.09.2026 13:16:30;Destek;Temsilci 11;24;119;29;27;Cevaplandı;05419018138;Şikâyet;Hayır
C000986;17.09.2026 13:16:37;Destek;Temsilci 02;5;320;54;17;Cevaplandı;05317933446;Kurulum;Evet
C000975;17.09.2026 13:16:59;Destek;Temsilci 09;1;278;0;41;Cevaplandı;05431412384;Kurulum;Evet
C000982;17.09.2026 13:18:11;Destek;Temsilci 08;2;138;0;25;Cevaplandı;05597926161;Kurulum;Evet
C000993;17.09.2026 13:30:56;Destek;Temsilci 07;4;1796;0;21;Cevaplandı;05558692964;Arıza;Hayır
C000994;17.09.2026 13:32:23;Satış;Temsilci 07;6;258;0;50;Cevaplandı;05559093434;Sipariş;Hayır
C000995;17.09.2026 13:39:21;Destek;Temsilci 11;3;415;0;38;Cevaplandı;05541465513;Arıza;Evet
C000989;17.09.2026 13:40:04;Destek;Temsilci 01;7;410;0;18;Cevaplandı;05518291364;Şikâyet;Evet
C000990;17.09.2026 13:40:47;Destek;Temsilci 01;1;126;0;41;Cevaplandı;05403103957;Şikâyet;Evet
C000991;17.09.2026 13:50:08;Destek;Temsilci 09;4;196;0;46;Cevaplandı;05525155175;Şikâyet;Evet
C000997;17.09.2026 13:52:28;Satış;Temsilci 09;3;62;0;39;Cevaplandı;05356245743;Ürün bilgisi;Evet
C000996;17.09.2026 13:55:12;Satış;Temsilci 04;14;200;0;43;Cevaplandı;05589446225;Ürün bilgisi;Evet
C000992;17.09.2026 13:56:39;Satış;Temsilci 06;4;294;0;16;Cevaplandı;05357865741;Ürün bilgisi;Evet
C001013;17.09.2026 14:01:29;Destek;Temsilci 09;6;670;0;52;Cevaplandı;05486538007;Arıza;Hayır
C001001;17.09.2026 14:02:36;Destek;Temsilci 07;18;453;0;46;Cevaplandı;05454789416;Kurulum;Evet
C001008;17.09.2026 14:03:32;Destek;Temsilci 03;9;294;0;16;Cevaplandı;05374934916;Arıza;Evet
C001012;17.09.2026 14:05:35;Destek;Temsilci 02;4;324;0;50;Cevaplandı;05495683707;Arıza;Evet
C000998;17.09.2026 14:10:29;Satış;Temsilci 11;2;366;0;53;Cevaplandı;05527226318;Ürün bilgisi;Hayır
C000999;17.09.2026 14:10:58;Destek;Temsilci 09;5;335;0;32;Cevaplandı;05318906675;Kurulum;Evet
C001005;17.09.2026 14:11:49;Satış;Temsilci 07;7;260;10;32;Cevaplandı;05334223763;Ürün bilgisi;Evet
C001000;17.09.2026 14:11:52;Fatura;Temsilci 05;9;235;0;26;Cevaplandı;05314874772;Fatura itirazı;Evet
C001007;17.09.2026 14:12:28;Destek;Temsilci 10;3;138;43;41;Cevaplandı;05594867659;Şikâyet;Evet
C001011;17.09.2026 14:16:50;Fatura;Temsilci 08;19;61;0;50;Cevaplandı;05514069330;Fatura itirazı;Evet
C001009;17.09.2026 14:21:20;Destek;Temsilci 02;12;499;17;36;Cevaplandı;05527473511;Kurulum;Hayır
C001003;17.09.2026 14:24:37;Destek;Temsilci 02;0;185;0;56;Cevaplandı;05577426104;Şikâyet;Evet
C001006;17.09.2026 14:25:10;Satış;Temsilci 02;6;461;0;41;Cevaplandı;05552029586;Sipariş;Hayır
C001010;17.09.2026 14:25:30;Destek;Temsilci 08;0;586;0;16;Cevaplandı;05373271229;Şikâyet;Evet
C001002;17.09.2026 14:27:45;Destek;Temsilci 09;0;236;0;38;Cevaplandı;05311893978;Kurulum;Evet
C001004;17.09.2026 14:28:43;Satış;Temsilci 01;7;206;0;51;Cevaplandı;05568826976;Ürün bilgisi;Evet
C001022;17.09.2026 14:31:00;Destek;Temsilci 01;4;327;0;23;Cevaplandı;05348356559;Kurulum;Evet
C001025;17.09.2026 14:32:11;Destek;Temsilci 11;5;261;0;59;Cevaplandı;05567294208;Kurulum;Evet
C001014;17.09.2026 14:32:41;Fatura;;13;0;0;0;Terk;05596352642;;
C001019;17.09.2026 14:33:28;Destek;Temsilci 11;3;172;28;57;Cevaplandı;05417150519;Şikâyet;Hayır
C001017;17.09.2026 14:34:23;Satış;;20;0;0;0;Terk;05581311969;;
C001021;17.09.2026 14:34:56;Fatura;Temsilci 08;9;165;0;49;Cevaplandı;05426552489;Fatura itirazı;Evet
C001031;17.09.2026 14:36:45;Satış;Temsilci 02;3;298;0;21;Cevaplandı;05371654276;Sipariş;Hayır
C001026;17.09.2026 14:39:14;Destek;Temsilci 08;14;271;0;15;Cevaplandı;05524070272;Arıza;Hayır
C001029;17.09.2026 14:41:29;Destek;Temsilci 09;2;158;0;45;Cevaplandı;05375334614;Arıza;Evet
C001030;17.09.2026 14:42:59;Satış;Temsilci 08;4;228;47;59;Cevaplandı;05366287186;Ürün bilgisi;Evet
C001020;17.09.2026 14:43:17;Fatura;Temsilci 09;11;166;0;45;Cevaplandı;05404362378;Ödeme;Evet
C001023;17.09.2026 14:44:39;Destek;Temsilci 09;5;293;53;40;Cevaplandı;05569558741;Arıza;Evet
C001027;17.09.2026 14:46:37;Destek;Temsilci 06;1;371;76;44;Cevaplandı;05545623113;Şikâyet;Evet
C001016;17.09.2026 14:48:49;Fatura;Temsilci 10;17;537;0;52;Cevaplandı;05473334156;Fatura itirazı;Evet
C001028;17.09.2026 14:54:04;Destek;Temsilci 02;4;279;0;49;Cevaplandı;05515486920;Şikâyet;Evet
C001015;17.09.2026 14:54:06;Satış;Temsilci 07;0;272;0;48;Cevaplandı;05514655013;Sipariş;Evet
C001018;17.09.2026 14:54:06;Destek;Temsilci 12;16;219;0;33;Cevaplandı;05484652884;Şikâyet;Evet
C001024;17.09.2026 14:58:09;Satış;Temsilci 09;1;143;0;23;Cevaplandı;05351965155;Ürün bilgisi;Hayır
C001047;17.09.2026 15:02:06;Fatura;Temsilci 07;10;788;0;18;Cevaplandı;05471137689;Ödeme;Evet
C001037;17.09.2026 15:03:28;Satış;;8;0;0;0;Terk;05502629190;;
C001044;17.09.2026 15:04:35;Satış;;11;0;0;0;Terk;05306310036;;
C001042;17.09.2026 15:04:47;Destek;Temsilci 09;2;277;0;50;Cevaplandı;05446724714;Kurulum;Evet
C004196;17.09.2026 15:05:00;Destek;Temsilci 03;8;300;0;30;Cevaplandı;05551234567;Arıza;Hayır
C001046;17.09.2026 15:10:43;Destek;Temsilci 06;4;413;0;32;Cevaplandı;05335186423;Arıza;Evet
C001051;17.09.2026 15:10:43;Fatura;Temsilci 06;4;138;0;19;Cevaplandı;05547455904;Ödeme;Evet
C001045;17.09.2026 15:11:16;Satış;Temsilci 10;40;451;0;24;Cevaplandı;05475682076;Sipariş;Hayır
C001049;17.09.2026 15:12:42;Fatura;Temsilci 12;42;229;0;38;Cevaplandı;05349579710;Fatura itirazı;Hayır
C001041;17.09.2026 15:13:21;Destek;Temsilci 04;29;305;0;30;Cevaplandı;05558889089;Şikâyet;Evet
C001039;17.09.2026 15:13:37;Destek;;2;0;0;0;Terk;05326108200;;
C001043;17.09.2026 15:13:47;Destek;Temsilci 10;18;105;0;33;Cevaplandı;05508256653;Kurulum;Evet
C001033;17.09.2026 15:15:33;Satış;Temsilci 01;5;60;80;37;Cevaplandı;05443695318;Sipariş;Evet
C001040;17.09.2026 15:18:04;Satış;Temsilci 11;22;134;0;20;Cevaplandı;05416523416;Sipariş;Evet
C001034;17.09.2026 15:20:04;Fatura;Temsilci 08;8;212;45;18;Cevaplandı;05567724293;Fatura itirazı;Evet
C001050;17.09.2026 15:21:10;Destek;Temsilci 09;15;280;0;59;Cevaplandı;05518428967;Şikâyet;Evet
C001036;17.09.2026 15:24:38;Satış;Temsilci 12;3;257;31;41;Cevaplandı;05378531365;Ürün bilgisi;Evet
C001038;17.09.2026 15:25:43;Destek;Temsilci 10;17;400;0;27;Cevaplandı;05514270784;Arıza;Evet
C001035;17.09.2026 15:26:53;Satış;Temsilci 06;4;147;0;54;Cevaplandı;05368889712;Ürün bilgisi;Evet
C001048;17.09.2026 15:27:52;Destek;Temsilci 04;5;232;16;60;Cevaplandı;05595654874;Şikâyet;Evet
C001032;17.09.2026 15:29:27;Destek;Temsilci 12;30;225;0;44;Cevaplandı;05478127256;Kurulum;Evet
C001072;17.09.2026 15:31:44;Destek;Temsilci 10;60;154;64;43;Cevaplandı;05456084029;Arıza;Hayır
C001070;17.09.2026 15:31:51;Fatura;Temsilci 11;41;5;88;48;Cevaplandı;05385181422;Fatura itirazı;Evet
C001069;17.09.2026 15:32:19;Destek;Temsilci 06;7;94;0;54;Cevaplandı;05426036637;Arıza;Evet
C001060;17.09.2026 15:33:50;Destek;;43;0;0;0;Terk;05588813030;;
C001067;17.09.2026 15:33:58;Destek;Temsilci 11;6;7;78;45;Cevaplandı;05392989857;Şikâyet;Evet
C001059;17.09.2026 15:37:22;Destek;Temsilci 03;62;428;0;50;Cevaplandı;05383768702;Kurulum;Evet
C001071;17.09.2026 15:38:35;Destek;Temsilci 03;40;202;0;54;Cevaplandı;05357116791;Arıza;Hayır
C001056;17.09.2026 15:39:55;Destek;Temsilci 01;1;501;0;50;Cevaplandı;05432357066;Arıza;Evet
C001068;17.09.2026 15:40:03;Satış;Temsilci 03;60;128;33;42;Cevaplandı;05408987334;Sipariş;Evet
C001052;17.09.2026 15:40:18;Satış;Temsilci 11;24;278;0;35;Cevaplandı;05451071276;Sipariş;Evet
C001058;17.09.2026 15:41:01;Fatura;Temsilci 01;36;116;0;19;Cevaplandı;05443283370;Fatura itirazı;Hayır
C001055;17.09.2026 15:41:33;Destek;Temsilci 10;1;120;83;21;Cevaplandı;05568525221;Kurulum;Evet
C001062;17.09.2026 15:41:39;Fatura;Temsilci 12;2;295;60;38;Cevaplandı;05503520074;Ödeme;Evet
C001061;17.09.2026 15:41:58;Satış;Temsilci 09;16;92;81;44;Cevaplandı;05364823835;Ürün bilgisi;Evet
C001053;17.09.2026 15:46:29;Destek;Temsilci 10;9;206;81;16;Cevaplandı;05311925035;Şikâyet;Evet
C001054;17.09.2026 15:48:38;Destek;Temsilci 04;41;361;0;20;Cevaplandı;05529969588;Arıza;Evet
C001063;17.09.2026 15:54:10;Destek;Temsilci 04;19;174;47;17;Cevaplandı;05462931115;Şikâyet;Evet
C001064;17.09.2026 15:55:35;Destek;Temsilci 08;3;229;0;46;Cevaplandı;05488559085;Kurulum;Evet
C001057;17.09.2026 15:57:03;Fatura;Temsilci 02;1;247;0;16;Cevaplandı;05541121854;Ödeme;Evet
C001066;17.09.2026 15:57:03;Satış;Temsilci 05;6;164;70;22;Cevaplandı;05322299697;Ürün bilgisi;Hayır
C001065;17.09.2026 15:58:44;Destek;Temsilci 10;5;530;0;43;Cevaplandı;05461512850;Kurulum;Evet
C001087;17.09.2026 16:01:38;Destek;Temsilci 03;1;200;0;47;Cevaplandı;05439575666;Şikâyet;Hayır
C001080;17.09.2026 16:02:51;Destek;Temsilci 06;3;207;0;58;Cevaplandı;05306530067;Kurulum;Evet
C001078;17.09.2026 16:03:17;Destek;Temsilci 06;15;289;0;38;Cevaplandı;05492866845;Arıza;Evet
C001084;17.09.2026 16:04:51;Destek;Temsilci 05;1;129;0;25;Cevaplandı;05307319373;Şikâyet;Evet
C001083;17.09.2026 16:05:43;Satış;Temsilci 01;5;109;0;40;Cevaplandı;05306393464;Ürün bilgisi;Evet
C001075;17.09.2026 16:06:55;Destek;Temsilci 12;11;301;0;35;Cevaplandı;05578558374;Şikâyet;Evet
C001088;17.09.2026 16:08:00;Satış;Temsilci 04;9;146;57;24;Cevaplandı;05468511501;Sipariş;Hayır
C001086;17.09.2026 16:08:22;Destek;Temsilci 07;2;254;0;52;Cevaplandı;05575862911;Şikâyet;Evet
C001073;17.09.2026 16:13:47;Fatura;Temsilci 07;4;248;0;22;Cevaplandı;05449850877;Fatura itirazı;Hayır
C001074;17.09.2026 16:15:05;Satış;Temsilci 12;12;139;0;29;Cevaplandı;05393778372;Sipariş;Evet
C001085;17.09.2026 16:18:07;Destek;Temsilci 10;2;208;0;24;Cevaplandı;05442848595;Şikâyet;Evet
C001079;17.09.2026 16:18:40;Destek;Temsilci 01;29;321;0;32;Cevaplandı;05498447435;Kurulum;Hayır
C001076;17.09.2026 16:19:18;Fatura;Temsilci 11;1;312;0;43;Cevaplandı;05599873832;Fatura itirazı;Evet
C001082;17.09.2026 16:19:31;Satış;Temsilci 07;2;221;0;43;Cevaplandı;05366287186;Sipariş;Hayır
C001077;17.09.2026 16:24:12;Destek;Temsilci 02;11;229;0;37;Cevaplandı;05365682959;Arıza;Evet
C001089;17.09.2026 16:25:29;Fatura;Temsilci 07;9;498;0;57;Cevaplandı;05361006914;Ödeme;Evet
C001081;17.09.2026 16:26:39;Fatura;Temsilci 02;8;271;0;34;Cevaplandı;05464634940;Fatura itirazı;Evet
C001100;17.09.2026 16:30:24;Satış;Temsilci 04;6;215;0;28;Cevaplandı;05537103243;Ürün bilgisi;Evet
C001097;17.09.2026 16:34:10;Satış;Temsilci 09;6;432;35;28;Cevaplandı;05501660163;Ürün bilgisi;Evet
C001090;17.09.2026 16:35:47;Satış;Temsilci 09;5;202;0;44;Cevaplandı;05515731743;Sipariş;Evet
C001095;17.09.2026 16:38:09;Satış;Temsilci 05;4;199;65;41;Cevaplandı;05306126950;Ürün bilgisi;Evet
C001099;17.09.2026 16:40:05;Destek;Temsilci 10;6;314;0;40;Cevaplandı;05588640572;Kurulum;Evet
C001103;17.09.2026 16:41:50;Destek;Temsilci 02;25;207;0;33;Cevaplandı;05402912634;Arıza;Evet
C001105;17.09.2026 16:43:02;Destek;Temsilci 03;1;443;34;57;Cevaplandı;05458273082;Kurulum;Evet
C001101;17.09.2026 16:43:14;Satış;Temsilci 06;28;173;0;46;Cevaplandı;05378518059;Sipariş;Evet
C001094;17.09.2026 16:43:16;Destek;Temsilci 09;2;431;0;58;Cevaplandı;05509324042;Arıza;Evet
C001092;17.09.2026 16:46:39;Destek;Temsilci 08;4;398;0;47;Cevaplandı;05505781176;Şikâyet;Evet
C001091;17.09.2026 16:47:08;Fatura;Temsilci 07;1;1500;0;24;Cevaplandı;05395230346;Ödeme;Evet
C001093;17.09.2026 16:47:28;Fatura;Temsilci 03;7;137;77;30;Cevaplandı;05524809892;Fatura itirazı;Hayır
C001096;17.09.2026 16:47:52;Destek;Temsilci 06;6;267;88;35;Cevaplandı;05303565278;Arıza;Evet
C001106;17.09.2026 16:48:35;Fatura;Temsilci 11;5;3;0;47;Cevaplandı;05426502252;Fatura itirazı;Evet
C001102;17.09.2026 16:48:59;Fatura;Temsilci 11;12;6;26;47;Cevaplandı;05546704251;Fatura itirazı;Evet
C001098;17.09.2026 16:55:09;Destek;Temsilci 12;12;548;0;33;Cevaplandı;05574226406;Kurulum;Evet
C001104;17.09.2026 16:59:47;Satış;Temsilci 09;0;130;36;56;Cevaplandı;05307326365;Sipariş;Evet
C001108;17.09.2026 17:03:42;Satış;Temsilci 09;1;73;0;26;Cevaplandı;05369780121;Ürün bilgisi;Hayır
C001112;17.09.2026 17:04:13;Destek;Temsilci 03;3;154;0;56;Cevaplandı;05424145099;Şikâyet;Evet
C001109;17.09.2026 17:06:09;Destek;Temsilci 06;5;169;0;50;Cevaplandı;05348773276;Arıza;Evet
C001114;17.09.2026 17:09:05;Destek;Temsilci 01;4;388;0;17;Cevaplandı;05524788266;Kurulum;Hayır
C001111;17.09.2026 17:15:56;Destek;Temsilci 09;1;244;87;44;Cevaplandı;05429375021;Şikâyet;Evet
C001113;17.09.2026 17:21:35;Satış;Temsilci 12;8;353;0;23;Cevaplandı;05328935805;Ürün bilgisi;Hayır
C001107;17.09.2026 17:23:01;Destek;Temsilci 02;7;524;0;50;Cevaplandı;05563388556;Şikâyet;Evet
C001110;17.09.2026 17:23:51;Satış;Temsilci 12;5;219;0;41;Cevaplandı;05405744731;Sipariş;Evet
C001118;17.09.2026 17:37:05;Destek;Temsilci 06;5;156;11;43;Cevaplandı;05566575746;Şikâyet;Evet
C001117;17.09.2026 17:37:47;Fatura;Temsilci 07;6;784;0;55;Cevaplandı;05471345844;Ödeme;Hayır
C001116;17.09.2026 17:39:46;Satış;Temsilci 01;5;85;0;55;Cevaplandı;05334794081;Sipariş;Evet
C001122;17.09.2026 17:42:28;Satış;Temsilci 10;15;333;0;28;Cevaplandı;05338877685;Ürün bilgisi;Evet
C001119;17.09.2026 17:44:20;Destek;Temsilci 12;0;159;0;36;Cevaplandı;05447930738;Kurulum;Hayır
C001121;17.09.2026 17:46:02;Fatura;Temsilci 12;1;58;50;39;Cevaplandı;05404796585;Ödeme;Evet
C001123;17.09.2026 17:50:21;Destek;Temsilci 10;4;302;0;15;Cevaplandı;05407062661;Şikâyet;Evet
C001124;17.09.2026 17:54:20;Fatura;Temsilci 10;13;281;0;20;Cevaplandı;05523328915;Ödeme;Hayır
C001115;17.09.2026 17:55:12;Satış;Temsilci 10;28;376;0;20;Cevaplandı;05437233121;Ürün bilgisi;Evet
C001120;17.09.2026 17:58:48;Satış;Temsilci 12;24;196;0;54;Cevaplandı;05472567869;Ürün bilgisi;Evet
C001127;18.09.2026 09:01:40;Satış;Temsilci 07;3;473;62;54;Cevaplandı;05354616278;Ürün bilgisi;Hayır
C001135;18.09.2026 09:03:39;Fatura;Temsilci 01;1;125;0;18;Cevaplandı;05403846882;Fatura itirazı;Evet
C001130;18.09.2026 09:05:15;Fatura;;7;0;0;0;Terk;05513566022;;
C001133;18.09.2026 09:11:35;Destek;Temsilci 12;2;244;0;28;Cevaplandı;05527145342;Arıza;Hayır
C001128;18.09.2026 09:15:52;Fatura;Temsilci 11;4;274;0;39;Cevaplandı;05451905024;Fatura itirazı;Evet
C001125;18.09.2026 09:16:13;Satış;Temsilci 11;12;140;0;29;Cevaplandı;05424597913;Sipariş;Evet
C001131;18.09.2026 09:22:33;Destek;Temsilci 04;0;584;46;42;Cevaplandı;05419320663;Şikâyet;Hayır
C001129;18.09.2026 09:23:00;Destek;Temsilci 10;0;355;44;17;Cevaplandı;05326322412;Arıza;Evet
C001132;18.09.2026 09:27:08;Fatura;Temsilci 07;7;117;0;35;Cevaplandı;05505093546;Ödeme;Evet
C001134;18.09.2026 09:28:20;Satış;Temsilci 11;7;263;0;60;Cevaplandı;05565104024;Sipariş;Hayır
C001126;18.09.2026 09:29:59;Satış;Temsilci 04;6;142;0;59;Cevaplandı;05378068959;Sipariş;Evet
C001137;18.09.2026 09:31:50;Destek;Temsilci 04;2;83;0;22;Cevaplandı;05323682679;Şikâyet;Evet
C001139;18.09.2026 09:33:20;Destek;Temsilci 08;1;365;0;17;Cevaplandı;05437688104;Kurulum;Evet
C001140;18.09.2026 09:36:56;Fatura;Temsilci 07;6;390;0;53;Cevaplandı;05376499343;Ödeme;Evet
C001141;18.09.2026 09:45:09;Satış;Temsilci 04;0;163;54;33;Cevaplandı;05351738096;Sipariş;Evet
C001138;18.09.2026 09:47:19;Fatura;Temsilci 02;12;300;0;30;Cevaplandı;05331658849;Fatura itirazı;Evet
C001142;18.09.2026 09:56:19;Destek;Temsilci 09;0;188;0;57;Cevaplandı;05564407754;Arıza;Evet
C001136;18.09.2026 09:59:25;Destek;Temsilci 05;3;312;83;55;Cevaplandı;05363087570;Arıza;Hayır
C001149;18.09.2026 10:01:07;Fatura;Temsilci 09;31;403;85;19;Cevaplandı;05587229703;Ödeme;Evet
C001145;18.09.2026 10:01:44;Destek;Temsilci 07;13;441;0;30;Cevaplandı;05343333392;Arıza;Evet
C001157;18.09.2026 10:07:24;Fatura;Temsilci 03;9;281;63;45;Cevaplandı;05417062036;Ödeme;Evet
C001153;18.09.2026 10:08:23;Destek;Temsilci 09;1;54;32;52;Cevaplandı;05412470007;Arıza;Evet
C001148;18.09.2026 10:10:03;Destek;Temsilci 06;0;286;0;27;Cevaplandı;05454872272;Şikâyet;Evet
C001156;18.09.2026 10:10:04;Destek;Temsilci 06;2;290;71;46;Cevaplandı;05516277633;Arıza;Evet
C001154;18.09.2026 10:10:12;Destek;Temsilci 12;0;302;0;24;Cevaplandı;05348441477;Şikâyet;Evet
C001155;18.09.2026 10:10:32;Fatura;Temsilci 09;7;207;0;59;Cevaplandı;05523961643;Ödeme;Hayır
C001147;18.09.2026 10:14:38;Destek;Temsilci 08;78;330;0;53;Cevaplandı;05383004509;Şikâyet;Hayır
C001150;18.09.2026 10:14:42;Satış;Temsilci 11;6;84;18;16;Cevaplandı;05567940296;Sipariş;Evet
C001144;18.09.2026 10:18:18;Destek;Temsilci 10;34;377;0;55;Cevaplandı;05462548235;Arıza;Evet
C001151;18.09.2026 10:22:00;Destek;Temsilci 08;2;140;42;36;Cevaplandı;05505047795;Arıza;Hayır
C001143;18.09.2026 10:22:53;Destek;;12;0;0;0;Terk;05333313824;;
C001152;18.09.2026 10:27:54;Satış;Temsilci 10;29;96;0;53;Cevaplandı;05378891297;Ürün bilgisi;Evet
C001146;18.09.2026 10:28:18;Destek;Temsilci 11;6;216;0;58;Cevaplandı;05312263531;Arıza;Evet
C001168;18.09.2026 10:30:15;Satış;Temsilci 11;30;219;0;19;Cevaplandı;05585598711;Sipariş;Evet
C001162;18.09.2026 10:31:27;Destek;Temsilci 09;59;320;0;29;Cevaplandı;05576640268;Kurulum;Evet
C001158;18.09.2026 10:36:44;Satış;Temsilci 12;15;143;0;39;Cevaplandı;05534831113;Sipariş;Hayır
C001159;18.09.2026 10:38:45;Satış;Temsilci 09;3;148;0;20;Cevaplandı;05483459041;Sipariş;Evet
C001161;18.09.2026 10:40:30;Destek;Temsilci 10;8;189;0;45;Cevaplandı;05478234367;Arıza;Evet
C001165;18.09.2026 10:41:33;Satış;Temsilci 04;1;184;0;31;Cevaplandı;05442494102;Sipariş;Evet
C001166;18.09.2026 10:41:53;Satış;Temsilci 05;10;267;21;59;Cevaplandı;05465551122;Ürün bilgisi;Evet
C001176;18.09.2026 10:42:01;Fatura;Temsilci 08;3;443;0;17;Cevaplandı;05518150525;Ödeme;Hayır
C001173;18.09.2026 10:43:02;Fatura;Temsilci 10;28;107;0;46;Cevaplandı;05485352447;Fatura itirazı;Evet
C001174;18.09.2026 10:45:58;Satış;Temsilci 10;3;295;68;58;Cevaplandı;05552055736;Sipariş;Evet
C001175;18.09.2026 10:46:07;Satış;Temsilci 02;34;88;0;26;Cevaplandı;05522568423;Sipariş;Evet
C001160;18.09.2026 10:48:34;Destek;Temsilci 11;17;141;0;53;Cevaplandı;05426826030;Şikâyet;Evet
C001172;18.09.2026 10:48:37;Destek;Temsilci 05;33;349;31;54;Cevaplandı;05409316143;Şikâyet;Evet
C001163;18.09.2026 10:51:01;Destek;Temsilci 07;66;671;0;36;Cevaplandı;05573205277;Şikâyet;Hayır
C001171;18.09.2026 10:52:14;Satış;Temsilci 10;37;132;0;58;Cevaplandı;05584786933;Ürün bilgisi;Evet
C001170;18.09.2026 10:53:11;Fatura;Temsilci 01;27;528;0;18;Cevaplandı;05509284299;Fatura itirazı;Evet
C001169;18.09.2026 10:54:04;Satış;Temsilci 12;7;322;0;52;Cevaplandı;05528017341;Sipariş;Evet
C001164;18.09.2026 10:57:45;Destek;Temsilci 08;29;285;78;40;Cevaplandı;05428889410;Arıza;Evet
C001167;18.09.2026 10:59:34;Destek;Temsilci 11;57;210;60;38;Cevaplandı;05399644550;Şikâyet;Hayır
C001186;18.09.2026 11:00:16;Destek;Temsilci 02;17;323;0;22;Cevaplandı;05562016952;Şikâyet;Evet
C001185;18.09.2026 11:01:22;Satış;Temsilci 06;13;171;0;44;Cevaplandı;05486983470;Ürün bilgisi;Evet
C001184;18.09.2026 11:01:30;Fatura;Temsilci 09;51;454;50;50;Cevaplandı;05465798654;Fatura itirazı;Hayır
C001179;18.09.2026 11:05:43;Fatura;Temsilci 12;23;232;0;18;Cevaplandı;05533731315;Fatura itirazı;Evet
C001182;18.09.2026 11:06:46;Destek;Temsilci 03;0;424;0;52;Cevaplandı;05354324148;Kurulum;Hayır
C001189;18.09.2026 11:08:35;Destek;Temsilci 05;10;438;33;57;Cevaplandı;05578050655;Kurulum;Hayır
C001194;18.09.2026 11:08:52;Destek;Temsilci 04;22;235;0;45;Cevaplandı;05431713243;Arıza;Evet
C001183;18.09.2026 11:09:35;Satış;Temsilci 02;11;302;87;17;Cevaplandı;05356901065;Ürün bilgisi;Evet
C001178;18.09.2026 11:09:46;Fatura;Temsilci 09;1;444;37;29;Cevaplandı;05556529795;Ödeme;Evet
C001190;18.09.2026 11:10:14;Fatura;Temsilci 11;0;128;65;50;Cevaplandı;05311753972;Ödeme;Evet
C001188;18.09.2026 11:12:56;Destek;Temsilci 12;31;222;0;56;Cevaplandı;05428346708;Kurulum;Hayır
C001181;18.09.2026 11:13:44;Destek;;1;0;0;0;Terk;05395027647;;
C001195;18.09.2026 11:13:46;Destek;Temsilci 11;13;349;31;31;Cevaplandı;05478127256;Arıza;Evet
C001191;18.09.2026 11:16:03;Destek;Temsilci 01;4;137;0;40;Cevaplandı;05568640366;Şikâyet;Evet
C001177;18.09.2026 11:18:43;Destek;Temsilci 10;21;211;15;46;Cevaplandı;05356362556;Şikâyet;Evet
C001180;18.09.2026 11:19:43;Destek;Temsilci 06;6;116;62;31;Cevaplandı;05478085950;Şikâyet;Evet
C001192;18.09.2026 11:21:17;Destek;Temsilci 11;31;232;0;56;Cevaplandı;05304915632;Arıza;Evet
C001193;18.09.2026 11:22:39;Destek;Temsilci 06;5;199;0;26;Cevaplandı;05314068980;Kurulum;Evet
C001187;18.09.2026 11:27:14;Fatura;Temsilci 07;35;268;0;20;Cevaplandı;05448998918;Fatura itirazı;Hayır
C001196;18.09.2026 11:34:05;Destek;Temsilci 08;47;185;35;28;Cevaplandı;05391392072;Şikâyet;Hayır
C001200;18.09.2026 11:34:33;Destek;Temsilci 07;5;489;0;52;Cevaplandı;05459863613;Şikâyet;Evet
C001211;18.09.2026 11:35:41;Fatura;Temsilci 01;8;164;0;41;Cevaplandı;05547188845;Fatura itirazı;Evet
C001207;18.09.2026 11:36:00;Fatura;Temsilci 07;37;388;42;45;Cevaplandı;05583543353;Fatura itirazı;Evet
C001203;18.09.2026 11:37:36;Fatura;Temsilci 08;1;174;0;50;Cevaplandı;05363589429;Fatura itirazı;Evet
C001210;18.09.2026 11:38:19;Destek;Temsilci 09;33;767;25;56;Cevaplandı;05456838652;Şikâyet;Evet
C001204;18.09.2026 11:38:33;Fatura;;1;0;0;0;Terk;05428861627;;
C001206;18.09.2026 11:38:47;Destek;Temsilci 07;1;394;0;28;Cevaplandı;05588444082;Şikâyet;Evet
C001199;18.09.2026 11:40:08;Satış;Temsilci 04;22;184;0;53;Cevaplandı;05461603587;Ürün bilgisi;Evet
C001208;18.09.2026 11:43:12;Fatura;Temsilci 08;58;166;0;19;Cevaplandı;05393541178;Fatura itirazı;Evet
C001205;18.09.2026 11:43:44;Fatura;Temsilci 12;3;183;0;15;Cevaplandı;05588871302;Fatura itirazı;Evet
C001197;18.09.2026 11:45:20;Destek;Temsilci 06;4;226;0;18;Cevaplandı;05312109738;Arıza;Evet
C001201;18.09.2026 11:54:10;Satış;Temsilci 04;0;140;0;38;Cevaplandı;05534432865;Sipariş;Evet
C001209;18.09.2026 11:54:41;Satış;Temsilci 01;36;279;0;47;Cevaplandı;05379255177;Sipariş;Hayır
C001198;18.09.2026 11:57:56;Destek;Temsilci 12;3;467;17;35;Cevaplandı;05433815173;Şikâyet;Evet
C001202;18.09.2026 11:59:59;Destek;Temsilci 03;23;153;0;40;Cevaplandı;05332319319;Kurulum;Evet
C001215;18.09.2026 12:06:06;Destek;Temsilci 09;2;258;0;51;Cevaplandı;05316741220;Arıza;Hayır
C001213;18.09.2026 12:06:09;Satış;Temsilci 08;1;323;0;55;Cevaplandı;05468348234;Ürün bilgisi;Hayır
C001219;18.09.2026 12:06:41;Destek;Temsilci 01;24;355;0;30;Cevaplandı;05423357635;Kurulum;Evet
C001217;18.09.2026 12:09:59;Destek;Temsilci 02;5;307;0;15;Cevaplandı;05369361943;Kurulum;Evet
C001218;18.09.2026 12:16:06;Satış;Temsilci 11;21;5;0;44;Cevaplandı;05347159138;Sipariş;Evet
C001216;18.09.2026 12:23:33;Fatura;Temsilci 01;15;154;0;41;Cevaplandı;05535588333;Fatura itirazı;Hayır
C001214;18.09.2026 12:29:37;Satış;Temsilci 08;6;69;0;46;Cevaplandı;05518840927;Sipariş;Hayır
C001212;18.09.2026 12:29:56;Destek;Temsilci 04;3;112;0;34;Cevaplandı;05516833636;Arıza;Evet
C001230;18.09.2026 12:35:40;Satış;Temsilci 11;2;200;69;59;Cevaplandı;05511332944;Sipariş;Hayır
C001224;18.09.2026 12:39:18;Satış;Temsilci 10;1;78;0;59;Cevaplandı;05481246022;Sipariş;Evet
C001231;18.09.2026 12:40:45;Destek;Temsilci 07;5;454;59;25;Cevaplandı;05586680203;Arıza;Evet
C001229;18.09.2026 12:42:05;Satış;Temsilci 11;23;99;0;41;Cevaplandı;05484096415;Sipariş;Evet
C001222;18.09.2026 12:44:32;Destek;Temsilci 03;20;157;0;15;Cevaplandı;05439200606;Arıza;Evet
C001221;18.09.2026 12:45:23;Fatura;Temsilci 02;2;44;0;26;Cevaplandı;05469021378;Ödeme;Evet
C001227;18.09.2026 12:50:43;Satış;Temsilci 11;13;114;0;56;Cevaplandı;05541954423;Sipariş;Hayır
C001226;18.09.2026 12:53:42;Destek;Temsilci 08;2;295;19;42;Cevaplandı;05476762822;Şikâyet;Hayır
C001220;18.09.2026 12:54:12;Fatura;Temsilci 10;0;473;0;38;Cevaplandı;05426957150;Ödeme;Evet
C001225;18.09.2026 12:55:14;Fatura;Temsilci 11;9;272;0;47;Cevaplandı;05316983780;Fatura itirazı;Evet
C001223;18.09.2026 12:55:23;Destek;Temsilci 03;6;178;0;23;Cevaplandı;05553028689;Şikâyet;Evet
C001228;18.09.2026 12:59:46;Fatura;Temsilci 12;15;220;0;22;Cevaplandı;05577203544;Fatura itirazı;Evet
C001235;18.09.2026 13:00:07;Destek;Temsilci 07;7;427;0;24;Cevaplandı;05422296477;Kurulum;Evet
C001240;18.09.2026 13:08:15;Fatura;Temsilci 07;5;356;0;15;Cevaplandı;05516915260;Fatura itirazı;Hayır
C001237;18.09.2026 13:09:50;Satış;Temsilci 04;9;113;0;37;Cevaplandı;05479800209;Sipariş;Evet
C001236;18.09.2026 13:11:37;Fatura;Temsilci 05;10;186;0;54;Cevaplandı;05579481036;Ödeme;Evet
C001232;18.09.2026 13:13:38;Destek;Temsilci 01;2;428;0;17;Cevaplandı;05421119964;Arıza;Hayır
C001238;18.09.2026 13:18:18;Destek;Temsilci 10;1;76;0;29;Cevaplandı;05404765820;Şikâyet;Evet
C001234;18.09.2026 13:20:29;Destek;Temsilci 01;3;269;26;34;Cevaplandı;05334237750;Şikâyet;Hayır
C001239;18.09.2026 13:22:42;Destek;Temsilci 05;5;136;0;44;Cevaplandı;05368206483;Arıza;Evet
C001233;18.09.2026 13:29:35;Satış;Temsilci 06;7;338;0;33;Cevaplandı;05355995866;Sipariş;Evet
C001247;18.09.2026 13:30:13;Fatura;Temsilci 04;2;218;0;21;Cevaplandı;05566024017;Ödeme;Evet
C001245;18.09.2026 13:37:38;Destek;Temsilci 03;4;744;0;33;Cevaplandı;05427386531;Arıza;Evet
C001246;18.09.2026 13:38:16;Satış;Temsilci 01;45;146;0;28;Cevaplandı;05445358727;Ürün bilgisi;Evet
C001248;18.09.2026 13:38:46;Fatura;Temsilci 03;5;348;0;29;Cevaplandı;05457870027;Fatura itirazı;Evet
C001244;18.09.2026 13:40:14;Destek;Temsilci 08;2;242;38;38;Cevaplandı;05434878883;Kurulum;Evet
C001243;18.09.2026 13:42:28;Satış;Temsilci 01;5;218;0;44;Cevaplandı;05552149548;Sipariş;Evet
C001249;18.09.2026 13:42:52;Destek;Temsilci 03;3;200;19;23;Cevaplandı;05505032922;Arıza;Evet
C001250;18.09.2026 13:43:24;Fatura;Temsilci 10;26;98;0;38;Cevaplandı;05379125541;Ödeme;Evet
C001242;18.09.2026 13:54:18;Satış;Temsilci 05;6;377;0;29;Cevaplandı;05467941580;Sipariş;Evet
C001241;18.09.2026 13:58:19;Fatura;Temsilci 07;1;288;0;34;Cevaplandı;05374603748;Fatura itirazı;Evet
C001264;18.09.2026 14:01:24;Satış;Temsilci 10;6;406;0;34;Cevaplandı;05539732655;Ürün bilgisi;Evet
C001271;18.09.2026 14:01:32;Fatura;Temsilci 03;2;176;0;23;Cevaplandı;05409445108;Ödeme;Evet
C001269;18.09.2026 14:01:40;Satış;Temsilci 06;1;246;18;19;Cevaplandı;05543569412;Ürün bilgisi;Evet
C001255;18.09.2026 14:03:10;Satış;Temsilci 04;0;470;0;60;Cevaplandı;05567125081;Ürün bilgisi;Evet
C001265;18.09.2026 14:03:50;Fatura;Temsilci 03;7;425;0;18;Cevaplandı;05575692347;Fatura itirazı;Evet
C001263;18.09.2026 14:04:54;Destek;Temsilci 09;4;853;0;22;Cevaplandı;05342960291;Şikâyet;Evet
C001258;18.09.2026 14:04:57;Destek;Temsilci 10;3;285;0;58;Cevaplandı;05587831171;Kurulum;Evet
C001270;18.09.2026 14:06:38;Satış;Temsilci 07;1;334;0;49;Cevaplandı;05514041567;Sipariş;Evet
C001275;18.09.2026 14:06:53;Satış;Temsilci 01;1;205;0;36;Cevaplandı;05347820159;Ürün bilgisi;Hayır
C001253;18.09.2026 14:08:43;Destek;Temsilci 07;6;596;0;22;Cevaplandı;05398207774;Şikâyet;Evet
C001268;18.09.2026 14:09:30;Destek;Temsilci 03;5;323;13;15;Cevaplandı;05483757438;Şikâyet;Evet
C001276;18.09.2026 14:11:04;Destek;Temsilci 08;17;341;0;58;Cevaplandı;05331451662;Kurulum;Hayır
C001273;18.09.2026 14:11:37;Destek;Temsilci 12;10;198;22;57;Cevaplandı;05408724061;Arıza;Evet
C001261;18.09.2026 14:12:38;Destek;Temsilci 03;5;93;0;27;Cevaplandı;05429871066;Şikâyet;Evet
C001274;18.09.2026 14:13:15;Destek;Temsilci 03;12;167;0;43;Cevaplandı;05533931214;Arıza;Evet
C001272;18.09.2026 14:16:16;Fatura;Temsilci 12;6;109;0;18;Cevaplandı;05354061797;Ödeme;Evet
C001257;18.09.2026 14:17:35;Destek;Temsilci 01;5;366;0;51;Cevaplandı;05482615961;Şikâyet;Evet
C001260;18.09.2026 14:20:09;Satış;Temsilci 01;34;59;0;22;Cevaplandı;05398702830;Ürün bilgisi;Evet
C001262;18.09.2026 14:21:01;Destek;Temsilci 07;1;440;89;47;Cevaplandı;05528472688;Arıza;Hayır
C001267;18.09.2026 14:21:07;Destek;Temsilci 09;5;260;0;31;Cevaplandı;05534775933;Şikâyet;Evet
C001254;18.09.2026 14:24:45;Destek;Temsilci 09;5;244;0;52;Cevaplandı;05427753512;Kurulum;Hayır
C001251;18.09.2026 14:24:53;Fatura;Temsilci 01;9;268;0;45;Cevaplandı;05564530399;Ödeme;Evet
C001266;18.09.2026 14:25:36;Destek;Temsilci 08;1;237;0;32;Cevaplandı;05335693496;Arıza;Evet
C001252;18.09.2026 14:28:08;Satış;Temsilci 11;9;7;0;31;Cevaplandı;05338725641;Sipariş;Evet
C001259;18.09.2026 14:28:20;Fatura;Temsilci 02;3;217;16;41;Cevaplandı;05562474193;Ödeme;Hayır
C001256;18.09.2026 14:29:44;Destek;Temsilci 06;7;362;0;42;Cevaplandı;05429871066;Arıza;Evet
C001283;18.09.2026 14:30:09;Destek;Temsilci 07;11;308;0;52;Cevaplandı;05362705650;Kurulum;Evet
C001291;18.09.2026 14:31:30;Fatura;Temsilci 05;5;60;0;52;Cevaplandı;05356245743;Fatura itirazı;Evet
C001281;18.09.2026 14:32:22;Fatura;Temsilci 05;11;197;0;23;Cevaplandı;05553810948;Ödeme;Evet
C001277;18.09.2026 14:32:36;Destek;Temsilci 09;8;294;0;47;Cevaplandı;05481828070;Arıza;Evet
C001282;18.09.2026 14:34:41;Satış;Temsilci 08;29;302;0;56;Cevaplandı;05433793024;Sipariş;Evet
C001279;18.09.2026 14:34:44;Destek;Temsilci 09;17;154;47;16;Cevaplandı;05305930676;Arıza;Evet
C001292;18.09.2026 14:36:04;Satış;Temsilci 09;1;74;59;25;Cevaplandı;05511595763;Sipariş;Evet
C001287;18.09.2026 14:36:17;Destek;Temsilci 03;2;404;0;31;Cevaplandı;05445608713;Kurulum;Evet
C001278;18.09.2026 14:38:54;Destek;Temsilci 05;2;321;0;40;Cevaplandı;05367336091;Kurulum;Evet
C001280;18.09.2026 14:46:56;Fatura;;9;0;0;0;Terk;05544616758;;
C001286;18.09.2026 14:49:44;Satış;Temsilci 01;10;74;62;15;Cevaplandı;05481320410;Sipariş;Evet
C001290;18.09.2026 14:51:57;Satış;Temsilci 05;5;90;0;55;Cevaplandı;05586017254;Sipariş;Evet
C001284;18.09.2026 14:54:48;Destek;Temsilci 03;11;155;34;30;Cevaplandı;05318459442;Arıza;Evet
C001288;18.09.2026 14:55:10;Destek;Temsilci 01;16;292;28;57;Cevaplandı;05542293518;Kurulum;Evet
C001285;18.09.2026 14:56:09;Destek;Temsilci 09;23;115;0;54;Cevaplandı;05325533325;Arıza;Hayır
C001289;18.09.2026 14:56:16;Satış;Temsilci 03;1;151;46;28;Cevaplandı;05551804968;Ürün bilgisi;Evet
C001298;18.09.2026 15:01:06;Destek;Temsilci 03;10;196;0;56;Cevaplandı;05484898798;Şikâyet;Evet
C001305;18.09.2026 15:01:54;Satış;Temsilci 11;11;33;0;25;Cevaplandı;05418287288;Sipariş;Evet
C001311;18.09.2026 15:03:43;Destek;Temsilci 01;19;458;0;41;Cevaplandı;05387706192;Şikâyet;Evet
C001299;18.09.2026 15:04:53;Fatura;Temsilci 02;4;146;0;32;Cevaplandı;05471065462;Fatura itirazı;Evet
C001307;18.09.2026 15:10:41;Fatura;;4;0;0;0;Terk;05307789677;;
C001296;18.09.2026 15:11:33;Destek;Temsilci 03;27;266;0;53;Cevaplandı;05364058349;Kurulum;Evet
C001294;18.09.2026 15:15:00;Satış;Temsilci 09;8;135;0;36;Cevaplandı;05385980734;Ürün bilgisi;Evet
C001303;18.09.2026 15:16:22;Destek;Temsilci 04;9;133;0;36;Cevaplandı;05322344696;Şikâyet;Evet
C001310;18.09.2026 15:16:58;Fatura;Temsilci 12;9;160;0;34;Cevaplandı;05508575598;Ödeme;Hayır
C001308;18.09.2026 15:17:35;Satış;Temsilci 12;8;108;0;30;Cevaplandı;05462087503;Sipariş;Evet
C001304;18.09.2026 15:18:02;Destek;Temsilci 11;4;570;16;55;Cevaplandı;05485841030;Şikâyet;Evet
C001302;18.09.2026 15:20:24;Destek;Temsilci 12;2;192;83;41;Cevaplandı;05442640478;Kurulum;Hayır
C001309;18.09.2026 15:22:11;Satış;Temsilci 02;7;190;0;60;Cevaplandı;05429957033;Ürün bilgisi;Evet
C001293;18.09.2026 15:24:09;Destek;Temsilci 12;22;413;0;47;Cevaplandı;05477447606;Arıza;Evet
C001297;18.09.2026 15:24:43;Destek;Temsilci 10;21;429;0;33;Cevaplandı;05473846750;Şikâyet;Hayır
C001301;18.09.2026 15:25:58;Destek;Temsilci 08;12;134;0;22;Cevaplandı;05573074193;Kurulum;Evet
C001295;18.09.2026 15:26:10;Satış;Temsilci 02;14;91;0;45;Cevaplandı;05591874004;Ürün bilgisi;Evet
C001306;18.09.2026 15:26:51;Satış;Temsilci 05;63;226;0;18;Cevaplandı;05465241193;Sipariş;Hayır
C001300;18.09.2026 15:29:09;Satış;Temsilci 06;21;424;0;28;Cevaplandı;05326649060;Sipariş;Evet
C001325;18.09.2026 15:31:42;Destek;Temsilci 12;8;177;0;23;Cevaplandı;05417667407;Kurulum;Evet
C001324;18.09.2026 15:34:11;Destek;Temsilci 07;24;382;16;27;Cevaplandı;05482590884;Arıza;Evet
C001330;18.09.2026 15:34:11;Destek;Temsilci 04;31;487;0;53;Cevaplandı;05373316194;Kurulum;Evet
C001332;18.09.2026 15:35:55;Destek;Temsilci 10;12;289;0;43;Cevaplandı;05512948531;Şikâyet;Evet
C001326;18.09.2026 15:36:03;Destek;;54;0;0;0;Terk;05441851492;;
C001319;18.09.2026 15:37:14;Destek;Temsilci 05;108;370;0;27;Cevaplandı;05439548379;Arıza;Hayır
C001331;18.09.2026 15:37:47;Destek;Temsilci 01;10;191;0;44;Cevaplandı;05362292914;Arıza;Hayır
C001312;18.09.2026 15:39:24;Satış;Temsilci 02;21;139;0;20;Cevaplandı;05321691503;Sipariş;Evet
C001320;18.09.2026 15:41:54;Satış;Temsilci 01;24;78;0;40;Cevaplandı;05328850097;Sipariş;Evet
C001318;18.09.2026 15:43:02;Satış;Temsilci 09;25;253;62;43;Cevaplandı;05532135158;Ürün bilgisi;Evet
C001314;18.09.2026 15:43:19;Satış;Temsilci 01;15;156;0;36;Cevaplandı;05495574747;Ürün bilgisi;Hayır
C001328;18.09.2026 15:43:20;Destek;Temsilci 07;35;149;0;16;Cevaplandı;05483437630;Arıza;Evet
C001322;18.09.2026 15:45:07;Fatura;Temsilci 09;19;194;0;20;Cevaplandı;05398639748;Fatura itirazı;Evet
C001316;18.09.2026 15:47:12;Destek;Temsilci 02;4;228;0;50;Cevaplandı;05547690744;Şikâyet;Evet
C001315;18.09.2026 15:47:15;Destek;Temsilci 03;74;210;46;54;Cevaplandı;05383507905;Arıza;Evet
C001317;18.09.2026 15:48:26;Destek;Temsilci 10;11;119;0;39;Cevaplandı;05439105484;Kurulum;Evet
C001313;18.09.2026 15:48:29;Destek;Temsilci 04;53;153;87;59;Cevaplandı;05336780049;Kurulum;Evet
C001327;18.09.2026 15:51:21;Destek;Temsilci 09;24;351;0;43;Cevaplandı;05575717704;Şikâyet;Evet
C001329;18.09.2026 15:51:23;Fatura;Temsilci 01;8;308;29;57;Cevaplandı;05492569643;Ödeme;Hayır
C001321;18.09.2026 15:54:01;Destek;Temsilci 12;3;215;0;17;Cevaplandı;05454051051;Şikâyet;Evet
C001333;18.09.2026 15:56:21;Satış;Temsilci 08;12;281;0;23;Cevaplandı;05308754219;Ürün bilgisi;Evet
C001323;18.09.2026 15:57:18;Satış;Temsilci 07;19;325;0;18;Cevaplandı;05509925896;Sipariş;Evet
C001334;18.09.2026 16:03:30;Satış;Temsilci 05;2;121;0;35;Cevaplandı;05484666387;Ürün bilgisi;Evet
C001339;18.09.2026 16:04:04;Fatura;Temsilci 10;16;331;66;42;Cevaplandı;05434764064;Fatura itirazı;Evet
C001340;18.09.2026 16:04:46;Satış;Temsilci 10;3;197;0;31;Cevaplandı;05372080260;Ürün bilgisi;Hayır
C001349;18.09.2026 16:06:28;Satış;Temsilci 09;14;78;0;36;Cevaplandı;05383985231;Ürün bilgisi;Evet
C001336;18.09.2026 16:10:31;Satış;Temsilci 05;7;366;15;18;Cevaplandı;05361834553;Ürün bilgisi;Hayır
C001345;18.09.2026 16:11:17;Fatura;Temsilci 01;0;180;0;54;Cevaplandı;05368249867;Fatura itirazı;Evet
C001348;18.09.2026 16:12:12;Fatura;Temsilci 02;7;112;0;55;Cevaplandı;05538355176;Fatura itirazı;Evet
C001335;18.09.2026 16:12:42;Destek;Temsilci 06;7;328;41;38;Cevaplandı;05464714687;Şikâyet;Evet
C001342;18.09.2026 16:13:10;Satış;Temsilci 02;5;248;0;21;Cevaplandı;05512883089;Sipariş;Evet
C001344;18.09.2026 16:13:46;Destek;Temsilci 05;6;130;0;30;Cevaplandı;05374194694;Arıza;Evet
C001343;18.09.2026 16:15:45;Destek;Temsilci 05;1;545;0;30;Cevaplandı;05464795727;Arıza;Evet
C001337;18.09.2026 16:21:08;Satış;Temsilci 04;17;134;0;17;Cevaplandı;05539212495;Ürün bilgisi;Evet
C001338;18.09.2026 16:21:31;Destek;Temsilci 07;2;592;0;42;Cevaplandı;05534608724;Arıza;Evet
C001346;18.09.2026 16:26:42;Fatura;Temsilci 07;2;400;0;59;Cevaplandı;05481174427;Ödeme;Evet
C001347;18.09.2026 16:27:51;Destek;Temsilci 06;14;244;0;52;Cevaplandı;05541328979;Kurulum;Evet
C001341;18.09.2026 16:28:34;Fatura;Temsilci 10;1;187;0;34;Cevaplandı;05445931313;Fatura itirazı;Hayır
C001362;18.09.2026 16:31:54;Destek;Temsilci 08;0;591;0;31;Cevaplandı;05455666820;Şikâyet;Evet
C001351;18.09.2026 16:35:17;Satış;Temsilci 12;10;124;52;22;Cevaplandı;05557792648;Sipariş;Evet
C001355;18.09.2026 16:36:12;Destek;Temsilci 03;3;148;0;44;Cevaplandı;05551648667;Arıza;Evet
C001360;18.09.2026 16:37:08;Destek;Temsilci 12;13;177;0;41;Cevaplandı;05574601486;Kurulum;Evet
C001353;18.09.2026 16:39:15;Destek;Temsilci 01;17;149;19;23;Cevaplandı;05321327164;Kurulum;Hayır
C001359;18.09.2026 16:41:21;Fatura;Temsilci 10;14;154;0;27;Cevaplandı;05585439653;Ödeme;Evet
C001350;18.09.2026 16:45:44;Destek;Temsilci 09;6;281;28;24;Cevaplandı;05327939158;Şikâyet;Evet
C001354;18.09.2026 16:47:10;Satış;Temsilci 08;10;333;0;45;Cevaplandı;05347406497;Ürün bilgisi;Evet
C001357;18.09.2026 16:47:15;Satış;Temsilci 09;7;104;17;56;Cevaplandı;05489221211;Sipariş;Evet
C001352;18.09.2026 16:48:24;Fatura;Temsilci 02;2;74;0;19;Cevaplandı;05564440226;Fatura itirazı;Evet
C001358;18.09.2026 16:50:18;Satış;Temsilci 07;3;375;0;31;Cevaplandı;05569558741;Ürün bilgisi;Evet
C001361;18.09.2026 16:52:03;Satış;Temsilci 06;0;64;0;35;Cevaplandı;05427858095;Sipariş;Evet
C001356;18.09.2026 16:54:13;Destek;Temsilci 03;1;80;0;56;Cevaplandı;05558340762;Kurulum;Evet
C001363;18.09.2026 16:57:01;Destek;Temsilci 11;4;8;16;39;Cevaplandı;05526441322;Arıza;Hayır
C001369;18.09.2026 17:06:11;Satış;Temsilci 11;4;146;66;32;Cevaplandı;05362877767;Ürün bilgisi;Hayır
C001364;18.09.2026 17:08:51;Fatura;Temsilci 01;7;144;24;54;Cevaplandı;05392871825;Ödeme;Hayır
C001365;18.09.2026 17:15:25;Destek;Temsilci 09;2;493;0;56;Cevaplandı;05566307825;Arıza;Evet
C001367;18.09.2026 17:17:39;Satış;Temsilci 05;3;87;0;33;Cevaplandı;05498367136;Ürün bilgisi;Evet
C001366;18.09.2026 17:17:51;Fatura;Temsilci 06;10;618;78;58;Cevaplandı;05507677621;Fatura itirazı;Evet
C001368;18.09.2026 17:23:37;Satış;Temsilci 11;7;83;0;44;Cevaplandı;05423526924;Ürün bilgisi;Hayır
C001370;18.09.2026 17:30:18;Satış;Temsilci 09;2;243;59;17;Cevaplandı;05392132988;Ürün bilgisi;Evet
C001380;18.09.2026 17:31:27;Destek;Temsilci 04;2;192;60;37;Cevaplandı;05587132402;Kurulum;Evet
C001378;18.09.2026 17:32:45;Destek;Temsilci 07;2;593;0;53;Cevaplandı;05546050381;Şikâyet;Evet
C001377;18.09.2026 17:32:58;Destek;Temsilci 10;6;196;0;43;Cevaplandı;05335656790;Şikâyet;Evet
C001381;18.09.2026 17:33:26;Fatura;Temsilci 11;13;261;0;41;Cevaplandı;05435892444;Fatura itirazı;Evet
C001372;18.09.2026 17:34:04;Destek;;13;0;0;0;Terk;05307966073;;
C001371;18.09.2026 17:39:33;Destek;Temsilci 02;4;203;50;51;Cevaplandı;05391245795;Arıza;Evet
C001373;18.09.2026 17:41:04;Destek;Temsilci 06;7;128;0;51;Cevaplandı;05434726064;Arıza;Hayır
C001379;18.09.2026 17:44:44;Destek;Temsilci 01;1;434;0;60;Cevaplandı;05598082174;Kurulum;Evet
C001376;18.09.2026 17:47:12;Fatura;Temsilci 05;8;145;61;22;Cevaplandı;05309070643;Fatura itirazı;Evet
C001382;18.09.2026 17:51:48;Satış;Temsilci 05;4;184;0;53;Cevaplandı;05468926875;Ürün bilgisi;Evet
C001375;18.09.2026 17:53:27;Fatura;Temsilci 08;14;171;0;40;Cevaplandı;05338587811;Fatura itirazı;Evet
C001374;18.09.2026 17:58:46;Destek;Temsilci 01;8;282;0;27;Cevaplandı;05386247836;Kurulum;Hayır
C001387;21.09.2026 09:02:08;Destek;Temsilci 08;2;216;0;50;Cevaplandı;05318816098;Arıza;Hayır
C004197;21.09.2026 09:05:00;Destek;Temsilci 03;8;300;0;30;Cevaplandı;05551234567;Arıza;Hayır
C001386;21.09.2026 09:05:43;Fatura;Temsilci 11;4;125;25;58;Cevaplandı;05487870641;Ödeme;Evet
C001390;21.09.2026 09:06:29;Destek;Temsilci 04;8;214;37;27;Cevaplandı;05463591242;Şikâyet;Evet
C001391;21.09.2026 09:06:43;Destek;Temsilci 03;13;202;0;19;Cevaplandı;05304625679;Kurulum;Evet
C001393;21.09.2026 09:06:54;Destek;Temsilci 12;3;253;38;21;Cevaplandı;05582501242;Şikâyet;Hayır
C001383;21.09.2026 09:07:09;Destek;Temsilci 10;13;513;0;35;Cevaplandı;05398927438;Arıza;Evet
C001394;21.09.2026 09:10:12;Destek;Temsilci 03;19;171;0;32;Cevaplandı;05435221637;Şikâyet;Evet
C001389;21.09.2026 09:10:24;Destek;Temsilci 11;4;290;11;17;Cevaplandı;05364200655;Şikâyet;Evet
C001392;21.09.2026 09:14:43;Satış;Temsilci 10;7;100;0;16;Cevaplandı;05359159077;Sipariş;Evet
C001388;21.09.2026 09:20:22;Satış;Temsilci 05;21;136;0;39;Cevaplandı;05542448858;Ürün bilgisi;Evet
C001384;21.09.2026 09:23:10;Fatura;Temsilci 08;10;160;0;44;Cevaplandı;05477695833;Ödeme;Evet
C001385;21.09.2026 09:27:18;Destek;Temsilci 02;18;259;0;17;Cevaplandı;05423033556;Şikâyet;Evet
C001396;21.09.2026 09:30:20;Destek;Temsilci 01;6;411;0;22;Cevaplandı;05598322736;Kurulum;Hayır
C001397;21.09.2026 09:38:33;Destek;Temsilci 12;11;218;60;51;Cevaplandı;05504917689;Şikâyet;Evet
C001395;21.09.2026 09:39:08;Destek;Temsilci 05;4;131;0;25;Cevaplandı;05446945062;Kurulum;Evet
C001398;21.09.2026 09:44:02;Satış;Temsilci 01;5;176;0;38;Cevaplandı;05361108027;Ürün bilgisi;Hayır
C001399;21.09.2026 09:51:20;Satış;Temsilci 12;0;191;0;22;Cevaplandı;05533326016;Sipariş;Evet
C001401;21.09.2026 09:51:46;Destek;Temsilci 06;2;300;0;31;Cevaplandı;05593841095;Kurulum;Hayır
C001400;21.09.2026 09:59:46;Destek;Temsilci 11;1;7;0;43;Cevaplandı;05461956576;Arıza;Evet
C001413;21.09.2026 10:00:15;Satış;Temsilci 08;81;299;0;35;Cevaplandı;05453934834;Ürün bilgisi;Evet
C001411;21.09.2026 10:02:55;Fatura;;5;0;0;0;Terk;05464595653;;
C001406;21.09.2026 10:03:32;Fatura;Temsilci 02;37;136;0;40;Cevaplandı;05365580904;Fatura itirazı;Evet
C001407;21.09.2026 10:04:28;Fatura;Temsilci 06;7;566;0;16;Cevaplandı;05411525082;Fatura itirazı;Evet
C001415;21.09.2026 10:04:57;Destek;Temsilci 06;82;340;70;32;Cevaplandı;05593483154;Arıza;Evet
C001416;21.09.2026 10:08:01;Fatura;Temsilci 11;56;171;0;40;Cevaplandı;05475579546;Fatura itirazı;Hayır
C001408;21.09.2026 10:09:32;Destek;Temsilci 11;21;315;0;20;Cevaplandı;05378618057;Arıza;Evet
C001419;21.09.2026 10:13:04;Destek;Temsilci 02;29;127;0;28;Cevaplandı;05558315716;Şikâyet;Evet
C001403;21.09.2026 10:13:16;Destek;Temsilci 07;28;365;0;51;Cevaplandı;05395164707;Kurulum;Evet
C001412;21.09.2026 10:18:16;Destek;Temsilci 05;5;399;0;51;Cevaplandı;05471126751;Şikâyet;Evet
C001409;21.09.2026 10:18:27;Fatura;Temsilci 11;74;250;43;18;Cevaplandı;05306043304;Fatura itirazı;Evet
C001404;21.09.2026 10:19:04;Satış;Temsilci 05;140;110;0;28;Cevaplandı;05362616439;Sipariş;Evet
C001421;21.09.2026 10:19:05;Fatura;;51;0;0;0;Terk;05437914196;;
C001414;21.09.2026 10:19:23;Fatura;Temsilci 11;18;140;0;57;Cevaplandı;05525978734;Ödeme;Evet
C001420;21.09.2026 10:23:54;Satış;Temsilci 07;66;380;0;37;Cevaplandı;05415213132;Ürün bilgisi;Evet
C001418;21.09.2026 10:24:35;Destek;Temsilci 12;13;126;0;18;Cevaplandı;05491942373;Kurulum;Evet
C001417;21.09.2026 10:24:45;Destek;Temsilci 06;15;148;0;56;Cevaplandı;05357827461;Arıza;Hayır
C001405;21.09.2026 10:26:17;Fatura;Temsilci 04;28;164;0;58;Cevaplandı;05511480841;Fatura itirazı;Evet
C001422;21.09.2026 10:26:17;Fatura;Temsilci 04;4;165;0;48;Cevaplandı;05486754409;Fatura itirazı;Evet
C001402;21.09.2026 10:26:29;Satış;Temsilci 04;38;124;0;45;Cevaplandı;05563893988;Ürün bilgisi;Evet
C001423;21.09.2026 10:28:04;Destek;Temsilci 06;29;125;0;59;Cevaplandı;05302291354;Kurulum;Hayır
C001410;21.09.2026 10:28:31;Destek;;1;0;0;0;Terk;05508655647;;
C001439;21.09.2026 10:30:11;Satış;Temsilci 04;8;114;0;37;Cevaplandı;05493629024;Ürün bilgisi;Evet
C001442;21.09.2026 10:30:59;Destek;Temsilci 10;11;387;0;42;Cevaplandı;05546129603;Kurulum;Evet
C001428;21.09.2026 10:31:55;Fatura;Temsilci 12;86;701;0;30;Cevaplandı;05357106153;Ödeme;Evet
C001426;21.09.2026 10:33:27;Destek;Temsilci 01;63;208;20;46;Cevaplandı;05526272737;Kurulum;Evet
C001433;21.09.2026 10:34:07;Fatura;Temsilci 04;5;295;0;57;Cevaplandı;05467345195;Fatura itirazı;Evet
C001440;21.09.2026 10:34:56;Satış;Temsilci 05;3;188;0;28;Cevaplandı;05356051381;Sipariş;Evet
C001441;21.09.2026 10:37:16;Destek;Temsilci 01;9;176;0;20;Cevaplandı;05322391538;Şikâyet;Evet
C001429;21.09.2026 10:41:42;Fatura;Temsilci 02;30;138;0;25;Cevaplandı;05445956875;Ödeme;Evet
C001427;21.09.2026 10:42:22;Satış;Temsilci 05;8;113;67;56;Cevaplandı;05363172044;Ürün bilgisi;Evet
C001434;21.09.2026 10:43:54;Fatura;Temsilci 03;75;115;0;36;Cevaplandı;05406867395;Fatura itirazı;Evet
C001432;21.09.2026 10:45:47;Fatura;Temsilci 03;22;181;16;20;Cevaplandı;05532397202;Ödeme;Hayır
C001424;21.09.2026 10:46:08;Satış;Temsilci 03;6;97;35;18;Cevaplandı;05321363249;Sipariş;Evet
C001436;21.09.2026 10:46:46;Satış;Temsilci 11;12;112;61;31;Cevaplandı;05503816688;Ürün bilgisi;Evet
C001435;21.09.2026 10:46:48;Destek;Temsilci 04;104;296;0;43;Cevaplandı;05481392111;Kurulum;Evet
C001430;21.09.2026 10:49:22;Destek;;76;0;0;0;Terk;05316745181;;
C001437;21.09.2026 10:49:25;Satış;Temsilci 11;26;164;0;33;Cevaplandı;05585824195;Sipariş;Evet
C001425;21.09.2026 10:49:26;Destek;Temsilci 02;59;453;0;37;Cevaplandı;05493736357;Şikâyet;Hayır
C001431;21.09.2026 10:50:13;Satış;Temsilci 01;19;217;0;39;Cevaplandı;05583298651;Ürün bilgisi;Evet
C001438;21.09.2026 10:56:06;Fatura;Temsilci 10;46;302;42;46;Cevaplandı;05432742838;Ödeme;Evet
C001452;21.09.2026 11:00:39;Fatura;Temsilci 03;129;229;0;59;Cevaplandı;05479790900;Ödeme;Evet
C001462;21.09.2026 11:01:03;Fatura;Temsilci 06;60;336;0;39;Cevaplandı;05513526159;Fatura itirazı;Evet
C001447;21.09.2026 11:03:23;Destek;Temsilci 12;11;169;0;49;Cevaplandı;05313820315;Şikâyet;Evet
C001453;21.09.2026 11:05:31;Destek;Temsilci 04;2;342;0;27;Cevaplandı;05386377710;Arıza;Evet
C001465;21.09.2026 11:08:54;Fatura;Temsilci 09;60;163;0;57;Cevaplandı;05459915410;Ödeme;Evet
C001457;21.09.2026 11:09:16;Satış;Temsilci 08;35;203;0;28;Cevaplandı;05571990563;Sipariş;Evet
C001445;21.09.2026 11:09:18;Satış;Temsilci 04;34;161;0;53;Cevaplandı;05413616453;Sipariş;Evet
C001446;21.09.2026 11:11:22;Fatura;Temsilci 10;39;195;48;47;Cevaplandı;05473494805;Ödeme;Evet
C001463;21.09.2026 11:11:59;Fatura;Temsilci 02;82;154;0;22;Cevaplandı;05539639246;Fatura itirazı;Evet
C001458;21.09.2026 11:13:11;Destek;;70;0;0;0;Terk;05569707626;;
C001451;21.09.2026 11:13:55;Fatura;Temsilci 02;68;256;0;22;Cevaplandı;05355652011;Ödeme;Evet
C001455;21.09.2026 11:19:02;Satış;Temsilci 12;56;289;0;29;Cevaplandı;05448385390;Ürün bilgisi;Hayır
C001456;21.09.2026 11:19:11;Destek;Temsilci 12;80;257;0;30;Cevaplandı;05319818098;Kurulum;Evet
C001460;21.09.2026 11:19:51;Satış;Temsilci 01;22;120;0;25;Cevaplandı;05352741575;Ürün bilgisi;Hayır
C001459;21.09.2026 11:20:14;Destek;;33;0;0;0;Terk;05305531107;;
C001450;21.09.2026 11:20:42;Satış;;196;0;0;0;Terk;05452140595;;
C001454;21.09.2026 11:21:13;Fatura;Temsilci 07;143;425;58;22;Cevaplandı;05529367296;Ödeme;Evet
C001443;21.09.2026 11:21:31;Satış;;8;0;0;0;Terk;05408197164;;
C001448;21.09.2026 11:22:31;Destek;;70;0;0;0;Terk;05387373658;;
C001444;21.09.2026 11:22:33;Destek;;45;0;0;0;Terk;05356379201;;
C001461;21.09.2026 11:23:20;Destek;Temsilci 09;33;170;0;45;Cevaplandı;05556643220;Arıza;Evet
C001464;21.09.2026 11:27:41;Fatura;Temsilci 09;14;118;0;25;Cevaplandı;05496648175;Ödeme;Evet
C001449;21.09.2026 11:28:08;Destek;Temsilci 04;5;141;62;41;Cevaplandı;05338877685;Şikâyet;Evet
C001466;21.09.2026 11:30:39;Satış;Temsilci 02;8;188;0;23;Cevaplandı;05404061177;Sipariş;Hayır
C001469;21.09.2026 11:34:59;Fatura;Temsilci 11;3;187;44;18;Cevaplandı;05337294096;Fatura itirazı;Evet
C001479;21.09.2026 11:35:10;Destek;Temsilci 10;16;429;0;43;Cevaplandı;05401367547;Şikâyet;Evet
C001468;21.09.2026 11:35:31;Destek;Temsilci 02;6;481;28;31;Cevaplandı;05437965854;Kurulum;Evet
C001480;21.09.2026 11:36:04;Destek;Temsilci 12;42;114;0;58;Cevaplandı;05378793636;Şikâyet;Evet
C001487;21.09.2026 11:37:21;Destek;Temsilci 02;59;528;0;37;Cevaplandı;05522202187;Şikâyet;Evet
C001484;21.09.2026 11:37:42;Destek;;55;0;0;0;Terk;05364105299;;
C001483;21.09.2026 11:38:32;Destek;Temsilci 06;5;235;0;39;Cevaplandı;05546871983;Kurulum;Hayır
C001490;21.09.2026 11:42:52;Destek;Temsilci 10;39;216;0;56;Cevaplandı;05395432906;Şikâyet;Evet
C001476;21.09.2026 11:44:52;Fatura;Temsilci 05;9;336;0;45;Cevaplandı;05426598477;Ödeme;Evet
C001474;21.09.2026 11:45:04;Destek;;92;0;0;0;Terk;05402653694;;
C001478;21.09.2026 11:45:33;Destek;;121;0;0;0;Terk;05572060371;;
C001470;21.09.2026 11:46:11;Satış;Temsilci 08;26;310;0;25;Cevaplandı;05478401956;Ürün bilgisi;Hayır
C001482;21.09.2026 11:46:13;Satış;Temsilci 06;12;272;0;24;Cevaplandı;05322344696;Ürün bilgisi;Hayır
C001473;21.09.2026 11:46:54;Destek;Temsilci 03;116;391;0;60;Cevaplandı;05447380479;Şikâyet;Evet
C001489;21.09.2026 11:47:30;Satış;Temsilci 11;29;140;0;38;Cevaplandı;05344004770;Ürün bilgisi;Evet
C001488;21.09.2026 11:48:02;Fatura;Temsilci 05;81;258;82;23;Cevaplandı;05495324955;Ödeme;Evet
C001467;21.09.2026 11:53:11;Fatura;Temsilci 02;71;138;0;58;Cevaplandı;05589668514;Fatura itirazı;Evet
C001481;21.09.2026 11:53:40;Destek;Temsilci 01;29;1040;0;55;Cevaplandı;05465380284;Arıza;Hayır
C001472;21.09.2026 11:54:18;Fatura;Temsilci 03;30;407;0;49;Cevaplandı;05458423353;Fatura itirazı;Evet
C001477;21.09.2026 11:54:58;Destek;Temsilci 08;29;254;74;48;Cevaplandı;05593910605;Şikâyet;Hayır
C001486;21.09.2026 11:55:04;Destek;Temsilci 03;69;213;0;46;Cevaplandı;05383749927;Arıza;Evet
C001485;21.09.2026 11:56:08;Destek;Temsilci 10;47;302;58;56;Cevaplandı;05575674000;Şikâyet;Evet
C001475;21.09.2026 11:56:16;Destek;;128;0;0;0;Terk;05393856387;;
C001471;21.09.2026 11:59:36;Destek;Temsilci 04;25;289;0;30;Cevaplandı;05496711567;Kurulum;Hayır
C001491;21.09.2026 11:59:36;Satış;;36;0;0;0;Terk;05361899295;;
C001499;21.09.2026 12:00:55;Destek;Temsilci 08;0;318;0;34;Cevaplandı;05424957761;Şikâyet;Hayır
C001493;21.09.2026 12:04:49;Satış;Temsilci 06;6;105;0;50;Cevaplandı;05426609496;Sipariş;Evet
C001497;21.09.2026 12:06:07;Satış;Temsilci 03;4;295;0;60;Cevaplandı;05398046991;Sipariş;Evet
C001496;21.09.2026 12:06:54;Destek;Temsilci 11;7;193;0;60;Cevaplandı;05587606074;Arıza;Hayır
C001502;21.09.2026 12:13:57;Satış;Temsilci 04;0;328;87;37;Cevaplandı;05555420868;Ürün bilgisi;Evet
C001495;21.09.2026 12:18:45;Destek;Temsilci 03;4;210;0;36;Cevaplandı;05502816740;Kurulum;Evet
C001492;21.09.2026 12:22:01;Fatura;Temsilci 02;2;474;0;27;Cevaplandı;05558340762;Ödeme;Hayır
C001500;21.09.2026 12:22:18;Fatura;Temsilci 09;4;234;0;17;Cevaplandı;05384775340;Ödeme;Evet
C001494;21.09.2026 12:25:25;Satış;Temsilci 03;7;156;0;46;Cevaplandı;05479800209;Ürün bilgisi;Hayır
C001501;21.09.2026 12:25:42;Fatura;Temsilci 04;7;909;0;45;Cevaplandı;05375820701;Ödeme;Evet
C001498;21.09.2026 12:28:01;Satış;Temsilci 03;12;252;0;57;Cevaplandı;05586222499;Sipariş;Evet
C001506;21.09.2026 12:32:52;Destek;Temsilci 01;14;213;0;54;Cevaplandı;05474986460;Şikâyet;Evet
C001504;21.09.2026 12:33:18;Destek;Temsilci 05;1;244;37;27;Cevaplandı;05549591210;Arıza;Evet
C001514;21.09.2026 12:38:27;Satış;Temsilci 02;4;113;0;57;Cevaplandı;05378165217;Sipariş;Hayır
C001510;21.09.2026 12:39:57;Destek;Temsilci 03;2;141;0;24;Cevaplandı;05501122020;Kurulum;Evet
C001513;21.09.2026 12:41:16;Destek;Temsilci 10;8;332;37;30;Cevaplandı;05418702853;Şikâyet;Evet
C001503;21.09.2026 12:43:03;Destek;Temsilci 02;4;183;58;36;Cevaplandı;05556268925;Arıza;Evet
C001515;21.09.2026 12:43:32;Destek;Temsilci 12;1;332;0;38;Cevaplandı;05533931214;Arıza;Evet
C001511;21.09.2026 12:46:31;Destek;Temsilci 01;23;144;0;43;Cevaplandı;05593408965;Kurulum;Evet
C001508;21.09.2026 12:51:49;Fatura;Temsilci 07;1;408;0;16;Cevaplandı;05468005508;Ödeme;Evet
C001512;21.09.2026 12:52:29;Destek;Temsilci 01;0;1001;0;48;Cevaplandı;05302291354;Arıza;Evet
C001505;21.09.2026 12:54:38;Fatura;Temsilci 11;6;240;52;38;Cevaplandı;05399489957;Fatura itirazı;Evet
C001507;21.09.2026 12:55:55;Satış;Temsilci 08;28;90;0;43;Cevaplandı;05386048889;Ürün bilgisi;Evet
C001509;21.09.2026 12:56:39;Satış;Temsilci 07;5;160;17;57;Cevaplandı;05473968550;Ürün bilgisi;Evet
C001529;21.09.2026 13:00:08;Destek;Temsilci 10;2;232;0;46;Cevaplandı;05413049623;Arıza;Evet
C001520;21.09.2026 13:00:56;Destek;Temsilci 05;10;299;0;29;Cevaplandı;05481933229;Arıza;Evet
C001524;21.09.2026 13:05:00;Fatura;Temsilci 05;5;178;0;44;Cevaplandı;05548220065;Ödeme;Evet
C001518;21.09.2026 13:05:53;Destek;Temsilci 08;10;413;0;24;Cevaplandı;05318661672;Şikâyet;Evet
C001516;21.09.2026 13:06:16;Destek;Temsilci 01;3;357;0;24;Cevaplandı;05561588586;Şikâyet;Evet
C001528;21.09.2026 13:08:02;Destek;Temsilci 02;3;380;0;40;Cevaplandı;05331785832;Kurulum;Evet
C001521;21.09.2026 13:09:39;Destek;Temsilci 01;1;471;0;31;Cevaplandı;05519573044;Kurulum;Evet
C001527;21.09.2026 13:12:14;Destek;Temsilci 10;3;240;0;50;Cevaplandı;05516277633;Arıza;Evet
C001522;21.09.2026 13:15:15;Satış;Temsilci 04;5;140;0;42;Cevaplandı;05478612302;Ürün bilgisi;Evet
C001525;21.09.2026 13:16:06;Satış;Temsilci 10;3;96;0;41;Cevaplandı;05357052888;Ürün bilgisi;Evet
C001526;21.09.2026 13:16:39;Fatura;Temsilci 06;2;230;0;37;Cevaplandı;05551959390;Fatura itirazı;Evet
C001523;21.09.2026 13:21:14;Destek;Temsilci 06;4;219;0;15;Cevaplandı;05505638235;Kurulum;Evet
C001517;21.09.2026 13:23:23;Satış;Temsilci 04;28;110;54;42;Cevaplandı;05376979931;Sipariş;Evet
C001519;21.09.2026 13:28:26;Fatura;Temsilci 01;2;198;74;33;Cevaplandı;05453688955;Fatura itirazı;Evet
C001537;21.09.2026 13:32:36;Fatura;Temsilci 02;0;302;32;16;Cevaplandı;05574360522;Ödeme;Evet
C001533;21.09.2026 13:37:54;Destek;Temsilci 07;4;664;0;46;Cevaplandı;05307695195;Kurulum;Evet
C001532;21.09.2026 13:38:36;Destek;Temsilci 03;5;244;0;18;Cevaplandı;05415179792;Arıza;Evet
C001536;21.09.2026 13:40:17;Satış;Temsilci 06;8;267;77;53;Cevaplandı;05375146518;Ürün bilgisi;Evet
C001531;21.09.2026 13:44:50;Fatura;Temsilci 03;8;121;0;23;Cevaplandı;05551938738;Ödeme;Evet
C001530;21.09.2026 13:45:52;Satış;Temsilci 07;0;462;0;23;Cevaplandı;05439987516;Sipariş;Hayır
C001535;21.09.2026 13:50:43;Fatura;Temsilci 09;0;268;0;36;Cevaplandı;05331658849;Ödeme;Evet
C001534;21.09.2026 13:56:08;Destek;Temsilci 05;10;286;0;53;Cevaplandı;05453388231;Kurulum;Evet
C001539;21.09.2026 14:03:57;Destek;Temsilci 01;7;380;16;28;Cevaplandı;05312884426;Kurulum;Evet
C001555;21.09.2026 14:08:56;Destek;Temsilci 10;8;352;51;48;Cevaplandı;05306962621;Arıza;Evet
C001544;21.09.2026 14:09:58;Destek;Temsilci 03;11;233;22;43;Cevaplandı;05325212006;Arıza;Evet
C001553;21.09.2026 14:10:46;Satış;Temsilci 11;4;207;0;30;Cevaplandı;05403285731;Sipariş;Evet
C001554;21.09.2026 14:10:54;Satış;Temsilci 02;3;239;0;35;Cevaplandı;05481828070;Ürün bilgisi;Evet
C001546;21.09.2026 14:11:04;Fatura;Temsilci 10;6;418;0;15;Cevaplandı;05325229866;Ödeme;Evet
C001541;21.09.2026 14:13:28;Destek;Temsilci 06;6;162;0;54;Cevaplandı;05357619893;Arıza;Evet
C001540;21.09.2026 14:15:00;Destek;Temsilci 07;4;407;0;21;Cevaplandı;05496242278;Kurulum;Hayır
C001545;21.09.2026 14:15:18;Destek;Temsilci 04;1;627;0;60;Cevaplandı;05339008404;Şikâyet;Evet
C001547;21.09.2026 14:18:04;Destek;Temsilci 02;0;296;70;21;Cevaplandı;05471413949;Şikâyet;Evet
C001542;21.09.2026 14:21:25;Satış;Temsilci 01;6;110;0;47;Cevaplandı;05449932186;Ürün bilgisi;Evet
C001552;21.09.2026 14:21:51;Fatura;Temsilci 07;16;419;0;34;Cevaplandı;05513526159;Fatura itirazı;Evet
C001551;21.09.2026 14:22:01;Fatura;Temsilci 07;2;430;0;52;Cevaplandı;05467266452;Ödeme;Evet
C001549;21.09.2026 14:23:05;Satış;Temsilci 09;1;83;44;43;Cevaplandı;05354987233;Sipariş;Evet
C001550;21.09.2026 14:23:05;Fatura;Temsilci 05;11;417;53;23;Cevaplandı;05354426677;Fatura itirazı;Evet
C001548;21.09.2026 14:23:46;Destek;Temsilci 05;4;144;0;28;Cevaplandı;05496307542;Şikâyet;Hayır
C001543;21.09.2026 14:26:00;Destek;Temsilci 03;12;177;0;46;Cevaplandı;05546235618;Kurulum;Evet
C001538;21.09.2026 14:29:55;Fatura;Temsilci 01;28;209;0;56;Cevaplandı;05553230339;Fatura itirazı;Hayır
C001564;21.09.2026 14:32:45;Fatura;Temsilci 01;0;122;0;36;Cevaplandı;05319885677;Fatura itirazı;Evet
C001574;21.09.2026 14:36:18;Fatura;Temsilci 10;15;456;15;47;Cevaplandı;05412939916;Ödeme;Evet
C001559;21.09.2026 14:38:19;Satış;Temsilci 10;11;91;0;54;Cevaplandı;05445478215;Ürün bilgisi;Evet
C001571;21.09.2026 14:39:41;Destek;Temsilci 03;16;229;87;23;Cevaplandı;05523328915;Kurulum;Evet
C001565;21.09.2026 14:39:43;Satış;Temsilci 08;2;560;0;15;Cevaplandı;05433984388;Sipariş;Hayır
C001570;21.09.2026 14:40:10;Destek;;2;0;0;0;Terk;05317573574;;
C001572;21.09.2026 14:43:33;Fatura;Temsilci 02;3;209;0;43;Cevaplandı;05532655654;Ödeme;Evet
C001562;21.09.2026 14:44:07;Fatura;Temsilci 12;7;137;0;44;Cevaplandı;05475138122;Ödeme;Evet
C001567;21.09.2026 14:44:29;Fatura;Temsilci 03;8;46;0;24;Cevaplandı;05549474132;Ödeme;Evet
C001568;21.09.2026 14:45:03;Destek;Temsilci 05;20;264;0;35;Cevaplandı;05485881692;Şikâyet;Evet
C001560;21.09.2026 14:45:10;Destek;Temsilci 04;11;254;57;58;Cevaplandı;05483198858;Arıza;Evet
C001561;21.09.2026 14:47:15;Destek;Temsilci 08;0;314;0;34;Cevaplandı;05403655870;Kurulum;Evet
C001556;21.09.2026 14:48:14;Destek;Temsilci 10;18;222;0;53;Cevaplandı;05513900232;Arıza;Evet
C001563;21.09.2026 14:51:33;Satış;Temsilci 06;2;182;90;33;Cevaplandı;05478741416;Sipariş;Evet
C001569;21.09.2026 14:54:35;Fatura;Temsilci 09;33;128;0;52;Cevaplandı;05477266341;Fatura itirazı;Evet
C001566;21.09.2026 14:54:46;Satış;Temsilci 11;0;309;0;59;Cevaplandı;05327059928;Sipariş;Hayır
C001573;21.09.2026 14:56:47;Fatura;Temsilci 11;13;221;0;56;Cevaplandı;05597586008;Fatura itirazı;Evet
C001557;21.09.2026 14:57:27;Destek;Temsilci 10;7;290;0;21;Cevaplandı;05478576475;Arıza;Evet
C001558;21.09.2026 14:59:49;Destek;Temsilci 08;3;182;0;34;Cevaplandı;05509519446;Şikâyet;Evet
C001587;21.09.2026 15:00:05;Destek;Temsilci 11;18;273;0;45;Cevaplandı;05368889712;Şikâyet;Evet
C001581;21.09.2026 15:00:48;Destek;Temsilci 11;49;230;0;27;Cevaplandı;05527246266;Şikâyet;Evet
C001585;21.09.2026 15:01:10;Destek;Temsilci 04;3;252;0;56;Cevaplandı;05377476088;Arıza;Evet
C001584;21.09.2026 15:01:32;Fatura;Temsilci 07;12;558;0;35;Cevaplandı;05497922460;Ödeme;Evet
C001575;21.09.2026 15:02:08;Satış;Temsilci 09;0;210;80;38;Cevaplandı;05448975351;Sipariş;Evet
C001580;21.09.2026 15:03:47;Fatura;Temsilci 12;52;104;0;32;Cevaplandı;05303542560;Ödeme;Evet
C001582;21.09.2026 15:03:49;Fatura;;6;0;0;0;Terk;05451594604;;
C001586;21.09.2026 15:04:55;Destek;Temsilci 05;4;241;0;49;Cevaplandı;05499808962;Kurulum;Evet
C001593;21.09.2026 15:05:06;Destek;Temsilci 03;43;304;0;41;Cevaplandı;05329982740;Şikâyet;Evet
C001589;21.09.2026 15:10:06;Destek;;29;0;0;0;Terk;05434231781;;
C001578;21.09.2026 15:10:52;Fatura;Temsilci 04;27;123;49;15;Cevaplandı;05372124542;Fatura itirazı;Hayır
C001588;21.09.2026 15:10:57;Destek;Temsilci 03;33;239;69;49;Cevaplandı;05386402130;Arıza;Hayır
C001579;21.09.2026 15:12:17;Fatura;Temsilci 01;3;204;54;33;Cevaplandı;05556228878;Fatura itirazı;Hayır
C001591;21.09.2026 15:14:15;Destek;Temsilci 04;1;655;0;56;Cevaplandı;05422075310;Kurulum;Evet
C001583;21.09.2026 15:15:54;Destek;Temsilci 02;6;297;0;16;Cevaplandı;05353566180;Kurulum;Evet
C001592;21.09.2026 15:22:02;Destek;Temsilci 12;19;145;0;25;Cevaplandı;05335167508;Kurulum;Evet
C001577;21.09.2026 15:23:27;Satış;Temsilci 02;32;104;0;36;Cevaplandı;05376453598;Sipariş;Evet
C001590;21.09.2026 15:24:57;Satış;;24;0;0;0;Terk;05376970073;;
C001576;21.09.2026 15:27:25;Destek;Temsilci 10;22;570;0;20;Cevaplandı;05559077015;Arıza;Evet
C001618;21.09.2026 15:31:19;Satış;Temsilci 04;37;264;0;24;Cevaplandı;05503437510;Ürün bilgisi;Evet
C001597;21.09.2026 15:31:34;Destek;Temsilci 05;4;453;0;19;Cevaplandı;05316007248;Şikâyet;Evet
C001601;21.09.2026 15:31:39;Destek;Temsilci 10;6;381;0;24;Cevaplandı;05352926051;Kurulum;Hayır
C001599;21.09.2026 15:34:09;Destek;Temsilci 10;15;209;0;44;Cevaplandı;05367167276;Kurulum;Evet
C001608;21.09.2026 15:35:54;Fatura;Temsilci 08;2;139;30;22;Cevaplandı;05482671827;Ödeme;Evet
C001594;21.09.2026 15:36:36;Destek;Temsilci 06;9;367;0;50;Cevaplandı;05529969588;Arıza;Hayır
C001605;21.09.2026 15:37:04;Destek;Temsilci 05;37;429;0;23;Cevaplandı;05303451845;Şikâyet;Evet
C001609;21.09.2026 15:37:20;Satış;Temsilci 03;5;552;0;25;Cevaplandı;05324675507;Sipariş;Evet
C001613;21.09.2026 15:40:55;Destek;Temsilci 11;12;150;0;31;Cevaplandı;05531055318;Kurulum;Evet
C001603;21.09.2026 15:44:58;Destek;Temsilci 06;6;249;0;29;Cevaplandı;05351558526;Şikâyet;Evet
C001606;21.09.2026 15:45:21;Satış;Temsilci 04;11;109;0;35;Cevaplandı;05428332052;Ürün bilgisi;Evet
C001607;21.09.2026 15:45:39;Fatura;Temsilci 09;26;203;0;36;Cevaplandı;05553810948;Fatura itirazı;Evet
C001598;21.09.2026 15:46:29;Fatura;Temsilci 10;4;74;30;41;Cevaplandı;05503950578;Ödeme;Evet
C001595;21.09.2026 15:46:35;Destek;Temsilci 04;7;284;0;30;Cevaplandı;05496797119;Arıza;Evet
C001596;21.09.2026 15:48:58;Destek;Temsilci 07;104;379;0;51;Cevaplandı;05313110890;Şikâyet;Evet
C001612;21.09.2026 15:50:05;Fatura;Temsilci 07;7;630;0;56;Cevaplandı;05473844758;Fatura itirazı;Evet
C001610;21.09.2026 15:51:28;Satış;;21;0;0;0;Terk;05378750500;;
C001615;21.09.2026 15:52:41;Destek;Temsilci 06;0;215;73;26;Cevaplandı;05352480030;Kurulum;Evet
C001604;21.09.2026 15:53:12;Fatura;Temsilci 06;9;607;0;27;Cevaplandı;05386048889;Ödeme;Evet
C001611;21.09.2026 15:53:16;Destek;Temsilci 07;62;341;0;53;Cevaplandı;05494180422;Kurulum;Hayır
C001614;21.09.2026 15:53:29;Destek;Temsilci 09;44;307;16;22;Cevaplandı;05396431826;Kurulum;Evet
C001619;21.09.2026 15:54:51;Destek;Temsilci 06;24;211;0;34;Cevaplandı;05489405194;Kurulum;Hayır
C001602;21.09.2026 15:57:07;Satış;Temsilci 06;49;69;0;42;Cevaplandı;05586746177;Sipariş;Evet
C001616;21.09.2026 15:58:39;Satış;Temsilci 03;32;141;0;25;Cevaplandı;05535588333;Ürün bilgisi;Evet
C001600;21.09.2026 15:58:48;Fatura;Temsilci 02;6;229;0;21;Cevaplandı;05474620099;Ödeme;Hayır
C001617;21.09.2026 15:59:54;Destek;Temsilci 10;11;206;0;20;Cevaplandı;05479739799;Şikâyet;Evet
C001632;21.09.2026 16:04:21;Destek;Temsilci 04;47;214;0;48;Cevaplandı;05448256872;Kurulum;Evet
C001630;21.09.2026 16:05:06;Fatura;Temsilci 09;5;273;85;22;Cevaplandı;05546428836;Fatura itirazı;Hayır
C001620;21.09.2026 16:05:29;Destek;Temsilci 09;1;294;0;60;Cevaplandı;05392770379;Kurulum;Evet
C001624;21.09.2026 16:05:29;Destek;Temsilci 10;3;164;0;60;Cevaplandı;05431231878;Şikâyet;Evet
C001622;21.09.2026 16:05:47;Destek;Temsilci 12;6;140;68;18;Cevaplandı;05579111930;Arıza;Evet
C001627;21.09.2026 16:06:02;Destek;Temsilci 05;23;870;0;25;Cevaplandı;05558144019;Şikâyet;Evet
C001625;21.09.2026 16:07:18;Satış;Temsilci 10;3;179;0;33;Cevaplandı;05313217926;Ürün bilgisi;Evet
C001623;21.09.2026 16:13:11;Destek;Temsilci 02;9;317;0;51;Cevaplandı;05392783979;Arıza;Hayır
C001633;21.09.2026 16:13:43;Destek;Temsilci 11;23;207;0;15;Cevaplandı;05415761150;Kurulum;Evet
C001628;21.09.2026 16:16:52;Destek;Temsilci 12;0;371;0;44;Cevaplandı;05344373863;Arıza;Evet
C001631;21.09.2026 16:18:07;Fatura;Temsilci 05;2;165;0;53;Cevaplandı;05311580895;Ödeme;Evet
C001629;21.09.2026 16:20:17;Destek;Temsilci 08;5;177;0;33;Cevaplandı;05421254120;Şikâyet;Hayır
C001621;21.09.2026 16:21:07;Fatura;Temsilci 10;3;134;0;16;Cevaplandı;05356580157;Fatura itirazı;Evet
C001626;21.09.2026 16:22:06;Fatura;Temsilci 02;10;152;0;46;Cevaplandı;05585930232;Fatura itirazı;Evet
C001638;21.09.2026 16:31:50;Destek;Temsilci 01;35;123;0;48;Cevaplandı;05473334156;Arıza;Hayır
C001647;21.09.2026 16:36:58;Satış;Temsilci 03;1;307;0;39;Cevaplandı;05527607069;Ürün bilgisi;Evet
C001651;21.09.2026 16:37:57;Destek;Temsilci 09;11;300;0;42;Cevaplandı;05555402959;Kurulum;Evet
C001650;21.09.2026 16:41:12;Fatura;Temsilci 03;5;79;0;36;Cevaplandı;05384736456;Fatura itirazı;Evet
C001641;21.09.2026 16:42:10;Fatura;Temsilci 03;6;76;67;45;Cevaplandı;05338881240;Ödeme;Evet
C001644;21.09.2026 16:43:55;Destek;Temsilci 09;7;840;0;45;Cevaplandı;05455264377;Arıza;Evet
C001642;21.09.2026 16:44:42;Fatura;Temsilci 07;11;112;0;52;Cevaplandı;05406347186;Fatura itirazı;Hayır
C001639;21.09.2026 16:47:22;Destek;Temsilci 12;6;104;0;36;Cevaplandı;05343320256;Kurulum;Evet
C001637;21.09.2026 16:47:29;Satış;Temsilci 03;2;156;0;37;Cevaplandı;05546950094;Sipariş;Evet
C001640;21.09.2026 16:47:50;Fatura;Temsilci 06;1;84;0;35;Cevaplandı;05323802554;Fatura itirazı;Evet
C001648;21.09.2026 16:49:02;Fatura;Temsilci 06;1;495;0;51;Cevaplandı;05498627651;Fatura itirazı;Hayır
C001652;21.09.2026 16:50:53;Fatura;Temsilci 11;10;195;0;57;Cevaplandı;05325418566;Fatura itirazı;Hayır
C001636;21.09.2026 16:52:47;Satış;Temsilci 03;11;105;39;33;Cevaplandı;05351717880;Sipariş;Evet
C001643;21.09.2026 16:52:54;Destek;Temsilci 04;2;327;19;36;Cevaplandı;05388234193;Şikâyet;Evet
C001646;21.09.2026 16:56:15;Destek;Temsilci 10;0;422;0;36;Cevaplandı;05522134938;Kurulum;Evet
C001645;21.09.2026 16:56:18;Fatura;Temsilci 10;2;212;0;40;Cevaplandı;05584341343;Ödeme;Hayır
C001635;21.09.2026 16:56:43;Fatura;Temsilci 03;2;234;0;25;Cevaplandı;05591482092;Ödeme;Evet
C001634;21.09.2026 16:57:33;Destek;Temsilci 06;24;90;0;37;Cevaplandı;05493651632;Arıza;Hayır
C001649;21.09.2026 16:58:23;Fatura;Temsilci 02;3;130;16;60;Cevaplandı;05457144524;Fatura itirazı;Evet
C001659;21.09.2026 17:00:43;Destek;Temsilci 11;3;389;45;31;Cevaplandı;05318933773;Kurulum;Hayır
C001656;21.09.2026 17:05:31;Destek;Temsilci 01;1;336;76;32;Cevaplandı;05382304972;Şikâyet;Evet
C001655;21.09.2026 17:06:03;Fatura;Temsilci 08;1;300;0;53;Cevaplandı;05403719346;Fatura itirazı;Evet
C001654;21.09.2026 17:13:51;Satış;Temsilci 07;5;238;90;43;Cevaplandı;05441824289;Ürün bilgisi;Evet
C001660;21.09.2026 17:16:18;Destek;Temsilci 12;9;440;0;23;Cevaplandı;05464300165;Arıza;Evet
C001658;21.09.2026 17:17:53;Destek;Temsilci 04;4;103;0;58;Cevaplandı;05315435886;Kurulum;Evet
C001657;21.09.2026 17:23:22;Fatura;Temsilci 07;10;374;57;59;Cevaplandı;05563313259;Fatura itirazı;Hayır
C001653;21.09.2026 17:25:18;Destek;Temsilci 11;4;369;33;23;Cevaplandı;05584650804;Arıza;Hayır
C001667;21.09.2026 17:30:52;Destek;Temsilci 08;10;223;0;18;Cevaplandı;05469348968;Şikâyet;Evet
C001663;21.09.2026 17:33:48;Destek;Temsilci 12;5;224;69;54;Cevaplandı;05476921501;Şikâyet;Hayır
C001661;21.09.2026 17:40:27;Satış;Temsilci 12;17;469;0;50;Cevaplandı;05592537311;Ürün bilgisi;Evet
C001666;21.09.2026 17:40:44;Destek;Temsilci 04;13;182;0;36;Cevaplandı;05599221625;Arıza;Evet
C001665;21.09.2026 17:43:08;Destek;Temsilci 02;3;183;88;38;Cevaplandı;05471379990;Arıza;Evet
C001664;21.09.2026 17:45:58;Satış;Temsilci 09;0;58;49;21;Cevaplandı;05408171213;Sipariş;Evet
C001662;21.09.2026 17:49:03;Satış;Temsilci 09;2;72;0;36;Cevaplandı;05412939916;Sipariş;Evet
C001668;22.09.2026 09:00:59;Destek;Temsilci 08;12;249;0;53;Cevaplandı;05477761952;Arıza;Evet
C001671;22.09.2026 09:02:07;Fatura;Temsilci 09;0;354;68;32;Cevaplandı;05431656647;Fatura itirazı;Evet
C001679;22.09.2026 09:03:15;Fatura;Temsilci 09;2;242;0;43;Cevaplandı;05546812319;Fatura itirazı;Evet
C001681;22.09.2026 09:05:28;Destek;Temsilci 01;5;233;0;16;Cevaplandı;05385734636;Şikâyet;Evet
C001673;22.09.2026 09:07:40;Fatura;Temsilci 02;0;278;0;20;Cevaplandı;05598818883;Fatura itirazı;Evet
C001674;22.09.2026 09:15:24;Fatura;Temsilci 07;14;497;11;30;Cevaplandı;05513890264;Fatura itirazı;Evet
C001678;22.09.2026 09:16:45;Satış;Temsilci 05;6;57;0;15;Cevaplandı;05439946585;Ürün bilgisi;Evet
C001680;22.09.2026 09:16:50;Satış;Temsilci 02;12;165;0;58;Cevaplandı;05389693441;Ürün bilgisi;Evet
C001670;22.09.2026 09:19:15;Satış;Temsilci 11;15;8;74;45;Cevaplandı;05589127113;Sipariş;Evet
C001669;22.09.2026 09:19:42;Destek;Temsilci 03;7;247;0;27;Cevaplandı;05428251671;Şikâyet;Evet
C001677;22.09.2026 09:21:21;Destek;Temsilci 12;18;295;0;57;Cevaplandı;05316028150;Arıza;Evet
C001672;22.09.2026 09:26:51;Destek;Temsilci 02;9;240;0;36;Cevaplandı;05594329747;Şikâyet;Evet
C001676;22.09.2026 09:28:37;Satış;Temsilci 07;9;359;0;44;Cevaplandı;05511356558;Sipariş;Hayır
C001675;22.09.2026 09:28:46;Destek;Temsilci 09;18;225;36;30;Cevaplandı;05531085034;Arıza;Evet
C001686;22.09.2026 09:33:00;Satış;Temsilci 09;14;409;0;16;Cevaplandı;05422720886;Ürün bilgisi;Evet
C001687;22.09.2026 09:35:46;Destek;Temsilci 04;2;318;0;36;Cevaplandı;05579245231;Kurulum;Hayır
C001689;22.09.2026 09:36:03;Destek;Temsilci 08;11;114;0;21;Cevaplandı;05495843099;Şikâyet;Evet
C001688;22.09.2026 09:36:26;Satış;Temsilci 03;2;158;0;40;Cevaplandı;05339919718;Sipariş;Evet
C001685;22.09.2026 09:42:35;Satış;Temsilci 01;4;374;0;23;Cevaplandı;05339700935;Ürün bilgisi;Evet
C001690;22.09.2026 09:43:44;Satış;Temsilci 02;8;82;0;16;Cevaplandı;05372013631;Sipariş;Evet
C001693;22.09.2026 09:44:04;Satış;Temsilci 05;49;113;66;32;Cevaplandı;05364107006;Ürün bilgisi;Evet
C001684;22.09.2026 09:48:16;Satış;Temsilci 09;12;398;0;23;Cevaplandı;05487677117;Sipariş;Evet
C001683;22.09.2026 09:48:19;Satış;;6;0;0;0;Terk;05369995613;;
C001682;22.09.2026 09:54:04;Fatura;Temsilci 12;17;487;0;17;Cevaplandı;05412927068;Fatura itirazı;Evet
C001692;22.09.2026 09:54:33;Destek;Temsilci 06;19;173;0;31;Cevaplandı;05509685462;Şikâyet;Evet
C001691;22.09.2026 09:55:51;Satış;Temsilci 05;9;196;0;52;Cevaplandı;05424290128;Sipariş;Hayır
C001697;22.09.2026 10:00:05;Fatura;Temsilci 08;21;258;20;58;Cevaplandı;05384775017;Fatura itirazı;Evet
C001709;22.09.2026 10:04:40;Destek;Temsilci 11;12;310;0;22;Cevaplandı;05527804482;Şikâyet;Evet
C001695;22.09.2026 10:07:24;Destek;Temsilci 12;5;208;0;27;Cevaplandı;05504355269;Şikâyet;Evet
C001712;22.09.2026 10:07:48;Destek;Temsilci 10;13;168;0;31;Cevaplandı;05354958480;Kurulum;Evet
C001704;22.09.2026 10:12:02;Destek;Temsilci 09;18;226;61;27;Cevaplandı;05311440384;Şikâyet;Hayır
C001696;22.09.2026 10:14:06;Satış;Temsilci 01;12;103;90;57;Cevaplandı;05425246994;Sipariş;Evet
C001703;22.09.2026 10:14:33;Destek;Temsilci 04;2;422;0;44;Cevaplandı;05545620052;Şikâyet;Evet
C001701;22.09.2026 10:14:39;Satış;Temsilci 10;10;173;0;42;Cevaplandı;05541703158;Sipariş;Evet
C001705;22.09.2026 10:15:08;Destek;Temsilci 04;2;442;0;55;Cevaplandı;05564734509;Kurulum;Hayır
C001708;22.09.2026 10:17:44;Fatura;Temsilci 11;3;231;0;50;Cevaplandı;05458701914;Fatura itirazı;Evet
C001700;22.09.2026 10:19:29;Destek;Temsilci 02;32;275;0;45;Cevaplandı;05538582145;Arıza;Evet
C001699;22.09.2026 10:19:54;Fatura;Temsilci 05;4;74;30;50;Cevaplandı;05301009947;Ödeme;Evet
C001698;22.09.2026 10:22:30;Destek;Temsilci 05;42;421;73;47;Cevaplandı;05434316297;Şikâyet;Evet
C001706;22.09.2026 10:23:38;Satış;Temsilci 12;25;486;0;19;Cevaplandı;05579294013;Sipariş;Evet
C001710;22.09.2026 10:24:05;Fatura;Temsilci 12;34;227;24;17;Cevaplandı;05596007356;Fatura itirazı;Evet
C001694;22.09.2026 10:25:34;Fatura;Temsilci 07;28;499;0;29;Cevaplandı;05421018215;Fatura itirazı;Hayır
C001702;22.09.2026 10:25:47;Satış;Temsilci 07;16;248;0;49;Cevaplandı;05337492570;Sipariş;Evet
C001707;22.09.2026 10:27:16;Destek;Temsilci 02;39;110;0;17;Cevaplandı;05314330212;Kurulum;Evet
C001711;22.09.2026 10:27:36;Destek;Temsilci 05;2;190;0;48;Cevaplandı;05325048857;Şikâyet;Evet
C001718;22.09.2026 10:31:32;Satış;Temsilci 04;21;90;74;26;Cevaplandı;05494308069;Sipariş;Evet
C001729;22.09.2026 10:31:35;Destek;Temsilci 09;11;350;0;45;Cevaplandı;05302487120;Arıza;Evet
C001719;22.09.2026 10:32:04;Destek;Temsilci 09;2;689;0;27;Cevaplandı;05378750500;Şikâyet;Evet
C001724;22.09.2026 10:32:51;Fatura;Temsilci 06;7;307;0;38;Cevaplandı;05327839286;Ödeme;Hayır
C001717;22.09.2026 10:33:36;Destek;;17;0;0;0;Terk;05575692347;;
C001734;22.09.2026 10:33:41;Destek;Temsilci 05;0;181;0;31;Cevaplandı;05374540747;Arıza;Evet
C001730;22.09.2026 10:35:53;Satış;Temsilci 02;8;108;0;37;Cevaplandı;05373271229;Ürün bilgisi;Hayır
C001720;22.09.2026 10:36:38;Fatura;Temsilci 07;13;755;0;31;Cevaplandı;05344677738;Ödeme;Hayır
C001725;22.09.2026 10:37:52;Destek;Temsilci 07;20;421;0;21;Cevaplandı;05393592162;Şikâyet;Evet
C001727;22.09.2026 10:38:27;Destek;Temsilci 05;1;611;0;34;Cevaplandı;05521806535;Arıza;Evet
C001733;22.09.2026 10:41:23;Destek;Temsilci 10;2;51;0;50;Cevaplandı;05579681388;Kurulum;Evet
C001726;22.09.2026 10:41:45;Satış;Temsilci 12;44;146;76;55;Cevaplandı;05494011229;Sipariş;Hayır
C001715;22.09.2026 10:42:06;Destek;Temsilci 02;11;151;0;46;Cevaplandı;05583963345;Şikâyet;Evet
C001723;22.09.2026 10:48:31;Satış;Temsilci 07;63;144;30;53;Cevaplandı;05506048666;Sipariş;Hayır
C001716;22.09.2026 10:48:42;Fatura;Temsilci 04;17;339;48;39;Cevaplandı;05327619401;Fatura itirazı;Evet
C001713;22.09.2026 10:51:52;Destek;Temsilci 11;28;147;0;17;Cevaplandı;05519461953;Kurulum;Hayır
C001721;22.09.2026 10:54:24;Fatura;Temsilci 04;35;133;0;38;Cevaplandı;05415662895;Fatura itirazı;Evet
C001728;22.09.2026 10:56:47;Satış;Temsilci 09;16;101;42;16;Cevaplandı;05468286324;Ürün bilgisi;Evet
C001722;22.09.2026 10:57:40;Satış;;16;0;0;0;Terk;05592949079;;
C001731;22.09.2026 10:58:24;Destek;Temsilci 10;8;201;0;51;Cevaplandı;05516749078;Kurulum;Evet
C001732;22.09.2026 10:59:16;Fatura;Temsilci 06;11;180;0;39;Cevaplandı;05502576082;Fatura itirazı;Evet
C001714;22.09.2026 10:59:29;Fatura;Temsilci 11;14;117;0;26;Cevaplandı;05322343449;Fatura itirazı;Evet
C001737;22.09.2026 11:00:37;Satış;Temsilci 10;1;114;0;36;Cevaplandı;05326649060;Sipariş;Evet
C001743;22.09.2026 11:04:39;Destek;Temsilci 06;15;266;0;59;Cevaplandı;05356223575;Kurulum;Evet
C001753;22.09.2026 11:05:02;Destek;Temsilci 07;58;648;0;27;Cevaplandı;05439535074;Şikâyet;Evet
C001757;22.09.2026 11:05:19;Destek;Temsilci 11;0;289;0;58;Cevaplandı;05307317936;Kurulum;Evet
C001736;22.09.2026 11:06:15;Destek;Temsilci 03;8;574;0;53;Cevaplandı;05587132402;Kurulum;Evet
C001739;22.09.2026 11:06:51;Destek;;2;0;0;0;Terk;05335749147;;
C001745;22.09.2026 11:09:21;Destek;Temsilci 04;5;584;0;18;Cevaplandı;05454987113;Şikâyet;Hayır
C001748;22.09.2026 11:09:24;Destek;Temsilci 03;4;205;63;42;Cevaplandı;05384511863;Kurulum;Hayır
C001749;22.09.2026 11:10:34;Fatura;Temsilci 08;1;151;0;49;Cevaplandı;05451301684;Fatura itirazı;Hayır
C001751;22.09.2026 11:11:43;Satış;;53;0;0;0;Terk;05382385241;;
C001752;22.09.2026 11:12:10;Destek;Temsilci 06;2;342;0;55;Cevaplandı;05553406680;Şikâyet;Hayır
C001742;22.09.2026 11:14:02;Satış;Temsilci 03;14;149;0;21;Cevaplandı;05593084524;Ürün bilgisi;Evet
C001755;22.09.2026 11:14:42;Destek;Temsilci 05;5;538;0;59;Cevaplandı;05432194301;Şikâyet;Evet
C001744;22.09.2026 11:16:28;Fatura;Temsilci 08;32;255;62;51;Cevaplandı;05565004547;Ödeme;Evet
C001741;22.09.2026 11:17:49;Satış;Temsilci 12;23;158;0;38;Cevaplandı;05589160862;Ürün bilgisi;Evet
C001735;22.09.2026 11:18:06;Destek;Temsilci 01;3;464;25;36;Cevaplandı;05302747501;Kurulum;Evet
C001746;22.09.2026 11:18:07;Fatura;Temsilci 04;6;196;76;36;Cevaplandı;05429206917;Ödeme;Evet
C001738;22.09.2026 11:19:04;Destek;Temsilci 12;1;201;0;29;Cevaplandı;05594844068;Kurulum;Evet
C001740;22.09.2026 11:19:19;Fatura;Temsilci 03;27;759;0;54;Cevaplandı;05375814890;Ödeme;Evet
C001756;22.09.2026 11:20:41;Satış;Temsilci 06;41;221;0;58;Cevaplandı;05365403085;Ürün bilgisi;Evet
C001747;22.09.2026 11:21:06;Destek;Temsilci 12;20;230;0;43;Cevaplandı;05474276582;Arıza;Evet
C001750;22.09.2026 11:22:38;Destek;Temsilci 07;77;285;0;44;Cevaplandı;05491554901;Kurulum;Evet
C001754;22.09.2026 11:24:19;Satış;Temsilci 02;3;450;43;40;Cevaplandı;05343336304;Ürün bilgisi;Evet
C001778;22.09.2026 11:31:10;Destek;Temsilci 04;18;173;0;29;Cevaplandı;05315062489;Kurulum;Evet
C001758;22.09.2026 11:33:01;Destek;Temsilci 06;2;435;32;25;Cevaplandı;05418859129;Arıza;Evet
C001767;22.09.2026 11:33:29;Destek;Temsilci 01;1;515;0;30;Cevaplandı;05319885677;Arıza;Evet
C001762;22.09.2026 11:33:59;Destek;Temsilci 04;5;350;0;45;Cevaplandı;05579507139;Arıza;Evet
C001765;22.09.2026 11:41:02;Destek;Temsilci 01;10;226;70;29;Cevaplandı;05389944884;Arıza;Evet
C001769;22.09.2026 11:43:06;Destek;Temsilci 01;40;219;12;44;Cevaplandı;05449196426;Şikâyet;Evet
C001768;22.09.2026 11:45:42;Satış;Temsilci 06;40;116;0;16;Cevaplandı;05404811977;Sipariş;Evet
C001770;22.09.2026 11:46:03;Fatura;;0;0;0;0;Terk;05354307271;;
C001773;22.09.2026 11:49:46;Satış;Temsilci 11;14;76;0;15;Cevaplandı;05512285461;Sipariş;Evet
C001760;22.09.2026 11:50:39;Destek;Temsilci 03;17;161;0;17;Cevaplandı;05591392633;Kurulum;Evet
C001775;22.09.2026 11:50:39;Fatura;Temsilci 10;4;204;21;45;Cevaplandı;05454082748;Fatura itirazı;Evet
C001777;22.09.2026 11:51:08;Satış;;34;0;0;0;Terk;05496167082;;
C001771;22.09.2026 11:52:57;Destek;Temsilci 10;6;296;0;30;Cevaplandı;05421069374;Şikâyet;Evet
C001763;22.09.2026 11:54:45;Destek;Temsilci 02;22;399;0;18;Cevaplandı;05502945742;Arıza;Evet
C001759;22.09.2026 11:54:49;Destek;Temsilci 04;18;196;0;35;Cevaplandı;05505022849;Şikâyet;Evet
C001774;22.09.2026 11:56:48;Destek;Temsilci 02;1;421;0;22;Cevaplandı;05446810860;Şikâyet;Evet
C001766;22.09.2026 11:57:24;Destek;Temsilci 02;21;162;0;37;Cevaplandı;05303750096;Kurulum;Evet
C001772;22.09.2026 11:57:58;Destek;Temsilci 05;6;300;0;54;Cevaplandı;05463355280;Kurulum;Evet
C001776;22.09.2026 11:58:04;Destek;Temsilci 09;4;383;0;30;Cevaplandı;05441193790;Arıza;Evet
C001761;22.09.2026 11:58:13;Destek;Temsilci 09;33;150;0;56;Cevaplandı;05455158105;Arıza;Hayır
C001764;22.09.2026 11:58:52;Destek;Temsilci 01;58;209;0;28;Cevaplandı;05584972415;Şikâyet;Evet
C001780;22.09.2026 12:02:08;Satış;Temsilci 09;8;111;0;37;Cevaplandı;05504642747;Sipariş;Evet
C001779;22.09.2026 12:09:37;Destek;Temsilci 04;5;365;0;26;Cevaplandı;05315499824;Kurulum;Evet
C001783;22.09.2026 12:11:09;Satış;Temsilci 11;6;240;0;17;Cevaplandı;05468252818;Sipariş;Evet
C001786;22.09.2026 12:11:26;Fatura;Temsilci 09;1;268;41;44;Cevaplandı;05539119783;Ödeme;Evet
C001781;22.09.2026 12:15:08;Destek;Temsilci 08;1;204;85;15;Cevaplandı;05523880941;Kurulum;Evet
C001784;22.09.2026 12:20:37;Destek;Temsilci 07;45;535;0;41;Cevaplandı;05554268420;Şikâyet;Evet
C001785;22.09.2026 12:29:20;Satış;Temsilci 06;7;191;55;48;Cevaplandı;05402822361;Sipariş;Evet
C001782;22.09.2026 12:29:55;Destek;Temsilci 02;14;262;0;28;Cevaplandı;05401591372;Şikâyet;Evet
C001798;22.09.2026 12:32:20;Fatura;Temsilci 08;9;114;0;20;Cevaplandı;05371174573;Fatura itirazı;Evet
C001789;22.09.2026 12:34:31;Satış;Temsilci 04;6;162;15;29;Cevaplandı;05326649060;Sipariş;Evet
C001796;22.09.2026 12:35:54;Satış;Temsilci 06;1;71;0;48;Cevaplandı;05413682673;Ürün bilgisi;Hayır
C001794;22.09.2026 12:39:30;Fatura;Temsilci 08;4;242;60;53;Cevaplandı;05424503721;Fatura itirazı;Evet
C001791;22.09.2026 12:46:28;Destek;Temsilci 08;0;155;0;32;Cevaplandı;05316195401;Şikâyet;Hayır
C001793;22.09.2026 12:47:31;Destek;Temsilci 12;4;478;76;34;Cevaplandı;05336060983;Şikâyet;Evet
C001792;22.09.2026 12:50:00;Fatura;Temsilci 12;7;165;0;30;Cevaplandı;05449748877;Fatura itirazı;Evet
C001797;22.09.2026 12:50:54;Satış;Temsilci 09;10;156;15;41;Cevaplandı;05482290039;Sipariş;Hayır
C001788;22.09.2026 12:53:50;Destek;Temsilci 04;7;317;0;25;Cevaplandı;05363570463;Şikâyet;Hayır
C001787;22.09.2026 12:56:10;Destek;Temsilci 09;1;193;0;53;Cevaplandı;05584678718;Şikâyet;Evet
C001790;22.09.2026 12:56:27;Destek;Temsilci 02;5;537;36;57;Cevaplandı;05556956933;Şikâyet;Evet
C001795;22.09.2026 12:57:22;Destek;Temsilci 03;12;373;0;57;Cevaplandı;05446986131;Kurulum;Evet
C001802;22.09.2026 13:10:36;Destek;Temsilci 04;6;423;35;59;Cevaplandı;05585229377;Kurulum;Evet
C001801;22.09.2026 13:18:12;Destek;Temsilci 04;5;799;42;56;Cevaplandı;05396369135;Şikâyet;Evet
C001807;22.09.2026 13:18:17;Destek;Temsilci 05;3;157;0;41;Cevaplandı;05399615052;Arıza;Hayır
C001809;22.09.2026 13:18:17;Satış;Temsilci 07;2;127;29;30;Cevaplandı;05431549806;Sipariş;Hayır
C001808;22.09.2026 13:19:27;Fatura;Temsilci 07;13;469;0;47;Cevaplandı;05401728829;Fatura itirazı;Evet
C001806;22.09.2026 13:19:48;Satış;Temsilci 10;2;229;14;49;Cevaplandı;05459993983;Ürün bilgisi;Evet
C001803;22.09.2026 13:21:02;Satış;Temsilci 01;6;330;0;22;Cevaplandı;05571599323;Sipariş;Evet
C001805;22.09.2026 13:21:05;Fatura;Temsilci 08;3;124;0;39;Cevaplandı;05306265087;Ödeme;Evet
C001800;22.09.2026 13:25:43;Destek;Temsilci 06;12;112;27;46;Cevaplandı;05534556654;Kurulum;Evet
C001804;22.09.2026 13:28:54;Fatura;Temsilci 05;1;301;0;26;Cevaplandı;05414628241;Fatura itirazı;Hayır
C001799;22.09.2026 13:28:58;Satış;Temsilci 11;2;3;0;55;Cevaplandı;05438713286;Ürün bilgisi;Evet
C001813;22.09.2026 13:33:29;Fatura;Temsilci 10;19;244;11;34;Cevaplandı;05582016128;Ödeme;Evet
C001818;22.09.2026 13:33:42;Fatura;Temsilci 12;0;459;0;24;Cevaplandı;05326305869;Fatura itirazı;Evet
C001814;22.09.2026 13:39:31;Destek;Temsilci 09;2;166;0;17;Cevaplandı;05419423527;Arıza;Evet
C001812;22.09.2026 13:41:34;Satış;Temsilci 02;3;536;0;50;Cevaplandı;05571168274;Ürün bilgisi;Hayır
C001817;22.09.2026 13:43:09;Destek;Temsilci 07;3;377;73;59;Cevaplandı;05578570999;Arıza;Hayır
C001810;22.09.2026 13:43:28;Destek;Temsilci 05;6;121;0;54;Cevaplandı;05358897957;Arıza;Hayır
C001820;22.09.2026 13:46:59;Destek;Temsilci 02;1;186;0;33;Cevaplandı;05485666994;Kurulum;Evet
C001819;22.09.2026 13:49:08;Destek;Temsilci 04;6;308;75;47;Cevaplandı;05471295015;Arıza;Evet
C001816;22.09.2026 13:54:37;Fatura;Temsilci 09;3;291;45;52;Cevaplandı;05578849718;Ödeme;Evet
C001815;22.09.2026 13:54:58;Fatura;Temsilci 04;0;132;0;18;Cevaplandı;05373002052;Fatura itirazı;Evet
C001811;22.09.2026 13:55:25;Destek;Temsilci 11;4;136;65;55;Cevaplandı;05375877880;Kurulum;Evet
C001821;22.09.2026 14:03:53;Destek;Temsilci 04;7;270;0;31;Cevaplandı;05359201100;Arıza;Hayır
C001835;22.09.2026 14:07:21;Destek;Temsilci 05;0;378;0;57;Cevaplandı;05444786007;Arıza;Hayır
C001836;22.09.2026 14:08:28;Fatura;Temsilci 09;29;101;0;30;Cevaplandı;05405891638;Ödeme;Hayır
C001823;22.09.2026 14:08:42;Destek;Temsilci 07;1;825;0;54;Cevaplandı;05492327548;Şikâyet;Hayır
C001826;22.09.2026 14:09:45;Destek;Temsilci 05;35;227;84;32;Cevaplandı;05468589321;Kurulum;Evet
C001833;22.09.2026 14:12:01;Destek;Temsilci 09;1;119;0;45;Cevaplandı;05573043090;Arıza;Evet
C001829;22.09.2026 14:12:29;Destek;Temsilci 03;7;417;40;51;Cevaplandı;05418183418;Kurulum;Evet
C001824;22.09.2026 14:13:58;Destek;;16;0;0;0;Terk;05444698778;;
C001825;22.09.2026 14:14:09;Destek;Temsilci 05;7;154;0;40;Cevaplandı;05385624218;Şikâyet;Evet
C001828;22.09.2026 14:14:21;Destek;Temsilci 11;8;167;0;54;Cevaplandı;05547491882;Kurulum;Evet
C001827;22.09.2026 14:15:10;Satış;Temsilci 04;1;110;36;35;Cevaplandı;05557556310;Sipariş;Hayır
C001830;22.09.2026 14:16:50;Destek;Temsilci 05;2;107;0;26;Cevaplandı;05573243689;Arıza;Evet
C001822;22.09.2026 14:20:10;Destek;Temsilci 06;1;457;0;60;Cevaplandı;05399429550;Kurulum;Evet
C001837;22.09.2026 14:20:19;Fatura;Temsilci 11;2;199;0;15;Cevaplandı;05495465246;Fatura itirazı;Hayır
C001832;22.09.2026 14:21:36;Destek;Temsilci 06;6;167;64;49;Cevaplandı;05328774025;Şikâyet;Hayır
C001838;22.09.2026 14:21:46;Destek;Temsilci 09;2;157;0;43;Cevaplandı;05519481745;Kurulum;Hayır
C001831;22.09.2026 14:22:44;Satış;Temsilci 08;7;93;30;33;Cevaplandı;05559558401;Sipariş;Evet
C001834;22.09.2026 14:29:33;Fatura;Temsilci 06;2;226;0;28;Cevaplandı;05319417847;Ödeme;Evet
C001858;22.09.2026 14:31:13;Destek;Temsilci 08;5;306;0;22;Cevaplandı;05335749147;Arıza;Evet
C001850;22.09.2026 14:32:53;Satış;Temsilci 06;9;142;0;29;Cevaplandı;05397948049;Ürün bilgisi;Evet
C001848;22.09.2026 14:33:33;Destek;Temsilci 03;7;127;0;49;Cevaplandı;05515683158;Arıza;Evet
C001841;22.09.2026 14:33:40;Destek;Temsilci 07;10;372;0;25;Cevaplandı;05561588724;Arıza;Evet
C001844;22.09.2026 14:35:28;Satış;Temsilci 08;4;215;0;38;Cevaplandı;05451716950;Ürün bilgisi;Evet
C001843;22.09.2026 14:38:01;Destek;;3;0;0;0;Terk;05587172821;;
C001842;22.09.2026 14:39:37;Destek;Temsilci 04;0;388;0;21;Cevaplandı;05375652756;Arıza;Evet
C001839;22.09.2026 14:41:50;Fatura;Temsilci 02;7;141;51;40;Cevaplandı;05378326307;Fatura itirazı;Evet
C001840;22.09.2026 14:44:15;Destek;Temsilci 08;2;154;0;37;Cevaplandı;05527183466;Şikâyet;Evet
C001846;22.09.2026 14:44:55;Fatura;Temsilci 10;0;159;0;37;Cevaplandı;05405188800;Fatura itirazı;Hayır
C001855;22.09.2026 14:49:55;Destek;Temsilci 05;2;318;0;49;Cevaplandı;05503888374;Arıza;Evet
C001851;22.09.2026 14:53:26;Destek;Temsilci 02;5;133;76;41;Cevaplandı;05506118457;Arıza;Evet
C001852;22.09.2026 14:53:46;Fatura;Temsilci 09;11;111;0;32;Cevaplandı;05326069667;Fatura itirazı;Evet
C001856;22.09.2026 14:54:49;Destek;Temsilci 01;5;231;0;44;Cevaplandı;05366735373;Şikâyet;Hayır
C001847;22.09.2026 14:56:37;Destek;Temsilci 01;7;170;0;58;Cevaplandı;05528909078;Şikâyet;Hayır
C001854;22.09.2026 14:57:31;Fatura;Temsilci 04;4;69;0;56;Cevaplandı;05587391506;Ödeme;Evet
C001849;22.09.2026 14:57:55;Satış;Temsilci 11;4;315;0;50;Cevaplandı;05426984410;Ürün bilgisi;Evet
C001845;22.09.2026 14:58:23;Satış;Temsilci 03;4;121;0;27;Cevaplandı;05446687025;Ürün bilgisi;Evet
C001853;22.09.2026 14:59:12;Destek;Temsilci 12;9;271;0;24;Cevaplandı;05348167575;Arıza;Hayır
C001857;22.09.2026 14:59:14;Destek;Temsilci 08;2;532;0;60;Cevaplandı;05308490824;Kurulum;Hayır
C001859;22.09.2026 15:01:09;Destek;Temsilci 03;68;267;0;47;Cevaplandı;05406833748;Şikâyet;Evet
C001870;22.09.2026 15:05:10;Destek;Temsilci 12;3;302;0;58;Cevaplandı;05469185079;Arıza;Hayır
C001869;22.09.2026 15:10:00;Destek;;4;0;0;0;Terk;05464493788;;
C001872;22.09.2026 15:10:46;Satış;Temsilci 12;12;203;0;29;Cevaplandı;05586461790;Ürün bilgisi;Evet
C001867;22.09.2026 15:12:38;Destek;Temsilci 10;2;198;0;60;Cevaplandı;05395694219;Şikâyet;Evet
C001874;22.09.2026 15:12:42;Satış;Temsilci 02;2;102;0;30;Cevaplandı;05439639379;Sipariş;Evet
C001861;22.09.2026 15:19:22;Fatura;Temsilci 09;2;72;0;35;Cevaplandı;05322628856;Fatura itirazı;Hayır
C001860;22.09.2026 15:20:05;Destek;Temsilci 11;14;181;0;60;Cevaplandı;05344259884;Arıza;Evet
C001868;22.09.2026 15:20:06;Satış;Temsilci 12;3;167;0;32;Cevaplandı;05319335578;Sipariş;Evet
C001866;22.09.2026 15:21:24;Destek;Temsilci 12;4;719;0;52;Cevaplandı;05519589894;Arıza;Evet
C001876;22.09.2026 15:22:58;Destek;Temsilci 05;18;208;85;56;Cevaplandı;05322755653;Arıza;Evet
C001862;22.09.2026 15:24:22;Fatura;Temsilci 07;8;676;0;49;Cevaplandı;05564163217;Fatura itirazı;Hayır
C001875;22.09.2026 15:24:23;Destek;Temsilci 11;4;906;0;19;Cevaplandı;05442072163;Arıza;Evet
C001865;22.09.2026 15:24:53;Destek;Temsilci 02;6;186;59;40;Cevaplandı;05581810382;Kurulum;Evet
C001871;22.09.2026 15:26:25;Fatura;Temsilci 08;3;163;0;60;Cevaplandı;05358175692;Ödeme;Evet
C001873;22.09.2026 15:28:33;Satış;;6;0;0;0;Terk;05466340369;;
C001864;22.09.2026 15:28:38;Destek;Temsilci 04;5;254;17;54;Cevaplandı;05467570056;Şikâyet;Evet
C001863;22.09.2026 15:29:43;Destek;Temsilci 01;13;418;0;31;Cevaplandı;05582510304;Şikâyet;Evet
C001897;22.09.2026 15:30:48;Destek;;38;0;0;0;Terk;05505677203;;
C001892;22.09.2026 15:31:47;Destek;Temsilci 01;10;150;0;56;Cevaplandı;05557409527;Kurulum;Hayır
C001895;22.09.2026 15:34:19;Fatura;Temsilci 11;1;7;0;15;Cevaplandı;05494153134;Ödeme;Hayır
C001891;22.09.2026 15:34:31;Destek;Temsilci 04;10;849;0;59;Cevaplandı;05437000966;Arıza;Evet
C001880;22.09.2026 15:35:48;Satış;Temsilci 12;10;177;0;39;Cevaplandı;05468207017;Ürün bilgisi;Evet
C001877;22.09.2026 15:35:51;Satış;Temsilci 04;18;200;0;30;Cevaplandı;05486754409;Sipariş;Evet
C001882;22.09.2026 15:37:45;Fatura;Temsilci 08;30;240;0;45;Cevaplandı;05395401096;Ödeme;Evet
C001881;22.09.2026 15:39:01;Fatura;;3;0;0;0;Terk;05338103274;;
C001894;22.09.2026 15:39:59;Destek;Temsilci 03;5;255;0;38;Cevaplandı;05502366210;Şikâyet;Evet
C001896;22.09.2026 15:40:23;Fatura;Temsilci 03;25;133;66;29;Cevaplandı;05491214771;Ödeme;Evet
C001900;22.09.2026 15:41:22;Satış;Temsilci 01;4;129;0;41;Cevaplandı;05413651660;Sipariş;Evet
C001888;22.09.2026 15:41:47;Fatura;Temsilci 12;18;183;37;32;Cevaplandı;05402812797;Fatura itirazı;Evet
C001890;22.09.2026 15:41:51;Destek;Temsilci 12;42;142;0;20;Cevaplandı;05477550146;Arıza;Hayır
C001886;22.09.2026 15:43:15;Destek;Temsilci 11;5;153;0;39;Cevaplandı;05426661271;Arıza;Evet
C001879;22.09.2026 15:45:14;Satış;Temsilci 04;29;217;0;25;Cevaplandı;05356393250;Ürün bilgisi;Evet
C001887;22.09.2026 15:45:46;Fatura;Temsilci 07;22;314;0;52;Cevaplandı;05426336895;Fatura itirazı;Evet
C001889;22.09.2026 15:48:17;Destek;Temsilci 06;54;215;0;34;Cevaplandı;05518034963;Arıza;Evet
C001883;22.09.2026 15:48:44;Fatura;Temsilci 09;10;361;0;36;Cevaplandı;05584714283;Fatura itirazı;Evet
C001878;22.09.2026 15:53:16;Destek;Temsilci 12;9;205;12;30;Cevaplandı;05515236521;Şikâyet;Evet
C001885;22.09.2026 15:54:18;Satış;Temsilci 09;93;362;43;50;Cevaplandı;05428516578;Sipariş;Evet
C001893;22.09.2026 15:56:22;Destek;Temsilci 12;91;246;0;41;Cevaplandı;05523340466;Şikâyet;Evet
C001884;22.09.2026 15:56:41;Fatura;Temsilci 11;14;517;69;55;Cevaplandı;05374634864;Fatura itirazı;Evet
C001898;22.09.2026 15:57:27;Destek;Temsilci 04;50;288;44;29;Cevaplandı;05423772200;Kurulum;Evet
C001899;22.09.2026 15:59:23;Destek;Temsilci 11;4;284;0;24;Cevaplandı;05484745709;Şikâyet;Evet
C001906;22.09.2026 16:02:20;Fatura;Temsilci 05;6;634;0;15;Cevaplandı;05303917012;Ödeme;Evet
C001902;22.09.2026 16:03:13;Destek;Temsilci 09;0;333;0;25;Cevaplandı;05364090442;Şikâyet;Evet
C001916;22.09.2026 16:04:40;Destek;Temsilci 04;4;451;0;41;Cevaplandı;05401764665;Şikâyet;Hayır
C001905;22.09.2026 16:05:53;Destek;Temsilci 01;21;281;56;23;Cevaplandı;05393856387;Arıza;Evet
C001904;22.09.2026 16:06:39;Destek;Temsilci 07;8;455;52;39;Cevaplandı;05364740611;Arıza;Hayır
C001914;22.09.2026 16:06:50;Destek;Temsilci 03;9;370;0;30;Cevaplandı;05435425807;Şikâyet;Evet
C001910;22.09.2026 16:09:56;Satış;Temsilci 03;11;219;0;29;Cevaplandı;05307317936;Ürün bilgisi;Evet
C001912;22.09.2026 16:10:11;Fatura;Temsilci 04;2;250;0;59;Cevaplandı;05311715566;Fatura itirazı;Hayır
C001918;22.09.2026 16:11:15;Destek;Temsilci 11;1;140;0;20;Cevaplandı;05446859053;Kurulum;Evet
C001909;22.09.2026 16:15:44;Destek;Temsilci 07;7;199;59;49;Cevaplandı;05557421481;Şikâyet;Hayır
C001908;22.09.2026 16:18:31;Fatura;Temsilci 08;5;393;28;30;Cevaplandı;05428651045;Fatura itirazı;Evet
C001917;22.09.2026 16:18:47;Destek;Temsilci 02;4;178;0;39;Cevaplandı;05364623799;Arıza;Evet
C001911;22.09.2026 16:20:11;Fatura;Temsilci 10;3;106;29;34;Cevaplandı;05591619877;Ödeme;Hayır
C001907;22.09.2026 16:23:10;Fatura;Temsilci 06;5;155;39;17;Cevaplandı;05357821610;Fatura itirazı;Evet
C001901;22.09.2026 16:25:47;Destek;Temsilci 03;8;275;0;35;Cevaplandı;05576731283;Arıza;Hayır
C001913;22.09.2026 16:26:01;Fatura;Temsilci 03;4;491;0;45;Cevaplandı;05398224051;Fatura itirazı;Evet
C001915;22.09.2026 16:26:59;Fatura;Temsilci 07;8;312;0;52;Cevaplandı;05445285121;Ödeme;Evet
C001903;22.09.2026 16:28:42;Destek;Temsilci 03;2;178;43;60;Cevaplandı;05351695977;Kurulum;Evet
C001927;22.09.2026 16:30:04;Destek;Temsilci 02;2;107;13;47;Cevaplandı;05474710830;Kurulum;Hayır
C001919;22.09.2026 16:31:02;Destek;Temsilci 10;1;176;0;31;Cevaplandı;05323621905;Arıza;Evet
C001920;22.09.2026 16:32:26;Destek;Temsilci 01;1;172;0;39;Cevaplandı;05392611959;Kurulum;Hayır
C001926;22.09.2026 16:36:51;Destek;Temsilci 06;5;412;31;46;Cevaplandı;05341993182;Şikâyet;Evet
C001923;22.09.2026 16:41:04;Fatura;Temsilci 09;2;534;0;42;Cevaplandı;05348651101;Fatura itirazı;Evet
C001928;22.09.2026 16:42:39;Destek;Temsilci 02;28;189;53;47;Cevaplandı;05331046329;Arıza;Hayır
C001930;22.09.2026 16:44:20;Destek;Temsilci 02;6;187;0;50;Cevaplandı;05462760988;Şikâyet;Evet
C001929;22.09.2026 16:45:17;Destek;Temsilci 11;0;176;0;34;Cevaplandı;05332834140;Kurulum;Evet
C001922;22.09.2026 16:53:36;Satış;Temsilci 02;0;178;67;17;Cevaplandı;05447673902;Sipariş;Evet
C001924;22.09.2026 16:54:23;Fatura;Temsilci 04;8;483;0;20;Cevaplandı;05434231781;Ödeme;Evet
C001925;22.09.2026 16:55:25;Fatura;Temsilci 06;0;220;0;52;Cevaplandı;05511356558;Fatura itirazı;Evet
C001932;22.09.2026 16:55:29;Satış;Temsilci 02;6;146;0;30;Cevaplandı;05354506732;Sipariş;Hayır
C001931;22.09.2026 16:57:05;Satış;Temsilci 01;2;221;0;42;Cevaplandı;05505480941;Sipariş;Evet
C001921;22.09.2026 16:59:55;Fatura;Temsilci 06;6;374;0;44;Cevaplandı;05376381137;Fatura itirazı;Evet
C001933;22.09.2026 17:01:32;Destek;Temsilci 04;1;332;19;55;Cevaplandı;05457086816;Şikâyet;Hayır
C001936;22.09.2026 17:01:46;Destek;Temsilci 01;4;396;0;46;Cevaplandı;05365325772;Arıza;Hayır
C001940;22.09.2026 17:03:28;Satış;Temsilci 10;9;253;0;18;Cevaplandı;05381767256;Ürün bilgisi;Evet
C001937;22.09.2026 17:03:46;Satış;Temsilci 02;8;132;88;48;Cevaplandı;05542370429;Sipariş;Evet
C001938;22.09.2026 17:08:16;Fatura;Temsilci 12;0;298;0;43;Cevaplandı;05448895035;Fatura itirazı;Evet
C001941;22.09.2026 17:11:13;Fatura;Temsilci 01;1;410;53;19;Cevaplandı;05587508102;Fatura itirazı;Hayır
C001939;22.09.2026 17:17:27;Fatura;Temsilci 06;13;108;0;57;Cevaplandı;05493235873;Fatura itirazı;Evet
C001934;22.09.2026 17:19:55;Satış;Temsilci 05;4;171;60;28;Cevaplandı;05485499848;Ürün bilgisi;Evet
C001935;22.09.2026 17:28:13;Destek;Temsilci 05;5;276;72;59;Cevaplandı;05516618869;Şikâyet;Hayır
C001944;22.09.2026 17:31:59;Destek;Temsilci 01;15;251;0;24;Cevaplandı;05324012346;Arıza;Evet
C001951;22.09.2026 17:33:52;Fatura;Temsilci 09;1;139;69;59;Cevaplandı;05594384610;Fatura itirazı;Hayır
C001948;22.09.2026 17:34:02;Fatura;Temsilci 10;5;145;0;41;Cevaplandı;05409804481;Ödeme;Evet
C001945;22.09.2026 17:42:17;Fatura;Temsilci 08;11;310;0;16;Cevaplandı;05496042233;Ödeme;Hayır
C001946;22.09.2026 17:44:06;Destek;Temsilci 06;1;452;0;58;Cevaplandı;05336855555;Kurulum;Evet
C001949;22.09.2026 17:45:25;Fatura;Temsilci 02;22;197;0;35;Cevaplandı;05399388787;Ödeme;Evet
C001947;22.09.2026 17:45:29;Destek;Temsilci 01;3;298;62;52;Cevaplandı;05504963164;Arıza;Evet
C001950;22.09.2026 17:49:33;Destek;Temsilci 09;7;575;35;26;Cevaplandı;05376835308;Kurulum;Evet
C001942;22.09.2026 17:51:32;Fatura;Temsilci 09;1;103;0;31;Cevaplandı;05596583011;Fatura itirazı;Evet
C001943;22.09.2026 17:57:53;Destek;Temsilci 11;0;252;0;48;Cevaplandı;05548832068;Arıza;Evet
C001955;23.09.2026 09:01:39;Satış;Temsilci 04;2;156;65;19;Cevaplandı;05467381183;Sipariş;Evet
C001959;23.09.2026 09:02:35;Satış;Temsilci 12;8;166;0;20;Cevaplandı;05346772193;Ürün bilgisi;Hayır
C001953;23.09.2026 09:12:35;Fatura;Temsilci 08;2;187;0;17;Cevaplandı;05428122530;Fatura itirazı;Evet
C001957;23.09.2026 09:14:36;Destek;Temsilci 09;1;349;73;52;Cevaplandı;05494843541;Arıza;Evet
C001954;23.09.2026 09:17:49;Destek;Temsilci 12;8;505;40;16;Cevaplandı;05342313464;Arıza;Evet
C001958;23.09.2026 09:18:00;Destek;Temsilci 02;0;634;0;32;Cevaplandı;05544726686;Kurulum;Evet
C001961;23.09.2026 09:20:31;Destek;Temsilci 09;5;153;0;23;Cevaplandı;05579840344;Kurulum;Hayır
C001960;23.09.2026 09:21:47;Satış;;1;0;0;0;Terk;05348188565;;
C001956;23.09.2026 09:25:04;Satış;Temsilci 12;8;227;70;50;Cevaplandı;05441928167;Ürün bilgisi;Evet
C001952;23.09.2026 09:28:39;Satış;Temsilci 02;12;100;87;27;Cevaplandı;05367272277;Sipariş;Hayır
C001963;23.09.2026 09:32:35;Fatura;Temsilci 07;31;202;0;44;Cevaplandı;05527949048;Ödeme;Hayır
C001967;23.09.2026 09:33:45;Destek;Temsilci 07;7;186;0;22;Cevaplandı;05508820175;Kurulum;Evet
C001966;23.09.2026 09:39:48;Fatura;Temsilci 12;6;207;0;40;Cevaplandı;05457915418;Ödeme;Evet
C001965;23.09.2026 09:43:33;Destek;Temsilci 07;18;253;0;20;Cevaplandı;05517092555;Şikâyet;Evet
C001962;23.09.2026 09:45:07;Satış;Temsilci 05;1;158;25;50;Cevaplandı;05567724293;Sipariş;Evet
C001964;23.09.2026 09:56:07;Destek;Temsilci 10;5;341;0;41;Cevaplandı;05592769808;Arıza;Evet
C001968;23.09.2026 09:57:29;Destek;Temsilci 09;1;405;0;57;Cevaplandı;05305980494;Şikâyet;Evet
C001985;23.09.2026 10:01:26;Destek;Temsilci 09;4;378;0;51;Cevaplandı;05455950625;Şikâyet;Evet
C001981;23.09.2026 10:02:51;Destek;Temsilci 04;19;146;37;34;Cevaplandı;05494180422;Arıza;Evet
C001971;23.09.2026 10:05:08;Destek;Temsilci 12;6;378;0;43;Cevaplandı;05598221562;Şikâyet;Evet
C001969;23.09.2026 10:06:17;Destek;Temsilci 04;12;270;87;45;Cevaplandı;05487457877;Arıza;Evet
C001970;23.09.2026 10:08:06;Destek;Temsilci 05;23;280;26;54;Cevaplandı;05357106153;Şikâyet;Evet
C001983;23.09.2026 10:09:15;Destek;Temsilci 05;1;251;0;32;Cevaplandı;05572771562;Şikâyet;Evet
C001978;23.09.2026 10:09:32;Satış;Temsilci 01;8;261;0;21;Cevaplandı;05515685577;Ürün bilgisi;Evet
C001987;23.09.2026 10:09:46;Destek;Temsilci 07;3;544;31;53;Cevaplandı;05462760988;Şikâyet;Hayır
C001977;23.09.2026 10:11:43;Fatura;Temsilci 05;18;460;85;31;Cevaplandı;05562173315;Ödeme;Evet
C001975;23.09.2026 10:12:42;Destek;Temsilci 04;29;112;36;15;Cevaplandı;05593642730;Arıza;Evet
C001972;23.09.2026 10:16:20;Destek;;5;0;0;0;Terk;05344937722;;
C001980;23.09.2026 10:16:40;Destek;Temsilci 05;10;152;10;47;Cevaplandı;05491186167;Kurulum;Evet
C001984;23.09.2026 10:17:35;Satış;Temsilci 12;8;106;0;24;Cevaplandı;05426724331;Sipariş;Hayır
C001986;23.09.2026 10:19:41;Destek;;6;0;0;0;Terk;05548025807;;
C001979;23.09.2026 10:22:31;Satış;Temsilci 04;27;59;0;44;Cevaplandı;05349992853;Ürün bilgisi;Evet
C001976;23.09.2026 10:25:34;Fatura;Temsilci 06;59;137;0;23;Cevaplandı;05591936217;Ödeme;Evet
C001973;23.09.2026 10:26:38;Destek;Temsilci 08;36;85;0;32;Cevaplandı;05426485547;Arıza;Evet
C001988;23.09.2026 10:27:10;Satış;Temsilci 03;4;110;0;46;Cevaplandı;05385935072;Sipariş;Evet
C001982;23.09.2026 10:28:12;Destek;Temsilci 04;39;266;0;22;Cevaplandı;05566346163;Şikâyet;Hayır
C001974;23.09.2026 10:29:30;Fatura;Temsilci 04;32;149;62;57;Cevaplandı;05576137685;Fatura itirazı;Hayır
C001991;23.09.2026 10:30:20;Destek;Temsilci 12;0;164;0;47;Cevaplandı;05511332944;Şikâyet;Hayır
C002005;23.09.2026 10:33:44;Satış;Temsilci 09;14;66;0;30;Cevaplandı;05521398456;Ürün bilgisi;Hayır
C001990;23.09.2026 10:34:04;Satış;Temsilci 11;7;169;0;42;Cevaplandı;05375506127;Sipariş;Evet
C002001;23.09.2026 10:34:53;Destek;Temsilci 01;9;151;47;46;Cevaplandı;05417834200;Arıza;Evet
C001998;23.09.2026 10:35:49;Destek;Temsilci 01;42;51;0;16;Cevaplandı;05326115744;Arıza;Evet
C001989;23.09.2026 10:40:46;Destek;Temsilci 07;16;431;82;33;Cevaplandı;05525315067;Kurulum;Evet
C001992;23.09.2026 10:41:06;Fatura;Temsilci 06;36;75;0;27;Cevaplandı;05477590333;Fatura itirazı;Evet
C001997;23.09.2026 10:41:39;Fatura;Temsilci 10;19;219;34;41;Cevaplandı;05582809354;Fatura itirazı;Evet
C001996;23.09.2026 10:42:03;Destek;Temsilci 09;48;217;0;25;Cevaplandı;05533185559;Şikâyet;Evet
C001995;23.09.2026 10:43:23;Satış;Temsilci 01;49;239;0;42;Cevaplandı;05375955115;Ürün bilgisi;Evet
C001993;23.09.2026 10:43:57;Destek;Temsilci 01;17;150;0;23;Cevaplandı;05431448234;Arıza;Evet
C002007;23.09.2026 10:44:09;Satış;Temsilci 02;0;72;37;23;Cevaplandı;05361547638;Sipariş;Evet
C001994;23.09.2026 10:44:40;Destek;Temsilci 01;29;482;41;53;Cevaplandı;05538446485;Arıza;Evet
C002002;23.09.2026 10:45:29;Destek;;6;0;0;0;Terk;05446479795;;
C001999;23.09.2026 10:45:50;Fatura;Temsilci 10;5;509;51;47;Cevaplandı;05392163993;Fatura itirazı;Evet
C002006;23.09.2026 10:46:47;Fatura;Temsilci 06;15;269;0;48;Cevaplandı;05317683665;Fatura itirazı;Evet
C002003;23.09.2026 10:50:03;Destek;;14;0;0;0;Terk;05556341003;;
C002004;23.09.2026 10:50:54;Destek;Temsilci 12;0;51;80;28;Cevaplandı;05527900859;Arıza;Evet
C002000;23.09.2026 10:54:55;Destek;Temsilci 01;25;419;0;48;Cevaplandı;05506943858;Kurulum;Evet
C002015;23.09.2026 11:01:34;Destek;Temsilci 03;11;279;0;31;Cevaplandı;05355263494;Arıza;Evet
C002012;23.09.2026 11:04:42;Satış;Temsilci 10;46;146;0;30;Cevaplandı;05351394052;Sipariş;Evet
C002011;23.09.2026 11:06:44;Destek;Temsilci 06;10;168;0;38;Cevaplandı;05478630374;Şikâyet;Hayır
C002008;23.09.2026 11:08:45;Fatura;Temsilci 09;13;118;64;59;Cevaplandı;05337920961;Fatura itirazı;Hayır
C002009;23.09.2026 11:09:50;Fatura;Temsilci 03;5;135;0;35;Cevaplandı;05373231138;Fatura itirazı;Evet
C002016;23.09.2026 11:10:09;Destek;Temsilci 03;17;195;0;41;Cevaplandı;05507994722;Kurulum;Evet
C002022;23.09.2026 11:12:07;Destek;Temsilci 03;12;147;0;33;Cevaplandı;05582606165;Kurulum;Evet
C002025;23.09.2026 11:13:17;Satış;Temsilci 04;4;424;0;54;Cevaplandı;05564224632;Ürün bilgisi;Evet
C002026;23.09.2026 11:13:38;Fatura;Temsilci 11;22;122;0;46;Cevaplandı;05526501423;Ödeme;Evet
C002019;23.09.2026 11:14:44;Satış;Temsilci 06;4;232;0;41;Cevaplandı;05415444795;Sipariş;Evet
C002013;23.09.2026 11:14:59;Fatura;Temsilci 05;6;98;22;52;Cevaplandı;05374204499;Fatura itirazı;Hayır
C002018;23.09.2026 11:16:49;Destek;Temsilci 06;19;89;0;41;Cevaplandı;05382096564;Arıza;Evet
C002010;23.09.2026 11:17:44;Satış;Temsilci 02;12;142;0;29;Cevaplandı;05482038672;Ürün bilgisi;Evet
C002021;23.09.2026 11:19:00;Destek;Temsilci 05;1;135;0;46;Cevaplandı;05462594300;Şikâyet;Evet
C002024;23.09.2026 11:20:01;Destek;Temsilci 01;2;158;0;18;Cevaplandı;05542200024;Arıza;Evet
C002014;23.09.2026 11:21:36;Destek;Temsilci 05;12;293;37;57;Cevaplandı;05502292752;Arıza;Evet
C002023;23.09.2026 11:23:58;Fatura;Temsilci 11;14;3;0;24;Cevaplandı;05384837035;Fatura itirazı;Evet
C002020;23.09.2026 11:26:54;Satış;Temsilci 01;19;87;0;21;Cevaplandı;05309710804;Sipariş;Evet
C002017;23.09.2026 11:29:24;Fatura;Temsilci 09;37;369;0;58;Cevaplandı;05517047779;Fatura itirazı;Evet
C002044;23.09.2026 11:30:58;Satış;Temsilci 08;71;108;31;43;Cevaplandı;05358266411;Ürün bilgisi;Hayır
C002029;23.09.2026 11:31:22;Destek;Temsilci 12;46;199;0;44;Cevaplandı;05404765820;Kurulum;Hayır
C002032;23.09.2026 11:32:28;Destek;Temsilci 07;29;675;0;56;Cevaplandı;05557560068;Şikâyet;Evet
C002039;23.09.2026 11:33:55;Destek;Temsilci 10;25;333;0;22;Cevaplandı;05446960429;Şikâyet;Evet
C002045;23.09.2026 11:34:48;Destek;;0;0;0;0;Terk;05382825481;;
C002035;23.09.2026 11:35:03;Satış;Temsilci 02;1;266;90;30;Cevaplandı;05561157047;Sipariş;Hayır
C002037;23.09.2026 11:36:51;Satış;Temsilci 04;58;137;0;53;Cevaplandı;05567431336;Ürün bilgisi;Evet
C002048;23.09.2026 11:39:33;Satış;Temsilci 03;53;118;0;57;Cevaplandı;05312614507;Ürün bilgisi;Evet
C002046;23.09.2026 11:41:53;Destek;Temsilci 07;11;459;0;41;Cevaplandı;05541904806;Arıza;Hayır
C002036;23.09.2026 11:42:08;Fatura;Temsilci 10;22;374;0;33;Cevaplandı;05406935074;Fatura itirazı;Evet
C002043;23.09.2026 11:42:41;Fatura;Temsilci 06;4;176;61;21;Cevaplandı;05359857984;Ödeme;Evet
C002041;23.09.2026 11:42:43;Destek;Temsilci 04;39;352;0;18;Cevaplandı;05586673291;Kurulum;Evet
C002040;23.09.2026 11:43:52;Fatura;Temsilci 09;36;266;58;43;Cevaplandı;05505122654;Fatura itirazı;Hayır
C002031;23.09.2026 11:44:48;Satış;Temsilci 10;7;219;47;46;Cevaplandı;05586097359;Ürün bilgisi;Evet
C002030;23.09.2026 11:47:05;Destek;Temsilci 09;6;397;0;41;Cevaplandı;05435897988;Arıza;Evet
C002033;23.09.2026 11:47:41;Fatura;Temsilci 07;7;299;0;60;Cevaplandı;05582684601;Ödeme;Hayır
C002038;23.09.2026 11:48:33;Destek;Temsilci 03;14;205;0;46;Cevaplandı;05309604307;Arıza;Evet
C002047;23.09.2026 11:49:20;Destek;Temsilci 03;7;180;68;60;Cevaplandı;05532255773;Şikâyet;Hayır
C002028;23.09.2026 11:52:27;Satış;Temsilci 10;2;140;0;50;Cevaplandı;05385511519;Sipariş;Evet
C002027;23.09.2026 11:56:56;Destek;Temsilci 03;51;170;17;25;Cevaplandı;05451217563;Şikâyet;Evet
C002034;23.09.2026 11:57:21;Destek;Temsilci 10;3;213;0;31;Cevaplandı;05318801631;Arıza;Evet
C002042;23.09.2026 11:59:25;Fatura;Temsilci 12;24;265;0;36;Cevaplandı;05364466431;Fatura itirazı;Evet
C002051;23.09.2026 12:00:37;Satış;Temsilci 02;2;336;61;30;Cevaplandı;05492275554;Sipariş;Evet
C002058;23.09.2026 12:04:54;Destek;Temsilci 01;18;455;0;20;Cevaplandı;05392318956;Şikâyet;Hayır
C002062;23.09.2026 12:09:47;Fatura;Temsilci 09;5;166;0;29;Cevaplandı;05358266411;Ödeme;Hayır
C002056;23.09.2026 12:11:31;Destek;Temsilci 07;0;84;52;39;Cevaplandı;05499577598;Şikâyet;Evet
C002054;23.09.2026 12:12:29;Fatura;Temsilci 03;2;160;0;18;Cevaplandı;05454789416;Fatura itirazı;Evet
C002050;23.09.2026 12:14:47;Fatura;Temsilci 03;24;114;38;25;Cevaplandı;05573619655;Fatura itirazı;Evet
C002053;23.09.2026 12:15:05;Destek;Temsilci 03;3;325;0;46;Cevaplandı;05513063388;Kurulum;Hayır
C002061;23.09.2026 12:16:31;Fatura;Temsilci 05;2;131;0;51;Cevaplandı;05418469770;Ödeme;Hayır
C002055;23.09.2026 12:21:09;Fatura;Temsilci 03;25;165;0;60;Cevaplandı;05561812354;Fatura itirazı;Evet
C002060;23.09.2026 12:24:52;Satış;Temsilci 03;11;336;0;59;Cevaplandı;05547340682;Ürün bilgisi;Evet
C002057;23.09.2026 12:25:37;Fatura;Temsilci 05;1;415;22;39;Cevaplandı;05542125071;Fatura itirazı;Hayır
C002049;23.09.2026 12:25:46;Destek;Temsilci 01;2;368;0;55;Cevaplandı;05453851259;Arıza;Evet
C002059;23.09.2026 12:26:42;Fatura;Temsilci 06;10;188;0;35;Cevaplandı;05568077261;Ödeme;Hayır
C002052;23.09.2026 12:26:52;Fatura;Temsilci 01;25;231;0;32;Cevaplandı;05364865901;Ödeme;Evet
C002072;23.09.2026 12:31:26;Destek;Temsilci 01;8;555;0;57;Cevaplandı;05356409105;Şikâyet;Evet
C002065;23.09.2026 12:35:53;Fatura;Temsilci 06;9;165;85;19;Cevaplandı;05332609321;Fatura itirazı;Evet
C002068;23.09.2026 12:38:13;Fatura;Temsilci 12;13;215;37;47;Cevaplandı;05535123008;Fatura itirazı;Evet
C002063;23.09.2026 12:38:23;Destek;Temsilci 08;0;159;14;33;Cevaplandı;05433984388;Kurulum;Evet
C002066;23.09.2026 12:39:23;Destek;Temsilci 08;11;159;0;26;Cevaplandı;05454648645;Kurulum;Evet
C002064;23.09.2026 12:44:54;Fatura;Temsilci 01;1;307;0;39;Cevaplandı;05339985510;Ödeme;Evet
C002070;23.09.2026 12:45:50;Destek;Temsilci 07;17;734;0;59;Cevaplandı;05363050528;Arıza;Hayır
C002067;23.09.2026 12:46:34;Destek;Temsilci 02;8;207;0;50;Cevaplandı;05541271754;Arıza;Evet
C002071;23.09.2026 12:47:11;Destek;Temsilci 07;11;255;0;30;Cevaplandı;05429638129;Kurulum;Evet
C002069;23.09.2026 12:56:31;Destek;Temsilci 03;1;444;74;46;Cevaplandı;05451937130;Kurulum;Evet
C002079;23.09.2026 13:03:59;Satış;Temsilci 10;0;133;0;38;Cevaplandı;05587131060;Ürün bilgisi;Evet
C002075;23.09.2026 13:06:03;Destek;Temsilci 04;23;163;0;31;Cevaplandı;05567971269;Şikâyet;Evet
C002074;23.09.2026 13:07:18;Destek;Temsilci 07;12;360;0;33;Cevaplandı;05313250763;Şikâyet;Evet
C002078;23.09.2026 13:12:59;Destek;Temsilci 07;4;276;0;55;Cevaplandı;05485362212;Arıza;Evet
C002076;23.09.2026 13:13:39;Satış;Temsilci 05;4;192;0;44;Cevaplandı;05459330889;Sipariş;Evet
C002080;23.09.2026 13:16:00;Fatura;Temsilci 11;5;173;46;33;Cevaplandı;05406561137;Ödeme;Evet
C002073;23.09.2026 13:20:24;Destek;Temsilci 02;3;306;0;41;Cevaplandı;05303248781;Kurulum;Evet
C002077;23.09.2026 13:24:45;Destek;;1;0;0;0;Terk;05385656678;;
C002088;23.09.2026 13:30:32;Destek;Temsilci 11;3;179;73;32;Cevaplandı;05388004480;Şikâyet;Evet
C002089;23.09.2026 13:30:56;Fatura;Temsilci 10;3;177;0;21;Cevaplandı;05464713053;Ödeme;Evet
C002083;23.09.2026 13:35:38;Destek;Temsilci 08;13;180;0;31;Cevaplandı;05312905678;Şikâyet;Hayır
C002086;23.09.2026 13:39:19;Destek;Temsilci 04;8;285;41;38;Cevaplandı;05376970073;Kurulum;Evet
C002085;23.09.2026 13:45:59;Fatura;Temsilci 02;6;460;0;27;Cevaplandı;05433115316;Fatura itirazı;Hayır
C002087;23.09.2026 13:46:11;Destek;Temsilci 05;5;424;0;19;Cevaplandı;05461398198;Kurulum;Evet
C002081;23.09.2026 13:46:16;Destek;Temsilci 01;12;272;0;55;Cevaplandı;05401855119;Şikâyet;Hayır
C002090;23.09.2026 13:46:23;Destek;Temsilci 06;0;803;0;59;Cevaplandı;05492049695;Şikâyet;Evet
C002084;23.09.2026 13:55:03;Destek;Temsilci 06;2;595;44;31;Cevaplandı;05568456452;Şikâyet;Evet
C002082;23.09.2026 13:58:17;Destek;Temsilci 09;0;299;0;31;Cevaplandı;05495567502;Kurulum;Evet
C002097;23.09.2026 14:00:23;Destek;Temsilci 12;3;182;0;52;Cevaplandı;05307362162;Kurulum;Evet
C002092;23.09.2026 14:00:27;Destek;Temsilci 03;2;139;0;22;Cevaplandı;05407321574;Arıza;Evet
C002100;23.09.2026 14:00:37;Satış;Temsilci 07;3;316;0;54;Cevaplandı;05465742692;Ürün bilgisi;Evet
C002108;23.09.2026 14:04:24;Satış;Temsilci 05;1;137;0;28;Cevaplandı;05505843039;Ürün bilgisi;Hayır
C002095;23.09.2026 14:05:08;Destek;Temsilci 11;13;2;64;23;Cevaplandı;05587524076;Kurulum;Hayır
C002098;23.09.2026 14:07:17;Satış;Temsilci 10;3;204;0;23;Cevaplandı;05565411168;Ürün bilgisi;Evet
C002105;23.09.2026 14:09:04;Satış;Temsilci 12;7;112;0;59;Cevaplandı;05473494805;Ürün bilgisi;Evet
C002094;23.09.2026 14:09:25;Destek;Temsilci 04;3;520;0;60;Cevaplandı;05558390279;Şikâyet;Hayır
C002101;23.09.2026 14:14:53;Fatura;Temsilci 04;0;478;0;22;Cevaplandı;05529999097;Ödeme;Evet
C002107;23.09.2026 14:14:57;Satış;Temsilci 02;5;171;0;27;Cevaplandı;05499227794;Ürün bilgisi;Hayır
C002102;23.09.2026 14:15:20;Fatura;Temsilci 08;5;361;0;56;Cevaplandı;05445573424;Fatura itirazı;Evet
C002091;23.09.2026 14:16:31;Satış;Temsilci 12;6;124;0;26;Cevaplandı;05431204924;Sipariş;Evet
C002096;23.09.2026 14:16:31;Fatura;Temsilci 09;3;241;23;29;Cevaplandı;05562593275;Fatura itirazı;Evet
C002109;23.09.2026 14:17:27;Destek;Temsilci 01;2;145;81;37;Cevaplandı;05383768702;Arıza;Evet
C002103;23.09.2026 14:21:46;Destek;Temsilci 08;3;303;0;44;Cevaplandı;05569615693;Arıza;Evet
C002106;23.09.2026 14:22:13;Destek;Temsilci 02;2;864;0;32;Cevaplandı;05508295730;Kurulum;Evet
C002099;23.09.2026 14:23:46;Destek;Temsilci 11;10;157;0;18;Cevaplandı;05385175754;Şikâyet;Evet
C002093;23.09.2026 14:26:44;Satış;Temsilci 02;5;111;0;33;Cevaplandı;05486943572;Ürün bilgisi;Evet
C002104;23.09.2026 14:27:44;Satış;Temsilci 08;4;186;0;58;Cevaplandı;05487861413;Sipariş;Hayır
C002120;23.09.2026 14:31:06;Destek;Temsilci 04;15;375;77;20;Cevaplandı;05427847063;Arıza;Evet
C002125;23.09.2026 14:31:55;Satış;Temsilci 07;9;272;0;38;Cevaplandı;05576101159;Ürün bilgisi;Hayır
C002118;23.09.2026 14:32:25;Fatura;Temsilci 07;7;300;60;58;Cevaplandı;05481398961;Fatura itirazı;Evet
C002124;23.09.2026 14:34:45;Fatura;Temsilci 01;2;208;88;57;Cevaplandı;05457502992;Ödeme;Evet
C002112;23.09.2026 14:40:24;Destek;Temsilci 12;21;302;0;44;Cevaplandı;05504135710;Şikâyet;Evet
C002123;23.09.2026 14:40:47;Satış;Temsilci 02;3;92;0;40;Cevaplandı;05314576495;Sipariş;Evet
C002110;23.09.2026 14:40:57;Fatura;Temsilci 07;4;142;0;22;Cevaplandı;05312458612;Fatura itirazı;Evet
C002116;23.09.2026 14:42:01;Destek;Temsilci 06;7;181;0;43;Cevaplandı;05542838588;Arıza;Evet
C002113;23.09.2026 14:42:51;Fatura;Temsilci 12;1;115;0;40;Cevaplandı;05391045514;Ödeme;Evet
C002128;23.09.2026 14:43:36;Destek;Temsilci 10;4;1067;0;55;Cevaplandı;05338301217;Arıza;Evet
C002122;23.09.2026 14:44:38;Destek;Temsilci 12;3;366;0;34;Cevaplandı;05463576438;Şikâyet;Hayır
C002127;23.09.2026 14:45:09;Satış;Temsilci 07;17;420;0;60;Cevaplandı;05397948049;Ürün bilgisi;Evet
C002115;23.09.2026 14:47:05;Fatura;Temsilci 06;4;368;0;40;Cevaplandı;05374258604;Ödeme;Evet
C002119;23.09.2026 14:47:20;Destek;Temsilci 05;7;362;0;40;Cevaplandı;05569707626;Arıza;Evet
C002121;23.09.2026 14:49:40;Satış;Temsilci 03;6;283;19;15;Cevaplandı;05493964322;Sipariş;Evet
C002117;23.09.2026 14:55:22;Destek;Temsilci 06;17;371;0;40;Cevaplandı;05527145342;Arıza;Hayır
C002126;23.09.2026 14:56:03;Fatura;Temsilci 05;6;508;0;36;Cevaplandı;05403722353;Ödeme;Hayır
C002111;23.09.2026 14:58:54;Destek;Temsilci 12;12;640;0;25;Cevaplandı;05503990502;Şikâyet;Evet
C002114;23.09.2026 14:59:51;Destek;Temsilci 02;6;464;0;18;Cevaplandı;05408492634;Şikâyet;Evet
C002144;23.09.2026 15:00:23;Satış;Temsilci 05;16;159;0;47;Cevaplandı;05492423340;Sipariş;Evet
C002147;23.09.2026 15:02:41;Fatura;;18;0;0;0;Terk;05481270548;;
C002133;23.09.2026 15:02:46;Destek;Temsilci 07;48;328;0;20;Cevaplandı;05585818430;Kurulum;Evet
C002141;23.09.2026 15:03:15;Fatura;;0;0;0;0;Terk;05503528813;;
C002146;23.09.2026 15:03:42;Destek;Temsilci 11;5;8;0;23;Cevaplandı;05522738218;Arıza;Evet
C002140;23.09.2026 15:06:27;Fatura;Temsilci 11;4;339;0;54;Cevaplandı;05312240039;Fatura itirazı;Evet
C002145;23.09.2026 15:09:21;Satış;Temsilci 10;23;259;0;40;Cevaplandı;05498858182;Sipariş;Evet
C002129;23.09.2026 15:11:09;Satış;;21;0;0;0;Terk;05584268442;;
C002142;23.09.2026 15:11:36;Satış;Temsilci 07;41;587;0;51;Cevaplandı;05431412384;Sipariş;Evet
C002130;23.09.2026 15:12:22;Satış;Temsilci 03;22;321;0;28;Cevaplandı;05482758881;Ürün bilgisi;Evet
C002134;23.09.2026 15:12:31;Destek;Temsilci 11;12;229;0;15;Cevaplandı;05311954532;Kurulum;Evet
C002148;23.09.2026 15:14:19;Destek;Temsilci 09;13;246;0;55;Cevaplandı;05587866457;Şikâyet;Evet
C002136;23.09.2026 15:16:00;Destek;Temsilci 09;11;206;0;50;Cevaplandı;05591612630;Arıza;Hayır
C002139;23.09.2026 15:18:03;Satış;Temsilci 12;15;99;0;34;Cevaplandı;05419536142;Sipariş;Evet
C002149;23.09.2026 15:18:56;Fatura;Temsilci 08;15;271;49;57;Cevaplandı;05599987833;Ödeme;Evet
C002137;23.09.2026 15:21:16;Destek;Temsilci 10;1;747;0;15;Cevaplandı;05385287819;Arıza;Hayır
C002138;23.09.2026 15:22:02;Destek;;38;0;0;0;Terk;05329956033;;
C002131;23.09.2026 15:22:56;Destek;Temsilci 12;13;392;86;53;Cevaplandı;05543102603;Kurulum;Evet
C002143;23.09.2026 15:23:32;Destek;Temsilci 04;35;113;0;43;Cevaplandı;05399261621;Şikâyet;Evet
C002132;23.09.2026 15:24:09;Destek;Temsilci 02;34;177;0;36;Cevaplandı;05336895555;Şikâyet;Hayır
C002135;23.09.2026 15:28:15;Fatura;Temsilci 12;7;126;23;22;Cevaplandı;05502592324;Ödeme;Evet
C002150;23.09.2026 15:31:37;Satış;Temsilci 05;4;422;0;53;Cevaplandı;05599950343;Ürün bilgisi;Evet
C002159;23.09.2026 15:31:51;Fatura;Temsilci 11;40;193;0;32;Cevaplandı;05479774930;Ödeme;Evet
C002169;23.09.2026 15:32:13;Fatura;Temsilci 08;16;204;0;46;Cevaplandı;05325884966;Ödeme;Evet
C002158;23.09.2026 15:32:38;Satış;Temsilci 10;21;117;0;34;Cevaplandı;05555358759;Ürün bilgisi;Evet
C002166;23.09.2026 15:32:40;Fatura;Temsilci 12;17;371;0;46;Cevaplandı;05595987089;Ödeme;Evet
C002161;23.09.2026 15:33:00;Destek;;106;0;0;0;Terk;05558886532;;
C002163;23.09.2026 15:36:29;Satış;Temsilci 08;41;479;38;35;Cevaplandı;05317426241;Sipariş;Evet
C002153;23.09.2026 15:40:12;Destek;Temsilci 08;9;507;0;43;Cevaplandı;05478767860;Kurulum;Evet
C002151;23.09.2026 15:41:01;Satış;Temsilci 04;45;161;61;38;Cevaplandı;05383004509;Sipariş;Evet
C002155;23.09.2026 15:42:22;Destek;Temsilci 08;23;380;11;21;Cevaplandı;05446555462;Şikâyet;Evet
C002165;23.09.2026 15:44:22;Satış;Temsilci 02;10;129;12;26;Cevaplandı;05332166807;Ürün bilgisi;Evet
C002164;23.09.2026 15:49:33;Satış;Temsilci 05;5;165;18;25;Cevaplandı;05433529423;Ürün bilgisi;Evet
C002160;23.09.2026 15:50:40;Destek;Temsilci 07;35;722;0;29;Cevaplandı;05586788512;Kurulum;Evet
C002157;23.09.2026 15:51:26;Fatura;Temsilci 07;12;647;0;56;Cevaplandı;05523044710;Fatura itirazı;Evet
C002162;23.09.2026 15:52:08;Destek;Temsilci 01;21;565;85;16;Cevaplandı;05487595795;Kurulum;Evet
C002154;23.09.2026 15:52:47;Satış;Temsilci 09;17;248;0;21;Cevaplandı;05513566022;Sipariş;Evet
C002170;23.09.2026 15:53:03;Satış;Temsilci 02;2;91;0;23;Cevaplandı;05415400344;Ürün bilgisi;Evet
C002167;23.09.2026 15:53:05;Fatura;Temsilci 07;14;209;0;26;Cevaplandı;05329439030;Ödeme;Evet
C002168;23.09.2026 15:54:02;Destek;Temsilci 05;11;564;81;38;Cevaplandı;05598763746;Şikâyet;Evet
C002152;23.09.2026 15:56:57;Satış;Temsilci 06;1;144;0;28;Cevaplandı;05537727178;Sipariş;Hayır
C002156;23.09.2026 15:58:55;Destek;;11;0;0;0;Terk;05586675211;;
C002175;23.09.2026 16:00:24;Destek;Temsilci 04;2;152;0;19;Cevaplandı;05378404594;Arıza;Evet
C002171;23.09.2026 16:00:27;Destek;Temsilci 09;9;60;0;29;Cevaplandı;05512518915;Kurulum;Hayır
C002183;23.09.2026 16:00:39;Fatura;Temsilci 05;8;631;22;53;Cevaplandı;05527033848;Ödeme;Evet
C002174;23.09.2026 16:06:11;Satış;Temsilci 07;10;208;0;24;Cevaplandı;05526671988;Sipariş;Hayır
C002177;23.09.2026 16:10:28;Fatura;Temsilci 11;2;286;0;58;Cevaplandı;05505542210;Fatura itirazı;Evet
C002176;23.09.2026 16:12:55;Destek;Temsilci 03;17;300;0;59;Cevaplandı;05429436380;Şikâyet;Hayır
C002172;23.09.2026 16:13:28;Destek;Temsilci 10;6;171;45;32;Cevaplandı;05309070643;Şikâyet;Evet
C002179;23.09.2026 16:13:59;Destek;Temsilci 09;1;314;0;37;Cevaplandı;05312077433;Şikâyet;Evet
C002184;23.09.2026 16:20:00;Satış;Temsilci 07;3;384;70;34;Cevaplandı;05421796108;Sipariş;Hayır
C002178;23.09.2026 16:21:47;Destek;Temsilci 09;6;98;0;42;Cevaplandı;05528494996;Şikâyet;Evet
C002173;23.09.2026 16:21:52;Destek;Temsilci 12;0;229;0;55;Cevaplandı;05471821541;Arıza;Evet
C002180;23.09.2026 16:25:10;Destek;Temsilci 06;8;179;0;39;Cevaplandı;05511744372;Şikâyet;Evet
C002181;23.09.2026 16:25:45;Destek;Temsilci 08;6;486;0;20;Cevaplandı;05304717325;Kurulum;Hayır
C002182;23.09.2026 16:26:43;Destek;Temsilci 07;6;327;14;59;Cevaplandı;05354506732;Kurulum;Hayır
C002193;23.09.2026 16:31:55;Fatura;Temsilci 02;0;360;0;27;Cevaplandı;05329098465;Ödeme;Evet
C002187;23.09.2026 16:34:38;Destek;Temsilci 08;6;212;0;27;Cevaplandı;05473801384;Arıza;Evet
C002197;23.09.2026 16:34:46;Destek;Temsilci 10;10;434;0;17;Cevaplandı;05597209283;Kurulum;Evet
C002194;23.09.2026 16:40:04;Destek;Temsilci 12;6;263;0;37;Cevaplandı;05598146204;Kurulum;Evet
C002199;23.09.2026 16:40:27;Fatura;Temsilci 11;5;222;0;27;Cevaplandı;05482433409;Fatura itirazı;Evet
C002185;23.09.2026 16:41:05;Destek;Temsilci 02;0;163;0;57;Cevaplandı;05587614992;Şikâyet;Evet
C002190;23.09.2026 16:41:11;Fatura;Temsilci 05;2;281;0;40;Cevaplandı;05469108004;Ödeme;Hayır
C002198;23.09.2026 16:45:42;Satış;Temsilci 06;28;160;26;43;Cevaplandı;05343320256;Ürün bilgisi;Evet
C002195;23.09.2026 16:46:58;Fatura;Temsilci 04;5;242;0;31;Cevaplandı;05495574089;Ödeme;Evet
C002192;23.09.2026 16:51:01;Fatura;Temsilci 11;12;265;0;27;Cevaplandı;05466083381;Ödeme;Evet
C002196;23.09.2026 16:51:56;Satış;Temsilci 11;0;308;0;15;Cevaplandı;05567594380;Ürün bilgisi;Hayır
C002188;23.09.2026 16:53:04;Satış;Temsilci 02;19;199;0;38;Cevaplandı;05508066845;Ürün bilgisi;Evet
C002186;23.09.2026 16:55:22;Fatura;Temsilci 01;8;301;0;37;Cevaplandı;05468859521;Ödeme;Evet
C002189;23.09.2026 16:55:42;Destek;Temsilci 07;13;342;0;26;Cevaplandı;05304042996;Kurulum;Evet
C002191;23.09.2026 16:56:56;Destek;Temsilci 04;15;481;0;34;Cevaplandı;05573297783;Kurulum;Evet
C002204;23.09.2026 17:06:45;Destek;Temsilci 03;1;302;0;26;Cevaplandı;05494252581;Kurulum;Evet
C002205;23.09.2026 17:15:30;Fatura;Temsilci 09;1;694;0;20;Cevaplandı;05356289438;Fatura itirazı;Evet
C002200;23.09.2026 17:16:11;Destek;Temsilci 03;5;318;36;37;Cevaplandı;05544032328;Şikâyet;Hayır
C002206;23.09.2026 17:16:57;Satış;Temsilci 03;0;241;0;57;Cevaplandı;05567940296;Ürün bilgisi;Evet
C002207;23.09.2026 17:25:35;Destek;Temsilci 09;0;375;0;46;Cevaplandı;05561944827;Arıza;Hayır
C002203;23.09.2026 17:27:13;Destek;Temsilci 10;2;205;0;19;Cevaplandı;05303885552;Şikâyet;Evet
C002202;23.09.2026 17:28:32;Destek;Temsilci 04;10;193;0;20;Cevaplandı;05533892187;Kurulum;Evet
C002201;23.09.2026 17:28:49;Satış;Temsilci 02;5;110;0;59;Cevaplandı;05359159077;Sipariş;Evet
C002213;23.09.2026 17:31:43;Fatura;Temsilci 12;3;126;0;31;Cevaplandı;05443426315;Ödeme;Evet
C002209;23.09.2026 17:32:25;Destek;Temsilci 09;1;406;0;20;Cevaplandı;05589594930;Arıza;Evet
C002214;23.09.2026 17:32:25;Destek;Temsilci 12;1;116;0;31;Cevaplandı;05409602591;Şikâyet;Evet
C002208;23.09.2026 17:35:27;Destek;Temsilci 08;15;280;76;22;Cevaplandı;05597977183;Arıza;Evet
C002210;23.09.2026 17:39:06;Fatura;Temsilci 01;4;144;0;39;Cevaplandı;05597561745;Ödeme;Evet
C002215;23.09.2026 17:40:46;Destek;Temsilci 06;8;479;0;23;Cevaplandı;05514958866;Kurulum;Evet
C002217;23.09.2026 17:43:59;Fatura;Temsilci 05;21;202;53;33;Cevaplandı;05592898831;Ödeme;Evet
C002211;23.09.2026 17:48:01;Destek;Temsilci 04;34;410;0;59;Cevaplandı;05341523645;Kurulum;Evet
C002216;23.09.2026 17:56:40;Destek;Temsilci 02;32;329;71;40;Cevaplandı;05479284595;Kurulum;Evet
C002212;23.09.2026 17:59:29;Destek;Temsilci 12;3;333;0;40;Cevaplandı;05576461099;Kurulum;Evet
C002219;24.09.2026 09:00:04;Destek;Temsilci 01;3;602;0;47;Cevaplandı;05327765376;Şikâyet;Evet
C002227;24.09.2026 09:02:01;Destek;Temsilci 10;1;288;0;16;Cevaplandı;05515024849;Şikâyet;Hayır
C002221;24.09.2026 09:03:28;Destek;Temsilci 04;5;93;0;36;Cevaplandı;05416882379;Şikâyet;Evet
C002225;24.09.2026 09:07:52;Fatura;Temsilci 02;1;210;0;25;Cevaplandı;05355490392;Ödeme;Evet
C002220;24.09.2026 09:12:27;Satış;Temsilci 03;11;66;0;33;Cevaplandı;05587224681;Sipariş;Evet
C002222;24.09.2026 09:14:41;Destek;Temsilci 09;4;89;0;19;Cevaplandı;05341382088;Arıza;Evet
C002224;24.09.2026 09:15:19;Satış;Temsilci 06;3;60;23;24;Cevaplandı;05308256127;Ürün bilgisi;Evet
C002218;24.09.2026 09:19:04;Satış;Temsilci 09;15;168;0;52;Cevaplandı;05483772990;Ürün bilgisi;Evet
C002226;24.09.2026 09:26:08;Satış;Temsilci 10;5;132;0;37;Cevaplandı;05425141935;Sipariş;Evet
C002223;24.09.2026 09:29:18;Satış;Temsilci 12;5;200;68;40;Cevaplandı;05428674793;Ürün bilgisi;Hayır
C002230;24.09.2026 09:34:27;Satış;;7;0;0;0;Terk;05551266413;;
C002236;24.09.2026 09:36:46;Destek;Temsilci 09;1;310;0;49;Cevaplandı;05582119282;Şikâyet;Hayır
C002233;24.09.2026 09:47:33;Destek;Temsilci 09;2;342;0;60;Cevaplandı;05496200323;Arıza;Hayır
C002231;24.09.2026 09:48:01;Destek;;3;0;0;0;Terk;05381221247;;
C002234;24.09.2026 09:50:08;Fatura;Temsilci 07;0;589;0;44;Cevaplandı;05365190346;Ödeme;Evet
C002235;24.09.2026 09:50:45;Destek;Temsilci 03;14;273;0;15;Cevaplandı;05309564577;Kurulum;Evet
C002229;24.09.2026 09:52:05;Fatura;Temsilci 09;6;393;0;51;Cevaplandı;05454051051;Fatura itirazı;Evet
C002228;24.09.2026 09:53:15;Destek;Temsilci 08;10;136;61;17;Cevaplandı;05581181398;Arıza;Evet
C002232;24.09.2026 09:56:52;Satış;Temsilci 06;16;195;0;30;Cevaplandı;05542400440;Ürün bilgisi;Hayır
C002247;24.09.2026 10:02:06;Satış;Temsilci 09;2;137;0;17;Cevaplandı;05571137539;Ürün bilgisi;Evet
C002243;24.09.2026 10:03:14;Destek;Temsilci 02;34;223;0;35;Cevaplandı;05497059861;Arıza;Evet
C002242;24.09.2026 10:04:04;Destek;Temsilci 05;74;371;0;18;Cevaplandı;05367148857;Şikâyet;Evet
C002244;24.09.2026 10:04:51;Destek;Temsilci 01;24;329;0;22;Cevaplandı;05437495756;Arıza;Evet
C002252;24.09.2026 10:06:06;Fatura;Temsilci 12;39;102;0;21;Cevaplandı;05352741575;Fatura itirazı;Evet
C002241;24.09.2026 10:06:35;Fatura;Temsilci 06;16;178;75;18;Cevaplandı;05379623352;Ödeme;Evet
C002237;24.09.2026 10:09:19;Fatura;Temsilci 08;7;361;0;34;Cevaplandı;05351061562;Ödeme;Evet
C002251;24.09.2026 10:10:37;Destek;Temsilci 05;21;347;20;25;Cevaplandı;05467882398;Kurulum;Evet
C002250;24.09.2026 10:10:43;Fatura;Temsilci 10;2;119;0;40;Cevaplandı;05455950625;Fatura itirazı;Evet
C002239;24.09.2026 10:11:51;Destek;Temsilci 12;13;303;27;50;Cevaplandı;05377984431;Şikâyet;Hayır
C002253;24.09.2026 10:14:41;Destek;Temsilci 07;34;723;0;17;Cevaplandı;05546615685;Arıza;Hayır
C002254;24.09.2026 10:16:35;Destek;Temsilci 11;10;110;0;16;Cevaplandı;05318210818;Arıza;Evet
C002245;24.09.2026 10:16:59;Destek;Temsilci 05;12;329;0;20;Cevaplandı;05435221637;Arıza;Evet
C002248;24.09.2026 10:19:21;Fatura;Temsilci 01;8;336;0;40;Cevaplandı;05508655647;Ödeme;Evet
C002238;24.09.2026 10:19:35;Satış;;0;0;0;0;Terk;05395154139;;
C002249;24.09.2026 10:23:05;Fatura;Temsilci 07;34;188;0;38;Cevaplandı;05531174698;Ödeme;Evet
C002246;24.09.2026 10:24:41;Destek;Temsilci 12;33;370;0;45;Cevaplandı;05573558170;Şikâyet;Evet
C002255;24.09.2026 10:25:59;Satış;Temsilci 03;0;217;0;32;Cevaplandı;05457328655;Ürün bilgisi;Evet
C002240;24.09.2026 10:27:14;Destek;Temsilci 07;25;318;0;16;Cevaplandı;05429084042;Arıza;Evet
C002258;24.09.2026 10:31:04;Destek;Temsilci 10;7;301;74;17;Cevaplandı;05419150490;Şikâyet;Hayır
C002261;24.09.2026 10:31:07;Destek;Temsilci 07;23;335;15;42;Cevaplandı;05414194578;Kurulum;Evet
C002262;24.09.2026 10:32:11;Satış;Temsilci 12;12;301;0;27;Cevaplandı;05357567991;Ürün bilgisi;Evet
C002266;24.09.2026 10:34:04;Satış;;14;0;0;0;Terk;05437965854;;
C002269;24.09.2026 10:34:11;Fatura;Temsilci 09;16;244;32;35;Cevaplandı;05331080939;Ödeme;Hayır
C002257;24.09.2026 10:36:59;Destek;Temsilci 01;19;217;0;40;Cevaplandı;05303898074;Şikâyet;Evet
C002268;24.09.2026 10:39:53;Destek;Temsilci 11;28;185;0;26;Cevaplandı;05472627852;Şikâyet;Evet
C002264;24.09.2026 10:44:07;Satış;Temsilci 06;19;85;49;47;Cevaplandı;05449893334;Sipariş;Evet
C002260;24.09.2026 10:52:32;Destek;Temsilci 10;3;134;0;28;Cevaplandı;05439688566;Kurulum;Evet
C002265;24.09.2026 10:54:03;Satış;Temsilci 06;42;205;0;51;Cevaplandı;05466487334;Sipariş;Evet
C002267;24.09.2026 10:55:10;Destek;Temsilci 02;2;114;0;54;Cevaplandı;05462418548;Arıza;Evet
C002256;24.09.2026 10:56:13;Destek;Temsilci 04;4;436;0;28;Cevaplandı;05353912108;Arıza;Evet
C002263;24.09.2026 10:58:50;Destek;Temsilci 06;4;788;0;30;Cevaplandı;05499172232;Arıza;Evet
C002259;24.09.2026 10:59:45;Fatura;Temsilci 09;13;234;0;32;Cevaplandı;05519798640;Ödeme;Evet
C002284;24.09.2026 11:00:01;Destek;Temsilci 09;4;324;0;50;Cevaplandı;05322286055;Şikâyet;Evet
C002278;24.09.2026 11:00:12;Satış;Temsilci 09;0;162;59;60;Cevaplandı;05429716893;Ürün bilgisi;Hayır
C002271;24.09.2026 11:00:25;Destek;Temsilci 07;4;549;0;48;Cevaplandı;05482242731;Şikâyet;Evet
C002275;24.09.2026 11:01:28;Destek;Temsilci 12;29;315;0;37;Cevaplandı;05561376290;Şikâyet;Evet
C002274;24.09.2026 11:03:49;Satış;Temsilci 08;23;131;0;60;Cevaplandı;05466169751;Sipariş;Evet
C002270;24.09.2026 11:05:59;Fatura;Temsilci 05;25;114;13;24;Cevaplandı;05572468319;Fatura itirazı;Evet
C002283;24.09.2026 11:06:58;Fatura;Temsilci 10;2;228;0;17;Cevaplandı;05307569991;Ödeme;Hayır
C002290;24.09.2026 11:07:19;Destek;Temsilci 05;4;262;53;31;Cevaplandı;05355861151;Arıza;Evet
C002279;24.09.2026 11:07:58;Destek;Temsilci 02;9;340;0;49;Cevaplandı;05537252982;Arıza;Evet
C002273;24.09.2026 11:10:46;Destek;Temsilci 02;1;632;0;46;Cevaplandı;05477062596;Arıza;Evet
C002287;24.09.2026 11:12:00;Satış;Temsilci 03;43;356;0;34;Cevaplandı;05599409502;Sipariş;Evet
C002288;24.09.2026 11:13:59;Destek;Temsilci 09;19;675;55;41;Cevaplandı;05489577764;Şikâyet;Evet
C002282;24.09.2026 11:15:55;Destek;;7;0;0;0;Terk;05427857015;;
C002286;24.09.2026 11:19:15;Fatura;Temsilci 01;19;100;24;23;Cevaplandı;05376721254;Ödeme;Evet
C002276;24.09.2026 11:19:39;Fatura;Temsilci 12;9;394;0;20;Cevaplandı;05588350191;Ödeme;Evet
C002289;24.09.2026 11:20:59;Destek;Temsilci 01;51;425;0;57;Cevaplandı;05502099391;Kurulum;Evet
C002292;24.09.2026 11:21:58;Fatura;Temsilci 04;1;98;0;58;Cevaplandı;05442301201;Ödeme;Evet
C002293;24.09.2026 11:22:17;Fatura;Temsilci 05;32;219;0;53;Cevaplandı;05452856601;Fatura itirazı;Evet
C002291;24.09.2026 11:23:05;Satış;Temsilci 02;5;105;41;54;Cevaplandı;05581026447;Sipariş;Evet
C002272;24.09.2026 11:23:50;Destek;;0;0;0;0;Terk;05332782368;;
C002280;24.09.2026 11:24:59;Destek;Temsilci 05;13;234;0;53;Cevaplandı;05467499036;Arıza;Hayır
C002277;24.09.2026 11:25:47;Destek;Temsilci 07;1;172;0;35;Cevaplandı;05584786933;Kurulum;Evet
C002285;24.09.2026 11:26:23;Fatura;Temsilci 10;14;207;0;32;Cevaplandı;05376453598;Fatura itirazı;Hayır
C002281;24.09.2026 11:27:48;Destek;Temsilci 09;28;191;0;20;Cevaplandı;05443191746;Şikâyet;Evet
C002309;24.09.2026 11:31:28;Destek;;30;0;0;0;Terk;05545204833;;
C002299;24.09.2026 11:33:14;Destek;Temsilci 02;16;307;0;20;Cevaplandı;05569595797;Şikâyet;Hayır
C002304;24.09.2026 11:34:10;Fatura;Temsilci 05;3;128;60;41;Cevaplandı;05316534801;Fatura itirazı;Evet
C002295;24.09.2026 11:34:30;Fatura;Temsilci 09;11;112;0;48;Cevaplandı;05342960291;Ödeme;Evet
C002305;24.09.2026 11:36:41;Fatura;Temsilci 03;2;238;58;27;Cevaplandı;05598717308;Fatura itirazı;Evet
C002301;24.09.2026 11:37:11;Satış;;4;0;0;0;Terk;05423100390;;
C002310;24.09.2026 11:38:21;Fatura;Temsilci 10;27;159;0;29;Cevaplandı;05576255267;Ödeme;Hayır
C002298;24.09.2026 11:40:12;Satış;;5;0;0;0;Terk;05553617911;;
C002296;24.09.2026 11:41:00;Destek;Temsilci 12;30;374;75;15;Cevaplandı;05548764154;Şikâyet;Evet
C002315;24.09.2026 11:42:03;Satış;;13;0;0;0;Terk;05585824195;;
C002303;24.09.2026 11:42:08;Destek;Temsilci 04;25;150;33;30;Cevaplandı;05426672834;Kurulum;Hayır
C002306;24.09.2026 11:43:23;Destek;Temsilci 04;99;128;0;60;Cevaplandı;05525017949;Kurulum;Hayır
C002294;24.09.2026 11:43:42;Fatura;Temsilci 03;4;151;89;22;Cevaplandı;05376068369;Ödeme;Evet
C002307;24.09.2026 11:45:02;Destek;Temsilci 04;6;281;0;54;Cevaplandı;05443148452;Şikâyet;Evet
C002314;24.09.2026 11:47:26;Satış;Temsilci 05;2;133;0;52;Cevaplandı;05551387213;Sipariş;Hayır
C002297;24.09.2026 11:47:43;Destek;Temsilci 03;38;362;24;22;Cevaplandı;05594975943;Kurulum;Hayır
C002302;24.09.2026 11:48:51;Satış;Temsilci 06;46;200;0;18;Cevaplandı;05523230540;Sipariş;Evet
C002312;24.09.2026 11:51:06;Destek;Temsilci 08;3;341;0;36;Cevaplandı;05395010529;Şikâyet;Hayır
C002300;24.09.2026 11:51:50;Fatura;Temsilci 04;24;93;12;17;Cevaplandı;05415151374;Fatura itirazı;Evet
C002311;24.09.2026 11:52:08;Satış;Temsilci 10;5;113;0;27;Cevaplandı;05515561445;Ürün bilgisi;Evet
C002313;24.09.2026 11:57:29;Destek;Temsilci 06;5;252;0;57;Cevaplandı;05525003710;Arıza;Hayır
C002308;24.09.2026 11:57:48;Destek;Temsilci 11;36;179;0;55;Cevaplandı;05335317874;Kurulum;Evet
C002317;24.09.2026 12:02:47;Satış;Temsilci 10;1;83;18;45;Cevaplandı;05354511260;Ürün bilgisi;Hayır
C002318;24.09.2026 12:02:51;Fatura;Temsilci 09;1;663;0;38;Cevaplandı;05376748931;Ödeme;Evet
C002329;24.09.2026 12:08:59;Fatura;Temsilci 06;2;266;13;20;Cevaplandı;05517738851;Fatura itirazı;Evet
C002325;24.09.2026 12:13:36;Satış;Temsilci 01;2;93;43;22;Cevaplandı;05389305690;Ürün bilgisi;Evet
C002323;24.09.2026 12:14:11;Destek;Temsilci 04;1;367;0;19;Cevaplandı;05316314030;Arıza;Evet
C002326;24.09.2026 12:16:47;Destek;Temsilci 09;4;248;0;20;Cevaplandı;05399388787;Kurulum;Evet
C002316;24.09.2026 12:16:56;Destek;Temsilci 03;17;1104;29;23;Cevaplandı;05525589210;Kurulum;Evet
C002320;24.09.2026 12:18:50;Destek;Temsilci 05;1;194;0;20;Cevaplandı;05476443496;Kurulum;Evet
C002324;24.09.2026 12:22:08;Destek;Temsilci 10;3;516;0;60;Cevaplandı;05507773666;Şikâyet;Evet
C002327;24.09.2026 12:22:45;Fatura;Temsilci 10;2;412;49;47;Cevaplandı;05474174125;Fatura itirazı;Evet
C002322;24.09.2026 12:24:08;Destek;Temsilci 06;2;189;0;35;Cevaplandı;05357213771;Kurulum;Evet
C002321;24.09.2026 12:24:13;Satış;Temsilci 12;7;130;15;39;Cevaplandı;05445538105;Sipariş;Evet
C002328;24.09.2026 12:25:21;Destek;Temsilci 06;5;384;0;52;Cevaplandı;05429478077;Kurulum;Evet
C002319;24.09.2026 12:27:09;Destek;Temsilci 03;9;227;0;40;Cevaplandı;05463266982;Şikâyet;Evet
C002336;24.09.2026 12:31:19;Destek;Temsilci 04;19;307;0;29;Cevaplandı;05502579976;Kurulum;Hayır
C002337;24.09.2026 12:34:47;Destek;Temsilci 02;4;375;0;17;Cevaplandı;05454803420;Şikâyet;Evet
C002333;24.09.2026 12:35:09;Destek;Temsilci 09;3;147;0;18;Cevaplandı;05317442741;Arıza;Evet
C002343;24.09.2026 12:35:43;Satış;Temsilci 06;2;102;0;49;Cevaplandı;05448398376;Ürün bilgisi;Evet
C002331;24.09.2026 12:37:42;Destek;Temsilci 10;1;179;79;33;Cevaplandı;05376165775;Arıza;Evet
C002338;24.09.2026 12:40:23;Satış;Temsilci 07;0;748;0;24;Cevaplandı;05537926095;Sipariş;Hayır
C002335;24.09.2026 12:41:16;Fatura;Temsilci 05;2;184;0;59;Cevaplandı;05409482082;Ödeme;Evet
C002339;24.09.2026 12:41:37;Destek;Temsilci 04;0;257;20;33;Cevaplandı;05509695916;Şikâyet;Evet
C002330;24.09.2026 12:42:00;Destek;Temsilci 04;11;158;0;42;Cevaplandı;05573598502;Arıza;Evet
C002344;24.09.2026 12:45:10;Destek;Temsilci 07;11;951;0;36;Cevaplandı;05499166355;Arıza;Evet
C002332;24.09.2026 12:45:48;Destek;Temsilci 06;28;226;66;38;Cevaplandı;05533053244;Arıza;Evet
C002342;24.09.2026 12:48:34;Satış;Temsilci 02;7;160;0;58;Cevaplandı;05311093141;Sipariş;Evet
C002334;24.09.2026 12:53:03;Destek;Temsilci 04;15;252;73;42;Cevaplandı;05587764552;Arıza;Evet
C002340;24.09.2026 12:55:34;Satış;Temsilci 11;0;358;61;16;Cevaplandı;05359881802;Sipariş;Evet
C002341;24.09.2026 12:56:36;Fatura;Temsilci 01;0;77;29;53;Cevaplandı;05483987406;Fatura itirazı;Hayır
C002354;24.09.2026 13:00:14;Destek;Temsilci 07;2;256;0;47;Cevaplandı;05528017920;Arıza;Hayır
C002345;24.09.2026 13:00:15;Destek;Temsilci 12;10;267;0;30;Cevaplandı;05334090686;Şikâyet;Evet
C002350;24.09.2026 13:04:44;Destek;Temsilci 08;7;95;0;51;Cevaplandı;05466083381;Şikâyet;Hayır
C002356;24.09.2026 13:12:07;Destek;Temsilci 01;15;428;29;30;Cevaplandı;05529520605;Şikâyet;Evet
C002357;24.09.2026 13:13:00;Fatura;Temsilci 03;3;146;0;49;Cevaplandı;05598686246;Ödeme;Evet
C002355;24.09.2026 13:13:36;Destek;Temsilci 06;6;325;0;53;Cevaplandı;05394342366;Kurulum;Evet
C002348;24.09.2026 13:19:02;Destek;Temsilci 12;10;211;0;42;Cevaplandı;05306616533;Şikâyet;Evet
C002347;24.09.2026 13:19:27;Satış;Temsilci 06;5;140;54;29;Cevaplandı;05434355806;Sipariş;Evet
C002349;24.09.2026 13:21:26;Destek;Temsilci 05;3;303;0;40;Cevaplandı;05477615743;Kurulum;Hayır
C002353;24.09.2026 13:23:42;Destek;Temsilci 09;1;188;0;19;Cevaplandı;05532024503;Kurulum;Evet
C002346;24.09.2026 13:24:01;Satış;Temsilci 03;3;140;0;18;Cevaplandı;05489635647;Sipariş;Hayır
C002359;24.09.2026 13:24:18;Fatura;Temsilci 05;1;222;0;47;Cevaplandı;05332609321;Fatura itirazı;Evet
C002352;24.09.2026 13:26:24;Fatura;Temsilci 11;3;248;30;59;Cevaplandı;05579777524;Fatura itirazı;Evet
C002358;24.09.2026 13:27:08;Destek;Temsilci 01;3;303;0;49;Cevaplandı;05366403980;Şikâyet;Evet
C002351;24.09.2026 13:28:18;Fatura;Temsilci 01;6;468;66;20;Cevaplandı;05441457359;Ödeme;Evet
C002367;24.09.2026 13:34:48;Destek;;0;0;0;0;Terk;05456296111;;
C002368;24.09.2026 13:35:09;Fatura;Temsilci 07;3;373;49;60;Cevaplandı;05377588831;Fatura itirazı;Evet
C002360;24.09.2026 13:36:51;Fatura;Temsilci 12;7;594;0;52;Cevaplandı;05463107643;Ödeme;Evet
C002370;24.09.2026 13:38:32;Fatura;Temsilci 09;0;257;0;43;Cevaplandı;05355249034;Fatura itirazı;Evet
C002363;24.09.2026 13:40:26;Satış;Temsilci 03;4;219;64;40;Cevaplandı;05562709735;Sipariş;Hayır
C002364;24.09.2026 13:40:38;Destek;Temsilci 08;0;187;68;41;Cevaplandı;05405820095;Arıza;Evet
C002369;24.09.2026 13:44:05;Satış;Temsilci 12;1;135;0;47;Cevaplandı;05315491595;Ürün bilgisi;Evet
C002362;24.09.2026 13:49:44;Fatura;Temsilci 09;25;141;56;54;Cevaplandı;05464713979;Fatura itirazı;Evet
C002361;24.09.2026 13:50:04;Destek;Temsilci 10;4;208;40;53;Cevaplandı;05444670988;Arıza;Evet
C002365;24.09.2026 13:54:17;Satış;Temsilci 06;0;82;36;40;Cevaplandı;05508064553;Ürün bilgisi;Hayır
C002366;24.09.2026 13:57:16;Destek;Temsilci 01;6;117;0;24;Cevaplandı;05479828377;Kurulum;Hayır
C002386;24.09.2026 14:00:36;Fatura;Temsilci 08;11;80;0;49;Cevaplandı;05467642714;Fatura itirazı;Hayır
C002376;24.09.2026 14:01:40;Destek;Temsilci 08;1;603;0;17;Cevaplandı;05462023816;Şikâyet;Evet
C002389;24.09.2026 14:02:39;Fatura;Temsilci 09;7;133;0;39;Cevaplandı;05589594930;Fatura itirazı;Evet
C002387;24.09.2026 14:04:06;Fatura;Temsilci 05;7;276;0;37;Cevaplandı;05474502969;Ödeme;Evet
C002374;24.09.2026 14:04:41;Destek;Temsilci 05;3;285;72;56;Cevaplandı;05448431237;Şikâyet;Evet
C002380;24.09.2026 14:05:06;Satış;Temsilci 10;2;223;0;21;Cevaplandı;05459571389;Sipariş;Evet
C002373;24.09.2026 14:07:25;Destek;Temsilci 09;2;179;0;42;Cevaplandı;05339890499;Arıza;Evet
C002384;24.09.2026 14:09:09;Destek;Temsilci 11;8;611;0;31;Cevaplandı;05333566748;Arıza;Evet
C002391;24.09.2026 14:11:23;Destek;Temsilci 08;2;336;0;59;Cevaplandı;05417667407;Arıza;Evet
C002388;24.09.2026 14:12:24;Destek;Temsilci 10;1;511;0;60;Cevaplandı;05387883831;Şikâyet;Evet
C002378;24.09.2026 14:16:29;Satış;Temsilci 01;5;263;47;43;Cevaplandı;05383741342;Ürün bilgisi;Evet
C002385;24.09.2026 14:17:35;Destek;Temsilci 11;41;171;58;20;Cevaplandı;05396870254;Kurulum;Hayır
C002382;24.09.2026 14:18:25;Satış;Temsilci 05;4;179;42;49;Cevaplandı;05306947130;Sipariş;Evet
C002377;24.09.2026 14:18:57;Destek;Temsilci 07;3;350;0;43;Cevaplandı;05463433729;Şikâyet;Evet
C002375;24.09.2026 14:25:07;Destek;Temsilci 02;2;133;54;49;Cevaplandı;05321096054;Şikâyet;Evet
C002390;24.09.2026 14:25:07;Destek;Temsilci 01;9;120;0;24;Cevaplandı;05421145155;Arıza;Evet
C002372;24.09.2026 14:26:31;Fatura;Temsilci 10;2;293;27;49;Cevaplandı;05497594706;Fatura itirazı;Evet
C002371;24.09.2026 14:28:02;Satış;Temsilci 05;21;142;0;19;Cevaplandı;05566562896;Sipariş;Evet
C002381;24.09.2026 14:29:00;Satış;Temsilci 06;14;239;0;26;Cevaplandı;05344853882;Sipariş;Evet
C002383;24.09.2026 14:29:05;Destek;Temsilci 11;9;760;0;27;Cevaplandı;05553934523;Şikâyet;Evet
C002379;24.09.2026 14:29:46;Satış;Temsilci 09;1;172;0;26;Cevaplandı;05592311667;Sipariş;Evet
C002403;24.09.2026 14:33:49;Destek;Temsilci 11;4;285;0;48;Cevaplandı;05532429293;Arıza;Evet
C002395;24.09.2026 14:34:00;Satış;Temsilci 02;20;226;0;44;Cevaplandı;05487395255;Ürün bilgisi;Evet
C002396;24.09.2026 14:36:17;Destek;Temsilci 08;1;115;0;52;Cevaplandı;05523783052;Şikâyet;Evet
C002402;24.09.2026 14:36:57;Fatura;Temsilci 10;3;147;0;20;Cevaplandı;05324452705;Fatura itirazı;Evet
C002397;24.09.2026 14:37:09;Fatura;Temsilci 12;1;74;0;48;Cevaplandı;05503711951;Fatura itirazı;Evet
C002398;24.09.2026 14:39:34;Destek;Temsilci 05;8;217;0;27;Cevaplandı;05509832449;Arıza;Evet
C002409;24.09.2026 14:45:59;Satış;Temsilci 08;3;185;0;59;Cevaplandı;05408839077;Ürün bilgisi;Evet
C002407;24.09.2026 14:47:09;Destek;Temsilci 12;2;162;0;15;Cevaplandı;05584709018;Şikâyet;Evet
C002401;24.09.2026 14:48:38;Destek;Temsilci 01;13;162;0;48;Cevaplandı;05429634651;Arıza;Evet
C002408;24.09.2026 14:48:46;Destek;Temsilci 09;11;182;0;45;Cevaplandı;05581810382;Kurulum;Evet
C002393;24.09.2026 14:50:57;Fatura;Temsilci 10;4;304;0;50;Cevaplandı;05528162778;Fatura itirazı;Evet
C002392;24.09.2026 14:54:51;Destek;Temsilci 08;2;231;0;32;Cevaplandı;05363765967;Şikâyet;Evet
C002399;24.09.2026 14:55:05;Destek;Temsilci 03;15;238;0;17;Cevaplandı;05545893752;Kurulum;Evet
C002394;24.09.2026 14:55:09;Destek;Temsilci 04;18;1024;0;18;Cevaplandı;05435330769;Kurulum;Evet
C002406;24.09.2026 14:55:41;Fatura;Temsilci 11;17;252;0;44;Cevaplandı;05448164461;Ödeme;Hayır
C002400;24.09.2026 14:57:13;Destek;Temsilci 02;1;243;0;60;Cevaplandı;05342482634;Arıza;Evet
C002405;24.09.2026 14:58:13;Fatura;Temsilci 06;3;87;0;28;Cevaplandı;05598706692;Ödeme;Evet
C002404;24.09.2026 14:58:44;Satış;Temsilci 05;1;82;35;55;Cevaplandı;05409570455;Sipariş;Evet
C002421;24.09.2026 15:04:14;Destek;;48;0;0;0;Terk;05301900464;;
C002418;24.09.2026 15:04:32;Destek;Temsilci 11;31;341;84;44;Cevaplandı;05571148100;Arıza;Evet
C002413;24.09.2026 15:04:53;Destek;Temsilci 08;9;123;0;49;Cevaplandı;05447556791;Arıza;Hayır
C002424;24.09.2026 15:06:34;Destek;Temsilci 02;16;617;30;45;Cevaplandı;05561247493;Arıza;Hayır
C002416;24.09.2026 15:07:59;Fatura;Temsilci 01;61;122;0;19;Cevaplandı;05392966320;Ödeme;Evet
C002431;24.09.2026 15:11:02;Satış;Temsilci 01;3;72;0;48;Cevaplandı;05564957834;Sipariş;Evet
C002425;24.09.2026 15:13:49;Destek;Temsilci 11;4;569;26;55;Cevaplandı;05415420641;Kurulum;Evet
C002414;24.09.2026 15:13:55;Destek;Temsilci 09;9;406;0;17;Cevaplandı;05453848078;Şikâyet;Evet
C002423;24.09.2026 15:15:25;Destek;Temsilci 06;4;184;0;44;Cevaplandı;05536429605;Kurulum;Evet
C002412;24.09.2026 15:17:28;Fatura;Temsilci 06;2;235;0;18;Cevaplandı;05542400440;Fatura itirazı;Evet
C002432;24.09.2026 15:17:39;Destek;;26;0;0;0;Terk;05435711434;;
C002420;24.09.2026 15:18:06;Destek;;24;0;0;0;Terk;05462625044;;
C002415;24.09.2026 15:19:09;Fatura;Temsilci 02;7;219;54;52;Cevaplandı;05325922997;Fatura itirazı;Evet
C002428;24.09.2026 15:19:14;Destek;Temsilci 08;1;290;0;19;Cevaplandı;05579903641;Kurulum;Evet
C002422;24.09.2026 15:19:26;Destek;Temsilci 07;24;284;0;27;Cevaplandı;05596349136;Arıza;Evet
C002430;24.09.2026 15:20:04;Satış;Temsilci 09;13;67;0;44;Cevaplandı;05363328465;Sipariş;Evet
C002419;24.09.2026 15:20:36;Destek;Temsilci 11;9;196;0;49;Cevaplandı;05399447694;Kurulum;Evet
C002411;24.09.2026 15:21:54;Destek;Temsilci 05;12;249;0;56;Cevaplandı;05595383243;Kurulum;Hayır
C002426;24.09.2026 15:24:09;Destek;Temsilci 05;1;283;0;36;Cevaplandı;05397414613;Kurulum;Evet
C002429;24.09.2026 15:24:54;Satış;Temsilci 11;15;103;60;35;Cevaplandı;05417075882;Sipariş;Evet
C002410;24.09.2026 15:26:36;Destek;Temsilci 02;11;167;49;55;Cevaplandı;05375519415;Şikâyet;Evet
C002427;24.09.2026 15:27:56;Destek;Temsilci 07;61;338;0;55;Cevaplandı;05432083785;Arıza;Evet
C002417;24.09.2026 15:29:35;Destek;Temsilci 02;5;322;0;55;Cevaplandı;05312254412;Şikâyet;Evet
C002446;24.09.2026 15:32:10;Destek;Temsilci 02;8;112;0;38;Cevaplandı;05375820701;Şikâyet;Evet
C002445;24.09.2026 15:33:04;Fatura;Temsilci 03;6;366;0;29;Cevaplandı;05429443541;Ödeme;Evet
C002433;24.09.2026 15:34:21;Destek;Temsilci 12;92;201;12;42;Cevaplandı;05576752581;Şikâyet;Evet
C002440;24.09.2026 15:34:39;Satış;Temsilci 07;10;225;0;59;Cevaplandı;05495418669;Ürün bilgisi;Evet
C002451;24.09.2026 15:35:00;Satış;Temsilci 10;11;302;0;53;Cevaplandı;05479170100;Sipariş;Hayır
C002434;24.09.2026 15:39:38;Fatura;Temsilci 07;3;603;0;19;Cevaplandı;05576137685;Fatura itirazı;Evet
C002441;24.09.2026 15:40:44;Destek;Temsilci 09;15;281;0;54;Cevaplandı;05596018580;Arıza;Evet
C002437;24.09.2026 15:41:18;Destek;;42;0;0;0;Terk;05532475470;;
C002450;24.09.2026 15:41:50;Fatura;Temsilci 12;4;429;0;48;Cevaplandı;05584827577;Fatura itirazı;Evet
C002439;24.09.2026 15:43:00;Fatura;Temsilci 05;50;194;28;34;Cevaplandı;05575721531;Ödeme;Evet
C002444;24.09.2026 15:46:16;Destek;Temsilci 12;2;365;0;30;Cevaplandı;05546823680;Şikâyet;Hayır
C002436;24.09.2026 15:46:18;Satış;Temsilci 02;10;125;0;33;Cevaplandı;05471728908;Sipariş;Evet
C002448;24.09.2026 15:51:26;Destek;;22;0;0;0;Terk;05523066047;;
C002438;24.09.2026 15:52:26;Destek;Temsilci 09;89;330;37;40;Cevaplandı;05592174303;Şikâyet;Evet
C002435;24.09.2026 15:52:52;Satış;Temsilci 06;1;187;0;40;Cevaplandı;05582349309;Ürün bilgisi;Evet
C002447;24.09.2026 15:53:08;Destek;Temsilci 05;52;447;66;33;Cevaplandı;05362930931;Kurulum;Evet
C002452;24.09.2026 15:54:21;Destek;Temsilci 04;16;231;0;58;Cevaplandı;05301426990;Arıza;Evet
C002449;24.09.2026 15:55:18;Destek;Temsilci 12;23;179;0;60;Cevaplandı;05374334054;Şikâyet;Evet
C002443;24.09.2026 15:55:30;Destek;Temsilci 04;11;156;0;57;Cevaplandı;05442824158;Kurulum;Evet
C002442;24.09.2026 15:58:22;Destek;Temsilci 01;8;152;0;24;Cevaplandı;05363199832;Arıza;Evet
C002454;24.09.2026 16:01:47;Destek;Temsilci 01;4;376;0;15;Cevaplandı;05574325828;Kurulum;Evet
C002459;24.09.2026 16:02:00;Destek;Temsilci 01;11;212;20;48;Cevaplandı;05494699463;Şikâyet;Evet
C002461;24.09.2026 16:06:59;Satış;Temsilci 11;10;6;0;28;Cevaplandı;05423772200;Ürün bilgisi;Evet
C002456;24.09.2026 16:07:34;Destek;Temsilci 03;4;126;0;39;Cevaplandı;05512723171;Şikâyet;Evet
C002457;24.09.2026 16:09:10;Satış;Temsilci 02;0;206;67;59;Cevaplandı;05458273082;Ürün bilgisi;Evet
C002460;24.09.2026 16:10:38;Satış;Temsilci 09;9;288;0;22;Cevaplandı;05573245537;Ürün bilgisi;Evet
C002455;24.09.2026 16:11:44;Destek;Temsilci 07;5;445;17;45;Cevaplandı;05447024370;Arıza;Evet
C002458;24.09.2026 16:13:34;Destek;Temsilci 09;3;209;0;50;Cevaplandı;05536020459;Şikâyet;Evet
C002453;24.09.2026 16:28:30;Destek;Temsilci 12;0;357;81;36;Cevaplandı;05332402048;Arıza;Hayır
C002476;24.09.2026 16:30:36;Satış;Temsilci 04;5;759;74;54;Cevaplandı;05571364307;Sipariş;Evet
C002473;24.09.2026 16:33:18;Fatura;Temsilci 04;5;254;0;40;Cevaplandı;05547973727;Fatura itirazı;Evet
C002472;24.09.2026 16:34:27;Fatura;Temsilci 02;1;263;0;36;Cevaplandı;05592898831;Ödeme;Evet
C002467;24.09.2026 16:36:30;Destek;;8;0;0;0;Terk;05303786303;;
C002462;24.09.2026 16:39:02;Destek;Temsilci 02;12;144;40;52;Cevaplandı;05423438213;Arıza;Evet
C002475;24.09.2026 16:39:37;Satış;Temsilci 10;3;81;0;25;Cevaplandı;05339910688;Ürün bilgisi;Evet
C002477;24.09.2026 16:44:40;Destek;Temsilci 05;18;358;0;32;Cevaplandı;05352823917;Arıza;Evet
C002470;24.09.2026 16:45:02;Destek;Temsilci 09;0;1352;0;26;Cevaplandı;05392966320;Arıza;Hayır
C002474;24.09.2026 16:46:17;Fatura;Temsilci 04;4;153;0;24;Cevaplandı;05317144319;Ödeme;Evet
C002465;24.09.2026 16:47:25;Satış;Temsilci 09;1;253;0;19;Cevaplandı;05411567735;Ürün bilgisi;Evet
C002469;24.09.2026 16:48:29;Satış;Temsilci 09;5;217;85;23;Cevaplandı;05361130024;Sipariş;Evet
C002463;24.09.2026 16:51:52;Destek;Temsilci 07;25;690;0;57;Cevaplandı;05358194229;Kurulum;Hayır
C002478;24.09.2026 16:54:03;Fatura;;3;0;0;0;Terk;05529824914;;
C002464;24.09.2026 16:55:01;Satış;Temsilci 01;6;141;0;36;Cevaplandı;05454864011;Sipariş;Hayır
C002466;24.09.2026 16:57:55;Destek;Temsilci 09;5;153;0;23;Cevaplandı;05374682255;Kurulum;Evet
C002468;24.09.2026 16:58:44;Destek;Temsilci 07;8;325;0;51;Cevaplandı;05535605859;Şikâyet;Evet
C002471;24.09.2026 16:59:44;Fatura;Temsilci 10;3;264;0;29;Cevaplandı;05548462194;Ödeme;Evet
C002485;24.09.2026 17:00:26;Fatura;Temsilci 07;2;262;0;19;Cevaplandı;05456525548;Fatura itirazı;Hayır
C002483;24.09.2026 17:01:56;Destek;Temsilci 10;2;346;0;17;Cevaplandı;05499590172;Kurulum;Evet
C002480;24.09.2026 17:02:40;Satış;Temsilci 10;15;162;0;16;Cevaplandı;05554535388;Ürün bilgisi;Evet
C002481;24.09.2026 17:02:46;Satış;Temsilci 09;9;119;0;23;Cevaplandı;05302816045;Sipariş;Evet
C002484;24.09.2026 17:05:01;Fatura;Temsilci 10;18;86;0;41;Cevaplandı;05432357066;Fatura itirazı;Hayır
C002479;24.09.2026 17:09:04;Destek;Temsilci 11;7;233;78;57;Cevaplandı;05426895634;Arıza;Evet
C002482;24.09.2026 17:09:52;Destek;;0;0;0;0;Terk;05545541080;;
C002494;24.09.2026 17:30:13;Destek;Temsilci 11;1;376;0;16;Cevaplandı;05303809829;Arıza;Evet
C002489;24.09.2026 17:30:27;Fatura;Temsilci 04;1;150;0;23;Cevaplandı;05489906320;Ödeme;Evet
C002493;24.09.2026 17:35:41;Fatura;Temsilci 07;7;448;0;55;Cevaplandı;05495498679;Ödeme;Evet
C002491;24.09.2026 17:45:16;Destek;Temsilci 06;16;360;83;55;Cevaplandı;05304271151;Kurulum;Evet
C002488;24.09.2026 17:48:14;Destek;Temsilci 11;0;3;0;54;Cevaplandı;05404765820;Şikâyet;Evet
C002492;24.09.2026 17:50:23;Satış;Temsilci 02;6;116;0;27;Cevaplandı;05308011074;Ürün bilgisi;Evet
C002487;24.09.2026 17:51:50;Fatura;Temsilci 11;3;234;59;37;Cevaplandı;05354211399;Ödeme;Evet
C002490;24.09.2026 17:52:31;Satış;Temsilci 05;15;167;0;57;Cevaplandı;05468726469;Sipariş;Evet
C002486;24.09.2026 17:58:07;Fatura;Temsilci 03;2;547;21;42;Cevaplandı;05526877014;Fatura itirazı;Evet
C002502;25.09.2026 09:09:23;Fatura;Temsilci 09;2;133;0;16;Cevaplandı;05516052901;Ödeme;Hayır
C002495;25.09.2026 09:11:40;Destek;Temsilci 04;1;105;0;29;Cevaplandı;05358158806;Kurulum;Hayır
C002497;25.09.2026 09:12:51;Destek;Temsilci 06;10;378;0;39;Cevaplandı;05396886936;Şikâyet;Evet
C002498;25.09.2026 09:14:08;Fatura;Temsilci 01;9;240;0;22;Cevaplandı;05555573731;Ödeme;Evet
C002500;25.09.2026 09:20:03;Destek;Temsilci 02;21;176;0;45;Cevaplandı;05333896590;Arıza;Evet
C002501;25.09.2026 09:22:20;Destek;Temsilci 09;10;132;52;53;Cevaplandı;05575981550;Kurulum;Evet
C002496;25.09.2026 09:23:07;Destek;Temsilci 08;3;225;0;18;Cevaplandı;05406940752;Arıza;Evet
C002503;25.09.2026 09:28:45;Destek;Temsilci 04;1;299;0;34;Cevaplandı;05374668321;Kurulum;Evet
C002499;25.09.2026 09:28:53;Destek;Temsilci 12;13;439;0;52;Cevaplandı;05405151901;Kurulum;Evet
C002511;25.09.2026 09:31:09;Fatura;Temsilci 07;1;274;0;33;Cevaplandı;05362754338;Ödeme;Evet
C002508;25.09.2026 09:36:13;Destek;Temsilci 07;1;250;0;29;Cevaplandı;05302747501;Arıza;Evet
C002514;25.09.2026 09:41:27;Satış;Temsilci 09;3;441;0;51;Cevaplandı;05426318202;Sipariş;Hayır
C002504;25.09.2026 09:43:21;Satış;Temsilci 12;3;318;0;55;Cevaplandı;05482960050;Sipariş;Evet
C002506;25.09.2026 09:45:30;Satış;Temsilci 07;1;261;47;46;Cevaplandı;05355968932;Ürün bilgisi;Evet
C002505;25.09.2026 09:51:24;Destek;Temsilci 05;13;260;0;57;Cevaplandı;05346768204;Şikâyet;Evet
C002512;25.09.2026 09:53:36;Destek;Temsilci 06;2;181;40;33;Cevaplandı;05517013096;Arıza;Evet
C002513;25.09.2026 09:53:46;Destek;Temsilci 02;1;248;0;25;Cevaplandı;05564635261;Şikâyet;Evet
C002510;25.09.2026 09:56:11;Fatura;Temsilci 02;1;282;60;32;Cevaplandı;05457400380;Fatura itirazı;Evet
C002507;25.09.2026 09:56:26;Destek;Temsilci 04;1;245;0;36;Cevaplandı;05347338251;Arıza;Evet
C002509;25.09.2026 09:58:41;Destek;;4;0;0;0;Terk;05318829273;;
C002529;25.09.2026 10:01:24;Destek;Temsilci 07;6;798;0;25;Cevaplandı;05582959704;Arıza;Evet
C002517;25.09.2026 10:01:46;Satış;Temsilci 05;8;82;86;19;Cevaplandı;05395285722;Ürün bilgisi;Evet
C002528;25.09.2026 10:02:11;Fatura;;11;0;0;0;Terk;05434928861;;
C002530;25.09.2026 10:04:13;Destek;Temsilci 01;11;202;0;35;Cevaplandı;05583579757;Kurulum;Evet
C002524;25.09.2026 10:05:43;Fatura;;18;0;0;0;Terk;05524237006;;
C002525;25.09.2026 10:06:22;Destek;Temsilci 05;19;218;0;28;Cevaplandı;05317946603;Arıza;Hayır
C002533;25.09.2026 10:07:14;Fatura;Temsilci 06;40;179;0;52;Cevaplandı;05331435277;Fatura itirazı;Evet
C002522;25.09.2026 10:08:38;Destek;Temsilci 03;10;186;0;23;Cevaplandı;05417075882;Arıza;Hayır
C002519;25.09.2026 10:10:35;Destek;Temsilci 10;7;92;0;24;Cevaplandı;05315368178;Arıza;Evet
C002523;25.09.2026 10:12:23;Destek;Temsilci 04;6;205;71;44;Cevaplandı;05541786356;Şikâyet;Evet
C002520;25.09.2026 10:13:44;Fatura;Temsilci 04;27;129;81;28;Cevaplandı;05546534797;Ödeme;Evet
C002521;25.09.2026 10:16:29;Fatura;Temsilci 04;2;325;46;35;Cevaplandı;05502851067;Ödeme;Evet
C002515;25.09.2026 10:18:47;Satış;Temsilci 11;36;125;57;40;Cevaplandı;05584323079;Ürün bilgisi;Evet
C002516;25.09.2026 10:18:49;Destek;Temsilci 10;54;302;0;36;Cevaplandı;05427207786;Arıza;Evet
C002531;25.09.2026 10:20:11;Fatura;;23;0;0;0;Terk;05331087738;;
C002532;25.09.2026 10:20:58;Destek;Temsilci 11;6;160;0;36;Cevaplandı;05455661902;Kurulum;Evet
C002527;25.09.2026 10:23:37;Satış;Temsilci 09;19;256;0;19;Cevaplandı;05507713810;Sipariş;Evet
C002518;25.09.2026 10:24:06;Satış;Temsilci 11;6;165;40;53;Cevaplandı;05534839308;Ürün bilgisi;Evet
C002526;25.09.2026 10:28:23;Destek;Temsilci 09;7;168;31;37;Cevaplandı;05351717880;Arıza;Evet
C002535;25.09.2026 10:37:46;Satış;Temsilci 05;24;245;0;47;Cevaplandı;05537316697;Ürün bilgisi;Evet
C002538;25.09.2026 10:41:18;Destek;Temsilci 06;11;261;0;22;Cevaplandı;05449198382;Kurulum;Evet
C002540;25.09.2026 10:42:21;Destek;Temsilci 02;28;190;0;39;Cevaplandı;05569147337;Arıza;Evet
C002544;25.09.2026 10:42:34;Fatura;Temsilci 07;22;181;0;18;Cevaplandı;05495046074;Fatura itirazı;Evet
C002542;25.09.2026 10:43:15;Fatura;Temsilci 04;6;387;0;39;Cevaplandı;05329236968;Ödeme;Evet
C002543;25.09.2026 10:43:59;Fatura;Temsilci 04;21;131;19;57;Cevaplandı;05581783322;Fatura itirazı;Evet
C002545;25.09.2026 10:45:21;Satış;Temsilci 01;14;152;0;21;Cevaplandı;05334049162;Sipariş;Hayır
C002539;25.09.2026 10:46:30;Destek;Temsilci 09;24;150;0;18;Cevaplandı;05372031865;Kurulum;Hayır
C002534;25.09.2026 10:47:19;Fatura;Temsilci 07;3;147;0;57;Cevaplandı;05342835854;Fatura itirazı;Hayır
C002537;25.09.2026 10:51:40;Destek;Temsilci 05;28;406;0;47;Cevaplandı;05448868918;Şikâyet;Evet
C002546;25.09.2026 10:51:50;Satış;Temsilci 11;4;254;0;29;Cevaplandı;05554891510;Ürün bilgisi;Evet
C002541;25.09.2026 10:56:14;Satış;Temsilci 01;9;173;62;50;Cevaplandı;05459317931;Sipariş;Evet
C002536;25.09.2026 10:59:25;Destek;Temsilci 04;36;527;0;35;Cevaplandı;05334845528;Şikâyet;Evet
C002560;25.09.2026 11:00:42;Fatura;Temsilci 10;5;220;0;37;Cevaplandı;05447577384;Fatura itirazı;Hayır
C002557;25.09.2026 11:01:06;Destek;Temsilci 04;22;228;0;53;Cevaplandı;05572141985;Şikâyet;Hayır
C002553;25.09.2026 11:02:27;Destek;Temsilci 12;6;312;72;55;Cevaplandı;05369129253;Kurulum;Evet
C002556;25.09.2026 11:07:21;Satış;Temsilci 03;12;221;0;34;Cevaplandı;05498153961;Sipariş;Evet
C002562;25.09.2026 11:08:08;Satış;Temsilci 11;1;134;83;18;Cevaplandı;05599950343;Ürün bilgisi;Evet
C002554;25.09.2026 11:08:47;Fatura;Temsilci 07;18;256;0;34;Cevaplandı;05546851727;Ödeme;Evet
C002567;25.09.2026 11:10:43;Destek;Temsilci 08;83;353;50;58;Cevaplandı;05446124930;Şikâyet;Hayır
C002565;25.09.2026 11:12:07;Destek;Temsilci 08;22;374;0;40;Cevaplandı;05554557528;Arıza;Evet
C002563;25.09.2026 11:12:53;Destek;Temsilci 06;11;182;0;26;Cevaplandı;05343522346;Kurulum;Evet
C002559;25.09.2026 11:14:34;Destek;Temsilci 10;1;90;0;51;Cevaplandı;05379309958;Kurulum;Hayır
C002547;25.09.2026 11:15:50;Destek;Temsilci 05;13;187;0;17;Cevaplandı;05593250648;Şikâyet;Hayır
C002555;25.09.2026 11:17:33;Destek;Temsilci 05;26;464;89;57;Cevaplandı;05318661672;Arıza;Evet
C002568;25.09.2026 11:18:08;Satış;Temsilci 11;3;91;0;54;Cevaplandı;05397823050;Sipariş;Hayır
C002566;25.09.2026 11:19:27;Destek;Temsilci 02;4;175;0;25;Cevaplandı;05585832752;Kurulum;Hayır
C002561;25.09.2026 11:19:36;Destek;Temsilci 07;36;595;0;18;Cevaplandı;05392136820;Şikâyet;Evet
C002564;25.09.2026 11:21:10;Fatura;Temsilci 04;12;234;0;43;Cevaplandı;05435897988;Ödeme;Evet
C002550;25.09.2026 11:24:46;Destek;Temsilci 05;5;198;61;24;Cevaplandı;05491980386;Arıza;Evet
C002558;25.09.2026 11:26:13;Satış;Temsilci 05;9;126;0;24;Cevaplandı;05491870590;Sipariş;Evet
C002549;25.09.2026 11:26:31;Satış;Temsilci 03;21;123;0;52;Cevaplandı;05364294599;Sipariş;Evet
C002552;25.09.2026 11:27:40;Satış;Temsilci 06;19;95;0;42;Cevaplandı;05511795600;Sipariş;Evet
C002551;25.09.2026 11:27:46;Fatura;Temsilci 01;5;248;0;18;Cevaplandı;05447610858;Fatura itirazı;Evet
C002548;25.09.2026 11:27:58;Satış;Temsilci 06;7;150;0;17;Cevaplandı;05308388423;Ürün bilgisi;Hayır
C002576;25.09.2026 11:31:09;Fatura;Temsilci 10;20;148;0;26;Cevaplandı;05446937274;Fatura itirazı;Hayır
C002571;25.09.2026 11:33:12;Fatura;Temsilci 04;9;232;0;50;Cevaplandı;05522734684;Fatura itirazı;Hayır
C002574;25.09.2026 11:33:31;Destek;Temsilci 09;37;325;0;37;Cevaplandı;05331868916;Şikâyet;Hayır
C002586;25.09.2026 11:33:35;Fatura;Temsilci 08;17;154;0;34;Cevaplandı;05449654441;Ödeme;Hayır
C002578;25.09.2026 11:33:42;Destek;Temsilci 04;34;227;0;40;Cevaplandı;05512390306;Arıza;Evet
C002572;25.09.2026 11:34:06;Destek;Temsilci 07;29;329;0;43;Cevaplandı;05481354551;Kurulum;Evet
C002584;25.09.2026 11:35:02;Satış;Temsilci 05;16;259;0;59;Cevaplandı;05387458000;Sipariş;Hayır
C002582;25.09.2026 11:35:17;Destek;Temsilci 03;31;243;0;22;Cevaplandı;05385750687;Şikâyet;Evet
C002581;25.09.2026 11:36:15;Destek;Temsilci 09;19;242;0;51;Cevaplandı;05397312975;Arıza;Evet
C002583;25.09.2026 11:36:16;Satış;Temsilci 03;33;204;79;40;Cevaplandı;05303716054;Ürün bilgisi;Evet
C002579;25.09.2026 11:36:30;Destek;Temsilci 11;1;134;0;42;Cevaplandı;05491808840;Kurulum;Evet
C002587;25.09.2026 11:40:22;Destek;Temsilci 04;30;181;90;48;Cevaplandı;05428938889;Kurulum;Evet
C002569;25.09.2026 11:41:19;Destek;Temsilci 10;64;133;0;45;Cevaplandı;05363121401;Arıza;Evet
C002575;25.09.2026 11:41:26;Satış;Temsilci 04;18;105;0;36;Cevaplandı;05493973600;Sipariş;Evet
C002585;25.09.2026 11:42:09;Satış;Temsilci 02;10;277;0;28;Cevaplandı;05372736920;Ürün bilgisi;Evet
C002573;25.09.2026 11:44:47;Fatura;Temsilci 06;9;85;0;60;Cevaplandı;05386306792;Fatura itirazı;Evet
C002580;25.09.2026 11:46:20;Destek;;27;0;0;0;Terk;05535204168;;
C002589;25.09.2026 11:47:17;Destek;Temsilci 08;40;66;80;55;Cevaplandı;05343822665;Arıza;Evet
C002588;25.09.2026 11:47:52;Fatura;Temsilci 11;16;295;19;25;Cevaplandı;05431664675;Ödeme;Hayır
C002590;25.09.2026 11:49:56;Fatura;;50;0;0;0;Terk;05446691269;;
C002570;25.09.2026 11:54:08;Fatura;Temsilci 04;2;134;0;33;Cevaplandı;05535404780;Ödeme;Evet
C002577;25.09.2026 11:59:20;Destek;Temsilci 06;1;183;0;24;Cevaplandı;05413038231;Şikâyet;Evet
C002603;25.09.2026 12:00:47;Destek;Temsilci 03;6;361;0;22;Cevaplandı;05582959704;Şikâyet;Evet
C002593;25.09.2026 12:02:33;Destek;Temsilci 06;6;196;0;45;Cevaplandı;05496242278;Kurulum;Evet
C002606;25.09.2026 12:04:25;Destek;Temsilci 02;7;303;0;19;Cevaplandı;05408715746;Şikâyet;Evet
C002602;25.09.2026 12:05:45;Destek;Temsilci 06;22;274;78;23;Cevaplandı;05585774114;Şikâyet;Evet
C002604;25.09.2026 12:07:32;Destek;Temsilci 01;7;243;0;60;Cevaplandı;05448743046;Arıza;Evet
C002591;25.09.2026 12:08:00;Destek;Temsilci 12;1;768;0;27;Cevaplandı;05361344626;Şikâyet;Evet
C002605;25.09.2026 12:11:43;Fatura;Temsilci 09;19;250;0;55;Cevaplandı;05393366592;Fatura itirazı;Evet
C002598;25.09.2026 12:14:21;Satış;Temsilci 03;6;54;0;29;Cevaplandı;05472769934;Sipariş;Evet
C002600;25.09.2026 12:15:54;Satış;Temsilci 07;8;385;0;39;Cevaplandı;05521100015;Sipariş;Hayır
C002594;25.09.2026 12:16:06;Destek;Temsilci 07;27;256;48;58;Cevaplandı;05526350657;Arıza;Evet
C002595;25.09.2026 12:16:15;Destek;Temsilci 03;5;300;0;37;Cevaplandı;05462503236;Kurulum;Evet
C002607;25.09.2026 12:16:32;Destek;;6;0;0;0;Terk;05398125792;;
C002599;25.09.2026 12:20:27;Destek;Temsilci 05;0;167;0;43;Cevaplandı;05377144591;Arıza;Evet
C002592;25.09.2026 12:23:46;Satış;Temsilci 07;4;161;0;55;Cevaplandı;05359354567;Ürün bilgisi;Evet
C002597;25.09.2026 12:24:13;Destek;Temsilci 08;0;371;68;25;Cevaplandı;05418176487;Kurulum;Evet
C002601;25.09.2026 12:25:59;Fatura;Temsilci 06;4;209;0;27;Cevaplandı;05459131249;Ödeme;Evet
C002596;25.09.2026 12:28:44;Destek;Temsilci 06;3;318;0;20;Cevaplandı;05552117564;Kurulum;Evet
C002617;25.09.2026 12:30:49;Destek;Temsilci 11;2;386;0;32;Cevaplandı;05534467816;Şikâyet;Evet
C002619;25.09.2026 12:31:28;Fatura;Temsilci 09;5;463;0;31;Cevaplandı;05406678765;Fatura itirazı;Evet
C002618;25.09.2026 12:32:06;Fatura;Temsilci 10;7;142;0;59;Cevaplandı;05582944243;Fatura itirazı;Evet
C002611;25.09.2026 12:32:31;Satış;Temsilci 05;2;207;10;41;Cevaplandı;05558925817;Sipariş;Evet
C002615;25.09.2026 12:34:27;Destek;Temsilci 11;8;463;0;53;Cevaplandı;05538152834;Şikâyet;Evet
C002609;25.09.2026 12:37:29;Satış;Temsilci 12;0;203;0;55;Cevaplandı;05481005005;Sipariş;Evet
C002613;25.09.2026 12:43:11;Destek;Temsilci 06;11;514;0;49;Cevaplandı;05345949806;Şikâyet;Evet
C002610;25.09.2026 12:47:32;Satış;Temsilci 05;9;281;0;34;Cevaplandı;05548513232;Ürün bilgisi;Evet
C002612;25.09.2026 12:48:59;Fatura;Temsilci 02;5;190;0;40;Cevaplandı;05423689231;Fatura itirazı;Evet
C002608;25.09.2026 12:49:44;Destek;Temsilci 10;0;380;0;58;Cevaplandı;05504246376;Şikâyet;Evet
C002616;25.09.2026 12:55:04;Destek;Temsilci 03;12;535;0;46;Cevaplandı;05325681865;Kurulum;Evet
C002614;25.09.2026 12:58:43;Destek;Temsilci 12;4;183;0;49;Cevaplandı;05575575850;Arıza;Evet
C002632;25.09.2026 13:07:58;Satış;Temsilci 12;9;144;0;55;Cevaplandı;05325198976;Sipariş;Evet
C002627;25.09.2026 13:10:33;Fatura;;3;0;0;0;Terk;05568319759;;
C002625;25.09.2026 13:13:23;Satış;Temsilci 07;3;505;90;51;Cevaplandı;05547956387;Sipariş;Hayır
C002633;25.09.2026 13:13:47;Fatura;Temsilci 05;1;95;33;44;Cevaplandı;05462884397;Fatura itirazı;Evet
C002630;25.09.2026 13:15:07;Destek;Temsilci 09;5;770;0;16;Cevaplandı;05483070309;Şikâyet;Evet
C002634;25.09.2026 13:16:46;Destek;Temsilci 10;1;258;0;52;Cevaplandı;05353061427;Şikâyet;Evet
C002624;25.09.2026 13:19:41;Destek;Temsilci 08;11;456;0;56;Cevaplandı;05524934656;Şikâyet;Evet
C002621;25.09.2026 13:20:45;Destek;Temsilci 05;7;278;0;44;Cevaplandı;05524564461;Arıza;Hayır
C002620;25.09.2026 13:21:16;Destek;Temsilci 12;27;267;0;20;Cevaplandı;05356028733;Kurulum;Evet
C002622;25.09.2026 13:21:56;Fatura;Temsilci 02;0;251;0;18;Cevaplandı;05304026401;Ödeme;Evet
C002623;25.09.2026 13:23:25;Fatura;Temsilci 09;7;296;0;17;Cevaplandı;05375390614;Ödeme;Evet
C002626;25.09.2026 13:23:59;Fatura;Temsilci 07;3;232;29;21;Cevaplandı;05576589872;Fatura itirazı;Evet
C002628;25.09.2026 13:27:54;Destek;Temsilci 04;7;368;18;17;Cevaplandı;05382404493;Arıza;Evet
C002631;25.09.2026 13:28:56;Destek;Temsilci 03;4;190;0;22;Cevaplandı;05376721254;Kurulum;Evet
C002629;25.09.2026 13:29:45;Satış;Temsilci 01;5;96;0;38;Cevaplandı;05472416123;Ürün bilgisi;Evet
C002643;25.09.2026 13:31:14;Fatura;Temsilci 12;0;65;0;34;Cevaplandı;05431580417;Ödeme;Evet
C002645;25.09.2026 13:32:12;Fatura;Temsilci 06;6;169;90;33;Cevaplandı;05492025657;Fatura itirazı;Hayır
C002636;25.09.2026 13:35:58;Satış;Temsilci 08;6;178;51;35;Cevaplandı;05425684528;Ürün bilgisi;Evet
C002640;25.09.2026 13:41:38;Destek;Temsilci 05;9;226;0;48;Cevaplandı;05459089253;Kurulum;Hayır
C002641;25.09.2026 13:42:36;Destek;Temsilci 01;3;507;0;23;Cevaplandı;05572344500;Şikâyet;Evet
C002637;25.09.2026 13:43:15;Satış;Temsilci 04;1;425;0;42;Cevaplandı;05559634754;Ürün bilgisi;Hayır
C002646;25.09.2026 13:47:00;Destek;Temsilci 11;0;275;0;32;Cevaplandı;05547193375;Arıza;Evet
C002644;25.09.2026 13:47:53;Destek;Temsilci 08;5;360;85;47;Cevaplandı;05313068283;Kurulum;Evet
C002642;25.09.2026 13:54:33;Destek;Temsilci 01;15;151;0;34;Cevaplandı;05492303532;Şikâyet;Evet
C002638;25.09.2026 13:54:46;Destek;Temsilci 11;0;379;0;23;Cevaplandı;05527720109;Şikâyet;Evet
C002635;25.09.2026 13:56:23;Destek;Temsilci 10;9;295;0;27;Cevaplandı;05311589626;Kurulum;Hayır
C002639;25.09.2026 13:57:35;Satış;Temsilci 02;19;408;0;30;Cevaplandı;05305358912;Ürün bilgisi;Evet
C002651;25.09.2026 14:05:08;Destek;Temsilci 11;2;261;65;34;Cevaplandı;05448868918;Şikâyet;Evet
C002660;25.09.2026 14:06:37;Destek;Temsilci 08;8;461;0;58;Cevaplandı;05547193375;Kurulum;Hayır
C002661;25.09.2026 14:06:38;Destek;Temsilci 05;4;354;0;55;Cevaplandı;05415637027;Kurulum;Evet
C002656;25.09.2026 14:06:57;Destek;Temsilci 01;7;209;0;25;Cevaplandı;05338260875;Kurulum;Hayır
C002658;25.09.2026 14:07:33;Satış;Temsilci 10;3;276;0;34;Cevaplandı;05363889837;Ürün bilgisi;Evet
C002663;25.09.2026 14:08:29;Fatura;Temsilci 10;4;264;0;24;Cevaplandı;05396045405;Fatura itirazı;Evet
C002655;25.09.2026 14:08:40;Destek;Temsilci 03;0;129;0;59;Cevaplandı;05401484588;Şikâyet;Evet
C002669;25.09.2026 14:12:00;Destek;Temsilci 01;1;510;0;50;Cevaplandı;05404765820;Arıza;Hayır
C002649;25.09.2026 14:13:12;Destek;Temsilci 07;18;347;0;25;Cevaplandı;05486729192;Kurulum;Evet
C002659;25.09.2026 14:14:11;Satış;Temsilci 08;1;102;0;54;Cevaplandı;05427847063;Sipariş;Evet
C002666;25.09.2026 14:15:59;Destek;Temsilci 11;8;273;0;16;Cevaplandı;05427186031;Arıza;Evet
C002654;25.09.2026 14:16:50;Satış;Temsilci 09;12;273;0;18;Cevaplandı;05441696482;Sipariş;Evet
C002662;25.09.2026 14:18:05;Destek;Temsilci 12;28;391;0;21;Cevaplandı;05333856093;Şikâyet;Evet
C002667;25.09.2026 14:18:09;Destek;Temsilci 06;6;345;0;41;Cevaplandı;05559649064;Kurulum;Hayır
C002648;25.09.2026 14:18:34;Satış;Temsilci 03;0;257;0;18;Cevaplandı;05359076080;Sipariş;Hayır
C002650;25.09.2026 14:20:09;Satış;Temsilci 05;0;279;0;58;Cevaplandı;05572643216;Ürün bilgisi;Hayır
C002652;25.09.2026 14:24:33;Destek;Temsilci 08;0;135;0;54;Cevaplandı;05394569062;Kurulum;Evet
C002657;25.09.2026 14:24:41;Destek;Temsilci 01;3;161;0;23;Cevaplandı;05435589957;Şikâyet;Hayır
C002665;25.09.2026 14:25:34;Destek;Temsilci 01;9;383;0;51;Cevaplandı;05336810483;Şikâyet;Evet
C002647;25.09.2026 14:26:05;Destek;Temsilci 11;1;197;76;18;Cevaplandı;05429325186;Arıza;Evet
C002668;25.09.2026 14:26:23;Destek;Temsilci 11;2;231;88;59;Cevaplandı;05377479511;Kurulum;Evet
C002653;25.09.2026 14:27:16;Satış;Temsilci 01;7;234;0;21;Cevaplandı;05452764606;Sipariş;Evet
C002664;25.09.2026 14:27:37;Fatura;Temsilci 05;21;139;0;30;Cevaplandı;05408748108;Ödeme;Evet
C002676;25.09.2026 14:30:54;Destek;Temsilci 02;10;319;0;52;Cevaplandı;05315545138;Arıza;Evet
C002674;25.09.2026 14:32:08;Destek;Temsilci 11;11;171;23;42;Cevaplandı;05497584429;Arıza;Evet
C002681;25.09.2026 14:32:59;Destek;Temsilci 03;12;224;13;40;Cevaplandı;05457559267;Şikâyet;Hayır
C002685;25.09.2026 14:35:07;Satış;Temsilci 10;0;202;35;36;Cevaplandı;05521142222;Sipariş;Evet
C002673;25.09.2026 14:35:35;Destek;Temsilci 07;25;497;0;30;Cevaplandı;05566469552;Şikâyet;Evet
C002672;25.09.2026 14:35:51;Destek;Temsilci 03;3;154;0;25;Cevaplandı;05581514507;Arıza;Evet
C002684;25.09.2026 14:37:29;Satış;Temsilci 08;5;90;0;54;Cevaplandı;05489174117;Ürün bilgisi;Evet
C002671;25.09.2026 14:39:21;Destek;Temsilci 10;1;388;0;15;Cevaplandı;05482619757;Arıza;Evet
C002678;25.09.2026 14:41:51;Satış;Temsilci 07;19;370;0;23;Cevaplandı;05309884829;Sipariş;Hayır
C002683;25.09.2026 14:46:13;Destek;Temsilci 09;8;78;0;33;Cevaplandı;05538089218;Arıza;Evet
C002677;25.09.2026 14:46:19;Fatura;Temsilci 11;4;228;0;39;Cevaplandı;05585781743;Fatura itirazı;Evet
C002670;25.09.2026 14:47:31;Fatura;Temsilci 07;3;200;0;25;Cevaplandı;05471293761;Ödeme;Hayır
C002687;25.09.2026 14:49:45;Satış;Temsilci 12;3;145;0;25;Cevaplandı;05307442742;Ürün bilgisi;Evet
C002686;25.09.2026 14:51:52;Destek;Temsilci 09;6;316;0;23;Cevaplandı;05359974568;Arıza;Evet
C002688;25.09.2026 14:52:54;Fatura;Temsilci 06;5;138;0;15;Cevaplandı;05554339651;Ödeme;Evet
C002675;25.09.2026 14:53:33;Fatura;Temsilci 04;3;89;0;47;Cevaplandı;05526457665;Ödeme;Evet
C002682;25.09.2026 14:57:21;Fatura;Temsilci 05;10;195;0;27;Cevaplandı;05578942728;Ödeme;Evet
C002680;25.09.2026 14:57:24;Satış;Temsilci 02;14;81;0;55;Cevaplandı;05307569991;Ürün bilgisi;Evet
C002679;25.09.2026 14:58:08;Destek;Temsilci 05;1;271;67;27;Cevaplandı;05303645203;Şikâyet;Evet
C002693;25.09.2026 15:00:21;Satış;Temsilci 06;11;253;0;31;Cevaplandı;05519013566;Ürün bilgisi;Evet
C002703;25.09.2026 15:02:52;Satış;;34;0;0;0;Terk;05564160934;;
C002692;25.09.2026 15:04:07;Fatura;Temsilci 01;35;244;0;45;Cevaplandı;05503820381;Fatura itirazı;Evet
C002697;25.09.2026 15:07:44;Fatura;Temsilci 09;11;201;0;23;Cevaplandı;05349302765;Fatura itirazı;Evet
C002690;25.09.2026 15:11:35;Destek;Temsilci 03;5;140;12;59;Cevaplandı;05368490880;Arıza;Evet
C002700;25.09.2026 15:14:16;Destek;Temsilci 10;51;193;43;56;Cevaplandı;05434434985;Şikâyet;Evet
C002705;25.09.2026 15:15:10;Destek;;1;0;0;0;Terk;05453157333;;
C002701;25.09.2026 15:17:29;Satış;Temsilci 01;30;179;0;24;Cevaplandı;05441436507;Ürün bilgisi;Evet
C002702;25.09.2026 15:18:48;Destek;Temsilci 06;24;246;0;38;Cevaplandı;05307966073;Şikâyet;Hayır
C002695;25.09.2026 15:19:24;Destek;Temsilci 06;1;195;0;39;Cevaplandı;05563136990;Arıza;Hayır
C002689;25.09.2026 15:23:53;Destek;;6;0;0;0;Terk;05489231511;;
C002704;25.09.2026 15:24:38;Destek;Temsilci 06;23;252;0;49;Cevaplandı;05415888652;Kurulum;Evet
C002698;25.09.2026 15:25:06;Destek;Temsilci 10;9;277;0;52;Cevaplandı;05413468168;Kurulum;Hayır
C002696;25.09.2026 15:26:30;Destek;Temsilci 06;8;63;0;45;Cevaplandı;05403846871;Kurulum;Evet
C002691;25.09.2026 15:27:33;Satış;Temsilci 08;94;224;0;29;Cevaplandı;05408289561;Sipariş;Evet
C002694;25.09.2026 15:27:53;Destek;Temsilci 07;100;311;19;55;Cevaplandı;05428782475;Arıza;Evet
C002699;25.09.2026 15:29:34;Destek;Temsilci 10;18;128;88;45;Cevaplandı;05357449373;Şikâyet;Evet
C002714;25.09.2026 15:31:15;Destek;Temsilci 09;16;406;0;56;Cevaplandı;05559013308;Şikâyet;Evet
C002715;25.09.2026 15:31:19;Satış;Temsilci 08;35;252;88;30;Cevaplandı;05577655875;Ürün bilgisi;Hayır
C002716;25.09.2026 15:33:54;Destek;Temsilci 04;4;176;0;49;Cevaplandı;05373980175;Arıza;Hayır
C002711;25.09.2026 15:36:06;Fatura;Temsilci 01;2;269;0;21;Cevaplandı;05593675120;Fatura itirazı;Evet
C002706;25.09.2026 15:37:19;Destek;Temsilci 07;35;657;11;18;Cevaplandı;05461781932;Kurulum;Hayır
C002708;25.09.2026 15:40:25;Satış;Temsilci 01;22;256;17;30;Cevaplandı;05333616805;Sipariş;Evet
C002709;25.09.2026 15:41:51;Destek;Temsilci 09;3;329;0;45;Cevaplandı;05543154133;Şikâyet;Evet
C002717;25.09.2026 15:42:00;Destek;Temsilci 01;40;191;0;15;Cevaplandı;05523823273;Şikâyet;Evet
C002720;25.09.2026 15:42:20;Satış;Temsilci 07;0;515;0;51;Cevaplandı;05311027332;Sipariş;Evet
C002713;25.09.2026 15:42:22;Destek;Temsilci 04;1;336;0;52;Cevaplandı;05346088962;Kurulum;Evet
C002718;25.09.2026 15:45:19;Satış;Temsilci 09;11;244;0;39;Cevaplandı;05555989520;Sipariş;Hayır
C002712;25.09.2026 15:45:47;Fatura;Temsilci 12;8;282;20;16;Cevaplandı;05331748370;Ödeme;Evet
C002721;25.09.2026 15:46:33;Destek;Temsilci 05;29;243;0;38;Cevaplandı;05593593744;Şikâyet;Evet
C002722;25.09.2026 15:49:51;Destek;Temsilci 02;10;274;0;29;Cevaplandı;05518419756;Kurulum;Hayır
C002707;25.09.2026 15:52:32;Satış;;15;0;0;0;Terk;05593700785;;
C002710;25.09.2026 15:55:56;Destek;;13;0;0;0;Terk;05502224597;;
C002719;25.09.2026 15:57:19;Destek;Temsilci 11;22;156;0;22;Cevaplandı;05538545023;Arıza;Hayır
C002727;25.09.2026 16:01:45;Fatura;Temsilci 07;13;183;0;40;Cevaplandı;05353760871;Ödeme;Evet
C002730;25.09.2026 16:03:09;Destek;Temsilci 05;1;718;0;31;Cevaplandı;05374449700;Arıza;Evet
C002728;25.09.2026 16:04:38;Destek;Temsilci 06;6;174;75;38;Cevaplandı;05446832772;Kurulum;Evet
C002735;25.09.2026 16:05:11;Destek;Temsilci 11;20;249;0;54;Cevaplandı;05574721081;Arıza;Evet
C002725;25.09.2026 16:05:45;Destek;Temsilci 08;6;739;0;27;Cevaplandı;05331602077;Şikâyet;Evet
C002729;25.09.2026 16:06:23;Destek;Temsilci 10;0;538;17;58;Cevaplandı;05384600341;Arıza;Evet
C002737;25.09.2026 16:06:33;Satış;Temsilci 01;8;246;0;42;Cevaplandı;05578319165;Sipariş;Evet
C002736;25.09.2026 16:09:56;Destek;Temsilci 02;4;564;0;17;Cevaplandı;05558931275;Arıza;Evet
C002731;25.09.2026 16:10:54;Satış;Temsilci 03;3;151;31;23;Cevaplandı;05433157555;Ürün bilgisi;Evet
C002724;25.09.2026 16:12:04;Satış;Temsilci 01;10;235;0;53;Cevaplandı;05329006723;Ürün bilgisi;Evet
C002734;25.09.2026 16:12:44;Fatura;Temsilci 12;12;258;28;44;Cevaplandı;05496732531;Fatura itirazı;Evet
C002723;25.09.2026 16:19:39;Satış;Temsilci 08;13;319;64;56;Cevaplandı;05537054694;Sipariş;Evet
C002732;25.09.2026 16:20:07;Destek;Temsilci 04;6;296;0;23;Cevaplandı;05334298694;Kurulum;Hayır
C002726;25.09.2026 16:25:18;Destek;Temsilci 07;14;206;54;34;Cevaplandı;05564654818;Arıza;Evet
C002733;25.09.2026 16:28:41;Destek;Temsilci 11;3;212;0;18;Cevaplandı;05349302765;Şikâyet;Evet
C002742;25.09.2026 16:30:46;Destek;Temsilci 10;8;435;0;31;Cevaplandı;05357282401;Arıza;Evet
C002746;25.09.2026 16:32:10;Destek;Temsilci 10;14;61;0;39;Cevaplandı;05521735562;Arıza;Evet
C002744;25.09.2026 16:32:32;Satış;Temsilci 10;6;313;21;22;Cevaplandı;05432409056;Sipariş;Evet
C002745;25.09.2026 16:34:35;Destek;Temsilci 02;4;371;50;26;Cevaplandı;05565997424;Şikâyet;Evet
C002739;25.09.2026 16:37:49;Fatura;Temsilci 03;3;254;0;27;Cevaplandı;05485888035;Ödeme;Evet
C002740;25.09.2026 16:38:26;Destek;Temsilci 03;10;312;0;32;Cevaplandı;05422758219;Kurulum;Evet
C002751;25.09.2026 16:38:31;Fatura;;10;0;0;0;Terk;05565337757;;
C002747;25.09.2026 16:44:19;Destek;Temsilci 10;2;125;0;33;Cevaplandı;05546775434;Kurulum;Evet
C002743;25.09.2026 16:47:28;Destek;Temsilci 01;0;279;0;37;Cevaplandı;05321102209;Arıza;Evet
C002738;25.09.2026 16:52:22;Destek;Temsilci 12;10;225;0;21;Cevaplandı;05343447876;Arıza;Hayır
C002741;25.09.2026 16:52:39;Satış;Temsilci 01;6;92;0;27;Cevaplandı;05347247481;Ürün bilgisi;Evet
C002749;25.09.2026 16:54:10;Fatura;Temsilci 12;1;273;83;48;Cevaplandı;05548981271;Fatura itirazı;Evet
C002750;25.09.2026 16:56:25;Destek;Temsilci 04;2;286;0;21;Cevaplandı;05442301201;Kurulum;Evet
C002748;25.09.2026 16:57:55;Fatura;Temsilci 05;11;201;0;42;Cevaplandı;05309519127;Fatura itirazı;Evet
C002755;25.09.2026 17:03:19;Destek;Temsilci 03;3;113;87;40;Cevaplandı;05425433089;Kurulum;Evet
C002758;25.09.2026 17:03:47;Destek;Temsilci 04;2;336;0;28;Cevaplandı;05457995264;Kurulum;Hayır
C002763;25.09.2026 17:05:07;Destek;Temsilci 01;2;416;67;23;Cevaplandı;05342122343;Kurulum;Evet
C002752;25.09.2026 17:05:35;Fatura;Temsilci 08;8;241;0;18;Cevaplandı;05453122688;Ödeme;Evet
C002761;25.09.2026 17:15:23;Satış;Temsilci 11;12;7;18;53;Cevaplandı;05375451330;Sipariş;Hayır
C002759;25.09.2026 17:16:54;Fatura;Temsilci 01;17;76;0;56;Cevaplandı;05346039118;Ödeme;Hayır
C002757;25.09.2026 17:18:54;Satış;Temsilci 12;2;165;62;59;Cevaplandı;05399261621;Ürün bilgisi;Evet
C002760;25.09.2026 17:21:08;Destek;Temsilci 12;17;212;0;31;Cevaplandı;05584816251;Arıza;Evet
C002756;25.09.2026 17:25:11;Satış;Temsilci 11;26;117;0;49;Cevaplandı;05446652173;Ürün bilgisi;Evet
C002762;25.09.2026 17:25:59;Destek;Temsilci 05;6;204;55;22;Cevaplandı;05349305359;Kurulum;Evet
C002754;25.09.2026 17:26:15;Fatura;Temsilci 08;24;182;0;36;Cevaplandı;05311561613;Fatura itirazı;Evet
C002753;25.09.2026 17:28:48;Fatura;Temsilci 12;6;315;14;28;Cevaplandı;05411808860;Ödeme;Evet
C002771;25.09.2026 17:30:30;Destek;Temsilci 08;5;215;0;20;Cevaplandı;05513337194;Arıza;Evet
C002765;25.09.2026 17:37:07;Satış;Temsilci 09;3;150;78;47;Cevaplandı;05374881182;Sipariş;Hayır
C002769;25.09.2026 17:37:51;Satış;Temsilci 04;10;184;0;20;Cevaplandı;05392624867;Ürün bilgisi;Evet
C002766;25.09.2026 17:38:44;Destek;Temsilci 07;20;191;44;30;Cevaplandı;05401775073;Şikâyet;Hayır
C002768;25.09.2026 17:41:38;Destek;Temsilci 08;0;431;0;17;Cevaplandı;05597521480;Arıza;Evet
C002770;25.09.2026 17:44:18;Destek;Temsilci 04;3;344;32;17;Cevaplandı;05524177353;Arıza;Hayır
C002764;25.09.2026 17:54:34;Destek;Temsilci 05;2;372;89;34;Cevaplandı;05447550201;Arıza;Evet
C002772;25.09.2026 17:56:49;Destek;Temsilci 01;35;310;0;43;Cevaplandı;05566580751;Arıza;Evet
C002767;25.09.2026 17:57:20;Destek;Temsilci 02;7;268;0;57;Cevaplandı;05364660868;Şikâyet;Evet
C002784;28.09.2026 09:02:30;Destek;Temsilci 07;0;561;0;59;Cevaplandı;05534721986;Kurulum;Evet
C002777;28.09.2026 09:02:56;Destek;Temsilci 02;4;117;26;31;Cevaplandı;05512487328;Arıza;Evet
C002779;28.09.2026 09:04:02;Destek;Temsilci 05;2;333;59;21;Cevaplandı;05364865901;Kurulum;Hayır
C002774;28.09.2026 09:04:46;Destek;Temsilci 05;4;301;0;35;Cevaplandı;05507089796;Şikâyet;Evet
C002773;28.09.2026 09:08:34;Fatura;Temsilci 10;7;163;0;41;Cevaplandı;05513349799;Fatura itirazı;Evet
C002781;28.09.2026 09:09:23;Fatura;Temsilci 07;6;208;0;52;Cevaplandı;05578482551;Fatura itirazı;Evet
C002780;28.09.2026 09:10:13;Destek;Temsilci 02;2;181;0;26;Cevaplandı;05497024725;Şikâyet;Evet
C002776;28.09.2026 09:12:14;Fatura;Temsilci 02;7;117;0;58;Cevaplandı;05578113254;Fatura itirazı;Evet
C002782;28.09.2026 09:18:03;Fatura;Temsilci 11;5;92;0;24;Cevaplandı;05394981129;Fatura itirazı;Hayır
C002783;28.09.2026 09:21:37;Fatura;Temsilci 07;1;342;0;33;Cevaplandı;05456136545;Fatura itirazı;Evet
C002775;28.09.2026 09:21:53;Satış;Temsilci 09;18;700;0;45;Cevaplandı;05458000096;Ürün bilgisi;Evet
C002778;28.09.2026 09:29:12;Destek;Temsilci 08;7;307;37;49;Cevaplandı;05518773404;Şikâyet;Hayır
C002785;28.09.2026 09:29:19;Fatura;Temsilci 07;15;301;0;17;Cevaplandı;05366386634;Fatura itirazı;Hayır
C002800;28.09.2026 09:32:41;Satış;Temsilci 08;16;112;0;16;Cevaplandı;05474257656;Sipariş;Hayır
C002787;28.09.2026 09:32:48;Destek;Temsilci 05;10;131;0;21;Cevaplandı;05353121233;Şikâyet;Evet
C002788;28.09.2026 09:34:49;Destek;Temsilci 05;21;102;0;26;Cevaplandı;05403846871;Kurulum;Evet
C002791;28.09.2026 09:36:54;Satış;Temsilci 10;11;250;84;30;Cevaplandı;05302291354;Ürün bilgisi;Evet
C002799;28.09.2026 09:37:02;Destek;Temsilci 08;2;588;0;27;Cevaplandı;05459524518;Kurulum;Evet
C002794;28.09.2026 09:38:07;Destek;Temsilci 05;13;355;0;56;Cevaplandı;05385045337;Kurulum;Evet
C002790;28.09.2026 09:41:31;Destek;Temsilci 08;7;128;53;44;Cevaplandı;05383064154;Arıza;Evet
C002796;28.09.2026 09:47:00;Satış;Temsilci 08;5;101;0;30;Cevaplandı;05303172287;Ürün bilgisi;Evet
C002792;28.09.2026 09:48:04;Destek;Temsilci 05;2;161;39;26;Cevaplandı;05367264189;Şikâyet;Evet
C002793;28.09.2026 09:48:11;Destek;Temsilci 07;11;291;0;56;Cevaplandı;05484236825;Şikâyet;Evet
C002786;28.09.2026 09:49:56;Destek;Temsilci 02;3;156;0;39;Cevaplandı;05351454942;Arıza;Evet
C002798;28.09.2026 09:50:49;Satış;Temsilci 10;5;183;0;18;Cevaplandı;05315546660;Sipariş;Evet
C002797;28.09.2026 09:52:28;Satış;Temsilci 07;5;155;38;39;Cevaplandı;05389673632;Sipariş;Evet
C002789;28.09.2026 09:55:04;Fatura;Temsilci 03;1;531;0;46;Cevaplandı;05431334995;Ödeme;Evet
C002795;28.09.2026 09:59:35;Destek;Temsilci 11;7;6;89;55;Cevaplandı;05476650637;Şikâyet;Evet
C002822;28.09.2026 10:01:21;Fatura;Temsilci 02;112;80;0;39;Cevaplandı;05382289971;Fatura itirazı;Evet
C002802;28.09.2026 10:02:34;Satış;Temsilci 01;40;158;57;40;Cevaplandı;05349498022;Sipariş;Evet
C002818;28.09.2026 10:04:36;Destek;Temsilci 05;63;354;0;55;Cevaplandı;05339910688;Arıza;Evet
C002805;28.09.2026 10:07:28;Satış;Temsilci 04;4;308;0;25;Cevaplandı;05567365384;Ürün bilgisi;Evet
C002821;28.09.2026 10:10:42;Destek;Temsilci 03;43;465;0;60;Cevaplandı;05391347689;Kurulum;Evet
C002806;28.09.2026 10:12:22;Fatura;Temsilci 03;26;335;0;23;Cevaplandı;05543701770;Ödeme;Evet
C002804;28.09.2026 10:12:34;Destek;;16;0;0;0;Terk;05471133037;;
C002820;28.09.2026 10:13:42;Destek;Temsilci 06;123;168;0;45;Cevaplandı;05428683572;Arıza;Evet
C002812;28.09.2026 10:14:09;Fatura;;20;0;0;0;Terk;05319886105;;
C002810;28.09.2026 10:14:27;Fatura;;11;0;0;0;Terk;05502917781;;
C002823;28.09.2026 10:15:09;Fatura;Temsilci 10;9;238;0;41;Cevaplandı;05508540870;Fatura itirazı;Evet
C002813;28.09.2026 10:16:01;Satış;Temsilci 02;5;148;0;19;Cevaplandı;05551242135;Ürün bilgisi;Evet
C002815;28.09.2026 10:16:26;Destek;;124;0;0;0;Terk;05425949963;;
C002817;28.09.2026 10:20:17;Fatura;Temsilci 07;5;838;44;27;Cevaplandı;05316363846;Ödeme;Hayır
C002819;28.09.2026 10:20:43;Satış;Temsilci 11;131;150;0;23;Cevaplandı;05571596738;Ürün bilgisi;Evet
C002824;28.09.2026 10:21:03;Destek;Temsilci 12;19;67;0;37;Cevaplandı;05407343879;Kurulum;Evet
C002816;28.09.2026 10:21:33;Destek;Temsilci 07;31;311;0;22;Cevaplandı;05486887301;Arıza;Evet
C002825;28.09.2026 10:24:06;Satış;Temsilci 07;35;410;0;35;Cevaplandı;05576734538;Sipariş;Evet
C002801;28.09.2026 10:24:13;Fatura;;170;0;0;0;Terk;05357809875;;
C002803;28.09.2026 10:24:50;Destek;Temsilci 01;6;149;0;55;Cevaplandı;05396700937;Kurulum;Evet
C002814;28.09.2026 10:25:39;Destek;Temsilci 01;38;592;0;22;Cevaplandı;05446920945;Kurulum;Evet
C002808;28.09.2026 10:25:51;Destek;Temsilci 11;16;293;0;27;Cevaplandı;05343394361;Şikâyet;Evet
C002811;28.09.2026 10:28:34;Satış;Temsilci 11;47;233;0;28;Cevaplandı;05478991880;Ürün bilgisi;Evet
C002809;28.09.2026 10:28:50;Destek;;71;0;0;0;Terk;05583332466;;
C002807;28.09.2026 10:29:53;Satış;Temsilci 08;50;181;0;21;Cevaplandı;05404074711;Ürün bilgisi;Hayır
C002832;28.09.2026 10:31:48;Fatura;Temsilci 04;16;84;45;52;Cevaplandı;05436497482;Ödeme;Hayır
C002834;28.09.2026 10:33:30;Satış;Temsilci 12;74;178;11;60;Cevaplandı;05505198728;Sipariş;Evet
C002829;28.09.2026 10:37:23;Destek;;89;0;0;0;Terk;05593614797;;
C002841;28.09.2026 10:38:39;Destek;Temsilci 07;6;655;0;28;Cevaplandı;05512390306;Şikâyet;Hayır
C002827;28.09.2026 10:40:04;Satış;Temsilci 11;8;180;0;24;Cevaplandı;05438577926;Sipariş;Evet
C002842;28.09.2026 10:40:42;Destek;Temsilci 01;274;360;0;15;Cevaplandı;05362705650;Kurulum;Evet
C002836;28.09.2026 10:42:10;Destek;Temsilci 08;73;554;0;25;Cevaplandı;05567278630;Şikâyet;Evet
C002831;28.09.2026 10:42:59;Destek;Temsilci 03;21;121;0;60;Cevaplandı;05455145269;Arıza;Evet
C002837;28.09.2026 10:44:40;Fatura;Temsilci 05;98;210;0;58;Cevaplandı;05373896402;Ödeme;Evet
C002839;28.09.2026 10:47:20;Destek;;12;0;0;0;Terk;05312775874;;
C002840;28.09.2026 10:50:52;Fatura;Temsilci 12;52;221;0;30;Cevaplandı;05536357091;Fatura itirazı;Evet
C002830;28.09.2026 10:54:48;Destek;Temsilci 11;11;238;0;39;Cevaplandı;05314268454;Arıza;Evet
C002828;28.09.2026 10:56:33;Destek;;94;0;0;0;Terk;05345538027;;
C002838;28.09.2026 10:57:28;Destek;Temsilci 02;8;258;0;46;Cevaplandı;05357622812;Arıza;Evet
C002835;28.09.2026 10:57:41;Satış;Temsilci 03;5;119;0;26;Cevaplandı;05465575661;Sipariş;Evet
C002826;28.09.2026 10:57:57;Destek;Temsilci 07;21;448;62;39;Cevaplandı;05357106153;Arıza;Evet
C002833;28.09.2026 10:58:38;Destek;Temsilci 01;250;416;0;58;Cevaplandı;05334899739;Şikâyet;Evet
C002859;28.09.2026 11:00:39;Destek;Temsilci 05;63;298;0;45;Cevaplandı;05463589237;Şikâyet;Evet
C002854;28.09.2026 11:01:00;Destek;Temsilci 06;159;191;0;24;Cevaplandı;05328592177;Şikâyet;Evet
C002849;28.09.2026 11:08:44;Satış;;55;0;0;0;Terk;05437305147;;
C002861;28.09.2026 11:09:12;Destek;;8;0;0;0;Terk;05466873000;;
C002855;28.09.2026 11:09:14;Destek;Temsilci 12;51;390;61;21;Cevaplandı;05393273921;Şikâyet;Evet
C002853;28.09.2026 11:09:43;Destek;Temsilci 03;136;182;10;52;Cevaplandı;05386150772;Arıza;Evet
C002844;28.09.2026 11:12:15;Satış;;32;0;0;0;Terk;05351512583;;
C002848;28.09.2026 11:13:47;Satış;Temsilci 09;3;205;0;26;Cevaplandı;05494062044;Sipariş;Evet
C002857;28.09.2026 11:14:33;Destek;Temsilci 10;131;64;0;27;Cevaplandı;05562353734;Kurulum;Evet
C002846;28.09.2026 11:16:17;Destek;Temsilci 12;75;230;0;40;Cevaplandı;05407294788;Şikâyet;Evet
C002856;28.09.2026 11:17:07;Fatura;Temsilci 03;84;235;45;58;Cevaplandı;05516349461;Ödeme;Evet
C002858;28.09.2026 11:17:39;Fatura;Temsilci 04;1;155;78;43;Cevaplandı;05373188131;Ödeme;Evet
C002850;28.09.2026 11:21:43;Destek;Temsilci 04;133;206;0;36;Cevaplandı;05445320795;Şikâyet;Evet
C002860;28.09.2026 11:23:20;Destek;Temsilci 03;47;144;0;54;Cevaplandı;05464223407;Kurulum;Evet
C002847;28.09.2026 11:24:38;Satış;Temsilci 03;37;228;0;51;Cevaplandı;05486983470;Sipariş;Evet
C002843;28.09.2026 11:25:04;Destek;Temsilci 06;8;220;0;24;Cevaplandı;05367277397;Kurulum;Evet
C002852;28.09.2026 11:26:03;Destek;;43;0;0;0;Terk;05383196153;;
C002851;28.09.2026 11:27:15;Destek;Temsilci 03;14;422;0;46;Cevaplandı;05578634595;Kurulum;Evet
C002845;28.09.2026 11:28:18;Fatura;;6;0;0;0;Terk;05404765820;;
C002866;28.09.2026 11:30:43;Destek;Temsilci 03;78;105;50;27;Cevaplandı;05572784911;Şikâyet;Evet
C002867;28.09.2026 11:31:17;Satış;Temsilci 05;17;143;0;28;Cevaplandı;05328701856;Sipariş;Hayır
C002863;28.09.2026 11:32:47;Satış;Temsilci 02;129;144;34;18;Cevaplandı;05307316899;Ürün bilgisi;Hayır
C002871;28.09.2026 11:36:32;Fatura;;6;0;0;0;Terk;05315949672;;
C002868;28.09.2026 11:36:36;Satış;;152;0;0;0;Terk;05504852295;;
C002869;28.09.2026 11:37:01;Fatura;Temsilci 07;95;487;0;28;Cevaplandı;05522915387;Ödeme;Evet
C002875;28.09.2026 11:37:36;Destek;Temsilci 07;19;275;89;28;Cevaplandı;05381178933;Şikâyet;Evet
C002881;28.09.2026 11:39:06;Fatura;Temsilci 09;14;164;0;23;Cevaplandı;05494488054;Fatura itirazı;Evet
C002864;28.09.2026 11:39:52;Destek;Temsilci 10;48;208;61;60;Cevaplandı;05545980336;Arıza;Hayır
C002862;28.09.2026 11:40:54;Fatura;Temsilci 02;107;126;0;53;Cevaplandı;05409948669;Ödeme;Evet
C002872;28.09.2026 11:42:25;Destek;Temsilci 05;20;262;0;21;Cevaplandı;05545980336;Arıza;Evet
C002876;28.09.2026 11:48:04;Fatura;Temsilci 09;93;145;84;33;Cevaplandı;05497217231;Fatura itirazı;Evet
C002874;28.09.2026 11:48:30;Fatura;Temsilci 03;117;594;0;25;Cevaplandı;05532867521;Ödeme;Hayır
C002879;28.09.2026 11:50:11;Destek;Temsilci 07;27;537;21;52;Cevaplandı;05411262315;Şikâyet;Evet
C002873;28.09.2026 11:50:21;Destek;Temsilci 05;26;104;11;32;Cevaplandı;05406127430;Kurulum;Hayır
C002865;28.09.2026 11:52:55;Destek;Temsilci 05;105;227;0;41;Cevaplandı;05513025036;Kurulum;Evet
C002877;28.09.2026 11:53:19;Destek;Temsilci 08;12;273;44;52;Cevaplandı;05313916198;Arıza;Evet
C002870;28.09.2026 11:53:54;Destek;Temsilci 11;7;347;0;21;Cevaplandı;05464625481;Arıza;Evet
C002880;28.09.2026 11:54:22;Satış;Temsilci 12;16;217;27;45;Cevaplandı;05411639928;Sipariş;Evet
C002878;28.09.2026 11:56:18;Fatura;Temsilci 10;24;276;35;55;Cevaplandı;05478722496;Ödeme;Evet
C002884;28.09.2026 12:05:47;Satış;Temsilci 02;0;132;16;41;Cevaplandı;05367353814;Sipariş;Hayır
C002886;28.09.2026 12:06:14;Destek;Temsilci 11;1;288;0;31;Cevaplandı;05565092822;Arıza;Evet
C002887;28.09.2026 12:08:38;Fatura;Temsilci 09;6;273;0;40;Cevaplandı;05329154369;Ödeme;Evet
C002882;28.09.2026 12:11:19;Fatura;Temsilci 09;5;562;0;52;Cevaplandı;05456729144;Ödeme;Evet
C002885;28.09.2026 12:21:16;Fatura;Temsilci 01;2;262;0;17;Cevaplandı;05472502275;Fatura itirazı;Evet
C002883;28.09.2026 12:24:47;Satış;Temsilci 08;5;280;18;56;Cevaplandı;05459682720;Sipariş;Evet
C002891;28.09.2026 12:30:46;Destek;Temsilci 09;5;298;0;47;Cevaplandı;05576337387;Şikâyet;Evet
C002900;28.09.2026 12:31:30;Destek;Temsilci 10;3;161;0;49;Cevaplandı;05566562896;Kurulum;Hayır
C002899;28.09.2026 12:34:07;Destek;Temsilci 06;3;422;0;59;Cevaplandı;05336960145;Arıza;Hayır
C002893;28.09.2026 12:34:37;Destek;;13;0;0;0;Terk;05426803964;;
C002892;28.09.2026 12:42:17;Satış;;28;0;0;0;Terk;05537585840;;
C002897;28.09.2026 12:44:01;Destek;Temsilci 02;6;535;0;18;Cevaplandı;05461085843;Arıza;Hayır
C002898;28.09.2026 12:47:36;Destek;Temsilci 12;8;351;30;17;Cevaplandı;05439341705;Şikâyet;Evet
C002889;28.09.2026 12:48:03;Destek;Temsilci 03;2;387;0;50;Cevaplandı;05405034208;Şikâyet;Hayır
C002890;28.09.2026 12:50:36;Fatura;Temsilci 03;37;301;0;23;Cevaplandı;05331725064;Fatura itirazı;Evet
C002888;28.09.2026 12:50:52;Destek;;6;0;0;0;Terk;05394838534;;
C002894;28.09.2026 12:52:54;Destek;Temsilci 10;2;390;0;47;Cevaplandı;05526475920;Kurulum;Evet
C002896;28.09.2026 12:57:29;Fatura;Temsilci 01;3;254;0;23;Cevaplandı;05409118715;Ödeme;Evet
C002895;28.09.2026 12:57:47;Fatura;Temsilci 08;2;166;0;52;Cevaplandı;05459847853;Fatura itirazı;Evet
C002909;28.09.2026 13:02:09;Satış;Temsilci 02;3;279;0;24;Cevaplandı;05512564066;Sipariş;Evet
C002901;28.09.2026 13:05:11;Fatura;Temsilci 07;13;399;0;56;Cevaplandı;05492668141;Ödeme;Evet
C002908;28.09.2026 13:08:21;Fatura;Temsilci 06;0;285;0;16;Cevaplandı;05572701280;Fatura itirazı;Evet
C002911;28.09.2026 13:09:11;Destek;Temsilci 01;8;331;0;27;Cevaplandı;05533907514;Arıza;Hayır
C002904;28.09.2026 13:11:48;Destek;Temsilci 01;6;283;0;58;Cevaplandı;05331785832;Arıza;Evet
C002903;28.09.2026 13:13:46;Satış;Temsilci 05;8;235;0;16;Cevaplandı;05569134884;Ürün bilgisi;Evet
C002902;28.09.2026 13:14:33;Satış;Temsilci 07;5;1045;0;51;Cevaplandı;05367424175;Ürün bilgisi;Evet
C002907;28.09.2026 13:14:59;Satış;Temsilci 07;1;243;0;47;Cevaplandı;05553923398;Ürün bilgisi;Evet
C002912;28.09.2026 13:17:14;Destek;Temsilci 01;1;355;0;53;Cevaplandı;05394635475;Kurulum;Evet
C002910;28.09.2026 13:26:35;Fatura;Temsilci 01;12;263;0;25;Cevaplandı;05559575435;Fatura itirazı;Evet
C002906;28.09.2026 13:27:11;Destek;Temsilci 10;4;552;0;16;Cevaplandı;05589843093;Arıza;Evet
C002905;28.09.2026 13:29:08;Destek;Temsilci 12;8;129;0;27;Cevaplandı;05314351354;Şikâyet;Evet
C002923;28.09.2026 13:31:51;Destek;Temsilci 08;2;441;0;51;Cevaplandı;05348025809;Şikâyet;Evet
C002920;28.09.2026 13:33:18;Fatura;Temsilci 08;14;538;0;25;Cevaplandı;05484096415;Ödeme;Evet
C002918;28.09.2026 13:36:06;Destek;Temsilci 06;14;407;0;23;Cevaplandı;05497217231;Kurulum;Hayır
C002916;28.09.2026 13:43:25;Satış;Temsilci 06;8;285;0;47;Cevaplandı;05597117777;Sipariş;Hayır
C002913;28.09.2026 13:44:33;Destek;Temsilci 10;4;157;21;42;Cevaplandı;05376452246;Kurulum;Hayır
C002924;28.09.2026 13:48:02;Destek;Temsilci 06;1;166;0;36;Cevaplandı;05461282367;Şikâyet;Hayır
C002921;28.09.2026 13:48:37;Fatura;Temsilci 06;5;284;0;22;Cevaplandı;05357509464;Ödeme;Evet
C002922;28.09.2026 13:51:01;Fatura;Temsilci 09;4;132;0;47;Cevaplandı;05561347819;Ödeme;Evet
C002917;28.09.2026 13:53:36;Destek;Temsilci 03;2;576;0;35;Cevaplandı;05526475920;Kurulum;Hayır
C002915;28.09.2026 13:54:20;Fatura;Temsilci 03;12;330;0;49;Cevaplandı;05373590348;Ödeme;Evet
C002914;28.09.2026 13:55:59;Satış;Temsilci 05;0;147;0;40;Cevaplandı;05511692110;Sipariş;Evet
C002919;28.09.2026 13:59:39;Destek;Temsilci 06;2;226;83;39;Cevaplandı;05413407539;Kurulum;Hayır
C002937;28.09.2026 14:00:39;Fatura;Temsilci 02;1;339;50;35;Cevaplandı;05599985568;Fatura itirazı;Evet
C002936;28.09.2026 14:02:52;Satış;Temsilci 07;0;288;0;32;Cevaplandı;05553406680;Ürün bilgisi;Hayır
C002932;28.09.2026 14:05:16;Satış;Temsilci 04;12;183;0;60;Cevaplandı;05576800566;Ürün bilgisi;Evet
C002926;28.09.2026 14:07:39;Fatura;Temsilci 10;6;214;0;59;Cevaplandı;05307966073;Fatura itirazı;Evet
C002931;28.09.2026 14:08:09;Destek;Temsilci 02;1;113;0;47;Cevaplandı;05495418669;Kurulum;Hayır
C002927;28.09.2026 14:08:38;Fatura;Temsilci 01;4;125;0;25;Cevaplandı;05427414726;Ödeme;Evet
C002935;28.09.2026 14:09:23;Fatura;Temsilci 03;3;100;84;27;Cevaplandı;05585349366;Ödeme;Evet
C002933;28.09.2026 14:11:39;Destek;Temsilci 09;0;388;0;36;Cevaplandı;05399056535;Arıza;Evet
C002925;28.09.2026 14:13:05;Fatura;Temsilci 12;9;400;67;29;Cevaplandı;05502549057;Ödeme;Evet
C002928;28.09.2026 14:17:20;Fatura;Temsilci 08;1;475;0;35;Cevaplandı;05365217441;Ödeme;Evet
C002929;28.09.2026 14:19:31;Destek;Temsilci 03;6;377;35;35;Cevaplandı;05447950672;Şikâyet;Hayır
C002934;28.09.2026 14:22:03;Fatura;Temsilci 12;0;196;12;47;Cevaplandı;05333620689;Ödeme;Evet
C002938;28.09.2026 14:23:20;Destek;Temsilci 11;8;596;55;46;Cevaplandı;05477949342;Kurulum;Evet
C002930;28.09.2026 14:27:38;Destek;Temsilci 02;0;138;0;55;Cevaplandı;05483175822;Arıza;Hayır
C002943;28.09.2026 14:31:10;Satış;Temsilci 07;2;205;58;16;Cevaplandı;05437445069;Ürün bilgisi;Evet
C002941;28.09.2026 14:31:41;Destek;Temsilci 05;1;334;0;59;Cevaplandı;05363946427;Arıza;Evet
C002952;28.09.2026 14:32:23;Destek;Temsilci 02;5;94;35;17;Cevaplandı;05366469412;Kurulum;Hayır
C002940;28.09.2026 14:35:16;Satış;Temsilci 09;6;164;0;49;Cevaplandı;05416310060;Ürün bilgisi;Evet
C002955;28.09.2026 14:38:30;Destek;Temsilci 09;17;219;0;17;Cevaplandı;05574379621;Şikâyet;Evet
C002942;28.09.2026 14:39:47;Destek;Temsilci 11;0;179;0;55;Cevaplandı;05472867189;Arıza;Evet
C002953;28.09.2026 14:40:16;Fatura;Temsilci 11;0;181;52;45;Cevaplandı;05501302707;Ödeme;Evet
C002947;28.09.2026 14:42:37;Fatura;Temsilci 09;1;159;0;41;Cevaplandı;05376275661;Fatura itirazı;Evet
C002954;28.09.2026 14:44:55;Satış;Temsilci 05;1;393;65;58;Cevaplandı;05474923708;Ürün bilgisi;Hayır
C002949;28.09.2026 14:48:15;Satış;Temsilci 02;2;198;0;19;Cevaplandı;05334942219;Sipariş;Evet
C002939;28.09.2026 14:48:46;Fatura;Temsilci 06;4;219;0;19;Cevaplandı;05541983491;Ödeme;Evet
C002944;28.09.2026 14:50:29;Destek;Temsilci 04;8;524;0;18;Cevaplandı;05531778197;Kurulum;Evet
C002951;28.09.2026 14:50:37;Satış;Temsilci 06;2;222;0;31;Cevaplandı;05311418478;Sipariş;Evet
C002945;28.09.2026 14:53:18;Destek;Temsilci 05;8;137;34;44;Cevaplandı;05393841861;Arıza;Evet
C002948;28.09.2026 14:53:58;Fatura;Temsilci 12;1;176;65;18;Cevaplandı;05545710621;Fatura itirazı;Evet
C002946;28.09.2026 14:57:07;Destek;Temsilci 12;20;448;51;58;Cevaplandı;05378995379;Şikâyet;Hayır
C002956;28.09.2026 14:57:37;Destek;Temsilci 11;1;294;0;21;Cevaplandı;05345707598;Arıza;Evet
C002950;28.09.2026 14:58:47;Fatura;Temsilci 08;2;131;0;49;Cevaplandı;05362938950;Fatura itirazı;Evet
C002964;28.09.2026 15:00:05;Satış;Temsilci 03;19;311;0;59;Cevaplandı;05523111108;Ürün bilgisi;Hayır
C002957;28.09.2026 15:02:13;Fatura;Temsilci 09;30;117;0;22;Cevaplandı;05373543801;Fatura itirazı;Evet
C002975;28.09.2026 15:02:54;Satış;Temsilci 04;32;320;0;55;Cevaplandı;05436628535;Ürün bilgisi;Hayır
C002959;28.09.2026 15:08:20;Fatura;Temsilci 05;16;420;0;52;Cevaplandı;05371029895;Ödeme;Evet
C002963;28.09.2026 15:08:51;Destek;Temsilci 10;95;184;0;52;Cevaplandı;05411847942;Arıza;Evet
C002966;28.09.2026 15:10:24;Destek;Temsilci 10;4;221;0;57;Cevaplandı;05506773378;Kurulum;Evet
C002958;28.09.2026 15:12:45;Fatura;Temsilci 06;16;268;0;26;Cevaplandı;05462037883;Fatura itirazı;Evet
C002971;28.09.2026 15:15:43;Satış;;8;0;0;0;Terk;05509532499;;
C002977;28.09.2026 15:16:48;Destek;Temsilci 01;3;513;0;30;Cevaplandı;05467463582;Kurulum;Hayır
C002970;28.09.2026 15:17:02;Destek;Temsilci 10;3;228;0;25;Cevaplandı;05327482998;Arıza;Hayır
C002973;28.09.2026 15:19:36;Fatura;Temsilci 04;8;159;0;39;Cevaplandı;05498627651;Ödeme;Evet
C002961;28.09.2026 15:22:11;Destek;Temsilci 11;78;120;0;43;Cevaplandı;05395766063;Kurulum;Evet
C002974;28.09.2026 15:22:18;Satış;Temsilci 04;24;165;0;35;Cevaplandı;05386247836;Sipariş;Evet
C002967;28.09.2026 15:22:59;Satış;Temsilci 07;1;381;0;34;Cevaplandı;05316195401;Ürün bilgisi;Evet
C002960;28.09.2026 15:23:23;Destek;Temsilci 04;24;181;0;20;Cevaplandı;05571832481;Arıza;Evet
C002962;28.09.2026 15:25:01;Destek;Temsilci 06;17;339;0;50;Cevaplandı;05404621340;Arıza;Evet
C002972;28.09.2026 15:25:13;Satış;Temsilci 03;3;208;62;42;Cevaplandı;05433855847;Ürün bilgisi;Evet
C002968;28.09.2026 15:26:18;Satış;Temsilci 04;0;286;11;18;Cevaplandı;05515025461;Sipariş;Hayır
C002965;28.09.2026 15:26:39;Destek;Temsilci 03;2;361;0;36;Cevaplandı;05504986864;Şikâyet;Evet
C002976;28.09.2026 15:27:52;Fatura;Temsilci 09;11;323;0;35;Cevaplandı;05349971057;Fatura itirazı;Evet
C002969;28.09.2026 15:28:48;Satış;Temsilci 08;16;149;64;16;Cevaplandı;05415144812;Sipariş;Evet
C002982;28.09.2026 15:30:51;Destek;Temsilci 12;107;413;0;36;Cevaplandı;05576701129;Şikâyet;Evet
C002998;28.09.2026 15:32:37;Fatura;Temsilci 03;22;142;0;16;Cevaplandı;05574369729;Fatura itirazı;Evet
C002989;28.09.2026 15:34:10;Fatura;Temsilci 10;5;146;0;40;Cevaplandı;05428122530;Ödeme;Hayır
C002991;28.09.2026 15:35:43;Fatura;Temsilci 03;9;166;0;42;Cevaplandı;05417193760;Ödeme;Evet
C002984;28.09.2026 15:36:36;Fatura;Temsilci 09;47;132;0;47;Cevaplandı;05444391538;Fatura itirazı;Evet
C002995;28.09.2026 15:38:50;Fatura;Temsilci 07;5;194;11;38;Cevaplandı;05368925414;Fatura itirazı;Evet
C002981;28.09.2026 15:40:15;Destek;Temsilci 02;12;225;0;56;Cevaplandı;05556581208;Arıza;Evet
C002990;28.09.2026 15:43:04;Destek;Temsilci 07;58;342;78;44;Cevaplandı;05491942373;Arıza;Evet
C002985;28.09.2026 15:44:19;Destek;Temsilci 04;6;351;0;44;Cevaplandı;05554343954;Şikâyet;Evet
C002983;28.09.2026 15:44:25;Destek;Temsilci 09;2;101;0;30;Cevaplandı;05549985249;Kurulum;Evet
C002994;28.09.2026 15:45:11;Destek;Temsilci 12;36;270;0;21;Cevaplandı;05432740863;Arıza;Evet
C002986;28.09.2026 15:45:27;Satış;Temsilci 03;80;107;0;55;Cevaplandı;05401099742;Sipariş;Evet
C002979;28.09.2026 15:46:11;Destek;Temsilci 05;0;222;0;27;Cevaplandı;05311377805;Kurulum;Evet
C002993;28.09.2026 15:48:44;Destek;Temsilci 01;29;195;0;51;Cevaplandı;05409385923;Kurulum;Evet
C002996;28.09.2026 15:49:01;Destek;Temsilci 04;24;187;0;28;Cevaplandı;05327989613;Şikâyet;Evet
C002997;28.09.2026 15:51:46;Satış;Temsilci 01;5;144;0;23;Cevaplandı;05471909380;Sipariş;Evet
C002980;28.09.2026 15:52:04;Destek;Temsilci 03;2;333;62;29;Cevaplandı;05504143194;Şikâyet;Hayır
C002978;28.09.2026 15:52:32;Destek;Temsilci 06;17;176;62;26;Cevaplandı;05457566698;Arıza;Evet
C002987;28.09.2026 15:53:02;Destek;Temsilci 05;38;259;0;36;Cevaplandı;05453269992;Kurulum;Evet
C002988;28.09.2026 15:57:11;Destek;Temsilci 10;21;90;0;30;Cevaplandı;05567026986;Şikâyet;Hayır
C002992;28.09.2026 15:59:33;Destek;;17;0;0;0;Terk;05451572023;;
C003016;28.09.2026 16:04:23;Fatura;Temsilci 11;1;4;0;51;Cevaplandı;05406014286;Fatura itirazı;Evet
C003010;28.09.2026 16:08:00;Fatura;Temsilci 05;0;258;0;31;Cevaplandı;05424566025;Fatura itirazı;Hayır
C003011;28.09.2026 16:08:00;Fatura;Temsilci 06;8;261;87;30;Cevaplandı;05405976156;Fatura itirazı;Evet
C003012;28.09.2026 16:09:31;Satış;Temsilci 10;2;155;70;24;Cevaplandı;05375586618;Ürün bilgisi;Hayır
C003019;28.09.2026 16:10:32;Destek;Temsilci 10;2;127;0;39;Cevaplandı;05431753764;Kurulum;Evet
C003002;28.09.2026 16:11:15;Destek;Temsilci 08;0;283;0;32;Cevaplandı;05413420693;Kurulum;Hayır
C003005;28.09.2026 16:11:28;Destek;Temsilci 09;16;176;65;52;Cevaplandı;05352576277;Arıza;Evet
C003004;28.09.2026 16:12:12;Fatura;Temsilci 01;1;189;0;39;Cevaplandı;05484519516;Fatura itirazı;Evet
C003001;28.09.2026 16:13:49;Satış;Temsilci 08;3;131;0;29;Cevaplandı;05472502275;Ürün bilgisi;Evet
C003008;28.09.2026 16:14:40;Satış;Temsilci 12;5;184;0;54;Cevaplandı;05556645331;Sipariş;Evet
C003006;28.09.2026 16:15:30;Destek;Temsilci 08;6;483;0;36;Cevaplandı;05424757535;Şikâyet;Evet
C003018;28.09.2026 16:17:27;Satış;Temsilci 10;1;172;13;49;Cevaplandı;05541518725;Sipariş;Evet
C003020;28.09.2026 16:17:57;Fatura;Temsilci 05;1;106;37;32;Cevaplandı;05363050528;Fatura itirazı;Evet
C003013;28.09.2026 16:18:14;Destek;Temsilci 01;10;134;0;36;Cevaplandı;05402752516;Şikâyet;Evet
C002999;28.09.2026 16:18:37;Satış;Temsilci 11;3;121;0;46;Cevaplandı;05596051399;Ürün bilgisi;Evet
C003014;28.09.2026 16:20:31;Fatura;Temsilci 05;4;176;18;26;Cevaplandı;05302842987;Fatura itirazı;Evet
C003017;28.09.2026 16:21:43;Fatura;Temsilci 07;6;150;0;39;Cevaplandı;05513845385;Fatura itirazı;Evet
C003015;28.09.2026 16:25:45;Fatura;Temsilci 07;8;329;0;57;Cevaplandı;05553218246;Fatura itirazı;Hayır
C003009;28.09.2026 16:27:22;Destek;Temsilci 04;10;221;0;24;Cevaplandı;05527751654;Şikâyet;Evet
C003007;28.09.2026 16:27:53;Satış;Temsilci 08;13;332;0;23;Cevaplandı;05559366632;Ürün bilgisi;Evet
C003003;28.09.2026 16:28:02;Satış;Temsilci 06;1;280;0;29;Cevaplandı;05326848704;Ürün bilgisi;Hayır
C003000;28.09.2026 16:29:37;Satış;Temsilci 12;1;135;0;21;Cevaplandı;05588162962;Ürün bilgisi;Hayır
C003031;28.09.2026 16:30:30;Satış;Temsilci 12;11;61;0;59;Cevaplandı;05459245349;Ürün bilgisi;Evet
C003026;28.09.2026 16:35:47;Destek;Temsilci 01;4;225;0;47;Cevaplandı;05533823355;Arıza;Evet
C003032;28.09.2026 16:37:13;Destek;Temsilci 05;3;180;0;40;Cevaplandı;05404765820;Kurulum;Evet
C003023;28.09.2026 16:41:09;Satış;Temsilci 05;2;231;0;59;Cevaplandı;05589007239;Ürün bilgisi;Evet
C003027;28.09.2026 16:42:24;Satış;Temsilci 11;4;258;0;17;Cevaplandı;05374603955;Ürün bilgisi;Evet
C003033;28.09.2026 16:44:35;Fatura;Temsilci 11;7;99;17;45;Cevaplandı;05546050381;Ödeme;Evet
C003029;28.09.2026 16:46:10;Destek;Temsilci 05;17;404;0;43;Cevaplandı;05411698617;Arıza;Evet
C003025;28.09.2026 16:46:32;Destek;Temsilci 08;4;470;0;37;Cevaplandı;05461774053;Kurulum;Evet
C003024;28.09.2026 16:50:26;Satış;Temsilci 11;10;81;0;47;Cevaplandı;05316195401;Ürün bilgisi;Evet
C003028;28.09.2026 16:50:51;Satış;Temsilci 07;6;419;0;31;Cevaplandı;05336458140;Ürün bilgisi;Hayır
C003021;28.09.2026 16:51:18;Destek;Temsilci 07;5;755;71;32;Cevaplandı;05402826420;Şikâyet;Evet
C003030;28.09.2026 16:52:34;Fatura;Temsilci 01;1;143;0;52;Cevaplandı;05463461614;Ödeme;Hayır
C003022;28.09.2026 16:54:56;Satış;Temsilci 12;1;118;0;20;Cevaplandı;05308919793;Sipariş;Hayır
C003040;28.09.2026 17:02:03;Destek;Temsilci 01;7;464;0;44;Cevaplandı;05392736629;Arıza;Evet
C003034;28.09.2026 17:03:50;Fatura;Temsilci 04;19;230;0;38;Cevaplandı;05599117505;Ödeme;Evet
C003039;28.09.2026 17:08:26;Satış;Temsilci 03;0;310;0;55;Cevaplandı;05509180622;Sipariş;Evet
C003037;28.09.2026 17:10:12;Destek;Temsilci 07;1;325;0;58;Cevaplandı;05499828710;Şikâyet;Hayır
C003043;28.09.2026 17:11:42;Satış;Temsilci 08;3;117;73;31;Cevaplandı;05394499185;Ürün bilgisi;Evet
C003035;28.09.2026 17:13:05;Destek;Temsilci 06;10;281;0;15;Cevaplandı;05378668139;Şikâyet;Evet
C003042;28.09.2026 17:13:12;Fatura;Temsilci 09;3;254;75;47;Cevaplandı;05348722329;Fatura itirazı;Hayır
C003036;28.09.2026 17:17:09;Satış;Temsilci 06;11;254;0;53;Cevaplandı;05359522193;Ürün bilgisi;Evet
C003038;28.09.2026 17:25:29;Satış;Temsilci 09;3;219;0;57;Cevaplandı;05351922029;Ürün bilgisi;Evet
C003041;28.09.2026 17:26:58;Destek;Temsilci 03;5;250;0;45;Cevaplandı;05385656678;Şikâyet;Evet
C003051;28.09.2026 17:30:08;Destek;Temsilci 11;1;7;0;52;Cevaplandı;05396073510;Şikâyet;Evet
C003055;28.09.2026 17:37:49;Satış;Temsilci 10;5;241;0;20;Cevaplandı;05598604946;Ürün bilgisi;Evet
C003046;28.09.2026 17:40:07;Fatura;Temsilci 11;20;8;0;25;Cevaplandı;05511043933;Ödeme;Hayır
C003053;28.09.2026 17:42:55;Satış;Temsilci 06;2;504;0;45;Cevaplandı;05464417664;Sipariş;Evet
C003054;28.09.2026 17:44:51;Destek;Temsilci 12;7;205;0;26;Cevaplandı;05301315143;Kurulum;Evet
C003050;28.09.2026 17:46:12;Destek;Temsilci 08;5;277;30;44;Cevaplandı;05503283356;Arıza;Evet
C003045;28.09.2026 17:48:59;Destek;;0;0;0;0;Terk;05483987406;;
C003044;28.09.2026 17:49:43;Destek;Temsilci 07;2;261;0;49;Cevaplandı;05339303571;Arıza;Hayır
C003056;28.09.2026 17:51:32;Destek;Temsilci 11;9;403;82;59;Cevaplandı;05537574205;Arıza;Evet
C003049;28.09.2026 17:53:05;Destek;Temsilci 01;3;268;90;27;Cevaplandı;05499842063;Arıza;Hayır
C003047;28.09.2026 17:53:15;Satış;Temsilci 07;4;724;86;32;Cevaplandı;05566601719;Sipariş;Evet
C003048;28.09.2026 17:54:48;Destek;Temsilci 10;6;174;0;54;Cevaplandı;05337476085;Arıza;Evet
C003052;28.09.2026 17:58:14;Destek;Temsilci 10;1;976;0;30;Cevaplandı;05325866044;Şikâyet;Evet
C003060;29.09.2026 09:03:09;Destek;Temsilci 09;0;228;0;17;Cevaplandı;05451399004;Şikâyet;Evet
C003058;29.09.2026 09:06:19;Fatura;Temsilci 03;15;111;0;32;Cevaplandı;05441692697;Ödeme;Hayır
C003061;29.09.2026 09:06:34;Satış;Temsilci 06;19;130;0;35;Cevaplandı;05417152194;Sipariş;Hayır
C003057;29.09.2026 09:21:14;Fatura;Temsilci 06;7;235;61;53;Cevaplandı;05389564503;Ödeme;Evet
C003059;29.09.2026 09:24:21;Destek;Temsilci 03;1;768;0;26;Cevaplandı;05309219546;Şikâyet;Evet
C003065;29.09.2026 09:32:52;Satış;Temsilci 03;1;107;0;30;Cevaplandı;05412327573;Ürün bilgisi;Evet
C003067;29.09.2026 09:35:39;Satış;Temsilci 06;10;181;0;24;Cevaplandı;05555598551;Sipariş;Evet
C003075;29.09.2026 09:36:27;Destek;Temsilci 01;9;309;0;25;Cevaplandı;05558055816;Şikâyet;Evet
C003076;29.09.2026 09:36:47;Destek;;17;0;0;0;Terk;05438927388;;
C003066;29.09.2026 09:38:27;Satış;Temsilci 07;0;237;0;32;Cevaplandı;05568842639;Ürün bilgisi;Hayır
C003064;29.09.2026 09:40:18;Destek;Temsilci 04;5;687;0;28;Cevaplandı;05589216263;Kurulum;Evet
C003073;29.09.2026 09:41:53;Destek;Temsilci 11;8;389;0;21;Cevaplandı;05381864031;Kurulum;Evet
C003069;29.09.2026 09:44:44;Destek;Temsilci 07;2;800;0;28;Cevaplandı;05361561475;Şikâyet;Evet
C003074;29.09.2026 09:44:47;Satış;Temsilci 01;1;138;0;15;Cevaplandı;05559318319;Ürün bilgisi;Evet
C003072;29.09.2026 09:45:46;Satış;Temsilci 06;3;175;0;39;Cevaplandı;05482178277;Ürün bilgisi;Hayır
C003062;29.09.2026 09:47:57;Fatura;Temsilci 07;12;192;0;34;Cevaplandı;05469314460;Ödeme;Hayır
C003077;29.09.2026 09:50:13;Destek;Temsilci 09;6;460;0;35;Cevaplandı;05477961669;Arıza;Evet
C003063;29.09.2026 09:51:00;Destek;Temsilci 09;3;283;0;50;Cevaplandı;05344348246;Şikâyet;Evet
C003071;29.09.2026 09:51:30;Fatura;Temsilci 07;3;560;0;54;Cevaplandı;05431821046;Fatura itirazı;Evet
C003070;29.09.2026 09:53:27;Destek;Temsilci 12;9;518;0;25;Cevaplandı;05451892176;Arıza;Hayır
C003068;29.09.2026 09:57:17;Destek;Temsilci 02;1;466;0;35;Cevaplandı;05317360823;Kurulum;Hayır
C003093;29.09.2026 10:01:33;Destek;Temsilci 11;4;308;0;43;Cevaplandı;05485064967;Kurulum;Evet
C003081;29.09.2026 10:03:14;Destek;Temsilci 05;17;620;0;22;Cevaplandı;05566601719;Arıza;Hayır
C003080;29.09.2026 10:11:14;Satış;Temsilci 12;47;139;70;41;Cevaplandı;05447219136;Ürün bilgisi;Evet
C003092;29.09.2026 10:11:35;Destek;Temsilci 07;24;639;0;42;Cevaplandı;05549070055;Arıza;Hayır
C003089;29.09.2026 10:11:47;Fatura;Temsilci 01;4;218;0;41;Cevaplandı;05376387544;Ödeme;Evet
C003079;29.09.2026 10:11:50;Destek;Temsilci 10;12;516;0;26;Cevaplandı;05357106153;Şikâyet;Evet
C003086;29.09.2026 10:12:23;Destek;Temsilci 01;43;307;0;35;Cevaplandı;05593279189;Arıza;Evet
C003087;29.09.2026 10:13:34;Destek;Temsilci 05;36;247;0;43;Cevaplandı;05355653990;Şikâyet;Evet
C003083;29.09.2026 10:14:24;Satış;Temsilci 10;9;218;0;20;Cevaplandı;05562519133;Sipariş;Hayır
C003078;29.09.2026 10:16:22;Satış;;6;0;0;0;Terk;05576968954;;
C003082;29.09.2026 10:16:49;Satış;Temsilci 10;38;195;0;45;Cevaplandı;05365605487;Sipariş;Evet
C003084;29.09.2026 10:17:03;Destek;Temsilci 07;29;283;0;55;Cevaplandı;05542972902;Şikâyet;Hayır
C003091;29.09.2026 10:17:05;Fatura;Temsilci 08;2;553;23;56;Cevaplandı;05376275661;Ödeme;Hayır
C003090;29.09.2026 10:19:06;Satış;Temsilci 08;6;108;0;39;Cevaplandı;05599392562;Ürün bilgisi;Hayır
C003088;29.09.2026 10:19:25;Satış;Temsilci 06;19;246;0;16;Cevaplandı;05318938579;Ürün bilgisi;Evet
C003085;29.09.2026 10:26:59;Destek;Temsilci 02;39;1021;0;47;Cevaplandı;05325922997;Arıza;Evet
C003097;29.09.2026 10:30:53;Fatura;Temsilci 01;82;151;0;25;Cevaplandı;05304677037;Fatura itirazı;Evet
C003106;29.09.2026 10:31:13;Destek;Temsilci 10;18;182;0;30;Cevaplandı;05577993266;Kurulum;Evet
C003108;29.09.2026 10:33:30;Satış;Temsilci 06;6;286;0;52;Cevaplandı;05556833195;Sipariş;Evet
C003094;29.09.2026 10:33:34;Destek;Temsilci 01;1;250;0;15;Cevaplandı;05318661672;Şikâyet;Hayır
C003099;29.09.2026 10:33:36;Destek;Temsilci 09;24;268;0;48;Cevaplandı;05505380602;Kurulum;Hayır
C003113;29.09.2026 10:33:39;Satış;Temsilci 10;28;81;0;53;Cevaplandı;05378206277;Ürün bilgisi;Evet
C003103;29.09.2026 10:39:13;Destek;Temsilci 02;13;123;0;52;Cevaplandı;05507221882;Kurulum;Hayır
C003111;29.09.2026 10:39:58;Satış;Temsilci 08;37;260;0;43;Cevaplandı;05392631889;Sipariş;Evet
C003110;29.09.2026 10:40:10;Satış;Temsilci 10;21;265;87;26;Cevaplandı;05489700676;Sipariş;Hayır
C003115;29.09.2026 10:41:13;Fatura;Temsilci 07;2;255;0;16;Cevaplandı;05383674510;Ödeme;Evet
C003112;29.09.2026 10:41:15;Destek;Temsilci 02;4;125;61;40;Cevaplandı;05342313464;Arıza;Evet
C003102;29.09.2026 10:41:41;Destek;Temsilci 06;20;930;0;21;Cevaplandı;05369339153;Kurulum;Evet
C003105;29.09.2026 10:43:15;Destek;Temsilci 03;4;131;0;30;Cevaplandı;05375034332;Arıza;Evet
C003114;29.09.2026 10:44:26;Destek;Temsilci 02;21;167;0;33;Cevaplandı;05543750438;Arıza;Evet
C003095;29.09.2026 10:44:54;Destek;Temsilci 07;23;243;0;56;Cevaplandı;05562500636;Kurulum;Evet
C003100;29.09.2026 10:45:51;Satış;Temsilci 04;47;140;0;23;Cevaplandı;05336067514;Sipariş;Evet
C003107;29.09.2026 10:46:23;Satış;Temsilci 04;1;110;0;51;Cevaplandı;05433892734;Sipariş;Hayır
C003096;29.09.2026 10:51:56;Destek;Temsilci 05;26;292;0;33;Cevaplandı;05524293230;Arıza;Evet
C003109;29.09.2026 10:56:02;Destek;Temsilci 06;21;497;88;17;Cevaplandı;05328823100;Arıza;Evet
C003098;29.09.2026 10:56:45;Satış;Temsilci 03;16;153;0;36;Cevaplandı;05501609401;Ürün bilgisi;Hayır
C003101;29.09.2026 10:59:29;Fatura;Temsilci 06;7;381;0;40;Cevaplandı;05303196745;Ödeme;Evet
C003104;29.09.2026 10:59:54;Destek;Temsilci 11;16;197;0;23;Cevaplandı;05576089896;Kurulum;Evet
C003128;29.09.2026 11:00:58;Satış;Temsilci 04;83;130;0;21;Cevaplandı;05305884264;Sipariş;Evet
C003138;29.09.2026 11:01:58;Satış;Temsilci 11;10;168;45;44;Cevaplandı;05409078927;Sipariş;Evet
C003127;29.09.2026 11:02:51;Fatura;Temsilci 01;50;220;85;27;Cevaplandı;05484989418;Ödeme;Hayır
C003129;29.09.2026 11:04:17;Satış;Temsilci 06;15;224;0;30;Cevaplandı;05547790259;Ürün bilgisi;Evet
C003139;29.09.2026 11:05:48;Satış;Temsilci 11;14;4;12;41;Cevaplandı;05527804482;Sipariş;Hayır
C003131;29.09.2026 11:08:34;Fatura;Temsilci 04;1;82;0;60;Cevaplandı;05389795575;Ödeme;Evet
C003135;29.09.2026 11:09:16;Fatura;Temsilci 09;85;213;0;40;Cevaplandı;05349086177;Ödeme;Hayır
C003134;29.09.2026 11:09:40;Fatura;Temsilci 09;6;387;0;29;Cevaplandı;05543542663;Fatura itirazı;Evet
C003119;29.09.2026 11:09:57;Fatura;Temsilci 09;108;150;42;41;Cevaplandı;05415473218;Ödeme;Evet
C003120;29.09.2026 11:10:06;Destek;Temsilci 11;29;450;0;43;Cevaplandı;05396689590;Şikâyet;Evet
C003133;29.09.2026 11:13:57;Fatura;Temsilci 08;27;133;0;30;Cevaplandı;05468202646;Ödeme;Hayır
C003130;29.09.2026 11:15:54;Destek;Temsilci 11;0;282;0;21;Cevaplandı;05522510842;Arıza;Evet
C003124;29.09.2026 11:16:01;Fatura;Temsilci 08;14;324;0;18;Cevaplandı;05376835308;Fatura itirazı;Hayır
C003125;29.09.2026 11:17:29;Satış;Temsilci 10;135;322;0;38;Cevaplandı;05564654818;Ürün bilgisi;Evet
C003121;29.09.2026 11:17:41;Destek;Temsilci 09;2;198;0;34;Cevaplandı;05423160167;Kurulum;Evet
C003137;29.09.2026 11:18:26;Destek;Temsilci 04;47;191;0;36;Cevaplandı;05346761396;Arıza;Evet
C003126;29.09.2026 11:19:52;Fatura;Temsilci 11;2;342;0;52;Cevaplandı;05481828070;Ödeme;Evet
C003132;29.09.2026 11:20:40;Destek;Temsilci 04;39;186;0;25;Cevaplandı;05451877985;Şikâyet;Evet
C003116;29.09.2026 11:20:41;Destek;Temsilci 06;21;244;0;53;Cevaplandı;05525253244;Arıza;Hayır
C003117;29.09.2026 11:21:34;Satış;Temsilci 09;2;178;60;36;Cevaplandı;05387368269;Sipariş;Evet
C003118;29.09.2026 11:24:24;Destek;Temsilci 07;55;289;0;37;Cevaplandı;05564574010;Şikâyet;Evet
C003136;29.09.2026 11:25:02;Fatura;Temsilci 12;13;63;0;57;Cevaplandı;05341711954;Fatura itirazı;Evet
C003122;29.09.2026 11:26:04;Destek;Temsilci 03;7;390;75;59;Cevaplandı;05309638756;Kurulum;Evet
C003123;29.09.2026 11:28:10;Satış;Temsilci 05;39;336;0;57;Cevaplandı;05398657226;Ürün bilgisi;Hayır
C003157;29.09.2026 11:31:01;Destek;Temsilci 12;19;268;22;50;Cevaplandı;05437440396;Kurulum;Evet
C003141;29.09.2026 11:31:39;Fatura;Temsilci 06;11;430;0;51;Cevaplandı;05459931318;Fatura itirazı;Hayır
C003143;29.09.2026 11:38:19;Destek;Temsilci 07;9;299;0;56;Cevaplandı;05486467407;Şikâyet;Evet
C003155;29.09.2026 11:38:41;Satış;Temsilci 05;23;141;0;59;Cevaplandı;05306962621;Ürün bilgisi;Evet
C003153;29.09.2026 11:39:06;Fatura;Temsilci 02;11;252;0;46;Cevaplandı;05463266982;Fatura itirazı;Evet
C003148;29.09.2026 11:39:32;Destek;Temsilci 12;30;313;0;53;Cevaplandı;05359354567;Arıza;Evet
C003145;29.09.2026 11:42:14;Destek;Temsilci 03;4;120;0;19;Cevaplandı;05507964032;Kurulum;Evet
C003158;29.09.2026 11:43:58;Destek;Temsilci 02;21;182;0;54;Cevaplandı;05499189131;Arıza;Evet
C003144;29.09.2026 11:44:46;Destek;Temsilci 02;19;206;0;60;Cevaplandı;05305870484;Kurulum;Hayır
C003146;29.09.2026 11:44:48;Satış;Temsilci 04;33;158;0;51;Cevaplandı;05583491075;Ürün bilgisi;Evet
C003151;29.09.2026 11:45:23;Destek;Temsilci 01;6;218;0;44;Cevaplandı;05564982949;Arıza;Evet
C003149;29.09.2026 11:45:31;Fatura;Temsilci 11;32;167;72;45;Cevaplandı;05511289215;Ödeme;Evet
C003147;29.09.2026 11:46:21;Destek;Temsilci 05;7;121;32;50;Cevaplandı;05597896786;Şikâyet;Evet
C003159;29.09.2026 11:50:00;Destek;Temsilci 04;28;392;71;58;Cevaplandı;05466499808;Şikâyet;Evet
C003140;29.09.2026 11:51:03;Fatura;;1;0;0;0;Terk;05349323871;;
C003156;29.09.2026 11:53:28;Destek;Temsilci 12;9;213;0;32;Cevaplandı;05467791545;Kurulum;Hayır
C003152;29.09.2026 11:55:46;Satış;Temsilci 09;25;174;0;51;Cevaplandı;05496609911;Ürün bilgisi;Evet
C003142;29.09.2026 11:58:11;Destek;Temsilci 03;32;450;75;45;Cevaplandı;05426008238;Kurulum;Evet
C003150;29.09.2026 11:58:44;Fatura;;2;0;0;0;Terk;05539394174;;
C003154;29.09.2026 11:58:52;Destek;Temsilci 09;15;505;0;40;Cevaplandı;05536204613;Şikâyet;Evet
C003165;29.09.2026 12:00:43;Destek;Temsilci 12;9;377;55;42;Cevaplandı;05598943739;Şikâyet;Evet
C003166;29.09.2026 12:02:43;Destek;;4;0;0;0;Terk;05523823273;;
C003168;29.09.2026 12:03:02;Satış;Temsilci 11;3;194;0;25;Cevaplandı;05463221381;Ürün bilgisi;Hayır
C003160;29.09.2026 12:04:21;Satış;Temsilci 10;2;268;0;31;Cevaplandı;05356901065;Sipariş;Evet
C003161;29.09.2026 12:06:55;Fatura;Temsilci 10;8;72;0;33;Cevaplandı;05559692564;Fatura itirazı;Evet
C003164;29.09.2026 12:14:04;Fatura;Temsilci 04;4;113;86;17;Cevaplandı;05336603781;Ödeme;Hayır
C003170;29.09.2026 12:14:56;Destek;Temsilci 11;6;253;0;53;Cevaplandı;05449893334;Arıza;Evet
C003169;29.09.2026 12:17:52;Destek;Temsilci 05;10;108;77;39;Cevaplandı;05573318414;Arıza;Evet
C003167;29.09.2026 12:22:22;Fatura;Temsilci 03;4;128;0;52;Cevaplandı;05479126082;Ödeme;Evet
C003162;29.09.2026 12:25:10;Fatura;Temsilci 02;7;270;77;34;Cevaplandı;05336885955;Fatura itirazı;Hayır
C003171;29.09.2026 12:27:45;Destek;Temsilci 06;5;98;45;25;Cevaplandı;05491946870;Arıza;Evet
C003163;29.09.2026 12:29:35;Satış;Temsilci 12;1;244;0;21;Cevaplandı;05505440572;Sipariş;Evet
C003185;29.09.2026 12:30:41;Fatura;Temsilci 07;6;214;0;52;Cevaplandı;05537255831;Fatura itirazı;Evet
C003182;29.09.2026 12:32:33;Destek;Temsilci 04;13;368;0;56;Cevaplandı;05555119870;Şikâyet;Evet
C003178;29.09.2026 12:32:41;Destek;Temsilci 11;4;184;0;27;Cevaplandı;05337158276;Şikâyet;Evet
C003183;29.09.2026 12:32:43;Destek;Temsilci 02;7;393;0;55;Cevaplandı;05347458234;Arıza;Evet
C003180;29.09.2026 12:34:44;Destek;Temsilci 02;0;318;0;34;Cevaplandı;05345720674;Arıza;Evet
C003176;29.09.2026 12:36:32;Destek;Temsilci 09;7;332;0;21;Cevaplandı;05489776346;Kurulum;Evet
C003172;29.09.2026 12:36:59;Destek;Temsilci 12;9;247;0;39;Cevaplandı;05474132448;Kurulum;Evet
C003177;29.09.2026 12:37:41;Satış;Temsilci 12;9;114;28;27;Cevaplandı;05536118730;Sipariş;Evet
C003184;29.09.2026 12:44:49;Destek;Temsilci 04;2;162;0;15;Cevaplandı;05526232932;Şikâyet;Evet
C003175;29.09.2026 12:48:16;Destek;Temsilci 05;22;532;0;60;Cevaplandı;05579302001;Kurulum;Evet
C003179;29.09.2026 12:48:30;Destek;Temsilci 04;10;566;24;42;Cevaplandı;05554423809;Kurulum;Evet
C003181;29.09.2026 12:48:52;Destek;Temsilci 09;3;483;0;44;Cevaplandı;05369780121;Kurulum;Evet
C003173;29.09.2026 12:56:02;Destek;Temsilci 05;8;191;0;48;Cevaplandı;05337447723;Şikâyet;Evet
C003174;29.09.2026 12:57:23;Destek;Temsilci 05;4;595;79;27;Cevaplandı;05422566834;Şikâyet;Evet
C003188;29.09.2026 13:02:29;Destek;Temsilci 10;6;418;40;54;Cevaplandı;05335102598;Şikâyet;Evet
C003198;29.09.2026 13:02:37;Destek;Temsilci 05;2;124;0;59;Cevaplandı;05552863487;Şikâyet;Evet
C003192;29.09.2026 13:10:03;Fatura;Temsilci 11;1;7;86;48;Cevaplandı;05512294686;Ödeme;Evet
C003187;29.09.2026 13:11:22;Satış;Temsilci 09;0;72;0;53;Cevaplandı;05599406059;Ürün bilgisi;Hayır
C003196;29.09.2026 13:12:49;Fatura;Temsilci 05;11;364;0;34;Cevaplandı;05598517975;Ödeme;Evet
C003194;29.09.2026 13:12:58;Satış;Temsilci 06;5;161;0;21;Cevaplandı;05495221460;Ürün bilgisi;Evet
C003200;29.09.2026 13:14:26;Fatura;Temsilci 11;5;237;24;51;Cevaplandı;05562916574;Ödeme;Evet
C003189;29.09.2026 13:14:28;Fatura;Temsilci 01;1;170;64;33;Cevaplandı;05414628241;Fatura itirazı;Hayır
C003190;29.09.2026 13:15:20;Fatura;Temsilci 10;7;220;0;22;Cevaplandı;05546129603;Ödeme;Evet
C003199;29.09.2026 13:20:16;Destek;Temsilci 01;3;271;0;33;Cevaplandı;05536033088;Arıza;Evet
C003197;29.09.2026 13:21:50;Fatura;Temsilci 09;1;265;0;44;Cevaplandı;05451219192;Ödeme;Evet
C003191;29.09.2026 13:23:27;Destek;Temsilci 09;11;519;63;36;Cevaplandı;05594288438;Arıza;Evet
C003186;29.09.2026 13:23:48;Fatura;Temsilci 05;12;300;0;30;Cevaplandı;05447910196;Ödeme;Evet
C003193;29.09.2026 13:23:49;Destek;Temsilci 01;1;288;0;15;Cevaplandı;05368837192;Kurulum;Evet
C003195;29.09.2026 13:26:40;Satış;Temsilci 12;8;390;40;34;Cevaplandı;05327088768;Ürün bilgisi;Evet
C003211;29.09.2026 13:32:08;Destek;Temsilci 09;19;125;0;55;Cevaplandı;05464662128;Şikâyet;Evet
C003209;29.09.2026 13:32:42;Fatura;Temsilci 12;0;191;0;51;Cevaplandı;05537100096;Ödeme;Evet
C003206;29.09.2026 13:33:04;Satış;;3;0;0;0;Terk;05389564503;;
C003201;29.09.2026 13:36:36;Satış;Temsilci 07;10;144;0;47;Cevaplandı;05328071984;Sipariş;Evet
C003210;29.09.2026 13:37:58;Destek;Temsilci 03;5;309;17;38;Cevaplandı;05323478136;Şikâyet;Evet
C003207;29.09.2026 13:41:12;Destek;Temsilci 04;6;77;0;34;Cevaplandı;05431526495;Arıza;Hayır
C003203;29.09.2026 13:46:21;Fatura;Temsilci 01;1;609;0;51;Cevaplandı;05576105750;Fatura itirazı;Evet
C003212;29.09.2026 13:46:22;Destek;Temsilci 05;5;248;0;29;Cevaplandı;05553623360;Arıza;Evet
C003204;29.09.2026 13:47:30;Destek;Temsilci 06;15;285;0;36;Cevaplandı;05586766787;Şikâyet;Evet
C003202;29.09.2026 13:49:44;Destek;Temsilci 12;3;215;0;53;Cevaplandı;05458759859;Kurulum;Evet
C003208;29.09.2026 13:56:15;Destek;Temsilci 09;1;290;0;19;Cevaplandı;05596825095;Şikâyet;Evet
C003205;29.09.2026 13:56:56;Satış;Temsilci 05;17;335;0;49;Cevaplandı;05314715189;Ürün bilgisi;Evet
C003220;29.09.2026 14:01:19;Destek;Temsilci 10;1;305;0;32;Cevaplandı;05543340505;Kurulum;Evet
C003228;29.09.2026 14:02:45;Destek;Temsilci 12;4;490;0;30;Cevaplandı;05381620899;Şikâyet;Evet
C003224;29.09.2026 14:06:22;Fatura;Temsilci 09;3;190;0;60;Cevaplandı;05571319550;Ödeme;Evet
C003230;29.09.2026 14:09:24;Destek;Temsilci 11;3;543;0;57;Cevaplandı;05596128244;Arıza;Evet
C003225;29.09.2026 14:09:53;Destek;Temsilci 08;4;113;58;19;Cevaplandı;05523230540;Kurulum;Hayır
C003214;29.09.2026 14:10:58;Satış;Temsilci 03;3;104;0;21;Cevaplandı;05428724391;Ürün bilgisi;Evet
C003231;29.09.2026 14:11:45;Destek;Temsilci 02;14;260;0;43;Cevaplandı;05351920004;Kurulum;Hayır
C003229;29.09.2026 14:12:17;Destek;Temsilci 08;12;201;0;24;Cevaplandı;05498334243;Şikâyet;Hayır
C003232;29.09.2026 14:12:22;Destek;Temsilci 07;1;430;0;59;Cevaplandı;05411831488;Arıza;Evet
C003226;29.09.2026 14:13:33;Destek;Temsilci 04;9;377;0;21;Cevaplandı;05579023927;Kurulum;Hayır
C003222;29.09.2026 14:13:37;Destek;Temsilci 11;1;457;0;19;Cevaplandı;05486887301;Şikâyet;Evet
C003227;29.09.2026 14:15:53;Fatura;Temsilci 07;14;269;0;31;Cevaplandı;05375308212;Ödeme;Evet
C003216;29.09.2026 14:17:13;Destek;Temsilci 10;3;334;0;26;Cevaplandı;05543825325;Kurulum;Evet
C003218;29.09.2026 14:19:01;Satış;Temsilci 10;14;131;0;50;Cevaplandı;05387866707;Sipariş;Evet
C003219;29.09.2026 14:21:18;Satış;Temsilci 12;1;253;82;31;Cevaplandı;05414949189;Ürün bilgisi;Evet
C003223;29.09.2026 14:22:17;Destek;Temsilci 04;2;297;0;35;Cevaplandı;05469424110;Şikâyet;Evet
C003221;29.09.2026 14:23:00;Destek;;8;0;0;0;Terk;05595511891;;
C003217;29.09.2026 14:27:56;Destek;Temsilci 11;3;166;0;41;Cevaplandı;05571077446;Arıza;Evet
C003213;29.09.2026 14:28:06;Fatura;Temsilci 09;0;261;0;39;Cevaplandı;05532842241;Ödeme;Evet
C003215;29.09.2026 14:29:53;Fatura;Temsilci 01;3;159;0;17;Cevaplandı;05388686409;Ödeme;Evet
C003245;29.09.2026 14:31:00;Destek;Temsilci 07;3;391;24;51;Cevaplandı;05382719901;Kurulum;Evet
C003243;29.09.2026 14:31:09;Satış;Temsilci 02;5;203;55;58;Cevaplandı;05533819424;Sipariş;Evet
C003238;29.09.2026 14:32:25;Satış;Temsilci 12;1;108;22;58;Cevaplandı;05387540788;Ürün bilgisi;Evet
C003251;29.09.2026 14:32:37;Fatura;Temsilci 12;5;114;0;26;Cevaplandı;05485899768;Fatura itirazı;Evet
C003253;29.09.2026 14:36:03;Destek;Temsilci 06;8;512;33;20;Cevaplandı;05582399608;Arıza;Evet
C003248;29.09.2026 14:36:40;Destek;Temsilci 08;24;347;0;16;Cevaplandı;05461991943;Kurulum;Evet
C003252;29.09.2026 14:38:19;Destek;Temsilci 06;1;151;0;59;Cevaplandı;05411145626;Şikâyet;Evet
C003236;29.09.2026 14:38:20;Destek;Temsilci 10;2;238;0;16;Cevaplandı;05399878462;Şikâyet;Evet
C003249;29.09.2026 14:40:25;Fatura;Temsilci 09;2;262;0;25;Cevaplandı;05434726064;Ödeme;Evet
C003247;29.09.2026 14:40:47;Destek;Temsilci 06;1;216;0;18;Cevaplandı;05479513665;Şikâyet;Hayır
C003239;29.09.2026 14:41:50;Satış;Temsilci 07;1;540;0;45;Cevaplandı;05499173933;Sipariş;Evet
C003237;29.09.2026 14:43:13;Satış;Temsilci 03;3;99;0;31;Cevaplandı;05346187226;Sipariş;Evet
C003233;29.09.2026 14:46:03;Satış;Temsilci 04;2;129;0;20;Cevaplandı;05414358679;Sipariş;Hayır
C003246;29.09.2026 14:46:09;Destek;Temsilci 01;10;202;0;15;Cevaplandı;05316577599;Şikâyet;Evet
C003235;29.09.2026 14:48:29;Fatura;Temsilci 02;1;198;46;24;Cevaplandı;05449186513;Fatura itirazı;Evet
C003250;29.09.2026 14:50:07;Fatura;Temsilci 03;2;220;0;45;Cevaplandı;05392459463;Ödeme;Evet
C003234;29.09.2026 14:52:34;Destek;Temsilci 06;0;321;79;24;Cevaplandı;05472746102;Şikâyet;Evet
C003241;29.09.2026 14:52:52;Destek;Temsilci 01;2;109;69;40;Cevaplandı;05382719901;Kurulum;Evet
C003242;29.09.2026 14:54:19;Destek;Temsilci 02;4;449;0;25;Cevaplandı;05358947582;Arıza;Evet
C003244;29.09.2026 14:56:27;Satış;Temsilci 06;9;165;0;53;Cevaplandı;05317929631;Sipariş;Evet
C003240;29.09.2026 14:58:52;Destek;Temsilci 08;4;643;0;55;Cevaplandı;05472750754;Şikâyet;Evet
C003261;29.09.2026 15:01:56;Satış;Temsilci 07;46;638;0;36;Cevaplandı;05479046737;Sipariş;Evet
C003264;29.09.2026 15:04:26;Destek;Temsilci 11;34;351;0;19;Cevaplandı;05393592155;Kurulum;Evet
C003265;29.09.2026 15:06:40;Satış;Temsilci 09;13;315;86;60;Cevaplandı;05537979877;Sipariş;Evet
C003257;29.09.2026 15:07:26;Satış;;14;0;0;0;Terk;05352790670;;
C003254;29.09.2026 15:07:54;Fatura;Temsilci 05;48;93;49;33;Cevaplandı;05457762988;Fatura itirazı;Hayır
C003273;29.09.2026 15:08:41;Destek;Temsilci 02;2;445;0;53;Cevaplandı;05504831885;Arıza;Evet
C003255;29.09.2026 15:08:54;Destek;Temsilci 02;3;380;0;42;Cevaplandı;05477510729;Kurulum;Evet
C003269;29.09.2026 15:09:43;Fatura;Temsilci 02;5;186;0;19;Cevaplandı;05405634094;Ödeme;Evet
C003270;29.09.2026 15:11:49;Satış;;5;0;0;0;Terk;05462604297;;
C003256;29.09.2026 15:12:19;Destek;Temsilci 09;1;260;0;44;Cevaplandı;05466893690;Arıza;Evet
C003258;29.09.2026 15:13:16;Fatura;Temsilci 06;14;217;0;38;Cevaplandı;05531052348;Fatura itirazı;Evet
C003262;29.09.2026 15:16:24;Destek;Temsilci 02;9;413;47;37;Cevaplandı;05477062596;Kurulum;Evet
C003271;29.09.2026 15:18:54;Destek;Temsilci 01;22;567;0;42;Cevaplandı;05503896819;Kurulum;Evet
C003267;29.09.2026 15:19:41;Destek;Temsilci 06;31;448;0;32;Cevaplandı;05426186206;Arıza;Evet
C003268;29.09.2026 15:20:45;Satış;;8;0;0;0;Terk;05501480956;;
C003259;29.09.2026 15:24:39;Satış;Temsilci 08;27;143;0;17;Cevaplandı;05526475920;Sipariş;Evet
C003260;29.09.2026 15:24:39;Fatura;Temsilci 11;0;161;0;55;Cevaplandı;05415762018;Ödeme;Evet
C003263;29.09.2026 15:24:53;Destek;Temsilci 12;36;174;0;60;Cevaplandı;05456040641;Kurulum;Evet
C003266;29.09.2026 15:25:46;Satış;Temsilci 03;3;209;77;39;Cevaplandı;05449952115;Sipariş;Evet
C003272;29.09.2026 15:27:48;Destek;Temsilci 10;1;261;60;29;Cevaplandı;05575692347;Arıza;Evet
C003288;29.09.2026 15:31:17;Satış;Temsilci 10;21;132;0;15;Cevaplandı;05302144356;Ürün bilgisi;Evet
C003284;29.09.2026 15:31:25;Satış;Temsilci 11;22;141;0;58;Cevaplandı;05376865425;Ürün bilgisi;Evet
C003276;29.09.2026 15:32:36;Satış;;46;0;0;0;Terk;05457502992;;
C003278;29.09.2026 15:33:41;Satış;Temsilci 12;3;298;0;31;Cevaplandı;05302339982;Ürün bilgisi;Evet
C003291;29.09.2026 15:36:35;Destek;;2;0;0;0;Terk;05317274428;;
C003290;29.09.2026 15:37:00;Fatura;Temsilci 05;11;147;0;19;Cevaplandı;05487431857;Fatura itirazı;Hayır
C003287;29.09.2026 15:37:43;Destek;Temsilci 06;25;395;0;32;Cevaplandı;05375519415;Kurulum;Hayır
C003297;29.09.2026 15:37:43;Destek;Temsilci 01;21;184;0;18;Cevaplandı;05545362304;Arıza;Hayır
C003289;29.09.2026 15:37:52;Satış;Temsilci 03;2;74;0;57;Cevaplandı;05502361192;Ürün bilgisi;Evet
C003294;29.09.2026 15:39:58;Satış;Temsilci 04;24;205;0;38;Cevaplandı;05403617785;Sipariş;Hayır
C003293;29.09.2026 15:42:27;Satış;Temsilci 02;5;167;0;49;Cevaplandı;05324196979;Sipariş;Evet
C003283;29.09.2026 15:42:48;Destek;Temsilci 02;14;76;0;20;Cevaplandı;05357827461;Kurulum;Evet
C003295;29.09.2026 15:43:27;Destek;Temsilci 03;82;179;0;50;Cevaplandı;05305025699;Kurulum;Evet
C003285;29.09.2026 15:43:34;Fatura;Temsilci 04;25;360;0;19;Cevaplandı;05508980885;Fatura itirazı;Evet
C003279;29.09.2026 15:44:01;Fatura;Temsilci 09;23;151;0;30;Cevaplandı;05413964493;Ödeme;Evet
C003296;29.09.2026 15:46:38;Destek;Temsilci 07;18;654;0;23;Cevaplandı;05365919033;Şikâyet;Evet
C003292;29.09.2026 15:46:53;Destek;Temsilci 02;36;605;0;36;Cevaplandı;05573612065;Şikâyet;Hayır
C003280;29.09.2026 15:51:38;Satış;Temsilci 10;5;142;0;59;Cevaplandı;05596349136;Ürün bilgisi;Evet
C003286;29.09.2026 15:51:47;Destek;Temsilci 06;5;193;10;55;Cevaplandı;05393273921;Arıza;Evet
C003274;29.09.2026 15:52:37;Fatura;;53;0;0;0;Terk;05589007239;;
C003275;29.09.2026 15:52:58;Destek;Temsilci 09;27;178;0;16;Cevaplandı;05543044386;Arıza;Evet
C003277;29.09.2026 15:56:59;Fatura;Temsilci 12;47;161;0;51;Cevaplandı;05547148507;Ödeme;Evet
C003282;29.09.2026 15:57:29;Fatura;Temsilci 06;19;83;87;20;Cevaplandı;05566848821;Fatura itirazı;Evet
C003281;29.09.2026 15:58:26;Fatura;Temsilci 11;22;217;0;27;Cevaplandı;05554546825;Fatura itirazı;Evet
C003304;29.09.2026 16:00:47;Fatura;Temsilci 11;14;255;0;47;Cevaplandı;05506391190;Ödeme;Evet
C003307;29.09.2026 16:04:51;Destek;Temsilci 06;1;133;76;18;Cevaplandı;05516829268;Kurulum;Evet
C003308;29.09.2026 16:08:40;Destek;Temsilci 11;1;1579;0;37;Cevaplandı;05495679575;Kurulum;Evet
C003309;29.09.2026 16:09:13;Destek;Temsilci 10;5;268;0;23;Cevaplandı;05578797774;Şikâyet;Evet
C003300;29.09.2026 16:09:27;Destek;Temsilci 09;7;310;55;52;Cevaplandı;05488698142;Kurulum;Evet
C003314;29.09.2026 16:13:03;Fatura;Temsilci 04;3;221;0;59;Cevaplandı;05365927624;Fatura itirazı;Hayır
C003298;29.09.2026 16:14:29;Destek;Temsilci 11;6;477;0;26;Cevaplandı;05593700785;Şikâyet;Evet
C003310;29.09.2026 16:15:23;Fatura;Temsilci 01;8;207;0;49;Cevaplandı;05579111930;Ödeme;Evet
C003303;29.09.2026 16:15:55;Destek;Temsilci 03;12;478;0;47;Cevaplandı;05557551468;Arıza;Evet
C003302;29.09.2026 16:18:02;Fatura;Temsilci 10;5;222;0;43;Cevaplandı;05404765820;Fatura itirazı;Evet
C003299;29.09.2026 16:18:13;Fatura;Temsilci 02;2;232;0;24;Cevaplandı;05337337385;Fatura itirazı;Evet
C003313;29.09.2026 16:19:57;Destek;Temsilci 04;10;150;18;26;Cevaplandı;05354211399;Şikâyet;Evet
C003305;29.09.2026 16:20:39;Satış;Temsilci 10;3;226;88;18;Cevaplandı;05562416704;Sipariş;Evet
C003312;29.09.2026 16:21:49;Satış;Temsilci 07;2;262;0;49;Cevaplandı;05512723171;Sipariş;Evet
C003306;29.09.2026 16:25:46;Fatura;Temsilci 02;1;527;49;58;Cevaplandı;05578335369;Fatura itirazı;Evet
C003311;29.09.2026 16:26:40;Destek;Temsilci 03;4;259;0;58;Cevaplandı;05553230339;Arıza;Evet
C003301;29.09.2026 16:27:46;Satış;Temsilci 06;2;154;11;28;Cevaplandı;05571205595;Ürün bilgisi;Evet
C003316;29.09.2026 16:32:04;Satış;Temsilci 03;7;86;0;26;Cevaplandı;05358195432;Ürün bilgisi;Evet
C003328;29.09.2026 16:32:19;Destek;Temsilci 03;13;415;0;18;Cevaplandı;05505480941;Arıza;Evet
C003326;29.09.2026 16:32:23;Fatura;;6;0;0;0;Terk;05481466318;;
C003324;29.09.2026 16:38:23;Fatura;Temsilci 12;8;106;64;53;Cevaplandı;05576441355;Ödeme;Evet
C003327;29.09.2026 16:41:44;Destek;Temsilci 12;13;148;0;34;Cevaplandı;05548838347;Şikâyet;Evet
C003329;29.09.2026 16:43:09;Satış;Temsilci 10;8;234;0;47;Cevaplandı;05437935204;Sipariş;Evet
C003331;29.09.2026 16:43:09;Satış;Temsilci 10;23;191;20;57;Cevaplandı;05437965854;Ürün bilgisi;Evet
C003333;29.09.2026 16:43:39;Destek;Temsilci 11;1;217;0;39;Cevaplandı;05572141985;Kurulum;Hayır
C003318;29.09.2026 16:45:13;Satış;Temsilci 03;14;267;79;23;Cevaplandı;05567473761;Sipariş;Evet
C003320;29.09.2026 16:47:04;Satış;Temsilci 12;2;210;0;20;Cevaplandı;05492668141;Ürün bilgisi;Evet
C003332;29.09.2026 16:48:00;Fatura;Temsilci 08;6;190;0;19;Cevaplandı;05531381161;Ödeme;Evet
C003325;29.09.2026 16:48:45;Destek;Temsilci 02;3;119;0;50;Cevaplandı;05447206153;Arıza;Hayır
C003321;29.09.2026 16:48:52;Satış;Temsilci 01;4;133;0;47;Cevaplandı;05314255743;Sipariş;Evet
C003315;29.09.2026 16:51:53;Fatura;Temsilci 10;13;174;84;58;Cevaplandı;05552644345;Fatura itirazı;Hayır
C003317;29.09.2026 16:52:24;Fatura;Temsilci 08;3;137;0;23;Cevaplandı;05591418149;Fatura itirazı;Hayır
C003322;29.09.2026 16:53:30;Fatura;Temsilci 06;0;152;0;42;Cevaplandı;05404979068;Ödeme;Evet
C003330;29.09.2026 16:55:18;Destek;Temsilci 07;1;505;0;43;Cevaplandı;05429436380;Arıza;Hayır
C003323;29.09.2026 16:55:55;Fatura;Temsilci 08;1;282;84;49;Cevaplandı;05578967955;Fatura itirazı;Hayır
C003319;29.09.2026 16:58:58;Fatura;Temsilci 11;3;303;0;16;Cevaplandı;05526301597;Ödeme;Evet
C003337;29.09.2026 17:00:21;Fatura;Temsilci 09;15;211;0;56;Cevaplandı;05408565627;Fatura itirazı;Evet
C003334;29.09.2026 17:01:31;Fatura;Temsilci 03;2;301;0;36;Cevaplandı;05416658472;Fatura itirazı;Evet
C003340;29.09.2026 17:04:34;Destek;Temsilci 09;14;328;0;32;Cevaplandı;05426581338;Şikâyet;Hayır
C003347;29.09.2026 17:09:13;Destek;Temsilci 01;7;305;0;18;Cevaplandı;05453495873;Arıza;Evet
C003339;29.09.2026 17:10:00;Destek;Temsilci 04;12;361;0;37;Cevaplandı;05528671388;Şikâyet;Evet
C003338;29.09.2026 17:12:44;Satış;Temsilci 11;9;88;0;16;Cevaplandı;05377043960;Sipariş;Evet
C003342;29.09.2026 17:13:53;Destek;Temsilci 03;26;527;0;51;Cevaplandı;05567119095;Kurulum;Evet
C003336;29.09.2026 17:14:27;Destek;Temsilci 12;11;118;0;45;Cevaplandı;05393920130;Şikâyet;Evet
C003345;29.09.2026 17:14:29;Satış;Temsilci 05;0;60;0;25;Cevaplandı;05334175911;Sipariş;Evet
C003343;29.09.2026 17:17:46;Satış;Temsilci 05;15;159;0;60;Cevaplandı;05332942369;Ürün bilgisi;Hayır
C003335;29.09.2026 17:18:25;Destek;Temsilci 10;9;202;0;21;Cevaplandı;05428738627;Kurulum;Evet
C003344;29.09.2026 17:23:51;Destek;Temsilci 09;5;347;0;52;Cevaplandı;05576014672;Kurulum;Evet
C003346;29.09.2026 17:23:52;Satış;Temsilci 11;6;362;0;42;Cevaplandı;05526945330;Sipariş;Evet
C003341;29.09.2026 17:27:06;Satış;Temsilci 03;0;131;0;54;Cevaplandı;05493005321;Sipariş;Evet
C003350;29.09.2026 17:32:30;Fatura;Temsilci 06;2;360;69;21;Cevaplandı;05479384959;Ödeme;Hayır
C003362;29.09.2026 17:35:44;Destek;Temsilci 10;2;296;15;46;Cevaplandı;05399882781;Kurulum;Hayır
C003353;29.09.2026 17:37:15;Fatura;;1;0;0;0;Terk;05323303819;;
C003357;29.09.2026 17:37:34;Fatura;Temsilci 05;0;152;0;33;Cevaplandı;05508655647;Fatura itirazı;Evet
C003354;29.09.2026 17:40:15;Fatura;Temsilci 10;18;212;0;54;Cevaplandı;05317611806;Ödeme;Evet
C003356;29.09.2026 17:41:15;Destek;Temsilci 05;5;395;0;43;Cevaplandı;05403221269;Arıza;Hayır
C003361;29.09.2026 17:42:55;Satış;Temsilci 03;9;132;0;45;Cevaplandı;05523696774;Sipariş;Evet
C003352;29.09.2026 17:43:46;Destek;Temsilci 05;13;289;0;18;Cevaplandı;05448396474;Kurulum;Evet
C003359;29.09.2026 17:44:20;Destek;Temsilci 01;4;318;0;31;Cevaplandı;05354243639;Arıza;Evet
C003355;29.09.2026 17:44:21;Destek;Temsilci 12;0;168;0;52;Cevaplandı;05388523599;Arıza;Hayır
C003351;29.09.2026 17:53:19;Destek;Temsilci 09;1;299;59;24;Cevaplandı;05392642249;Arıza;Evet
C003358;29.09.2026 17:53:34;Destek;Temsilci 09;7;208;0;44;Cevaplandı;05567746818;Şikâyet;Hayır
C003348;29.09.2026 17:56:15;Satış;Temsilci 05;0;128;0;29;Cevaplandı;05374806757;Ürün bilgisi;Evet
C003349;29.09.2026 17:58:53;Destek;Temsilci 10;14;477;0;22;Cevaplandı;05408532964;Kurulum;Evet
C003360;29.09.2026 17:59:14;Destek;Temsilci 11;2;385;28;57;Cevaplandı;05567942694;Kurulum;Evet
C003365;30.09.2026 09:00:07;Destek;Temsilci 06;4;116;62;26;Cevaplandı;05534322703;Kurulum;Evet
C003371;30.09.2026 09:04:23;Satış;Temsilci 04;1;67;21;31;Cevaplandı;05364823835;Ürün bilgisi;Hayır
C003364;30.09.2026 09:06:15;Destek;Temsilci 10;12;183;0;36;Cevaplandı;05308300620;Kurulum;Evet
C003366;30.09.2026 09:10:29;Fatura;Temsilci 10;13;330;0;42;Cevaplandı;05493076852;Ödeme;Evet
C003369;30.09.2026 09:11:38;Destek;Temsilci 04;11;126;0;35;Cevaplandı;05359848728;Arıza;Evet
C003363;30.09.2026 09:14:56;Satış;Temsilci 04;7;120;0;60;Cevaplandı;05527575490;Ürün bilgisi;Hayır
C003367;30.09.2026 09:17:25;Destek;Temsilci 07;3;899;48;36;Cevaplandı;05302972467;Arıza;Evet
C003368;30.09.2026 09:26:50;Fatura;Temsilci 08;7;165;31;45;Cevaplandı;05379834954;Fatura itirazı;Evet
C003372;30.09.2026 09:28:30;Destek;Temsilci 05;1;220;0;28;Cevaplandı;05331696826;Şikâyet;Evet
C003370;30.09.2026 09:28:55;Satış;Temsilci 06;1;160;41;34;Cevaplandı;05596037221;Sipariş;Evet
C003386;30.09.2026 09:30:23;Destek;Temsilci 01;3;235;0;22;Cevaplandı;05593911325;Şikâyet;Evet
C003384;30.09.2026 09:31:43;Destek;Temsilci 06;1;73;0;50;Cevaplandı;05486282749;Arıza;Evet
C003381;30.09.2026 09:34:27;Destek;Temsilci 07;26;441;0;32;Cevaplandı;05597896786;Kurulum;Evet
C003376;30.09.2026 09:36:16;Fatura;Temsilci 05;11;595;0;48;Cevaplandı;05411245222;Fatura itirazı;Evet
C003374;30.09.2026 09:39:55;Destek;Temsilci 09;2;361;0;56;Cevaplandı;05552457190;Şikâyet;Hayır
C003382;30.09.2026 09:43:47;Satış;Temsilci 07;12;554;0;36;Cevaplandı;05332721779;Sipariş;Evet
C003383;30.09.2026 09:48:03;Fatura;Temsilci 01;1;195;0;53;Cevaplandı;05587687875;Fatura itirazı;Evet
C003378;30.09.2026 09:51:11;Satış;Temsilci 05;10;260;0;42;Cevaplandı;05517304218;Sipariş;Evet
C003385;30.09.2026 09:51:29;Satış;Temsilci 10;11;296;37;34;Cevaplandı;05358281045;Ürün bilgisi;Evet
C003373;30.09.2026 09:52:45;Destek;Temsilci 02;1;659;0;44;Cevaplandı;05465618362;Şikâyet;Evet
C003379;30.09.2026 09:55:16;Destek;Temsilci 04;14;296;49;55;Cevaplandı;05307274004;Arıza;Evet
C003380;30.09.2026 09:56:46;Satış;Temsilci 10;5;170;0;55;Cevaplandı;05339145964;Sipariş;Hayır
C003375;30.09.2026 09:57:39;Destek;Temsilci 06;8;324;29;51;Cevaplandı;05368188779;Şikâyet;Evet
C003377;30.09.2026 09:59:45;Fatura;Temsilci 04;1;196;0;27;Cevaplandı;05536125704;Ödeme;Evet
C003398;30.09.2026 10:00:54;Destek;Temsilci 01;22;193;14;45;Cevaplandı;05357369673;Kurulum;Evet
C003406;30.09.2026 10:04:38;Satış;Temsilci 02;9;107;0;57;Cevaplandı;05376651538;Sipariş;Evet
C003392;30.09.2026 10:04:45;Destek;Temsilci 07;65;500;0;40;Cevaplandı;05368889712;Arıza;Evet
C003409;30.09.2026 10:05:45;Satış;Temsilci 03;12;295;0;31;Cevaplandı;05591531136;Ürün bilgisi;Hayır
C003408;30.09.2026 10:05:50;Satış;Temsilci 05;2;115;24;20;Cevaplandı;05355968932;Ürün bilgisi;Hayır
C003390;30.09.2026 10:06:44;Satış;Temsilci 02;5;117;0;47;Cevaplandı;05404765820;Sipariş;Evet
C003397;30.09.2026 10:08:19;Destek;Temsilci 12;12;300;0;24;Cevaplandı;05463107643;Şikâyet;Hayır
C003387;30.09.2026 10:10:46;Destek;Temsilci 11;17;94;0;58;Cevaplandı;05493157991;Kurulum;Evet
C003405;30.09.2026 10:12:03;Destek;Temsilci 12;0;184;0;26;Cevaplandı;05508250182;Şikâyet;Evet
C003407;30.09.2026 10:15:09;Destek;Temsilci 05;13;270;0;33;Cevaplandı;05558825615;Arıza;Evet
C003399;30.09.2026 10:15:14;Destek;Temsilci 11;47;337;0;60;Cevaplandı;05391303985;Arıza;Evet
C003403;30.09.2026 10:15:26;Destek;Temsilci 08;1;577;0;31;Cevaplandı;05526994284;Arıza;Evet
C003394;30.09.2026 10:15:27;Satış;Temsilci 05;10;68;0;19;Cevaplandı;05491540127;Ürün bilgisi;Evet
C003404;30.09.2026 10:19:48;Destek;Temsilci 12;7;153;29;32;Cevaplandı;05503305417;Kurulum;Evet
C003401;30.09.2026 10:21:57;Destek;Temsilci 11;55;179;0;51;Cevaplandı;05417949894;Arıza;Hayır
C003395;30.09.2026 10:22:02;Satış;Temsilci 11;58;119;0;58;Cevaplandı;05338420674;Ürün bilgisi;Evet
C003388;30.09.2026 10:23:01;Destek;;12;0;0;0;Terk;05348799015;;
C003393;30.09.2026 10:23:21;Destek;Temsilci 07;22;300;0;21;Cevaplandı;05593667428;Şikâyet;Evet
C003389;30.09.2026 10:26:49;Satış;Temsilci 06;7;324;0;16;Cevaplandı;05319001386;Sipariş;Evet
C003396;30.09.2026 10:28:14;Satış;;16;0;0;0;Terk;05584323079;;
C003391;30.09.2026 10:28:18;Fatura;Temsilci 02;7;210;0;55;Cevaplandı;05312935420;Fatura itirazı;Evet
C003400;30.09.2026 10:29:45;Fatura;Temsilci 06;32;316;0;25;Cevaplandı;05383934914;Fatura itirazı;Evet
C003402;30.09.2026 10:29:53;Fatura;Temsilci 05;37;219;0;48;Cevaplandı;05567915903;Fatura itirazı;Evet
C003415;30.09.2026 10:30:03;Satış;;23;0;0;0;Terk;05417944697;;
C003429;30.09.2026 10:30:21;Destek;Temsilci 07;10;245;0;16;Cevaplandı;05588076002;Şikâyet;Evet
C003428;30.09.2026 10:32:41;Fatura;Temsilci 05;25;128;0;39;Cevaplandı;05383358312;Fatura itirazı;Evet
C003418;30.09.2026 10:33:03;Destek;Temsilci 03;12;266;58;15;Cevaplandı;05465996313;Şikâyet;Evet
C003421;30.09.2026 10:33:21;Destek;Temsilci 05;4;213;0;23;Cevaplandı;05346394786;Kurulum;Evet
C003412;30.09.2026 10:35:19;Fatura;Temsilci 09;24;146;0;43;Cevaplandı;05355875700;Ödeme;Hayır
C003427;30.09.2026 10:35:34;Fatura;Temsilci 08;31;161;0;55;Cevaplandı;05405821001;Fatura itirazı;Evet
C003410;30.09.2026 10:37:16;Destek;Temsilci 01;5;145;72;39;Cevaplandı;05345719431;Arıza;Hayır
C003430;30.09.2026 10:37:18;Fatura;Temsilci 11;8;6;0;25;Cevaplandı;05465549553;Fatura itirazı;Evet
C003425;30.09.2026 10:39:08;Destek;;11;0;0;0;Terk;05454436957;;
C003419;30.09.2026 10:45:28;Satış;Temsilci 09;23;165;0;29;Cevaplandı;05311032251;Sipariş;Evet
C003426;30.09.2026 10:47:41;Destek;Temsilci 05;15;291;16;60;Cevaplandı;05416890900;Arıza;Evet
C003420;30.09.2026 10:47:53;Destek;Temsilci 10;16;251;0;32;Cevaplandı;05541155251;Kurulum;Evet
C003424;30.09.2026 10:48:39;Satış;Temsilci 11;22;316;0;30;Cevaplandı;05555820568;Ürün bilgisi;Evet
C003413;30.09.2026 10:50:31;Fatura;Temsilci 09;69;222;0;21;Cevaplandı;05326739153;Fatura itirazı;Evet
C003423;30.09.2026 10:52:22;Satış;Temsilci 05;20;353;25;48;Cevaplandı;05466815494;Sipariş;Evet
C003422;30.09.2026 10:56:20;Destek;Temsilci 02;5;143;38;32;Cevaplandı;05541165019;Kurulum;Evet
C003431;30.09.2026 10:57:01;Destek;Temsilci 10;9;323;0;50;Cevaplandı;05516188811;Arıza;Hayır
C003411;30.09.2026 10:57:34;Destek;;12;0;0;0;Terk;05305259044;;
C003414;30.09.2026 10:57:44;Fatura;Temsilci 10;81;316;37;43;Cevaplandı;05464417664;Fatura itirazı;Evet
C003416;30.09.2026 10:58:30;Destek;Temsilci 05;5;227;0;26;Cevaplandı;05588976882;Arıza;Evet
C003417;30.09.2026 10:59:30;Fatura;Temsilci 10;4;124;0;38;Cevaplandı;05499506498;Fatura itirazı;Hayır
C003451;30.09.2026 11:02:21;Satış;Temsilci 08;48;60;0;59;Cevaplandı;05598140900;Sipariş;Evet
C003434;30.09.2026 11:03:10;Destek;Temsilci 10;20;676;0;17;Cevaplandı;05424000602;Kurulum;Evet
C003442;30.09.2026 11:03:17;Satış;;6;0;0;0;Terk;05364956724;;
C003446;30.09.2026 11:04:10;Destek;Temsilci 06;1;211;0;33;Cevaplandı;05387911293;Kurulum;Evet
C003445;30.09.2026 11:04:59;Destek;Temsilci 03;24;257;0;47;Cevaplandı;05423898174;Şikâyet;Evet
C003436;30.09.2026 11:09:33;Satış;Temsilci 03;10;112;0;54;Cevaplandı;05535204168;Ürün bilgisi;Evet
C003433;30.09.2026 11:10:07;Satış;;41;0;0;0;Terk;05428459503;;
C003443;30.09.2026 11:11:03;Destek;Temsilci 07;44;259;20;15;Cevaplandı;05498543699;Şikâyet;Evet
C003438;30.09.2026 11:13:04;Destek;Temsilci 06;5;182;0;42;Cevaplandı;05501079320;Şikâyet;Evet
C003437;30.09.2026 11:13:11;Destek;Temsilci 11;37;211;0;34;Cevaplandı;05338260875;Şikâyet;Hayır
C003444;30.09.2026 11:16:29;Destek;Temsilci 01;40;234;0;38;Cevaplandı;05348670178;Arıza;Evet
C003449;30.09.2026 11:17:26;Fatura;Temsilci 02;11;164;0;46;Cevaplandı;05482816159;Fatura itirazı;Evet
C003448;30.09.2026 11:18:50;Destek;Temsilci 09;4;312;0;29;Cevaplandı;05368738366;Kurulum;Evet
C003440;30.09.2026 11:19:02;Fatura;Temsilci 10;12;339;11;20;Cevaplandı;05437965854;Fatura itirazı;Evet
C003450;30.09.2026 11:20:14;Destek;;5;0;0;0;Terk;05511573978;;
C003439;30.09.2026 11:21:08;Satış;Temsilci 09;15;134;0;27;Cevaplandı;05402143869;Sipariş;Evet
C003435;30.09.2026 11:23:03;Satış;Temsilci 04;22;271;0;24;Cevaplandı;05594380703;Ürün bilgisi;Evet
C003441;30.09.2026 11:23:59;Satış;Temsilci 02;23;131;0;44;Cevaplandı;05499308349;Sipariş;Evet
C003432;30.09.2026 11:24:11;Destek;Temsilci 07;11;292;0;51;Cevaplandı;05335102598;Kurulum;Evet
C003447;30.09.2026 11:28:28;Destek;Temsilci 06;15;355;58;45;Cevaplandı;05366287186;Şikâyet;Evet
C003456;30.09.2026 11:30:47;Destek;;6;0;0;0;Terk;05349989840;;
C003454;30.09.2026 11:32:34;Fatura;Temsilci 08;23;323;0;44;Cevaplandı;05319495928;Fatura itirazı;Evet
C003461;30.09.2026 11:32:42;Satış;Temsilci 03;41;164;0;40;Cevaplandı;05464601234;Sipariş;Evet
C003460;30.09.2026 11:32:45;Destek;Temsilci 06;3;113;0;41;Cevaplandı;05446737427;Kurulum;Evet
C003453;30.09.2026 11:33:50;Satış;Temsilci 08;2;261;0;39;Cevaplandı;05438378625;Ürün bilgisi;Evet
C003459;30.09.2026 11:35:41;Satış;;39;0;0;0;Terk;05349697766;;
C003470;30.09.2026 11:35:59;Destek;Temsilci 08;27;433;0;17;Cevaplandı;05438999518;Arıza;Evet
C003466;30.09.2026 11:38:04;Fatura;Temsilci 03;21;228;0;34;Cevaplandı;05301573673;Ödeme;Hayır
C003469;30.09.2026 11:38:21;Destek;Temsilci 04;19;172;0;28;Cevaplandı;05449545425;Kurulum;Hayır
C003465;30.09.2026 11:38:54;Satış;Temsilci 03;27;206;0;23;Cevaplandı;05586956550;Sipariş;Evet
C003471;30.09.2026 11:42:18;Satış;;22;0;0;0;Terk;05331785832;;
C003452;30.09.2026 11:48:20;Destek;;17;0;0;0;Terk;05445496616;;
C003455;30.09.2026 11:49:20;Fatura;Temsilci 05;49;349;0;28;Cevaplandı;05414489521;Ödeme;Evet
C003458;30.09.2026 11:51:03;Satış;Temsilci 09;7;117;28;25;Cevaplandı;05592169627;Ürün bilgisi;Hayır
C003467;30.09.2026 11:51:08;Destek;Temsilci 02;5;288;0;19;Cevaplandı;05562186736;Kurulum;Evet
C003457;30.09.2026 11:53:38;Destek;Temsilci 08;20;439;87;22;Cevaplandı;05509459554;Şikâyet;Hayır
C003464;30.09.2026 11:55:46;Fatura;Temsilci 01;0;187;0;58;Cevaplandı;05326649060;Fatura itirazı;Evet
C003462;30.09.2026 11:55:56;Destek;Temsilci 05;19;262;27;48;Cevaplandı;05444472052;Kurulum;Evet
C003463;30.09.2026 11:57:14;Destek;Temsilci 06;34;573;0;18;Cevaplandı;05387201363;Arıza;Evet
C003468;30.09.2026 11:58:44;Satış;Temsilci 06;6;62;0;21;Cevaplandı;05403414061;Sipariş;Evet
C003483;30.09.2026 12:00:02;Destek;Temsilci 04;2;148;0;53;Cevaplandı;05496413588;Kurulum;Evet
C003475;30.09.2026 12:00:55;Satış;Temsilci 12;0;87;0;16;Cevaplandı;05468207017;Ürün bilgisi;Evet
C003481;30.09.2026 12:02:33;Destek;Temsilci 03;18;611;0;51;Cevaplandı;05463105218;Arıza;Evet
C003476;30.09.2026 12:03:13;Destek;Temsilci 09;10;462;0;36;Cevaplandı;05357918596;Şikâyet;Evet
C003480;30.09.2026 12:03:57;Satış;Temsilci 04;15;232;0;48;Cevaplandı;05418343628;Sipariş;Evet
C003472;30.09.2026 12:06:07;Fatura;Temsilci 02;9;336;0;54;Cevaplandı;05442551701;Fatura itirazı;Evet
C003478;30.09.2026 12:09:43;Destek;Temsilci 03;28;261;0;36;Cevaplandı;05355500041;Kurulum;Evet
C003473;30.09.2026 12:09:58;Satış;Temsilci 11;11;158;21;24;Cevaplandı;05591538947;Ürün bilgisi;Evet
C003485;30.09.2026 12:09:58;Destek;Temsilci 08;2;275;0;51;Cevaplandı;05532193692;Şikâyet;Evet
C003479;30.09.2026 12:11:03;Fatura;Temsilci 06;4;244;0;33;Cevaplandı;05339557406;Fatura itirazı;Evet
C003474;30.09.2026 12:17:44;Satış;Temsilci 07;7;236;46;49;Cevaplandı;05395963078;Sipariş;Evet
C003487;30.09.2026 12:17:50;Fatura;Temsilci 05;3;286;0;35;Cevaplandı;05535992880;Fatura itirazı;Evet
C003484;30.09.2026 12:19:00;Destek;Temsilci 05;2;211;0;18;Cevaplandı;05549999873;Şikâyet;Evet
C003486;30.09.2026 12:23:26;Destek;Temsilci 07;3;455;0;39;Cevaplandı;05335058472;Kurulum;Evet
C003477;30.09.2026 12:26:39;Destek;Temsilci 10;4;183;0;44;Cevaplandı;05446174914;Kurulum;Hayır
C003482;30.09.2026 12:27:05;Destek;Temsilci 10;12;422;83;56;Cevaplandı;05464328999;Arıza;Evet
C003494;30.09.2026 12:35:14;Satış;Temsilci 12;19;585;80;17;Cevaplandı;05413008857;Ürün bilgisi;Evet
C003496;30.09.2026 12:35:47;Destek;Temsilci 02;8;341;0;20;Cevaplandı;05322700914;Şikâyet;Evet
C003489;30.09.2026 12:36:16;Destek;Temsilci 12;5;232;0;34;Cevaplandı;05441863226;Kurulum;Evet
C003495;30.09.2026 12:37:39;Satış;Temsilci 07;10;454;0;15;Cevaplandı;05527447318;Sipariş;Hayır
C003497;30.09.2026 12:41:54;Destek;Temsilci 10;18;545;0;28;Cevaplandı;05383641991;Şikâyet;Evet
C003493;30.09.2026 12:42:14;Destek;Temsilci 02;1;219;0;31;Cevaplandı;05389246912;Arıza;Evet
C003490;30.09.2026 12:47:21;Satış;Temsilci 01;1;199;0;39;Cevaplandı;05466083381;Sipariş;Evet
C003488;30.09.2026 12:50:37;Destek;Temsilci 09;2;321;56;27;Cevaplandı;05468194275;Kurulum;Hayır
C003492;30.09.2026 12:52:58;Fatura;Temsilci 11;2;130;0;34;Cevaplandı;05317795781;Ödeme;Evet
C003491;30.09.2026 12:57:18;Destek;Temsilci 09;19;220;0;20;Cevaplandı;05344264771;Şikâyet;Evet
C003499;30.09.2026 13:00:15;Destek;Temsilci 03;4;234;0;50;Cevaplandı;05576701129;Şikâyet;Evet
C003504;30.09.2026 13:00:51;Destek;Temsilci 04;3;352;0;59;Cevaplandı;05576231167;Şikâyet;Evet
C003506;30.09.2026 13:01:46;Fatura;;5;0;0;0;Terk;05349983251;;
C003498;30.09.2026 13:03:11;Destek;Temsilci 11;4;6;25;58;Cevaplandı;05487520247;Kurulum;Evet
C003502;30.09.2026 13:11:23;Fatura;Temsilci 06;7;146;0;51;Cevaplandı;05504012585;Ödeme;Evet
C003508;30.09.2026 13:11:46;Destek;Temsilci 09;10;145;0;45;Cevaplandı;05467463582;Şikâyet;Evet
C003503;30.09.2026 13:16:43;Fatura;Temsilci 02;0;209;44;26;Cevaplandı;05389156972;Fatura itirazı;Evet
C003501;30.09.2026 13:23:03;Destek;Temsilci 05;4;116;0;57;Cevaplandı;05316993910;Arıza;Evet
C003505;30.09.2026 13:24:38;Satış;Temsilci 07;12;576;0;26;Cevaplandı;05352521386;Sipariş;Evet
C003507;30.09.2026 13:25:23;Fatura;Temsilci 03;0;244;0;22;Cevaplandı;05393226422;Fatura itirazı;Evet
C003500;30.09.2026 13:28:52;Fatura;Temsilci 07;20;183;85;41;Cevaplandı;05312831080;Fatura itirazı;Evet
C003519;30.09.2026 13:31:23;Destek;Temsilci 10;3;294;76;54;Cevaplandı;05308908783;Kurulum;Evet
C003518;30.09.2026 13:32:07;Destek;Temsilci 09;2;413;0;33;Cevaplandı;05598221562;Şikâyet;Evet
C003517;30.09.2026 13:33:55;Fatura;Temsilci 11;5;2;73;39;Cevaplandı;05438927388;Ödeme;Hayır
C003509;30.09.2026 13:36:06;Destek;Temsilci 09;0;210;0;28;Cevaplandı;05305770739;Şikâyet;Evet
C003516;30.09.2026 13:39:47;Satış;Temsilci 12;31;184;0;50;Cevaplandı;05459322537;Ürün bilgisi;Evet
C003513;30.09.2026 13:41:02;Fatura;Temsilci 06;5;158;0;59;Cevaplandı;05404226719;Fatura itirazı;Evet
C003515;30.09.2026 13:44:02;Fatura;Temsilci 06;13;250;0;18;Cevaplandı;05417221250;Ödeme;Evet
C003514;30.09.2026 13:44:48;Fatura;Temsilci 12;8;130;61;59;Cevaplandı;05378326307;Fatura itirazı;Evet
C003512;30.09.2026 13:46:07;Satış;Temsilci 11;12;259;0;21;Cevaplandı;05499526661;Sipariş;Evet
C003510;30.09.2026 13:56:50;Destek;Temsilci 01;13;179;0;56;Cevaplandı;05468194275;Şikâyet;Evet
C003511;30.09.2026 13:58:11;Satış;Temsilci 03;2;202;0;37;Cevaplandı;05564213445;Ürün bilgisi;Evet
C003523;30.09.2026 14:00:49;Satış;;14;0;0;0;Terk;05401905165;;
C003526;30.09.2026 14:03:04;Fatura;Temsilci 11;12;7;0;38;Cevaplandı;05453871198;Ödeme;Evet
C003525;30.09.2026 14:03:16;Fatura;Temsilci 11;2;224;0;17;Cevaplandı;05337575022;Ödeme;Evet
C003520;30.09.2026 14:04:05;Fatura;Temsilci 08;2;212;10;15;Cevaplandı;05312838987;Fatura itirazı;Evet
C003529;30.09.2026 14:10:26;Fatura;Temsilci 07;1;350;0;52;Cevaplandı;05412406448;Fatura itirazı;Evet
C003522;30.09.2026 14:11:35;Satış;Temsilci 08;16;288;0;57;Cevaplandı;05531524590;Ürün bilgisi;Evet
C003530;30.09.2026 14:12:08;Destek;Temsilci 07;24;373;78;46;Cevaplandı;05303549360;Şikâyet;Evet
C003532;30.09.2026 14:15:28;Destek;Temsilci 10;0;194;20;55;Cevaplandı;05552029586;Arıza;Evet
C003521;30.09.2026 14:21:17;Destek;Temsilci 06;1;112;0;28;Cevaplandı;05379933104;Şikâyet;Hayır
C003528;30.09.2026 14:21:30;Fatura;Temsilci 11;1;160;0;38;Cevaplandı;05486184776;Fatura itirazı;Evet
C003533;30.09.2026 14:22:08;Satış;Temsilci 09;2;241;33;39;Cevaplandı;05317253180;Ürün bilgisi;Evet
C003527;30.09.2026 14:22:10;Fatura;Temsilci 09;4;118;0;15;Cevaplandı;05435481933;Fatura itirazı;Evet
C003531;30.09.2026 14:27:02;Destek;Temsilci 09;3;170;33;20;Cevaplandı;05324443627;Şikâyet;Hayır
C003524;30.09.2026 14:27:47;Destek;Temsilci 01;5;256;0;40;Cevaplandı;05503174898;Arıza;Evet
C003540;30.09.2026 14:30:02;Fatura;Temsilci 03;16;277;0;59;Cevaplandı;05474761312;Ödeme;Evet
C003546;30.09.2026 14:30:29;Satış;Temsilci 02;12;194;0;41;Cevaplandı;05429827612;Ürün bilgisi;Evet
C003550;30.09.2026 14:34:10;Destek;Temsilci 05;6;296;0;25;Cevaplandı;05356626636;Kurulum;Evet
C003534;30.09.2026 14:35:05;Destek;Temsilci 08;3;305;35;60;Cevaplandı;05587866457;Arıza;Evet
C003548;30.09.2026 14:37:11;Destek;Temsilci 09;19;114;0;31;Cevaplandı;05373091135;Kurulum;Evet
C003551;30.09.2026 14:37:27;Destek;Temsilci 09;9;179;0;20;Cevaplandı;05421615308;Şikâyet;Evet
C003547;30.09.2026 14:42:22;Destek;Temsilci 06;4;444;0;25;Cevaplandı;05503384959;Arıza;Evet
C003538;30.09.2026 14:43:48;Destek;Temsilci 01;11;449;57;57;Cevaplandı;05325681865;Arıza;Evet
C003539;30.09.2026 14:44:47;Destek;Temsilci 08;1;158;0;30;Cevaplandı;05503816688;Arıza;Evet
C003542;30.09.2026 14:48:32;Destek;Temsilci 04;1;324;77;40;Cevaplandı;05465953539;Şikâyet;Evet
C003545;30.09.2026 14:50:37;Fatura;Temsilci 04;5;296;0;16;Cevaplandı;05333346041;Ödeme;Evet
C003541;30.09.2026 14:50:57;Destek;Temsilci 05;0;162;0;49;Cevaplandı;05469616190;Şikâyet;Evet
C003549;30.09.2026 14:52:13;Destek;Temsilci 01;13;213;0;34;Cevaplandı;05582101513;Kurulum;Evet
C003543;30.09.2026 14:52:58;Destek;Temsilci 04;5;240;0;22;Cevaplandı;05573598502;Şikâyet;Evet
C003535;30.09.2026 14:54:11;Fatura;Temsilci 01;0;122;0;36;Cevaplandı;05436329466;Ödeme;Hayır
C003536;30.09.2026 14:56:49;Destek;Temsilci 05;3;148;25;53;Cevaplandı;05492721829;Kurulum;Evet
C003544;30.09.2026 14:57:19;Destek;Temsilci 01;14;155;0;15;Cevaplandı;05449684264;Şikâyet;Evet
C003537;30.09.2026 14:59:40;Fatura;Temsilci 10;17;322;0;25;Cevaplandı;05387355516;Ödeme;Evet
C003571;30.09.2026 15:01:39;Fatura;Temsilci 02;4;240;0;36;Cevaplandı;05384611846;Fatura itirazı;Evet
C003564;30.09.2026 15:01:54;Fatura;Temsilci 03;51;223;66;25;Cevaplandı;05576393086;Ödeme;Evet
C003552;30.09.2026 15:09:25;Destek;Temsilci 01;35;265;68;40;Cevaplandı;05448980362;Şikâyet;Evet
C003572;30.09.2026 15:09:40;Satış;Temsilci 06;6;188;0;25;Cevaplandı;05559423786;Ürün bilgisi;Evet
C003569;30.09.2026 15:12:08;Destek;Temsilci 04;18;378;0;58;Cevaplandı;05428938889;Kurulum;Evet
C003570;30.09.2026 15:12:13;Destek;Temsilci 04;2;262;0;19;Cevaplandı;05308908783;Şikâyet;Evet
C003567;30.09.2026 15:12:38;Destek;Temsilci 07;4;413;0;44;Cevaplandı;05402100620;Şikâyet;Evet
C003559;30.09.2026 15:14:38;Fatura;Temsilci 03;20;375;0;23;Cevaplandı;05569276353;Fatura itirazı;Evet
C003566;30.09.2026 15:15:29;Fatura;Temsilci 02;1;90;0;16;Cevaplandı;05541934766;Ödeme;Evet
C003563;30.09.2026 15:16:03;Fatura;Temsilci 07;13;350;0;15;Cevaplandı;05441200538;Ödeme;Evet
C003562;30.09.2026 15:17:01;Destek;Temsilci 09;7;86;0;17;Cevaplandı;05531019443;Şikâyet;Evet
C003560;30.09.2026 15:17:58;Satış;Temsilci 11;13;136;0;38;Cevaplandı;05399742149;Ürün bilgisi;Hayır
C003556;30.09.2026 15:18:51;Destek;Temsilci 01;16;162;0;22;Cevaplandı;05466108456;Şikâyet;Hayır
C003561;30.09.2026 15:20:37;Destek;Temsilci 05;11;310;0;39;Cevaplandı;05571461450;Arıza;Evet
C003568;30.09.2026 15:21:27;Fatura;Temsilci 10;72;140;90;30;Cevaplandı;05443840118;Ödeme;Hayır
C003557;30.09.2026 15:22:22;Destek;Temsilci 09;56;494;0;41;Cevaplandı;05451289631;Arıza;Evet
C003553;30.09.2026 15:22:55;Destek;Temsilci 02;3;348;0;37;Cevaplandı;05466605990;Kurulum;Evet
C003554;30.09.2026 15:23:12;Destek;Temsilci 10;3;477;0;32;Cevaplandı;05318552925;Şikâyet;Evet
C003565;30.09.2026 15:23:38;Destek;Temsilci 01;31;266;81;26;Cevaplandı;05358713973;Kurulum;Evet
C003555;30.09.2026 15:25:37;Satış;Temsilci 02;34;353;0;24;Cevaplandı;05312905678;Ürün bilgisi;Hayır
C003558;30.09.2026 15:28:46;Destek;Temsilci 05;20;248;68;58;Cevaplandı;05402579661;Şikâyet;Evet
C003575;30.09.2026 15:32:01;Destek;Temsilci 04;23;111;0;15;Cevaplandı;05571632627;Şikâyet;Evet
C003591;30.09.2026 15:32:07;Destek;Temsilci 08;51;329;0;42;Cevaplandı;05583984359;Kurulum;Evet
C003578;30.09.2026 15:32:59;Fatura;Temsilci 05;2;334;0;50;Cevaplandı;05507651412;Ödeme;Hayır
C003584;30.09.2026 15:36:25;Destek;Temsilci 04;4;136;60;56;Cevaplandı;05514989046;Kurulum;Hayır
C003588;30.09.2026 15:39:10;Destek;Temsilci 09;49;256;0;17;Cevaplandı;05444122425;Şikâyet;Hayır
C003595;30.09.2026 15:45:43;Destek;Temsilci 08;22;334;57;47;Cevaplandı;05311619712;Arıza;Evet
C003579;30.09.2026 15:46:44;Fatura;Temsilci 08;29;325;72;16;Cevaplandı;05384035487;Ödeme;Evet
C003582;30.09.2026 15:47:33;Destek;Temsilci 05;8;205;0;56;Cevaplandı;05546507237;Şikâyet;Evet
C003592;30.09.2026 15:48:05;Destek;Temsilci 03;11;254;0;32;Cevaplandı;05356580157;Arıza;Evet
C003574;30.09.2026 15:48:13;Satış;Temsilci 07;11;204;0;17;Cevaplandı;05556477330;Ürün bilgisi;Evet
C003577;30.09.2026 15:48:44;Satış;Temsilci 11;21;298;0;23;Cevaplandı;05588822864;Ürün bilgisi;Hayır
C003587;30.09.2026 15:49:13;Satış;Temsilci 10;6;151;0;38;Cevaplandı;05325705404;Sipariş;Evet
C003590;30.09.2026 15:50:21;Destek;;5;0;0;0;Terk;05504798707;;
C003593;30.09.2026 15:50:28;Fatura;Temsilci 01;5;123;0;46;Cevaplandı;05305808925;Ödeme;Hayır
C003580;30.09.2026 15:50:44;Destek;Temsilci 01;19;316;88;17;Cevaplandı;05319134269;Arıza;Evet
C003586;30.09.2026 15:55:28;Destek;Temsilci 11;3;293;0;26;Cevaplandı;05384400743;Arıza;Hayır
C003594;30.09.2026 15:55:32;Destek;Temsilci 03;34;191;33;18;Cevaplandı;05305231163;Şikâyet;Evet
C003573;30.09.2026 15:55:53;Satış;Temsilci 01;18;88;88;24;Cevaplandı;05311619712;Sipariş;Evet
C003576;30.09.2026 15:56:14;Fatura;Temsilci 01;62;175;0;43;Cevaplandı;05553623360;Ödeme;Evet
C003585;30.09.2026 15:56:34;Destek;Temsilci 08;59;270;0;58;Cevaplandı;05356580157;Şikâyet;Evet
C003581;30.09.2026 15:58:02;Satış;Temsilci 01;72;184;0;42;Cevaplandı;05514163460;Ürün bilgisi;Evet
C003589;30.09.2026 15:58:32;Destek;;3;0;0;0;Terk;05432889964;;
C003583;30.09.2026 15:59:49;Destek;Temsilci 07;10;313;0;27;Cevaplandı;05515541237;Arıza;Evet
C003599;30.09.2026 16:00:35;Destek;Temsilci 06;3;258;0;56;Cevaplandı;05506773378;Kurulum;Evet
C003607;30.09.2026 16:02:44;Fatura;Temsilci 06;1;336;0;41;Cevaplandı;05577717941;Ödeme;Evet
C003596;30.09.2026 16:03:48;Destek;Temsilci 09;5;595;29;51;Cevaplandı;05396722183;Şikâyet;Evet
C003604;30.09.2026 16:10:03;Fatura;Temsilci 07;2;374;0;26;Cevaplandı;05365151383;Fatura itirazı;Hayır
C003605;30.09.2026 16:14:21;Destek;Temsilci 03;1;431;0;25;Cevaplandı;05588903029;Kurulum;Evet
C003602;30.09.2026 16:14:37;Satış;Temsilci 12;12;209;84;18;Cevaplandı;05317360823;Sipariş;Evet
C003598;30.09.2026 16:15:58;Destek;Temsilci 08;34;136;0;19;Cevaplandı;05545176726;Şikâyet;Evet
C003600;30.09.2026 16:15:59;Satış;Temsilci 10;9;101;0;34;Cevaplandı;05341591781;Ürün bilgisi;Evet
C003603;30.09.2026 16:16:23;Destek;Temsilci 01;4;193;0;44;Cevaplandı;05416006013;Arıza;Evet
C003601;30.09.2026 16:17:56;Destek;Temsilci 06;5;267;29;57;Cevaplandı;05504165678;Kurulum;Hayır
C003597;30.09.2026 16:23:46;Satış;Temsilci 12;3;99;0;38;Cevaplandı;05519481745;Sipariş;Evet
C003608;30.09.2026 16:25:26;Destek;Temsilci 02;24;195;0;43;Cevaplandı;05354358631;Kurulum;Evet
C003606;30.09.2026 16:26:55;Destek;Temsilci 04;10;312;63;37;Cevaplandı;05586569524;Kurulum;Hayır
C003611;30.09.2026 16:30:58;Destek;Temsilci 04;0;409;0;58;Cevaplandı;05511480841;Arıza;Evet
C003620;30.09.2026 16:33:32;Satış;Temsilci 07;2;184;0;34;Cevaplandı;05457987033;Ürün bilgisi;Evet
C003623;30.09.2026 16:37:21;Destek;Temsilci 10;1;422;0;53;Cevaplandı;05482393057;Kurulum;Hayır
C003610;30.09.2026 16:39:22;Satış;Temsilci 11;5;5;11;36;Cevaplandı;05582928048;Ürün bilgisi;Evet
C003622;30.09.2026 16:41:07;Destek;Temsilci 07;3;422;0;29;Cevaplandı;05368042692;Kurulum;Evet
C003619;30.09.2026 16:42:01;Destek;Temsilci 04;3;217;0;23;Cevaplandı;05497438128;Arıza;Evet
C003609;30.09.2026 16:51:03;Destek;Temsilci 01;4;162;0;52;Cevaplandı;05381741569;Şikâyet;Evet
C003613;30.09.2026 16:51:55;Destek;Temsilci 07;13;490;0;60;Cevaplandı;05363600181;Şikâyet;Evet
C003616;30.09.2026 16:52:31;Satış;Temsilci 01;3;72;36;51;Cevaplandı;05379209571;Ürün bilgisi;Hayır
C003615;30.09.2026 16:53:19;Satış;Temsilci 08;1;281;29;18;Cevaplandı;05437678916;Sipariş;Evet
C003618;30.09.2026 16:53:24;Destek;Temsilci 01;9;319;86;22;Cevaplandı;05479628210;Arıza;Evet
C003614;30.09.2026 16:53:52;Fatura;Temsilci 08;5;42;0;16;Cevaplandı;05503508897;Fatura itirazı;Evet
C003617;30.09.2026 16:54:22;Fatura;Temsilci 12;21;252;50;60;Cevaplandı;05324403187;Ödeme;Evet
C003612;30.09.2026 16:54:47;Destek;Temsilci 09;1;281;0;60;Cevaplandı;05419350676;Arıza;Hayır
C003621;30.09.2026 16:57:47;Destek;Temsilci 01;1;137;87;59;Cevaplandı;05519466165;Arıza;Hayır
C003629;30.09.2026 17:02:53;Fatura;Temsilci 05;0;199;70;53;Cevaplandı;05326772707;Ödeme;Evet
C003635;30.09.2026 17:09:30;Satış;Temsilci 05;1;205;0;59;Cevaplandı;05535782361;Ürün bilgisi;Evet
C003625;30.09.2026 17:10:15;Fatura;Temsilci 02;11;533;0;34;Cevaplandı;05432688414;Ödeme;Hayır
C003633;30.09.2026 17:15:12;Fatura;Temsilci 09;20;272;0;22;Cevaplandı;05431138314;Fatura itirazı;Evet
C003626;30.09.2026 17:16:02;Satış;Temsilci 01;2;333;0;32;Cevaplandı;05479199201;Sipariş;Evet
C003630;30.09.2026 17:20:11;Fatura;Temsilci 03;25;219;12;34;Cevaplandı;05504986552;Ödeme;Hayır
C003624;30.09.2026 17:21:21;Satış;Temsilci 04;8;109;0;56;Cevaplandı;05496000596;Sipariş;Evet
C003636;30.09.2026 17:21:35;Satış;Temsilci 09;12;561;0;20;Cevaplandı;05346298342;Sipariş;Hayır
C003634;30.09.2026 17:21:53;Satış;Temsilci 11;13;229;52;32;Cevaplandı;05383238756;Sipariş;Evet
C003631;30.09.2026 17:23:51;Fatura;Temsilci 05;17;63;18;29;Cevaplandı;05517883114;Fatura itirazı;Hayır
C003632;30.09.2026 17:24:14;Destek;Temsilci 04;1;185;18;35;Cevaplandı;05318990632;Şikâyet;Evet
C003628;30.09.2026 17:24:37;Destek;Temsilci 09;7;458;0;55;Cevaplandı;05534098233;Arıza;Evet
C003627;30.09.2026 17:25:24;Fatura;Temsilci 08;3;186;0;53;Cevaplandı;05435397509;Ödeme;Evet
C003640;30.09.2026 17:30:20;Destek;Temsilci 03;1;147;0;34;Cevaplandı;05581289739;Arıza;Evet
C003638;30.09.2026 17:36:17;Destek;Temsilci 08;2;238;0;20;Cevaplandı;05418882306;Şikâyet;Evet
C003642;30.09.2026 17:44:42;Destek;Temsilci 07;6;770;0;22;Cevaplandı;05543809399;Arıza;Evet
C003637;30.09.2026 17:48:23;Destek;Temsilci 12;6;222;0;58;Cevaplandı;05483175822;Arıza;Evet
C003641;30.09.2026 17:56:00;Satış;Temsilci 06;0;213;0;18;Cevaplandı;05466157885;Ürün bilgisi;Hayır
C003639;30.09.2026 17:58:49;Destek;Temsilci 12;18;299;0;32;Cevaplandı;05307472030;Şikâyet;Evet
C003651;01.10.2026 09:02:15;Fatura;Temsilci 10;2;241;0;36;Cevaplandı;05576716335;Fatura itirazı;Evet
C003645;01.10.2026 09:02:35;Destek;Temsilci 03;5;512;0;59;Cevaplandı;05453934834;Kurulum;Evet
C003652;01.10.2026 09:03:38;Fatura;Temsilci 01;6;263;0;29;Cevaplandı;05305986895;Ödeme;Evet
C003643;01.10.2026 09:05:20;Fatura;Temsilci 02;3;228;0;50;Cevaplandı;05399560975;Ödeme;Evet
C003647;01.10.2026 09:13:20;Satış;Temsilci 11;10;86;0;50;Cevaplandı;05361898482;Ürün bilgisi;Hayır
C003653;01.10.2026 09:16:48;Satış;Temsilci 02;0;96;0;55;Cevaplandı;05571458275;Sipariş;Evet
C003644;01.10.2026 09:18:19;Destek;Temsilci 04;12;98;0;23;Cevaplandı;05313130196;Arıza;Evet
C003654;01.10.2026 09:19:53;Destek;Temsilci 11;40;75;0;16;Cevaplandı;05441696482;Arıza;Evet
C003650;01.10.2026 09:21:34;Fatura;Temsilci 09;3;358;0;43;Cevaplandı;05536641630;Fatura itirazı;Hayır
C003648;01.10.2026 09:22:56;Fatura;Temsilci 12;15;219;0;15;Cevaplandı;05336660213;Ödeme;Evet
C003646;01.10.2026 09:28:47;Satış;Temsilci 09;2;144;0;38;Cevaplandı;05342129951;Ürün bilgisi;Evet
C003649;01.10.2026 09:29:26;Fatura;Temsilci 02;2;243;54;41;Cevaplandı;05558217166;Ödeme;Evet
C003659;01.10.2026 09:31:08;Satış;Temsilci 01;1;175;0;25;Cevaplandı;05578292657;Ürün bilgisi;Evet
C003666;01.10.2026 09:32:17;Destek;Temsilci 03;10;317;0;41;Cevaplandı;05375519415;Şikâyet;Evet
C003655;01.10.2026 09:38:43;Fatura;Temsilci 01;3;181;0;17;Cevaplandı;05371832848;Fatura itirazı;Evet
C003662;01.10.2026 09:40:04;Destek;Temsilci 10;5;356;0;19;Cevaplandı;05572385741;Şikâyet;Evet
C003658;01.10.2026 09:40:38;Destek;Temsilci 11;9;154;73;16;Cevaplandı;05584796109;Arıza;Evet
C003661;01.10.2026 09:41:20;Destek;Temsilci 03;5;297;0;17;Cevaplandı;05332459863;Şikâyet;Hayır
C003657;01.10.2026 09:44:39;Destek;Temsilci 04;8;473;0;25;Cevaplandı;05442636695;Şikâyet;Evet
C003664;01.10.2026 09:45:01;Satış;Temsilci 10;1;85;0;42;Cevaplandı;05566469552;Sipariş;Evet
C003665;01.10.2026 09:45:43;Satış;Temsilci 11;2;172;0;24;Cevaplandı;05534127253;Sipariş;Evet
C003660;01.10.2026 09:46:17;Fatura;Temsilci 04;1;214;0;44;Cevaplandı;05467941580;Ödeme;Evet
C003667;01.10.2026 09:46:32;Destek;Temsilci 12;1;162;11;42;Cevaplandı;05525978734;Kurulum;Evet
C003663;01.10.2026 09:46:50;Satış;Temsilci 05;8;167;27;34;Cevaplandı;05331748370;Sipariş;Evet
C003656;01.10.2026 09:59:06;Satış;Temsilci 03;10;438;0;32;Cevaplandı;05391748500;Ürün bilgisi;Evet
C003670;01.10.2026 10:00:09;Satış;Temsilci 01;24;97;0;49;Cevaplandı;05341586326;Ürün bilgisi;Evet
C003682;01.10.2026 10:00:22;Satış;Temsilci 02;26;95;0;26;Cevaplandı;05488954964;Ürün bilgisi;Evet
C003676;01.10.2026 10:00:56;Destek;Temsilci 09;7;192;0;19;Cevaplandı;05552498161;Kurulum;Evet
C003687;01.10.2026 10:05:05;Satış;Temsilci 11;28;94;0;33;Cevaplandı;05407818742;Sipariş;Evet
C003669;01.10.2026 10:06:09;Satış;Temsilci 08;1;97;0;27;Cevaplandı;05539120370;Ürün bilgisi;Hayır
C003674;01.10.2026 10:07:39;Fatura;Temsilci 11;12;127;0;55;Cevaplandı;05348723883;Ödeme;Hayır
C003684;01.10.2026 10:09:26;Destek;Temsilci 05;35;102;0;37;Cevaplandı;05316507788;Kurulum;Evet
C003678;01.10.2026 10:12:11;Destek;Temsilci 08;16;948;0;49;Cevaplandı;05421125567;Arıza;Evet
C003671;01.10.2026 10:12:15;Fatura;Temsilci 10;40;412;0;40;Cevaplandı;05386258821;Fatura itirazı;Evet
C003677;01.10.2026 10:12:59;Satış;;24;0;0;0;Terk;05331080939;;
C003685;01.10.2026 10:13:46;Destek;Temsilci 02;15;249;0;17;Cevaplandı;05378616759;Kurulum;Hayır
C003681;01.10.2026 10:18:48;Destek;Temsilci 03;38;528;0;33;Cevaplandı;05527032084;Arıza;Evet
C003679;01.10.2026 10:19:53;Destek;Temsilci 10;27;422;0;54;Cevaplandı;05429181039;Arıza;Evet
C003675;01.10.2026 10:20:23;Satış;Temsilci 02;60;195;0;46;Cevaplandı;05361390439;Ürün bilgisi;Evet
C003672;01.10.2026 10:21:21;Destek;;38;0;0;0;Terk;05524293230;;
C003673;01.10.2026 10:21:54;Satış;Temsilci 04;35;114;0;47;Cevaplandı;05503193888;Ürün bilgisi;Evet
C003686;01.10.2026 10:23:46;Destek;Temsilci 02;30;375;13;36;Cevaplandı;05534478547;Şikâyet;Evet
C003668;01.10.2026 10:25:55;Destek;Temsilci 04;48;402;0;47;Cevaplandı;05335650880;Kurulum;Evet
C003683;01.10.2026 10:26:02;Destek;Temsilci 01;68;231;0;27;Cevaplandı;05488171510;Şikâyet;Evet
C003680;01.10.2026 10:29:17;Destek;Temsilci 08;0;128;0;28;Cevaplandı;05352070335;Şikâyet;Evet
C003694;01.10.2026 10:32:28;Satış;Temsilci 05;27;117;0;25;Cevaplandı;05588274688;Ürün bilgisi;Evet
C003703;01.10.2026 10:32:35;Destek;Temsilci 08;3;288;0;15;Cevaplandı;05424239117;Arıza;Evet
C003705;01.10.2026 10:32:39;Destek;Temsilci 10;38;300;0;31;Cevaplandı;05565778159;Arıza;Evet
C003696;01.10.2026 10:34:23;Fatura;Temsilci 11;0;241;0;17;Cevaplandı;05329956033;Ödeme;Evet
C003690;01.10.2026 10:34:40;Destek;Temsilci 01;2;148;29;30;Cevaplandı;05447640171;Kurulum;Evet
C003706;01.10.2026 10:35:06;Destek;Temsilci 01;4;89;0;21;Cevaplandı;05592423312;Kurulum;Evet
C003700;01.10.2026 10:39:38;Destek;Temsilci 03;76;219;0;39;Cevaplandı;05418490172;Arıza;Evet
C003689;01.10.2026 10:39:44;Destek;Temsilci 08;3;232;0;48;Cevaplandı;05407835411;Arıza;Evet
C003699;01.10.2026 10:40:16;Destek;Temsilci 02;4;121;53;46;Cevaplandı;05391520290;Arıza;Evet
C003691;01.10.2026 10:40:42;Satış;Temsilci 10;15;216;53;25;Cevaplandı;05349305359;Ürün bilgisi;Evet
C003707;01.10.2026 10:40:52;Destek;Temsilci 08;0;250;0;37;Cevaplandı;05377792691;Kurulum;Hayır
C003695;01.10.2026 10:47:02;Satış;Temsilci 10;35;200;0;15;Cevaplandı;05408634015;Ürün bilgisi;Evet
C003692;01.10.2026 10:48:30;Fatura;Temsilci 03;83;112;52;40;Cevaplandı;05401261842;Fatura itirazı;Evet
C003693;01.10.2026 10:49:05;Fatura;Temsilci 05;5;202;0;40;Cevaplandı;05466061464;Ödeme;Evet
C003702;01.10.2026 10:49:41;Satış;;27;0;0;0;Terk;05517539148;;
C003697;01.10.2026 10:50:08;Fatura;Temsilci 06;13;206;0;21;Cevaplandı;05583385610;Fatura itirazı;Evet
C003698;01.10.2026 10:50:30;Fatura;Temsilci 07;47;386;0;29;Cevaplandı;05368543038;Ödeme;Evet
C003704;01.10.2026 10:54:29;Fatura;Temsilci 12;4;269;0;31;Cevaplandı;05403113280;Ödeme;Evet
C003688;01.10.2026 10:54:57;Fatura;Temsilci 08;28;265;0;18;Cevaplandı;05589357643;Fatura itirazı;Evet
C003701;01.10.2026 10:58:53;Satış;Temsilci 03;18;359;0;50;Cevaplandı;05409331803;Ürün bilgisi;Evet
C003710;01.10.2026 11:00:52;Satış;Temsilci 07;37;547;0;55;Cevaplandı;05593179097;Sipariş;Evet
C003715;01.10.2026 11:03:05;Destek;Temsilci 03;53;266;0;49;Cevaplandı;05536764531;Kurulum;Hayır
C003719;01.10.2026 11:03:05;Fatura;Temsilci 12;37;297;0;55;Cevaplandı;05348041228;Fatura itirazı;Evet
C003725;01.10.2026 11:04:22;Destek;;0;0;0;0;Terk;05581622237;;
C003726;01.10.2026 11:06:28;Fatura;Temsilci 07;17;131;0;52;Cevaplandı;05463944677;Ödeme;Hayır
C003720;01.10.2026 11:06:30;Satış;Temsilci 04;20;118;0;30;Cevaplandı;05569484094;Ürün bilgisi;Evet
C003714;01.10.2026 11:07:00;Destek;Temsilci 09;3;347;0;48;Cevaplandı;05561798688;Kurulum;Hayır
C003722;01.10.2026 11:07:46;Satış;;19;0;0;0;Terk;05481933229;;
C003712;01.10.2026 11:08:30;Satış;Temsilci 06;29;283;51;53;Cevaplandı;05567386844;Sipariş;Hayır
C003718;01.10.2026 11:10:43;Destek;Temsilci 07;34;294;0;28;Cevaplandı;05339033122;Kurulum;Evet
C003727;01.10.2026 11:12:32;Satış;Temsilci 05;12;276;0;18;Cevaplandı;05326772707;Sipariş;Evet
C003721;01.10.2026 11:15:42;Satış;Temsilci 05;25;145;21;58;Cevaplandı;05301523924;Ürün bilgisi;Evet
C003724;01.10.2026 11:16:03;Satış;Temsilci 05;18;236;0;60;Cevaplandı;05552552060;Sipariş;Evet
C003723;01.10.2026 11:20:48;Satış;;2;0;0;0;Terk;05332198978;;
C003711;01.10.2026 11:21:50;Fatura;Temsilci 11;7;106;64;21;Cevaplandı;05551152355;Ödeme;Hayır
C003713;01.10.2026 11:24:01;Satış;Temsilci 12;28;115;0;41;Cevaplandı;05431297730;Sipariş;Evet
C003709;01.10.2026 11:26:18;Satış;;69;0;0;0;Terk;05476856728;;
C003708;01.10.2026 11:26:52;Satış;Temsilci 12;36;104;0;37;Cevaplandı;05514163460;Ürün bilgisi;Evet
C003717;01.10.2026 11:28:01;Destek;Temsilci 05;31;138;65;17;Cevaplandı;05344140455;Arıza;Evet
C003716;01.10.2026 11:29:55;Satış;Temsilci 02;17;174;0;44;Cevaplandı;05443215776;Ürün bilgisi;Evet
C003733;01.10.2026 11:30:58;Destek;;14;0;0;0;Terk;05477928646;;
C003728;01.10.2026 11:31:42;Satış;Temsilci 08;14;121;0;23;Cevaplandı;05435019173;Sipariş;Evet
C003740;01.10.2026 11:32:47;Destek;Temsilci 10;19;221;22;26;Cevaplandı;05575338839;Şikâyet;Evet
C003741;01.10.2026 11:35:23;Fatura;Temsilci 09;12;163;0;18;Cevaplandı;05347847298;Fatura itirazı;Hayır
C003738;01.10.2026 11:38:48;Satış;Temsilci 01;23;282;0;37;Cevaplandı;05402755023;Sipariş;Evet
C003743;01.10.2026 11:42:49;Destek;Temsilci 03;46;268;71;16;Cevaplandı;05445182956;Arıza;Evet
C003736;01.10.2026 11:43:13;Fatura;Temsilci 03;6;94;76;33;Cevaplandı;05426112403;Fatura itirazı;Evet
C003737;01.10.2026 11:44:06;Satış;Temsilci 03;6;188;0;57;Cevaplandı;05531817962;Ürün bilgisi;Evet
C003735;01.10.2026 11:44:19;Destek;Temsilci 12;10;206;0;21;Cevaplandı;05383354696;Kurulum;Hayır
C003744;01.10.2026 11:44:59;Destek;Temsilci 09;20;418;0;26;Cevaplandı;05422220494;Arıza;Evet
C003739;01.10.2026 11:47:31;Destek;;1;0;0;0;Terk;05456779293;;
C003732;01.10.2026 11:50:36;Satış;Temsilci 02;23;168;0;20;Cevaplandı;05367406823;Sipariş;Evet
C003729;01.10.2026 11:52:26;Fatura;;1;0;0;0;Terk;05317233944;;
C003742;01.10.2026 11:53:12;Fatura;Temsilci 02;16;155;0;15;Cevaplandı;05557578037;Ödeme;Evet
C003734;01.10.2026 11:53:55;Destek;Temsilci 08;7;93;0;43;Cevaplandı;05305099092;Kurulum;Evet
C003730;01.10.2026 11:57:49;Destek;Temsilci 12;54;1179;0;55;Cevaplandı;05331658849;Arıza;Evet
C003745;01.10.2026 11:59:48;Fatura;Temsilci 08;4;437;55;55;Cevaplandı;05468859521;Fatura itirazı;Evet
C003731;01.10.2026 11:59:49;Destek;Temsilci 02;25;371;0;34;Cevaplandı;05344458355;Arıza;Hayır
C003746;01.10.2026 11:59:51;Destek;Temsilci 04;8;284;42;22;Cevaplandı;05309244858;Kurulum;Hayır
C003751;01.10.2026 12:02:21;Fatura;Temsilci 03;13;254;0;42;Cevaplandı;05331299442;Ödeme;Evet
C003750;01.10.2026 12:08:11;Destek;Temsilci 03;5;118;0;54;Cevaplandı;05552488730;Arıza;Evet
C003747;01.10.2026 12:09:05;Satış;Temsilci 09;1;415;0;30;Cevaplandı;05305586274;Sipariş;Evet
C003752;01.10.2026 12:09:14;Destek;Temsilci 06;4;197;0;30;Cevaplandı;05393087670;Kurulum;Hayır
C003748;01.10.2026 12:12:16;Destek;Temsilci 09;3;497;0;33;Cevaplandı;05589281766;Arıza;Evet
C003753;01.10.2026 12:12:42;Destek;Temsilci 06;1;192;0;54;Cevaplandı;05396534536;Kurulum;Hayır
C003754;01.10.2026 12:23:42;Destek;Temsilci 11;3;475;0;20;Cevaplandı;05565327104;Şikâyet;Evet
C003749;01.10.2026 12:25:13;Satış;Temsilci 06;9;171;0;40;Cevaplandı;05599221625;Sipariş;Evet
C003762;01.10.2026 12:32:37;Destek;Temsilci 07;8;540;0;26;Cevaplandı;05424141672;Şikâyet;Evet
C003755;01.10.2026 12:32:40;Destek;Temsilci 04;6;334;0;32;Cevaplandı;05552079258;Şikâyet;Evet
C003763;01.10.2026 12:33:52;Satış;Temsilci 09;3;117;0;29;Cevaplandı;05589281766;Ürün bilgisi;Evet
C003759;01.10.2026 12:37:45;Destek;Temsilci 07;6;364;0;22;Cevaplandı;05313916198;Şikâyet;Evet
C003756;01.10.2026 12:41:13;Fatura;Temsilci 08;1;360;0;40;Cevaplandı;05399598990;Fatura itirazı;Evet
C003761;01.10.2026 12:41:48;Destek;Temsilci 04;5;401;0;25;Cevaplandı;05316007248;Kurulum;Evet
C003764;01.10.2026 12:43:21;Fatura;Temsilci 02;1;266;0;52;Cevaplandı;05356201988;Fatura itirazı;Evet
C003760;01.10.2026 12:44:52;Destek;Temsilci 09;6;225;0;28;Cevaplandı;05377955885;Arıza;Evet
C003757;01.10.2026 12:47:27;Satış;Temsilci 07;3;260;0;43;Cevaplandı;05356409105;Ürün bilgisi;Evet
C003758;01.10.2026 12:51:34;Destek;Temsilci 11;18;233;54;30;Cevaplandı;05342584044;Şikâyet;Evet
C003773;01.10.2026 13:03:44;Fatura;Temsilci 02;1;234;0;18;Cevaplandı;05446810860;Fatura itirazı;Evet
C003768;01.10.2026 13:04:11;Satış;Temsilci 03;11;88;0;44;Cevaplandı;05324258057;Ürün bilgisi;Evet
C003765;01.10.2026 13:06:24;Destek;Temsilci 09;12;297;0;52;Cevaplandı;05578047172;Kurulum;Evet
C003770;01.10.2026 13:06:34;Fatura;Temsilci 01;2;326;62;47;Cevaplandı;05533824167;Ödeme;Evet
C003772;01.10.2026 13:08:58;Satış;Temsilci 12;2;125;53;24;Cevaplandı;05449454962;Ürün bilgisi;Evet
C003767;01.10.2026 13:09:37;Satış;Temsilci 12;4;294;0;60;Cevaplandı;05491220922;Sipariş;Evet
C003771;01.10.2026 13:19:02;Destek;Temsilci 12;17;282;0;52;Cevaplandı;05525580114;Kurulum;Evet
C003766;01.10.2026 13:21:28;Destek;Temsilci 05;0;206;0;33;Cevaplandı;05529972050;Kurulum;Hayır
C003774;01.10.2026 13:22:42;Destek;Temsilci 12;38;167;0;31;Cevaplandı;05401471577;Şikâyet;Evet
C003769;01.10.2026 13:24:19;Destek;Temsilci 03;10;687;0;32;Cevaplandı;05357645966;Şikâyet;Evet
C003776;01.10.2026 13:35:49;Destek;Temsilci 11;9;457;0;48;Cevaplandı;05526801082;Kurulum;Evet
C003775;01.10.2026 13:36:16;Satış;Temsilci 03;7;345;0;58;Cevaplandı;05388901593;Sipariş;Evet
C003777;01.10.2026 13:36:38;Destek;Temsilci 08;6;140;0;44;Cevaplandı;05412506416;Arıza;Evet
C003780;01.10.2026 13:37:26;Satış;Temsilci 05;2;133;0;59;Cevaplandı;05435368031;Ürün bilgisi;Hayır
C003778;01.10.2026 13:39:51;Fatura;Temsilci 01;6;150;0;56;Cevaplandı;05312929434;Fatura itirazı;Hayır
C003781;01.10.2026 13:48:12;Fatura;Temsilci 04;20;250;0;45;Cevaplandı;05554264197;Fatura itirazı;Evet
C003779;01.10.2026 13:51:11;Destek;Temsilci 08;1;191;0;26;Cevaplandı;05407894549;Arıza;Evet
C003794;01.10.2026 14:02:16;Satış;Temsilci 06;20;145;0;55;Cevaplandı;05361644275;Sipariş;Hayır
C003791;01.10.2026 14:04:58;Destek;Temsilci 01;4;211;0;35;Cevaplandı;05326031171;Kurulum;Evet
C003783;01.10.2026 14:05:04;Destek;Temsilci 10;2;236;81;54;Cevaplandı;05569558741;Şikâyet;Evet
C003799;01.10.2026 14:05:08;Destek;Temsilci 09;2;265;80;41;Cevaplandı;05473188059;Arıza;Evet
C003785;01.10.2026 14:06:08;Fatura;Temsilci 11;2;468;0;46;Cevaplandı;05438713286;Fatura itirazı;Evet
C003797;01.10.2026 14:06:21;Satış;;1;0;0;0;Terk;05598872412;;
C003792;01.10.2026 14:06:54;Destek;;3;0;0;0;Terk;05332015759;;
C003787;01.10.2026 14:07:52;Destek;Temsilci 03;1;137;66;34;Cevaplandı;05548032952;Kurulum;Evet
C003798;01.10.2026 14:08:27;Fatura;Temsilci 02;1;189;21;28;Cevaplandı;05309070643;Fatura itirazı;Hayır
C003795;01.10.2026 14:10:57;Destek;Temsilci 02;3;212;0;40;Cevaplandı;05385576328;Kurulum;Evet
C003788;01.10.2026 14:13:19;Destek;Temsilci 11;4;4;14;38;Cevaplandı;05474923708;Arıza;Hayır
C003784;01.10.2026 14:14:33;Fatura;Temsilci 06;5;193;36;42;Cevaplandı;05308769480;Ödeme;Evet
C003796;01.10.2026 14:17:20;Fatura;Temsilci 08;10;339;0;30;Cevaplandı;05446809356;Ödeme;Evet
C003790;01.10.2026 14:17:23;Destek;Temsilci 11;4;468;26;59;Cevaplandı;05344751018;Arıza;Hayır
C003786;01.10.2026 14:20:05;Fatura;Temsilci 07;6;410;0;52;Cevaplandı;05452375111;Fatura itirazı;Evet
C003782;01.10.2026 14:26:53;Fatura;Temsilci 08;3;521;66;45;Cevaplandı;05587666556;Fatura itirazı;Evet
C003789;01.10.2026 14:27:44;Destek;Temsilci 10;9;250;0;20;Cevaplandı;05397658124;Şikâyet;Hayır
C003793;01.10.2026 14:29:11;Destek;;7;0;0;0;Terk;05512226854;;
C003807;01.10.2026 14:32:23;Fatura;Temsilci 01;3;211;89;43;Cevaplandı;05599099739;Fatura itirazı;Evet
C003810;01.10.2026 14:32:45;Fatura;Temsilci 05;1;98;0;59;Cevaplandı;05593250648;Ödeme;Hayır
C003812;01.10.2026 14:33:45;Satış;Temsilci 09;3;189;0;26;Cevaplandı;05536458151;Sipariş;Hayır
C003805;01.10.2026 14:33:56;Destek;Temsilci 07;3;286;22;18;Cevaplandı;05487901132;Arıza;Evet
C003818;01.10.2026 14:34:00;Fatura;Temsilci 02;3;104;31;43;Cevaplandı;05529829005;Ödeme;Evet
C003809;01.10.2026 14:34:04;Destek;Temsilci 05;0;284;87;41;Cevaplandı;05441917869;Arıza;Evet
C003814;01.10.2026 14:34:06;Fatura;Temsilci 11;5;147;0;45;Cevaplandı;05384630655;Fatura itirazı;Evet
C003806;01.10.2026 14:35:06;Satış;Temsilci 07;11;262;0;32;Cevaplandı;05475331498;Sipariş;Evet
C003813;01.10.2026 14:38:43;Fatura;Temsilci 06;1;689;0;44;Cevaplandı;05378242185;Fatura itirazı;Hayır
C003815;01.10.2026 14:39:42;Satış;Temsilci 12;8;114;57;27;Cevaplandı;05523439848;Ürün bilgisi;Evet
C003804;01.10.2026 14:40:19;Satış;Temsilci 06;7;95;0;47;Cevaplandı;05536764531;Ürün bilgisi;Hayır
C003801;01.10.2026 14:42:02;Satış;Temsilci 08;4;214;62;48;Cevaplandı;05337446629;Ürün bilgisi;Hayır
C003817;01.10.2026 14:42:24;Destek;Temsilci 11;5;150;0;31;Cevaplandı;05536758100;Şikâyet;Evet
C003800;01.10.2026 14:44:38;Destek;;0;0;0;0;Terk;05336073504;;
C003816;01.10.2026 14:47:06;Fatura;Temsilci 02;12;262;0;15;Cevaplandı;05507996770;Fatura itirazı;Evet
C003802;01.10.2026 14:48:34;Destek;Temsilci 01;8;286;0;16;Cevaplandı;05496748771;Arıza;Evet
C003811;01.10.2026 14:53:41;Destek;Temsilci 01;0;228;0;25;Cevaplandı;05376129675;Arıza;Evet
C003808;01.10.2026 14:55:01;Destek;Temsilci 05;11;226;0;37;Cevaplandı;05429723407;Şikâyet;Evet
C003803;01.10.2026 14:57:24;Satış;Temsilci 09;0;293;0;31;Cevaplandı;05402435022;Sipariş;Hayır
C003828;01.10.2026 15:01:00;Destek;Temsilci 06;7;187;84;47;Cevaplandı;05446223254;Şikâyet;Evet
C003835;01.10.2026 15:01:47;Fatura;Temsilci 11;31;137;0;27;Cevaplandı;05451147876;Fatura itirazı;Evet
C003826;01.10.2026 15:03:40;Satış;Temsilci 06;3;270;0;45;Cevaplandı;05566575746;Ürün bilgisi;Hayır
C003821;01.10.2026 15:05:48;Destek;Temsilci 09;7;445;0;33;Cevaplandı;05416558980;Kurulum;Evet
C003820;01.10.2026 15:06:04;Satış;Temsilci 02;9;115;41;32;Cevaplandı;05325353046;Ürün bilgisi;Evet
C003833;01.10.2026 15:06:32;Destek;Temsilci 04;20;387;0;39;Cevaplandı;05383533136;Arıza;Evet
C003832;01.10.2026 15:08:21;Satış;Temsilci 08;25;141;0;51;Cevaplandı;05471137689;Ürün bilgisi;Evet
C003834;01.10.2026 15:08:52;Destek;Temsilci 04;19;224;0;21;Cevaplandı;05383533136;Kurulum;Evet
C003827;01.10.2026 15:11:32;Destek;Temsilci 06;10;176;34;16;Cevaplandı;05435318040;Arıza;Evet
C003836;01.10.2026 15:16:46;Fatura;Temsilci 05;15;173;0;19;Cevaplandı;05401625720;Ödeme;Evet
C003822;01.10.2026 15:18:21;Fatura;Temsilci 01;1;176;0;36;Cevaplandı;05399388787;Fatura itirazı;Hayır
C003825;01.10.2026 15:20:04;Destek;Temsilci 10;22;161;0;39;Cevaplandı;05339314727;Arıza;Evet
C003824;01.10.2026 15:21:41;Satış;Temsilci 10;16;438;47;32;Cevaplandı;05315684221;Ürün bilgisi;Hayır
C003823;01.10.2026 15:24:36;Destek;Temsilci 12;47;350;47;55;Cevaplandı;05327059928;Arıza;Evet
C003831;01.10.2026 15:25:02;Destek;Temsilci 10;44;173;0;27;Cevaplandı;05368203597;Arıza;Evet
C003819;01.10.2026 15:25:53;Satış;Temsilci 06;50;166;57;37;Cevaplandı;05319681880;Ürün bilgisi;Hayır
C003830;01.10.2026 15:26:58;Satış;Temsilci 08;21;221;0;49;Cevaplandı;05394569062;Sipariş;Evet
C003829;01.10.2026 15:29:36;Satış;Temsilci 10;8;417;0;22;Cevaplandı;05397868210;Ürün bilgisi;Evet
C003837;01.10.2026 15:31:44;Fatura;Temsilci 07;24;444;0;48;Cevaplandı;05472502275;Ödeme;Evet
C003848;01.10.2026 15:31:54;Satış;;5;0;0;0;Terk;05328884511;;
C003843;01.10.2026 15:31:59;Destek;Temsilci 12;75;447;0;49;Cevaplandı;05525167321;Arıza;Evet
C003844;01.10.2026 15:32:26;Destek;Temsilci 07;1;429;0;47;Cevaplandı;05311393376;Arıza;Evet
C003845;01.10.2026 15:34:33;Destek;Temsilci 06;6;151;0;44;Cevaplandı;05303645203;Kurulum;Hayır
C003839;01.10.2026 15:37:24;Destek;Temsilci 01;47;172;0;28;Cevaplandı;05573757595;Şikâyet;Evet
C003838;01.10.2026 15:39:16;Fatura;Temsilci 01;6;363;84;21;Cevaplandı;05438205918;Fatura itirazı;Evet
C003854;01.10.2026 15:45:30;Destek;Temsilci 07;7;137;0;24;Cevaplandı;05306124219;Şikâyet;Evet
C003847;01.10.2026 15:46:32;Fatura;Temsilci 08;13;101;0;29;Cevaplandı;05436513006;Ödeme;Hayır
C003850;01.10.2026 15:46:57;Satış;Temsilci 02;41;313;0;53;Cevaplandı;05546703024;Sipariş;Evet
C003841;01.10.2026 15:48:42;Destek;Temsilci 10;0;425;24;23;Cevaplandı;05349524926;Arıza;Evet
C003852;01.10.2026 15:48:53;Destek;Temsilci 02;14;352;26;36;Cevaplandı;05514558607;Kurulum;Hayır
C003851;01.10.2026 15:53:30;Satış;;16;0;0;0;Terk;05467499036;;
C003840;01.10.2026 15:54:14;Fatura;Temsilci 10;3;655;89;39;Cevaplandı;05463266982;Ödeme;Hayır
C003842;01.10.2026 15:55:29;Destek;Temsilci 05;4;195;0;31;Cevaplandı;05499173860;Şikâyet;Hayır
C003846;01.10.2026 15:55:38;Destek;Temsilci 10;4;249;90;53;Cevaplandı;05304751273;Arıza;Hayır
C003853;01.10.2026 15:56:02;Destek;;49;0;0;0;Terk;05503793488;;
C003849;01.10.2026 15:57:42;Destek;Temsilci 09;5;369;0;47;Cevaplandı;05414489937;Arıza;Evet
C003866;01.10.2026 16:01:35;Destek;Temsilci 09;12;977;0;48;Cevaplandı;05407307107;Kurulum;Evet
C003864;01.10.2026 16:02:48;Fatura;;1;0;0;0;Terk;05445281137;;
C003863;01.10.2026 16:05:00;Satış;Temsilci 12;19;138;0;49;Cevaplandı;05563592790;Ürün bilgisi;Evet
C003857;01.10.2026 16:06:24;Destek;Temsilci 03;12;187;0;54;Cevaplandı;05384521395;Arıza;Evet
C003865;01.10.2026 16:11:28;Destek;Temsilci 04;6;182;0;27;Cevaplandı;05447482167;Kurulum;Evet
C003859;01.10.2026 16:18:55;Fatura;Temsilci 01;3;203;0;21;Cevaplandı;05303581774;Fatura itirazı;Evet
C003862;01.10.2026 16:21:20;Destek;Temsilci 08;1;174;0;46;Cevaplandı;05451287081;Şikâyet;Evet
C003858;01.10.2026 16:26:46;Destek;Temsilci 03;12;221;0;17;Cevaplandı;05534472176;Arıza;Evet
C003855;01.10.2026 16:26:55;Fatura;Temsilci 09;17;378;0;42;Cevaplandı;05486282749;Fatura itirazı;Evet
C003860;01.10.2026 16:27:34;Satış;Temsilci 12;12;265;0;18;Cevaplandı;05469503475;Ürün bilgisi;Evet
C003856;01.10.2026 16:28:15;Satış;Temsilci 03;3;171;0;21;Cevaplandı;05588872418;Sipariş;Evet
C003861;01.10.2026 16:28:21;Satış;Temsilci 11;12;612;0;38;Cevaplandı;05444271260;Sipariş;Evet
C003879;01.10.2026 16:36:16;Destek;Temsilci 08;9;288;0;56;Cevaplandı;05303005976;Arıza;Hayır
C003871;01.10.2026 16:36:21;Fatura;Temsilci 04;6;244;0;49;Cevaplandı;05571339830;Fatura itirazı;Evet
C003881;01.10.2026 16:36:40;Satış;Temsilci 06;6;84;67;53;Cevaplandı;05472289846;Sipariş;Evet
C003869;01.10.2026 16:40:56;Destek;Temsilci 07;1;836;0;49;Cevaplandı;05515301896;Şikâyet;Hayır
C003880;01.10.2026 16:42:16;Destek;Temsilci 07;1;355;46;18;Cevaplandı;05301523043;Kurulum;Hayır
C003872;01.10.2026 16:42:37;Satış;Temsilci 11;7;313;0;55;Cevaplandı;05552488730;Ürün bilgisi;Evet
C003874;01.10.2026 16:43:24;Satış;Temsilci 10;1;173;30;51;Cevaplandı;05462058075;Sipariş;Evet
C003878;01.10.2026 16:44:59;Destek;Temsilci 10;1;369;57;30;Cevaplandı;05387866707;Arıza;Evet
C003876;01.10.2026 16:47:12;Destek;Temsilci 08;34;228;0;16;Cevaplandı;05356051006;Arıza;Hayır
C003873;01.10.2026 16:47:30;Destek;Temsilci 05;2;241;0;56;Cevaplandı;05496195189;Şikâyet;Evet
C003875;01.10.2026 16:52:45;Satış;Temsilci 08;10;257;0;45;Cevaplandı;05593898826;Ürün bilgisi;Evet
C003867;01.10.2026 16:52:55;Destek;Temsilci 06;6;240;0;53;Cevaplandı;05462900792;Şikâyet;Evet
C003877;01.10.2026 16:53:45;Satış;Temsilci 10;9;205;0;37;Cevaplandı;05523615611;Ürün bilgisi;Evet
C003868;01.10.2026 16:58:33;Destek;Temsilci 07;4;697;0;17;Cevaplandı;05556114696;Şikâyet;Evet
C003870;01.10.2026 16:59:08;Destek;Temsilci 10;5;92;0;47;Cevaplandı;05357550751;Şikâyet;Evet
C003883;01.10.2026 17:00:46;Satış;Temsilci 06;7;127;0;32;Cevaplandı;05325840048;Ürün bilgisi;Hayır
C003887;01.10.2026 17:02:45;Destek;Temsilci 11;6;232;0;51;Cevaplandı;05493235873;Arıza;Evet
C003888;01.10.2026 17:04:45;Destek;Temsilci 04;2;139;0;25;Cevaplandı;05347338251;Arıza;Evet
C003885;01.10.2026 17:05:00;Destek;Temsilci 03;4;385;53;49;Cevaplandı;05364778929;Kurulum;Evet
C003892;01.10.2026 17:05:13;Destek;Temsilci 06;0;202;0;58;Cevaplandı;05525974900;Kurulum;Evet
C003890;01.10.2026 17:13:20;Destek;Temsilci 03;1;165;0;38;Cevaplandı;05368384549;Kurulum;Evet
C003882;01.10.2026 17:13:43;Destek;Temsilci 09;9;251;0;16;Cevaplandı;05478722496;Kurulum;Evet
C003891;01.10.2026 17:16:02;Destek;Temsilci 08;6;415;0;46;Cevaplandı;05354588832;Kurulum;Evet
C003889;01.10.2026 17:24:23;Fatura;Temsilci 05;5;435;0;41;Cevaplandı;05375462806;Ödeme;Evet
C003884;01.10.2026 17:25:49;Destek;Temsilci 08;1;187;0;39;Cevaplandı;05373543801;Şikâyet;Evet
C003886;01.10.2026 17:27:11;Destek;Temsilci 06;8;210;0;27;Cevaplandı;05439510125;Kurulum;Evet
C003898;01.10.2026 17:30:09;Satış;Temsilci 12;20;255;0;33;Cevaplandı;05379013714;Ürün bilgisi;Evet
C003895;01.10.2026 17:32:22;Destek;Temsilci 04;0;379;0;48;Cevaplandı;05527033848;Şikâyet;Evet
C003897;01.10.2026 17:34:40;Fatura;Temsilci 04;6;264;0;37;Cevaplandı;05487882565;Fatura itirazı;Hayır
C003893;01.10.2026 17:37:53;Satış;Temsilci 08;11;207;0;56;Cevaplandı;05477837988;Ürün bilgisi;Evet
C003896;01.10.2026 17:45:19;Destek;Temsilci 09;6;499;68;47;Cevaplandı;05367424175;Kurulum;Hayır
C003894;01.10.2026 17:51:05;Satış;Temsilci 07;5;579;0;20;Cevaplandı;05593355548;Sipariş;Hayır
C003912;02.10.2026 09:00:41;Satış;Temsilci 05;18;81;0;53;Cevaplandı;05428557054;Sipariş;Evet
C003903;02.10.2026 09:00:46;Destek;Temsilci 08;2;262;0;46;Cevaplandı;05305731371;Arıza;Evet
C003900;02.10.2026 09:03:31;Satış;Temsilci 09;0;127;68;26;Cevaplandı;05465742692;Ürün bilgisi;Evet
C003908;02.10.2026 09:06:12;Fatura;Temsilci 01;2;236;0;15;Cevaplandı;05415166005;Fatura itirazı;Evet
C003899;02.10.2026 09:07:44;Fatura;Temsilci 05;17;119;0;56;Cevaplandı;05511356558;Fatura itirazı;Evet
C003905;02.10.2026 09:11:15;Fatura;Temsilci 10;0;214;0;48;Cevaplandı;05351657566;Fatura itirazı;Evet
C003902;02.10.2026 09:11:43;Fatura;Temsilci 12;3;149;0;60;Cevaplandı;05478879045;Ödeme;Evet
C003906;02.10.2026 09:11:47;Destek;Temsilci 08;1;216;64;20;Cevaplandı;05514958866;Arıza;Evet
C003911;02.10.2026 09:13:54;Destek;Temsilci 03;1;124;0;47;Cevaplandı;05387117913;Şikâyet;Evet
C003907;02.10.2026 09:15:29;Destek;Temsilci 07;7;482;0;36;Cevaplandı;05423421767;Arıza;Evet
C003904;02.10.2026 09:17:21;Destek;Temsilci 07;1;351;0;37;Cevaplandı;05445608713;Kurulum;Evet
C003901;02.10.2026 09:18:04;Satış;Temsilci 01;1;85;0;60;Cevaplandı;05591538947;Ürün bilgisi;Evet
C003910;02.10.2026 09:24:39;Fatura;Temsilci 11;0;333;0;43;Cevaplandı;05325530950;Fatura itirazı;Evet
C003913;02.10.2026 09:25:29;Destek;Temsilci 01;5;351;0;38;Cevaplandı;05307760379;Şikâyet;Hayır
C003909;02.10.2026 09:25:41;Destek;Temsilci 11;1;106;0;24;Cevaplandı;05575458815;Şikâyet;Hayır
C003926;02.10.2026 09:33:13;Destek;Temsilci 04;5;175;0;51;Cevaplandı;05532377309;Kurulum;Evet
C003925;02.10.2026 09:33:27;Destek;Temsilci 06;27;355;0;50;Cevaplandı;05321949060;Şikâyet;Evet
C003923;02.10.2026 09:35:07;Destek;Temsilci 05;2;315;0;51;Cevaplandı;05425143984;Şikâyet;Evet
C003915;02.10.2026 09:36:19;Fatura;Temsilci 11;3;6;43;38;Cevaplandı;05526700862;Fatura itirazı;Evet
C003919;02.10.2026 09:36:27;Satış;Temsilci 01;13;358;0;26;Cevaplandı;05579777524;Ürün bilgisi;Evet
C003918;02.10.2026 09:42:50;Fatura;Temsilci 08;9;147;32;23;Cevaplandı;05307319373;Ödeme;Hayır
C003914;02.10.2026 09:43:19;Destek;Temsilci 03;3;115;0;40;Cevaplandı;05475071332;Kurulum;Evet
C003927;02.10.2026 09:43:27;Destek;Temsilci 10;1;377;0;18;Cevaplandı;05448704311;Arıza;Evet
C003921;02.10.2026 09:44:41;Destek;;1;0;0;0;Terk;05367415360;;
C003924;02.10.2026 09:46:02;Destek;Temsilci 12;5;321;90;43;Cevaplandı;05403678759;Şikâyet;Evet
C003916;02.10.2026 09:47:51;Fatura;Temsilci 10;2;210;81;38;Cevaplandı;05508820175;Fatura itirazı;Evet
C003922;02.10.2026 09:50:10;Destek;Temsilci 08;0;238;0;52;Cevaplandı;05483551528;Kurulum;Evet
C003928;02.10.2026 09:50:18;Destek;Temsilci 05;8;370;0;21;Cevaplandı;05378949878;Kurulum;Hayır
C003920;02.10.2026 09:54:24;Satış;Temsilci 04;10;154;0;44;Cevaplandı;05572602260;Sipariş;Hayır
C003917;02.10.2026 09:56:07;Satış;Temsilci 03;9;116;0;15;Cevaplandı;05405034208;Sipariş;Evet
C003946;02.10.2026 10:02:49;Destek;Temsilci 02;34;219;89;44;Cevaplandı;05502614976;Kurulum;Hayır
C003931;02.10.2026 10:03:07;Destek;Temsilci 05;19;254;0;48;Cevaplandı;05314204322;Şikâyet;Hayır
C003929;02.10.2026 10:04:26;Fatura;;10;0;0;0;Terk;05543809399;;
C003947;02.10.2026 10:05:40;Destek;Temsilci 12;30;514;0;42;Cevaplandı;05387964430;Kurulum;Evet
C003939;02.10.2026 10:07:25;Satış;Temsilci 09;13;97;0;60;Cevaplandı;05525181918;Ürün bilgisi;Hayır
C003932;02.10.2026 10:10:59;Fatura;Temsilci 06;1;810;0;60;Cevaplandı;05592025750;Ödeme;Evet
C003943;02.10.2026 10:12:45;Destek;Temsilci 01;66;284;0;28;Cevaplandı;05521238374;Şikâyet;Evet
C003935;02.10.2026 10:13:15;Fatura;Temsilci 11;42;2;0;43;Cevaplandı;05325840048;Ödeme;Hayır
C003934;02.10.2026 10:14:38;Destek;Temsilci 09;4;457;0;36;Cevaplandı;05383109305;Arıza;Evet
C003937;02.10.2026 10:16:34;Satış;Temsilci 07;1;457;0;20;Cevaplandı;05306905029;Ürün bilgisi;Evet
C003938;02.10.2026 10:18:24;Destek;Temsilci 02;1;617;75;42;Cevaplandı;05521506070;Kurulum;Hayır
C003936;02.10.2026 10:18:33;Destek;Temsilci 03;18;164;0;55;Cevaplandı;05425457397;Kurulum;Hayır
C003933;02.10.2026 10:21:21;Destek;;14;0;0;0;Terk;05489820125;;
C003941;02.10.2026 10:21:59;Destek;Temsilci 10;14;210;80;20;Cevaplandı;05571256502;Kurulum;Hayır
C003940;02.10.2026 10:22:12;Destek;Temsilci 02;38;370;0;49;Cevaplandı;05475440112;Şikâyet;Evet
C003944;02.10.2026 10:23:00;Destek;Temsilci 10;11;187;0;60;Cevaplandı;05389673632;Şikâyet;Evet
C003942;02.10.2026 10:25:32;Satış;Temsilci 03;60;152;0;49;Cevaplandı;05507994516;Sipariş;Evet
C003930;02.10.2026 10:28:30;Destek;Temsilci 11;1;629;0;49;Cevaplandı;05485446237;Şikâyet;Evet
C003945;02.10.2026 10:29:54;Satış;Temsilci 07;1;204;0;45;Cevaplandı;05519293060;Ürün bilgisi;Evet
C003954;02.10.2026 10:31:34;Satış;Temsilci 09;20;264;0;56;Cevaplandı;05574271327;Sipariş;Evet
C003965;02.10.2026 10:32:59;Fatura;Temsilci 10;1;325;0;22;Cevaplandı;05539212495;Ödeme;Evet
C003969;02.10.2026 10:33:18;Fatura;Temsilci 11;15;166;0;49;Cevaplandı;05309319826;Fatura itirazı;Evet
C003960;02.10.2026 10:33:59;Fatura;Temsilci 12;0;242;0;50;Cevaplandı;05336734159;Ödeme;Evet
C003956;02.10.2026 10:34:04;Fatura;Temsilci 09;2;565;57;60;Cevaplandı;05328394026;Fatura itirazı;Evet
C003963;02.10.2026 10:34:05;Destek;Temsilci 06;4;286;0;56;Cevaplandı;05347593308;Şikâyet;Evet
C003951;02.10.2026 10:35:05;Destek;Temsilci 06;72;115;0;49;Cevaplandı;05375255368;Şikâyet;Evet
C003966;02.10.2026 10:37:21;Satış;Temsilci 09;15;300;0;42;Cevaplandı;05449880703;Sipariş;Evet
C003961;02.10.2026 10:37:57;Fatura;Temsilci 09;13;294;0;41;Cevaplandı;05335609728;Fatura itirazı;Evet
C003953;02.10.2026 10:39:10;Satış;;25;0;0;0;Terk;05325681865;;
C003962;02.10.2026 10:40:56;Satış;Temsilci 11;27;196;0;36;Cevaplandı;05327574674;Ürün bilgisi;Evet
C003964;02.10.2026 10:41:39;Destek;Temsilci 03;15;164;0;19;Cevaplandı;05509925896;Kurulum;Evet
C003958;02.10.2026 10:43:03;Fatura;Temsilci 11;0;218;0;44;Cevaplandı;05596535351;Ödeme;Evet
C003959;02.10.2026 10:47:05;Destek;Temsilci 09;0;778;65;31;Cevaplandı;05404023733;Arıza;Evet
C003952;02.10.2026 10:47:18;Destek;Temsilci 01;1;366;0;25;Cevaplandı;05555438711;Şikâyet;Evet
C003950;02.10.2026 10:47:27;Destek;;3;0;0;0;Terk;05467099113;;
C003957;02.10.2026 10:47:41;Destek;;0;0;0;0;Terk;05563377562;;
C003949;02.10.2026 10:51:30;Satış;Temsilci 07;11;334;0;27;Cevaplandı;05552976954;Sipariş;Evet
C003955;02.10.2026 10:52:34;Destek;Temsilci 05;2;626;79;43;Cevaplandı;05363034992;Kurulum;Evet
C003967;02.10.2026 10:54:46;Satış;Temsilci 12;46;246;0;60;Cevaplandı;05582100053;Sipariş;Hayır
C003948;02.10.2026 10:55:03;Destek;Temsilci 01;32;231;0;19;Cevaplandı;05343547766;Arıza;Evet
C003968;02.10.2026 10:59:40;Fatura;Temsilci 08;1;357;0;59;Cevaplandı;05313532519;Ödeme;Evet
C003989;02.10.2026 11:02:15;Satış;Temsilci 11;4;148;0;47;Cevaplandı;05579197108;Sipariş;Evet
C003973;02.10.2026 11:02:38;Satış;Temsilci 08;27;278;0;19;Cevaplandı;05397232771;Ürün bilgisi;Hayır
C003991;02.10.2026 11:02:43;Fatura;;14;0;0;0;Terk;05309551581;;
C003972;02.10.2026 11:03:13;Destek;Temsilci 06;11;296;0;58;Cevaplandı;05412655146;Arıza;Hayır
C003987;02.10.2026 11:07:31;Destek;Temsilci 02;34;553;0;40;Cevaplandı;05594584087;Şikâyet;Evet
C003985;02.10.2026 11:08:01;Fatura;Temsilci 05;61;309;0;58;Cevaplandı;05333042272;Fatura itirazı;Evet
C003982;02.10.2026 11:08:02;Destek;Temsilci 07;6;463;0;27;Cevaplandı;05575127429;Kurulum;Evet
C003971;02.10.2026 11:09:41;Destek;;5;0;0;0;Terk;05411013142;;
C003981;02.10.2026 11:10:10;Satış;Temsilci 06;7;172;0;59;Cevaplandı;05317355065;Ürün bilgisi;Evet
C003986;02.10.2026 11:10:12;Fatura;Temsilci 10;7;466;35;43;Cevaplandı;05312027547;Fatura itirazı;Hayır
C003990;02.10.2026 11:10:22;Destek;Temsilci 06;6;132;0;20;Cevaplandı;05578292657;Kurulum;Hayır
C003977;02.10.2026 11:14:35;Destek;Temsilci 01;26;250;0;41;Cevaplandı;05518471362;Kurulum;Hayır
C003976;02.10.2026 11:15:04;Destek;Temsilci 03;6;331;0;21;Cevaplandı;05566562896;Arıza;Evet
C003983;02.10.2026 11:16:05;Satış;Temsilci 11;29;143;0;34;Cevaplandı;05465190248;Ürün bilgisi;Evet
C003992;02.10.2026 11:17:47;Fatura;Temsilci 07;8;262;0;32;Cevaplandı;05402546384;Fatura itirazı;Evet
C003974;02.10.2026 11:19:09;Fatura;Temsilci 08;9;81;32;18;Cevaplandı;05419355149;Fatura itirazı;Evet
C003984;02.10.2026 11:21:55;Fatura;Temsilci 03;52;273;77;16;Cevaplandı;05537966271;Ödeme;Evet
C003988;02.10.2026 11:24:29;Destek;Temsilci 04;36;284;15;37;Cevaplandı;05321192000;Kurulum;Evet
C003978;02.10.2026 11:25:05;Destek;;100;0;0;0;Terk;05451217563;;
C003979;02.10.2026 11:25:58;Destek;;29;0;0;0;Terk;05466083381;;
C003975;02.10.2026 11:26:35;Satış;;5;0;0;0;Terk;05356046103;;
C003980;02.10.2026 11:27:00;Fatura;Temsilci 06;51;384;0;42;Cevaplandı;05453777948;Ödeme;Evet
C003970;02.10.2026 11:27:53;Destek;Temsilci 09;1;396;54;16;Cevaplandı;05429429623;Arıza;Evet
C003996;02.10.2026 11:31:12;Destek;Temsilci 08;28;214;0;24;Cevaplandı;05422584249;Arıza;Evet
C004008;02.10.2026 11:31:51;Fatura;;42;0;0;0;Terk;05386641415;;
C003997;02.10.2026 11:32:57;Fatura;Temsilci 07;11;331;0;43;Cevaplandı;05587606074;Fatura itirazı;Hayır
C004004;02.10.2026 11:36:57;Satış;Temsilci 04;2;358;0;28;Cevaplandı;05354506732;Sipariş;Evet
C004000;02.10.2026 11:41:30;Satış;Temsilci 09;9;529;29;20;Cevaplandı;05385190093;Sipariş;Evet
C004011;02.10.2026 11:43:10;Destek;;12;0;0;0;Terk;05499605240;;
C004006;02.10.2026 11:43:23;Destek;Temsilci 06;7;435;0;59;Cevaplandı;05372126410;Şikâyet;Hayır
C004014;02.10.2026 11:44:07;Destek;Temsilci 05;9;178;0;43;Cevaplandı;05315470725;Arıza;Evet
C003993;02.10.2026 11:45:34;Destek;Temsilci 09;55;192;0;50;Cevaplandı;05451239211;Arıza;Evet
C004003;02.10.2026 11:46:26;Destek;Temsilci 01;6;250;0;27;Cevaplandı;05373274153;Kurulum;Evet
C003995;02.10.2026 11:46:51;Satış;Temsilci 01;1;143;0;20;Cevaplandı;05525404684;Sipariş;Evet
C003994;02.10.2026 11:48:14;Satış;;11;0;0;0;Terk;05586461790;;
C004016;02.10.2026 11:51:57;Fatura;Temsilci 06;34;535;74;22;Cevaplandı;05513721806;Fatura itirazı;Evet
C004015;02.10.2026 11:53:49;Fatura;Temsilci 06;30;184;0;22;Cevaplandı;05334972169;Ödeme;Evet
C003998;02.10.2026 11:53:55;Destek;Temsilci 11;9;409;73;50;Cevaplandı;05456100596;Kurulum;Evet
C004002;02.10.2026 11:54:17;Satış;Temsilci 05;40;152;0;34;Cevaplandı;05524508441;Ürün bilgisi;Evet
C004017;02.10.2026 11:54:50;Fatura;Temsilci 09;16;156;0;42;Cevaplandı;05516143321;Ödeme;Evet
C004012;02.10.2026 11:54:51;Satış;Temsilci 08;1;280;0;54;Cevaplandı;05471165963;Sipariş;Hayır
C004007;02.10.2026 11:55:28;Fatura;Temsilci 10;17;175;0;45;Cevaplandı;05516482088;Ödeme;Evet
C003999;02.10.2026 11:55:51;Fatura;Temsilci 02;16;159;0;18;Cevaplandı;05575431487;Ödeme;Evet
C004010;02.10.2026 11:55:59;Fatura;;10;0;0;0;Terk;05457493774;;
C004009;02.10.2026 11:57:12;Fatura;Temsilci 01;15;147;0;28;Cevaplandı;05524682982;Ödeme;Evet
C004001;02.10.2026 11:57:35;Destek;Temsilci 01;10;287;0;37;Cevaplandı;05431955030;Arıza;Evet
C004013;02.10.2026 11:57:35;Satış;Temsilci 12;108;131;71;18;Cevaplandı;05414442927;Sipariş;Hayır
C004005;02.10.2026 11:58:49;Fatura;Temsilci 03;10;208;0;39;Cevaplandı;05563468454;Fatura itirazı;Hayır
C004024;02.10.2026 12:00:07;Destek;Temsilci 11;2;403;0;53;Cevaplandı;05586097359;Şikâyet;Evet
C004022;02.10.2026 12:02:31;Fatura;Temsilci 02;3;260;0;42;Cevaplandı;05308941983;Ödeme;Evet
C004027;02.10.2026 12:04:47;Destek;Temsilci 11;2;129;0;42;Cevaplandı;05521806847;Arıza;Hayır
C004029;02.10.2026 12:07:14;Satış;Temsilci 08;2;166;0;51;Cevaplandı;05591638010;Sipariş;Evet
C004026;02.10.2026 12:07:50;Destek;Temsilci 07;9;323;78;48;Cevaplandı;05454104444;Kurulum;Evet
C004031;02.10.2026 12:08:30;Destek;Temsilci 09;2;240;0;58;Cevaplandı;05581637657;Kurulum;Evet
C004021;02.10.2026 12:12:18;Destek;Temsilci 12;20;312;0;24;Cevaplandı;05536564375;Kurulum;Evet
C004018;02.10.2026 12:13:10;Satış;Temsilci 03;12;108;0;38;Cevaplandı;05593250648;Sipariş;Evet
C004020;02.10.2026 12:14:53;Satış;Temsilci 11;6;107;32;20;Cevaplandı;05553560513;Sipariş;Evet
C004028;02.10.2026 12:15:56;Destek;Temsilci 11;3;97;0;33;Cevaplandı;05517562991;Kurulum;Evet
C004032;02.10.2026 12:16:00;Destek;Temsilci 06;10;346;0;20;Cevaplandı;05479811597;Arıza;Evet
C004019;02.10.2026 12:22:52;Destek;Temsilci 08;6;262;0;26;Cevaplandı;05337920961;Arıza;Evet
C004023;02.10.2026 12:27:14;Destek;Temsilci 06;2;90;22;45;Cevaplandı;05451755615;Kurulum;Evet
C004025;02.10.2026 12:27:41;Satış;Temsilci 02;18;287;0;24;Cevaplandı;05448813866;Sipariş;Hayır
C004030;02.10.2026 12:29:10;Satış;Temsilci 12;10;141;0;24;Cevaplandı;05422495402;Ürün bilgisi;Evet
C004036;02.10.2026 12:32:25;Satış;;4;0;0;0;Terk;05301094317;;
C004039;02.10.2026 12:37:15;Satış;Temsilci 11;7;6;0;47;Cevaplandı;05338077342;Sipariş;Evet
C004038;02.10.2026 12:42:02;Fatura;Temsilci 03;4;152;40;46;Cevaplandı;05357515995;Fatura itirazı;Evet
C004034;02.10.2026 12:46:24;Fatura;Temsilci 05;8;192;0;39;Cevaplandı;05591200370;Ödeme;Hayır
C004035;02.10.2026 12:50:22;Satış;Temsilci 06;22;320;0;43;Cevaplandı;05358615359;Sipariş;Evet
C004040;02.10.2026 12:50:56;Destek;Temsilci 05;1;298;0;27;Cevaplandı;05587618441;Şikâyet;Evet
C004037;02.10.2026 12:54:45;Satış;Temsilci 06;3;148;0;48;Cevaplandı;05556470459;Sipariş;Evet
C004033;02.10.2026 12:56:05;Satış;Temsilci 04;13;118;0;40;Cevaplandı;05332815560;Ürün bilgisi;Evet
C004041;02.10.2026 13:06:14;Destek;;0;0;0;0;Terk;05384736456;;
C004048;02.10.2026 13:06:14;Satış;Temsilci 11;7;138;0;20;Cevaplandı;05545383446;Sipariş;Evet
C004049;02.10.2026 13:06:17;Fatura;Temsilci 12;12;131;0;17;Cevaplandı;05407234823;Fatura itirazı;Hayır
C004046;02.10.2026 13:08:26;Fatura;Temsilci 04;20;401;0;46;Cevaplandı;05594206946;Ödeme;Evet
C004051;02.10.2026 13:11:20;Satış;Temsilci 06;4;156;0;20;Cevaplandı;05547102258;Sipariş;Evet
C004047;02.10.2026 13:12:39;Destek;Temsilci 02;4;154;0;58;Cevaplandı;05406760330;Şikâyet;Evet
C004044;02.10.2026 13:18:01;Destek;Temsilci 12;6;301;0;55;Cevaplandı;05434309547;Arıza;Evet
C004043;02.10.2026 13:20:25;Destek;Temsilci 09;6;191;31;47;Cevaplandı;05393604227;Şikâyet;Evet
C004042;02.10.2026 13:26:44;Destek;Temsilci 12;1;123;15;16;Cevaplandı;05412355006;Kurulum;Hayır
C004045;02.10.2026 13:28:10;Destek;Temsilci 03;1;250;0;32;Cevaplandı;05534783951;Şikâyet;Evet
C004050;02.10.2026 13:29:28;Destek;Temsilci 04;22;272;0;29;Cevaplandı;05499506498;Kurulum;Hayır
C004055;02.10.2026 13:33:09;Destek;Temsilci 06;6;383;0;17;Cevaplandı;05322010082;Arıza;Evet
C004059;02.10.2026 13:36:52;Destek;Temsilci 05;2;442;89;43;Cevaplandı;05376036944;Arıza;Evet
C004062;02.10.2026 13:37:03;Satış;Temsilci 07;4;272;60;25;Cevaplandı;05505019860;Ürün bilgisi;Evet
C004053;02.10.2026 13:37:06;Destek;Temsilci 11;2;182;0;58;Cevaplandı;05425143984;Kurulum;Hayır
C004060;02.10.2026 13:38:48;Fatura;Temsilci 08;12;228;0;34;Cevaplandı;05375871435;Fatura itirazı;Evet
C004058;02.10.2026 13:38:51;Fatura;Temsilci 10;23;82;0;18;Cevaplandı;05595150238;Fatura itirazı;Hayır
C004063;02.10.2026 13:49:51;Fatura;Temsilci 04;2;189;0;41;Cevaplandı;05341115462;Fatura itirazı;Hayır
C004061;02.10.2026 13:51:10;Fatura;Temsilci 05;6;184;0;35;Cevaplandı;05503396571;Ödeme;Evet
C004057;02.10.2026 13:51:24;Fatura;Temsilci 03;11;167;0;60;Cevaplandı;05434633016;Fatura itirazı;Evet
C004054;02.10.2026 13:51:54;Destek;Temsilci 05;9;322;0;31;Cevaplandı;05416451772;Kurulum;Evet
C004052;02.10.2026 13:53:58;Destek;Temsilci 04;13;243;0;32;Cevaplandı;05418953298;Arıza;Evet
C004056;02.10.2026 13:56:51;Fatura;Temsilci 12;1;192;0;18;Cevaplandı;05472151805;Ödeme;Evet
C004064;02.10.2026 13:59:56;Destek;Temsilci 12;15;149;0;39;Cevaplandı;05452649974;Şikâyet;Hayır
C004067;02.10.2026 14:00:58;Destek;Temsilci 11;1;111;27;33;Cevaplandı;05354803818;Arıza;Evet
C004073;02.10.2026 14:01:32;Satış;;12;0;0;0;Terk;05391332955;;
C004065;02.10.2026 14:01:42;Fatura;Temsilci 09;2;219;0;15;Cevaplandı;05423343315;Ödeme;Evet
C004071;02.10.2026 14:03:20;Destek;Temsilci 06;3;446;86;57;Cevaplandı;05436525437;Kurulum;Evet
C004076;02.10.2026 14:05:11;Fatura;Temsilci 12;11;157;21;30;Cevaplandı;05491641278;Ödeme;Evet
C004080;02.10.2026 14:06:55;Satış;Temsilci 10;9;196;0;52;Cevaplandı;05517671375;Sipariş;Evet
C004070;02.10.2026 14:08:50;Satış;Temsilci 01;8;150;26;41;Cevaplandı;05574139450;Sipariş;Hayır
C004068;02.10.2026 14:09:36;Fatura;Temsilci 05;10;373;0;54;Cevaplandı;05587998333;Ödeme;Evet
C004077;02.10.2026 14:12:12;Fatura;Temsilci 10;11;174;49;18;Cevaplandı;05389564503;Fatura itirazı;Hayır
C004069;02.10.2026 14:12:19;Destek;Temsilci 02;2;787;66;54;Cevaplandı;05575692347;Şikâyet;Evet
C004078;02.10.2026 14:14:15;Fatura;Temsilci 05;3;198;0;55;Cevaplandı;05489696568;Fatura itirazı;Evet
C004075;02.10.2026 14:17:33;Fatura;Temsilci 10;8;158;0;40;Cevaplandı;05496829258;Fatura itirazı;Evet
C004081;02.10.2026 14:18:13;Satış;Temsilci 03;20;68;0;42;Cevaplandı;05421048770;Ürün bilgisi;Hayır
C004072;02.10.2026 14:24:39;Fatura;Temsilci 06;0;146;27;23;Cevaplandı;05318661672;Ödeme;Hayır
C004066;02.10.2026 14:27:20;Destek;Temsilci 09;21;220;0;16;Cevaplandı;05491849044;Şikâyet;Evet
C004074;02.10.2026 14:27:53;Satış;Temsilci 09;1;164;0;43;Cevaplandı;05533053244;Sipariş;Hayır
C004079;02.10.2026 14:29:04;Destek;Temsilci 08;1;137;0;54;Cevaplandı;05397064870;Kurulum;Evet
C004093;02.10.2026 14:31:03;Destek;Temsilci 11;1;386;0;27;Cevaplandı;05463973319;Kurulum;Hayır
C004086;02.10.2026 14:31:40;Fatura;Temsilci 11;18;279;17;44;Cevaplandı;05393920130;Ödeme;Evet
C004089;02.10.2026 14:33:45;Destek;Temsilci 12;1;357;0;32;Cevaplandı;05504246376;Şikâyet;Evet
C004090;02.10.2026 14:36:33;Fatura;Temsilci 06;13;168;0;28;Cevaplandı;05541722451;Ödeme;Evet
C004088;02.10.2026 14:37:10;Fatura;Temsilci 08;5;282;0;52;Cevaplandı;05372031865;Fatura itirazı;Evet
C004101;02.10.2026 14:38:17;Satış;Temsilci 10;3;119;0;21;Cevaplandı;05581385559;Sipariş;Evet
C004084;02.10.2026 14:39:29;Destek;Temsilci 12;5;441;0;47;Cevaplandı;05459054472;Şikâyet;Evet
C004082;02.10.2026 14:41:32;Destek;Temsilci 08;17;184;0;31;Cevaplandı;05319488132;Şikâyet;Hayır
C004097;02.10.2026 14:41:35;Destek;Temsilci 09;9;68;72;42;Cevaplandı;05332593931;Arıza;Evet
C004099;02.10.2026 14:42:50;Fatura;Temsilci 04;7;178;0;55;Cevaplandı;05445358604;Fatura itirazı;Hayır
C004087;02.10.2026 14:46:36;Destek;Temsilci 06;5;222;0;59;Cevaplandı;05379940236;Şikâyet;Evet
C004083;02.10.2026 14:47:34;Destek;Temsilci 01;7;311;0;44;Cevaplandı;05534657764;Arıza;Hayır
C004098;02.10.2026 14:47:47;Fatura;Temsilci 01;7;213;0;27;Cevaplandı;05474064354;Fatura itirazı;Evet
C004100;02.10.2026 14:49:24;Satış;Temsilci 02;7;255;46;26;Cevaplandı;05403505961;Sipariş;Evet
C004094;02.10.2026 14:50:33;Fatura;Temsilci 04;3;90;0;24;Cevaplandı;05547588829;Fatura itirazı;Hayır
C004085;02.10.2026 14:51:56;Destek;Temsilci 12;3;268;0;58;Cevaplandı;05399080754;Şikâyet;Hayır
C004102;02.10.2026 14:56:34;Destek;Temsilci 03;6;821;0;38;Cevaplandı;05325530950;Kurulum;Hayır
C004096;02.10.2026 14:56:39;Satış;Temsilci 09;28;192;43;54;Cevaplandı;05432164694;Ürün bilgisi;Hayır
C004091;02.10.2026 14:56:44;Fatura;Temsilci 06;3;523;10;28;Cevaplandı;05591342432;Fatura itirazı;Evet
C004092;02.10.2026 14:56:55;Destek;Temsilci 01;2;252;22;18;Cevaplandı;05321367580;Kurulum;Evet
C004095;02.10.2026 14:57:38;Fatura;Temsilci 10;13;464;0;42;Cevaplandı;05529667631;Fatura itirazı;Evet
C004121;02.10.2026 15:00:30;Satış;Temsilci 01;33;79;0;17;Cevaplandı;05332782368;Sipariş;Evet
C004110;02.10.2026 15:00:51;Destek;Temsilci 01;13;173;0;27;Cevaplandı;05302016310;Şikâyet;Evet
C004117;02.10.2026 15:01:33;Satış;Temsilci 04;2;180;0;36;Cevaplandı;05506281854;Sipariş;Evet
C004109;02.10.2026 15:02:25;Destek;Temsilci 11;2;302;13;32;Cevaplandı;05591893789;Arıza;Evet
C004106;02.10.2026 15:06:02;Satış;;20;0;0;0;Terk;05379894731;;
C004111;02.10.2026 15:08:11;Satış;;8;0;0;0;Terk;05367280022;;
C004126;02.10.2026 15:08:53;Destek;Temsilci 08;17;81;0;56;Cevaplandı;05362787998;Arıza;Hayır
C004105;02.10.2026 15:09:49;Destek;;8;0;0;0;Terk;05472739569;;
C004104;02.10.2026 15:12:22;Satış;Temsilci 06;47;198;53;46;Cevaplandı;05573243689;Ürün bilgisi;Evet
C004113;02.10.2026 15:13:05;Destek;Temsilci 08;28;302;0;54;Cevaplandı;05461282367;Şikâyet;Evet
C004107;02.10.2026 15:15:23;Fatura;Temsilci 12;18;248;0;27;Cevaplandı;05332928507;Ödeme;Evet
C004119;02.10.2026 15:16:10;Fatura;Temsilci 01;13;119;0;54;Cevaplandı;05383852282;Ödeme;Evet
C004125;02.10.2026 15:16:30;Fatura;Temsilci 12;8;253;0;50;Cevaplandı;05552823533;Ödeme;Evet
C004116;02.10.2026 15:18:07;Destek;Temsilci 08;24;184;0;55;Cevaplandı;05302133998;Kurulum;Evet
C004124;02.10.2026 15:18:07;Fatura;Temsilci 01;11;298;0;36;Cevaplandı;05318661672;Fatura itirazı;Evet
C004120;02.10.2026 15:18:23;Satış;Temsilci 06;9;208;0;31;Cevaplandı;05308403862;Ürün bilgisi;Evet
C004103;02.10.2026 15:19:04;Fatura;Temsilci 10;7;230;0;55;Cevaplandı;05332034689;Ödeme;Evet
C004108;02.10.2026 15:19:14;Satış;Temsilci 03;3;121;0;15;Cevaplandı;05433898308;Ürün bilgisi;Evet
C004122;02.10.2026 15:20:04;Fatura;Temsilci 07;24;486;0;23;Cevaplandı;05447206153;Ödeme;Evet
C004118;02.10.2026 15:20:07;Fatura;Temsilci 08;16;221;0;52;Cevaplandı;05308902354;Fatura itirazı;Evet
C004112;02.10.2026 15:20:14;Destek;Temsilci 12;11;305;68;16;Cevaplandı;05591280328;Şikâyet;Hayır
C004115;02.10.2026 15:20:49;Destek;Temsilci 06;10;181;42;53;Cevaplandı;05306905029;Şikâyet;Evet
C004123;02.10.2026 15:21:56;Destek;Temsilci 05;1;374;0;27;Cevaplandı;05494053227;Arıza;Hayır
C004114;02.10.2026 15:27:23;Satış;Temsilci 03;4;138;0;21;Cevaplandı;05485294309;Ürün bilgisi;Evet
C004135;02.10.2026 15:30:18;Satış;Temsilci 12;19;213;0;16;Cevaplandı;05415213132;Sipariş;Evet
C004143;02.10.2026 15:30:55;Destek;Temsilci 04;1;564;0;20;Cevaplandı;05487828189;Şikâyet;Evet
C004131;02.10.2026 15:31:25;Destek;;6;0;0;0;Terk;05317795781;;
C004144;02.10.2026 15:31:32;Satış;Temsilci 08;34;68;0;54;Cevaplandı;05368466266;Ürün bilgisi;Evet
C004137;02.10.2026 15:35:26;Destek;Temsilci 05;6;152;0;44;Cevaplandı;05357379264;Şikâyet;Evet
C004127;02.10.2026 15:36:17;Destek;Temsilci 07;20;162;0;55;Cevaplandı;05569832110;Şikâyet;Evet
C004134;02.10.2026 15:39:46;Destek;Temsilci 04;30;130;0;22;Cevaplandı;05359559437;Arıza;Evet
C004146;02.10.2026 15:39:46;Destek;Temsilci 08;0;716;0;41;Cevaplandı;05413248879;Arıza;Evet
C004130;02.10.2026 15:43:35;Satış;Temsilci 04;15;121;0;37;Cevaplandı;05589530982;Ürün bilgisi;Hayır
C004136;02.10.2026 15:44:04;Destek;Temsilci 10;8;185;0;21;Cevaplandı;05439883724;Şikâyet;Evet
C004141;02.10.2026 15:46:25;Fatura;Temsilci 03;9;202;0;33;Cevaplandı;05421373261;Ödeme;Evet
C004145;02.10.2026 15:47:01;Destek;Temsilci 09;20;290;0;53;Cevaplandı;05482117833;Şikâyet;Evet
C004128;02.10.2026 15:51:00;Fatura;Temsilci 06;10;330;39;45;Cevaplandı;05484084258;Ödeme;Hayır
C004132;02.10.2026 15:51:16;Destek;Temsilci 04;10;285;0;23;Cevaplandı;05581681273;Şikâyet;Evet
C004139;02.10.2026 15:51:35;Satış;;6;0;0;0;Terk;05502627765;;
C004140;02.10.2026 15:51:43;Fatura;Temsilci 10;8;255;0;26;Cevaplandı;05379823340;Fatura itirazı;Evet
C004133;02.10.2026 15:54:09;Fatura;Temsilci 02;43;376;0;29;Cevaplandı;05395040434;Ödeme;Evet
C004142;02.10.2026 15:54:16;Satış;Temsilci 08;24;97;0;22;Cevaplandı;05336401692;Ürün bilgisi;Hayır
C004129;02.10.2026 15:59:10;Satış;Temsilci 07;9;344;0;57;Cevaplandı;05392632342;Ürün bilgisi;Hayır
C004138;02.10.2026 15:59:44;Destek;Temsilci 04;9;605;56;16;Cevaplandı;05572264520;Şikâyet;Evet
C004157;02.10.2026 16:00:33;Destek;Temsilci 07;11;374;0;50;Cevaplandı;05364583113;Kurulum;Evet
C004161;02.10.2026 16:00:55;Destek;Temsilci 10;13;385;0;26;Cevaplandı;05509767758;Kurulum;Evet
C004150;02.10.2026 16:02:06;Destek;Temsilci 08;13;135;0;44;Cevaplandı;05394030724;Arıza;Evet
C004149;02.10.2026 16:08:16;Fatura;Temsilci 05;10;142;66;46;Cevaplandı;05356393250;Fatura itirazı;Evet
C004148;02.10.2026 16:08:28;Satış;Temsilci 10;7;117;39;33;Cevaplandı;05346069450;Sipariş;Evet
C004152;02.10.2026 16:09:58;Destek;Temsilci 09;6;304;0;17;Cevaplandı;05579740227;Arıza;Hayır
C004160;02.10.2026 16:12:39;Satış;Temsilci 10;3;170;0;58;Cevaplandı;05592423312;Ürün bilgisi;Evet
C004155;02.10.2026 16:15:34;Destek;Temsilci 08;5;179;0;53;Cevaplandı;05571044672;Arıza;Evet
C004153;02.10.2026 16:16:30;Fatura;Temsilci 09;1;102;25;27;Cevaplandı;05373543801;Ödeme;Evet
C004156;02.10.2026 16:20:17;Fatura;Temsilci 07;2;523;0;48;Cevaplandı;05595085530;Ödeme;Evet
C004151;02.10.2026 16:20:36;Satış;Temsilci 07;4;166;0;27;Cevaplandı;05539212495;Sipariş;Evet
C004147;02.10.2026 16:23:20;Fatura;Temsilci 09;10;294;0;16;Cevaplandı;05539801308;Fatura itirazı;Evet
C004154;02.10.2026 16:23:42;Destek;Temsilci 09;1;472;0;53;Cevaplandı;05467941580;Kurulum;Hayır
C004159;02.10.2026 16:24:34;Satış;Temsilci 10;2;379;0;40;Cevaplandı;05595888478;Sipariş;Evet
C004158;02.10.2026 16:24:45;Satış;Temsilci 02;8;210;0;35;Cevaplandı;05536429605;Ürün bilgisi;Evet
C004168;02.10.2026 16:30:14;Satış;Temsilci 08;1;150;0;17;Cevaplandı;05573572275;Ürün bilgisi;Hayır
C004169;02.10.2026 16:30:37;Destek;Temsilci 12;5;502;0;44;Cevaplandı;05351935910;Kurulum;Evet
C004171;02.10.2026 16:34:07;Destek;Temsilci 02;28;277;17;35;Cevaplandı;05491801039;Kurulum;Hayır
C004167;02.10.2026 16:34:41;Destek;Temsilci 12;4;174;0;39;Cevaplandı;05576831192;Şikâyet;Evet
C004166;02.10.2026 16:34:54;Fatura;Temsilci 02;8;212;0;53;Cevaplandı;05461674274;Fatura itirazı;Hayır
C004172;02.10.2026 16:35:58;Destek;Temsilci 09;1;193;0;33;Cevaplandı;05496463048;Kurulum;Hayır
C004165;02.10.2026 16:37:40;Satış;Temsilci 05;10;284;15;37;Cevaplandı;05351159711;Sipariş;Evet
C004170;02.10.2026 16:37:49;Destek;Temsilci 09;2;88;0;45;Cevaplandı;05374291334;Şikâyet;Evet
C004176;02.10.2026 16:38:49;Destek;Temsilci 10;1;553;15;30;Cevaplandı;05436589480;Şikâyet;Evet
C004162;02.10.2026 16:40:50;Satış;Temsilci 12;20;336;0;25;Cevaplandı;05356872267;Ürün bilgisi;Evet
C004175;02.10.2026 16:43:47;Destek;Temsilci 07;3;473;0;18;Cevaplandı;05307316899;Arıza;Hayır
C004177;02.10.2026 16:47:08;Satış;Temsilci 09;21;181;61;22;Cevaplandı;05462796373;Ürün bilgisi;Hayır
C004164;02.10.2026 16:48:46;Destek;Temsilci 11;1;320;86;59;Cevaplandı;05445123045;Kurulum;Evet
C004173;02.10.2026 16:49:34;Fatura;Temsilci 08;3;360;0;40;Cevaplandı;05501800344;Fatura itirazı;Hayır
C004163;02.10.2026 16:54:51;Satış;Temsilci 07;1;207;0;54;Cevaplandı;05558931275;Ürün bilgisi;Hayır
C004174;02.10.2026 16:55:16;Satış;Temsilci 02;1;62;0;43;Cevaplandı;05422267376;Ürün bilgisi;Evet
C004181;02.10.2026 17:03:01;Satış;Temsilci 12;1;121;0;20;Cevaplandı;05357375546;Sipariş;Evet
C004183;02.10.2026 17:04:56;Destek;Temsilci 09;9;305;0;33;Cevaplandı;05373188131;Arıza;Evet
C004186;02.10.2026 17:07:06;Destek;Temsilci 01;3;496;0;42;Cevaplandı;05574404442;Şikâyet;Hayır
C004184;02.10.2026 17:17:15;Destek;Temsilci 07;0;489;0;42;Cevaplandı;05449932186;Kurulum;Evet
C004182;02.10.2026 17:21:33;Satış;Temsilci 07;5;532;0;39;Cevaplandı;05305939138;Ürün bilgisi;Evet
C004185;02.10.2026 17:21:34;Destek;Temsilci 11;0;176;0;35;Cevaplandı;05525524287;Arıza;Evet
C004180;02.10.2026 17:22:34;Fatura;Temsilci 08;2;523;0;59;Cevaplandı;05366208672;Fatura itirazı;Evet
C004179;02.10.2026 17:24:33;Destek;Temsilci 01;2;446;0;23;Cevaplandı;05511648177;Kurulum;Evet
C004178;02.10.2026 17:25:19;Destek;Temsilci 05;7;651;0;53;Cevaplandı;05434913197;Şikâyet;Hayır
C004192;02.10.2026 17:32:04;Destek;Temsilci 06;3;346;54;38;Cevaplandı;05529238001;Kurulum;Hayır
C004187;02.10.2026 17:32:55;Destek;Temsilci 05;16;316;0;17;Cevaplandı;05419459216;Arıza;Evet
C004193;02.10.2026 17:41:43;Destek;Temsilci 07;7;1894;0;48;Cevaplandı;05545301750;Kurulum;Evet
C004188;02.10.2026 17:42:35;Destek;Temsilci 08;2;257;0;59;Cevaplandı;05453109392;Şikâyet;Evet
C004189;02.10.2026 17:43:32;Destek;Temsilci 06;0;414;0;15;Cevaplandı;05334447959;Arıza;Evet
C004190;02.10.2026 17:47:32;Destek;Temsilci 05;23;334;0;22;Cevaplandı;05303509449;Arıza;Evet
C004191;02.10.2026 17:53:50;Fatura;Temsilci 08;6;300;0;52;Cevaplandı;05394186179;Fatura itirazı;Evet
