Poliçe No;Başlangıç;Bitiş;Prim;İptal Tarihi;Araç Tipi;Bölge
K-100000;02.01.2025;02.01.2026;10341.30;;Otomobil;Ege
K-100001;10.05.2026;10.05.2027;19595.80;;Kamyon;Marmara
K-100002;15.01.2025;15.01.2026;19616.27;;Kamyon;Marmara
K-100003;18.01.2026;18.01.2027;10431.22;;Otomobil;Marmara
K-100004;02.08.2024;02.08.2025;12335.69;;Otomobil;Marmara
K-100005;22.07.2024;22.07.2025;8650.61;;Otomobil;İç Anadolu
K-100006;20.07.2024;20.07.2025;18809.49;;Kamyon;Ege
K-100007;29.05.2024;29.05.2025;10592.24;;Otomobil;Marmara
K-100008;25.11.2025;25.11.2026;10091.88;;Otomobil;Ege
K-100009;19.11.2024;19.11.2025;8601.60;;Otomobil;Ege
K-100010;06.02.2026;06.02.2027;10913.14;;Otomobil;Marmara
K-100011;15.08.2025;15.08.2026;9425.27;;Otomobil;İç Anadolu
K-100012;01.05.2024;01.05.2025;12274.62;;Otomobil;Marmara
K-100013;30.05.2026;30.05.2027;9293.72;;Hafif Ticari;İç Anadolu
K-100014;03.12.2025;03.12.2026;8080.09;;Otomobil;İç Anadolu
K-100015;12.11.2024;12.11.2025;10915.67;;Otomobil;Ege
K-100016;19.02.2025;19.02.2026;14182.54;;Kamyon;Ege
K-100017;07.03.2025;07.03.2026;8490.04;;Otomobil;Ege
K-100018;08.05.2026;08.05.2027;9029.97;;Hafif Ticari;İç Anadolu
K-100019;19.04.2024;19.04.2025;7700.53;;Otomobil;İç Anadolu
K-100020;09.04.2025;09.04.2026;12843.25;;Otomobil;Marmara
K-100021;06.12.2025;06.12.2026;9138.68;;Otomobil;İç Anadolu
K-100022;25.04.2024;25.04.2025;10979.34;;Otomobil;Marmara
K-100023;04.01.2025;04.01.2026;8254.86;;Otomobil;Ege
K-100024;16.02.2026;16.02.2027;10735.49;;Otomobil;Marmara
K-100025;27.02.2026;27.02.2027;11328.44;;Hafif Ticari;İç Anadolu
K-100026;22.10.2024;22.10.2025;9362.28;;Otomobil;İç Anadolu
K-100027;19.12.2024;19.12.2025;10177.81;;Otomobil;Ege
K-100028;05.04.2025;05.04.2026;12571.20;;Hafif Ticari;Ege
K-100029;22.07.2024;22.07.2025;12551.24;;Otomobil;Marmara
K-100030;17.11.2025;17.11.2026;10156.51;;Otomobil;Ege
K-100031;06.03.2025;06.03.2026;8937.60;;Otomobil;Ege
K-100032;19.07.2024;19.07.2025;10237.28;;Otomobil;Marmara
K-100033;03.07.2024;03.07.2025;9872.97;;Otomobil;Ege
K-100034;16.05.2024;16.05.2025;10069.03;;Otomobil;Marmara
K-100035;21.04.2025;21.04.2026;8168.07;;Otomobil;İç Anadolu
K-100036;17.01.2025;17.01.2026;8076.88;;Otomobil;Ege
K-100037;06.12.2025;06.12.2026;12533.29;;Otomobil;Marmara
K-100038;29.10.2024;29.10.2025;11554.66;;Otomobil;Marmara
K-100039;05.03.2025;05.03.2026;19260.90;;Kamyon;Marmara
K-100040;02.09.2025;02.09.2026;10998.99;;Otomobil;Marmara
K-100041;25.12.2024;25.12.2025;12498.62;;Otomobil;Marmara
K-100042;06.07.2025;06.07.2026;8476.00;;Otomobil;Ege
K-100043;19.08.2024;19.08.2025;8533.10;;Otomobil;İç Anadolu
K-100044;02.09.2025;02.09.2026;11721.31;;Otomobil;Marmara
K-100045;22.11.2024;22.11.2025;12922.50;;Otomobil;Marmara
K-100046;14.01.2024;13.01.2025;9841.48;;Hafif Ticari;İç Anadolu
K-100047;08.09.2024;08.09.2025;11366.21;;Otomobil;Marmara
K-100048;14.09.2025;14.09.2026;9813.22;;Otomobil;İç Anadolu
K-100049;17.01.2024;16.01.2025;14231.18;;Hafif Ticari;Marmara
K-100050;18.01.2026;18.01.2027;8626.61;;Otomobil;İç Anadolu
K-100051;15.05.2024;15.05.2025;9470.22;;Hafif Ticari;Ege
K-100052;12.07.2025;12.07.2026;14971.34;;Kamyon;Ege
K-100053;26.12.2025;26.12.2026;10791.81;;Otomobil;Ege
K-100054;05.02.2025;05.02.2026;10441.51;;Hafif Ticari;İç Anadolu
K-100055;04.05.2025;04.05.2026;12067.70;;Otomobil;Marmara
K-100056;10.11.2025;10.11.2026;14950.98;;Hafif Ticari;Marmara
K-100057;19.12.2025;19.12.2026;8515.86;;Otomobil;İç Anadolu
K-100058;30.12.2025;30.12.2026;12750.38;;Otomobil;Marmara
K-100059;17.09.2025;17.09.2026;10323.68;;Otomobil;Marmara
K-100060;20.04.2024;20.04.2025;9956.60;;Otomobil;Ege
K-100061;30.01.2026;30.01.2027;11052.97;;Otomobil;Marmara
K-100062;06.09.2025;06.09.2026;9469.91;;Otomobil;Ege
K-100063;15.12.2025;15.12.2026;18580.66;;Kamyon;Marmara
K-100064;17.07.2025;17.07.2026;9844.50;;Otomobil;Ege
K-100065;13.06.2025;13.06.2026;9768.64;;Otomobil;İç Anadolu
K-100066;02.07.2024;02.07.2025;7603.98;22.01.2025;Otomobil;İç Anadolu
K-100067;03.06.2026;03.06.2027;10116.79;;Otomobil;Marmara
K-100068;27.11.2024;27.11.2025;8734.49;;Hafif Ticari;İç Anadolu
K-100069;15.03.2025;15.03.2026;12019.40;;Otomobil;Marmara
K-100070;18.05.2025;18.05.2026;18086.95;;Kamyon;Ege
K-100071;23.10.2024;23.10.2025;10829.77;;Otomobil;Marmara
K-100072;10.01.2026;10.01.2027;12532.36;;Otomobil;Marmara
K-100073;13.06.2025;13.06.2026;7360.74;;Otomobil;İç Anadolu
K-100074;09.04.2024;09.04.2025;9816.89;;Otomobil;Marmara
K-100075;08.11.2025;08.11.2026;9217.79;05.08.2026;Otomobil;İç Anadolu
K-100076;27.11.2024;27.11.2025;14696.63;;Kamyon;İç Anadolu
K-100077;08.06.2026;08.06.2027;8256.71;;Otomobil;İç Anadolu
K-100078;18.04.2026;18.04.2027;7681.84;;Otomobil;İç Anadolu
K-100079;18.12.2024;18.12.2025;12851.86;;Otomobil;Marmara
K-100080;21.11.2025;21.11.2026;7882.97;;Otomobil;İç Anadolu
K-100081;24.08.2024;24.08.2025;11516.35;;Hafif Ticari;Ege
K-100082;05.03.2026;05.03.2027;12172.51;;Hafif Ticari;Marmara
K-100083;16.02.2024;15.02.2025;9803.78;;Otomobil;Marmara
K-100084;03.01.2026;03.01.2027;9933.57;;Otomobil;Marmara
K-100085;30.11.2025;30.11.2026;18276.17;;Kamyon;Marmara
K-100086;03.05.2026;03.05.2027;8312.67;;Otomobil;İç Anadolu
K-100087;02.07.2024;02.07.2025;12069.40;;Otomobil;Marmara
K-100088;20.03.2026;20.03.2027;7544.47;;Otomobil;İç Anadolu
K-100089;07.08.2024;07.08.2025;9856.10;;Otomobil;Ege
K-100090;18.06.2025;18.06.2026;8870.88;;Otomobil;İç Anadolu
K-100091;16.11.2024;16.11.2025;7607.79;;Otomobil;İç Anadolu
K-100092;13.08.2025;13.08.2026;8976.56;;Otomobil;İç Anadolu
K-100093;23.07.2024;23.07.2025;10344.12;;Otomobil;Ege
K-100094;23.01.2025;23.01.2026;9197.19;;Otomobil;İç Anadolu
K-100095;11.08.2025;11.08.2026;9786.85;;Otomobil;Marmara
K-100096;15.01.2026;15.01.2027;11406.90;;Hafif Ticari;Marmara
K-100097;13.05.2024;13.05.2025;10410.22;;Hafif Ticari;Ege
K-100098;19.10.2024;19.10.2025;7354.80;;Otomobil;İç Anadolu
K-100099;21.02.2024;20.02.2025;13005.81;;Otomobil;Marmara
K-100100;18.01.2024;17.01.2025;8733.63;;Otomobil;Ege
K-100101;16.06.2024;16.06.2025;11688.71;;Otomobil;Marmara
K-100102;12.09.2025;12.09.2026;8562.91;;Otomobil;Ege
K-100103;01.05.2024;01.05.2025;14108.17;;Kamyon;İç Anadolu
K-100104;28.03.2025;28.03.2026;9855.63;;Otomobil;Marmara
K-100105;02.09.2025;02.09.2026;7271.64;;Otomobil;İç Anadolu
K-100106;02.01.2024;01.01.2025;9802.42;;Otomobil;Marmara
K-100107;20.04.2025;20.04.2026;9055.39;;Hafif Ticari;İç Anadolu
K-100108;21.02.2026;21.02.2027;9194.02;;Otomobil;İç Anadolu
K-100109;10.05.2026;10.05.2027;10663.99;;Otomobil;Ege
K-100110;01.05.2026;01.05.2027;10505.08;;Otomobil;Marmara
K-100111;15.10.2024;15.10.2025;10640.52;;Otomobil;Ege
K-100112;26.04.2025;26.04.2026;10534.89;;Otomobil;Ege
K-100113;16.04.2024;16.04.2025;11440.16;;Otomobil;Marmara
K-100114;25.11.2025;25.11.2026;7336.88;;Otomobil;İç Anadolu
K-100115;08.12.2025;08.12.2026;9212.45;;Otomobil;Ege
K-100116;24.07.2025;24.07.2026;17342.37;;Kamyon;Ege
K-100117;21.01.2024;20.01.2025;10011.47;;Otomobil;Ege
K-100118;03.03.2026;03.03.2027;10907.07;;Otomobil;Marmara
K-100119;15.01.2024;14.01.2025;9230.56;;Hafif Ticari;İç Anadolu
K-100120;03.11.2024;03.11.2025;12310.60;;Hafif Ticari;Ege
K-100121;29.07.2025;29.07.2026;10038.86;;Hafif Ticari;Ege
K-100122;20.09.2025;20.09.2026;8991.02;;Otomobil;Ege
K-100123;02.01.2026;02.01.2027;12596.53;;Hafif Ticari;Ege
K-100124;27.03.2026;27.03.2027;8863.38;;Otomobil;İç Anadolu
K-100125;18.08.2024;18.08.2025;11933.09;;Otomobil;Marmara
K-100126;15.01.2026;15.01.2027;9235.01;;Otomobil;Ege
K-100127;05.11.2024;05.11.2025;11120.50;;Otomobil;Marmara
K-100128;16.03.2026;16.03.2027;10042.14;;Otomobil;Ege
K-100129;15.03.2024;15.03.2025;8982.57;;Otomobil;Ege
K-100130;14.12.2025;14.12.2026;20484.80;;Kamyon;Marmara
K-100131;23.01.2026;23.01.2027;8095.37;;Otomobil;İç Anadolu
K-100132;17.08.2025;17.08.2026;11412.83;;Hafif Ticari;Ege
K-100133;19.07.2024;19.07.2025;10395.95;;Otomobil;Marmara
K-100134;22.02.2026;22.02.2027;8313.78;;Otomobil;Ege
K-100135;03.09.2025;03.09.2026;12980.38;;Otomobil;Marmara
K-100136;30.01.2026;30.01.2027;7452.68;;Otomobil;İç Anadolu
K-100137;08.04.2026;08.04.2027;11328.23;;Otomobil;Marmara
K-100138;25.05.2024;25.05.2025;13917.09;;Kamyon;İç Anadolu
K-100139;22.04.2024;22.04.2025;10326.70;;Hafif Ticari;Ege
K-100140;13.08.2024;13.08.2025;11129.00;;Otomobil;Marmara
K-100141;08.04.2024;08.04.2025;8686.84;;Otomobil;İç Anadolu
K-100142;04.04.2024;04.04.2025;13011.77;;Hafif Ticari;Marmara
K-100143;04.01.2025;04.01.2026;14430.07;25.09.2025;Hafif Ticari;Marmara
K-100144;12.10.2024;12.10.2025;11736.34;;Otomobil;Marmara
K-100145;06.02.2025;06.02.2026;12326.38;;Otomobil;Marmara
K-100146;22.10.2025;22.10.2026;17085.08;;Kamyon;Ege
K-100147;27.02.2025;27.02.2026;10390.55;;Otomobil;Ege
K-100148;15.04.2026;15.04.2027;14214.73;;Hafif Ticari;Marmara
K-100149;04.05.2026;04.05.2027;11302.10;;Hafif Ticari;İç Anadolu
K-100150;22.05.2024;22.05.2025;8472.63;;Otomobil;İç Anadolu
K-100151;15.02.2026;15.02.2027;11255.22;;Otomobil;Marmara
K-100152;20.07.2024;20.07.2025;13786.75;;Hafif Ticari;Marmara
K-100153;19.05.2024;19.05.2025;8468.32;;Otomobil;İç Anadolu
K-100154;08.07.2024;08.07.2025;12468.37;;Otomobil;Marmara
K-100155;04.03.2026;04.03.2027;7817.95;;Otomobil;İç Anadolu
K-100156;02.04.2024;02.04.2025;10286.02;;Hafif Ticari;Ege
K-100157;14.07.2025;14.07.2026;8759.57;;Otomobil;İç Anadolu
K-100158;18.01.2024;17.01.2025;8666.34;;Otomobil;İç Anadolu
K-100159;27.02.2024;26.02.2025;8098.20;;Otomobil;Ege
K-100160;29.08.2024;29.08.2025;10334.75;;Otomobil;Ege
K-100161;24.06.2026;24.06.2027;8154.36;23.12.2026;Otomobil;İç Anadolu
K-100162;14.01.2025;14.01.2026;11635.00;;Otomobil;Marmara
K-100163;21.01.2025;21.01.2026;8041.55;;Otomobil;İç Anadolu
K-100164;17.01.2025;17.01.2026;10439.56;;Otomobil;Ege
K-100165;01.08.2025;01.08.2026;8665.99;;Otomobil;Ege
K-100166;25.06.2026;25.06.2027;7636.32;;Otomobil;İç Anadolu
K-100167;28.01.2026;28.01.2027;10115.33;;Otomobil;Marmara
K-100168;05.10.2025;05.10.2026;12389.05;;Otomobil;Marmara
K-100169;31.08.2025;31.08.2026;11763.72;;Hafif Ticari;Marmara
K-100170;11.04.2025;11.04.2026;9838.06;;Otomobil;Marmara
K-100171;27.01.2024;26.01.2025;13551.87;;Hafif Ticari;Marmara
K-100172;13.08.2025;13.08.2026;8706.34;;Otomobil;Ege
K-100173;28.08.2025;28.08.2026;8339.50;;Otomobil;Ege
K-100174;08.01.2026;08.01.2027;10466.39;;Otomobil;Ege
K-100175;11.02.2026;11.02.2027;8050.61;;Otomobil;İç Anadolu
K-100176;12.06.2025;12.06.2026;10368.06;;Hafif Ticari;İç Anadolu
K-100177;18.11.2024;18.11.2025;9695.97;;Otomobil;İç Anadolu
K-100178;17.10.2025;17.10.2026;11144.19;;Otomobil;Marmara
K-100179;17.05.2025;17.05.2026;10270.71;;Otomobil;Marmara
K-100180;02.09.2024;02.09.2025;17303.79;;Kamyon;Ege
K-100181;23.09.2025;23.09.2026;8735.24;;Hafif Ticari;İç Anadolu
K-100182;13.05.2025;13.05.2026;10284.26;;Hafif Ticari;İç Anadolu
K-100183;06.03.2026;06.03.2027;13014.66;;Otomobil;Marmara
K-100184;12.04.2024;12.04.2025;9627.80;;Hafif Ticari;İç Anadolu
K-100185;11.12.2024;11.12.2025;9245.02;;Otomobil;Ege
K-100186;10.02.2024;09.02.2025;12916.47;;Otomobil;Marmara
K-100187;20.04.2024;20.04.2025;10017.65;;Otomobil;Ege
K-100188;15.04.2024;15.04.2025;7703.98;;Otomobil;İç Anadolu
K-100189;10.11.2025;10.11.2026;9621.77;;Otomobil;Ege
K-100190;10.02.2024;09.02.2025;7804.24;;Otomobil;İç Anadolu
K-100191;24.02.2024;23.02.2025;9463.13;;Otomobil;İç Anadolu
K-100192;12.10.2025;12.10.2026;9500.49;;Otomobil;Ege
K-100193;17.02.2025;17.02.2026;9213.14;;Otomobil;İç Anadolu
K-100194;16.01.2026;16.01.2027;10266.76;;Otomobil;Ege
K-100195;01.04.2024;01.04.2025;10125.14;;Otomobil;Ege
K-100196;08.05.2025;08.05.2026;8374.89;;Otomobil;Ege
K-100197;09.07.2025;09.07.2026;12154.47;;Otomobil;Marmara
K-100198;07.05.2025;07.05.2026;9896.41;;Otomobil;Ege
K-100199;11.09.2025;11.09.2026;14109.55;;Kamyon;İç Anadolu
K-100200;14.01.2025;14.01.2026;9771.91;;Otomobil;İç Anadolu
K-100201;03.02.2024;02.02.2025;9353.45;;Hafif Ticari;Ege
K-100202;15.10.2024;15.10.2025;10738.67;;Hafif Ticari;Ege
K-100203;20.06.2025;20.06.2026;9514.69;;Otomobil;Ege
K-100204;13.08.2025;13.08.2026;13178.38;17.05.2026;Hafif Ticari;Marmara
K-100205;20.08.2024;20.08.2025;13339.53;;Hafif Ticari;Marmara
K-100206;23.05.2026;23.05.2027;11424.97;;Otomobil;Marmara
K-100207;22.10.2025;22.10.2026;9482.18;;Otomobil;İç Anadolu
K-100208;06.04.2024;06.04.2025;9137.46;;Otomobil;Ege
K-100209;14.01.2026;14.01.2027;8250.42;;Otomobil;Ege
K-100210;19.04.2025;19.04.2026;9739.51;;Otomobil;Marmara
K-100211;02.04.2026;02.04.2027;8471.57;;Otomobil;İç Anadolu
K-100212;24.02.2026;24.02.2027;11371.44;;Hafif Ticari;Ege
K-100213;28.07.2024;28.07.2025;8132.79;;Otomobil;Ege
K-100214;04.01.2024;03.01.2025;7353.47;;Otomobil;İç Anadolu
K-100215;19.06.2024;19.06.2025;10707.37;;Hafif Ticari;İç Anadolu
K-100216;16.02.2025;16.02.2026;12768.32;;Otomobil;Marmara
K-100217;08.03.2025;08.03.2026;14360.45;;Hafif Ticari;Marmara
K-100218;22.01.2026;22.01.2027;9338.72;;Otomobil;Ege
K-100219;06.06.2026;06.06.2027;10267.77;;Otomobil;Ege
K-100220;10.10.2025;10.10.2026;8696.28;;Hafif Ticari;İç Anadolu
K-100221;05.07.2024;05.07.2025;7285.17;;Otomobil;İç Anadolu
K-100222;18.12.2025;18.12.2026;11570.89;;Otomobil;Marmara
K-100223;14.05.2025;14.05.2026;10204.44;12.07.2025;Otomobil;Marmara
K-100224;28.09.2024;28.09.2025;9328.04;;Otomobil;İç Anadolu
K-100225;28.10.2024;28.10.2025;7547.65;;Otomobil;İç Anadolu
K-100226;12.11.2025;12.11.2026;11929.93;;Otomobil;Marmara
K-100227;24.11.2024;24.11.2025;10888.36;;Otomobil;Marmara
K-100228;15.06.2025;15.06.2026;12734.89;;Otomobil;Marmara
K-100229;11.02.2024;10.02.2025;11355.84;;Otomobil;Marmara
K-100230;11.10.2024;11.10.2025;8847.69;;Otomobil;İç Anadolu
K-100231;20.12.2024;20.12.2025;11830.61;;Otomobil;Marmara
K-100232;08.04.2025;08.04.2026;10071.08;;Otomobil;Ege
K-100233;27.09.2024;27.09.2025;9780.98;;Hafif Ticari;İç Anadolu
K-100234;16.05.2026;16.05.2027;11435.69;;Otomobil;Marmara
K-100235;19.02.2025;19.02.2026;10737.23;;Otomobil;Ege
K-100236;09.11.2024;09.11.2025;12378.90;;Otomobil;Marmara
K-100237;10.03.2024;10.03.2025;14872.11;;Hafif Ticari;Marmara
K-100238;05.02.2024;04.02.2025;11172.57;;Otomobil;Marmara
K-100239;31.07.2025;31.07.2026;10507.23;;Otomobil;Ege
K-100240;09.01.2025;09.01.2026;13099.04;;Hafif Ticari;Marmara
K-100241;14.01.2025;14.01.2026;9628.47;;Otomobil;İç Anadolu
K-100242;27.05.2026;27.05.2027;8420.12;;Otomobil;İç Anadolu
K-100243;13.04.2025;13.04.2026;10529.10;;Hafif Ticari;Ege
K-100244;01.05.2024;01.05.2025;8002.03;07.09.2024;Otomobil;İç Anadolu
K-100245;15.06.2026;15.06.2027;8757.56;;Otomobil;İç Anadolu
K-100246;11.04.2024;11.04.2025;9421.03;;Hafif Ticari;İç Anadolu
K-100247;19.07.2024;19.07.2025;19797.16;;Kamyon;Marmara
K-100248;04.12.2024;04.12.2025;12385.12;;Otomobil;Marmara
K-100249;16.02.2026;16.02.2027;10346.08;;Otomobil;Marmara
K-100250;11.10.2025;11.10.2026;10065.80;;Otomobil;Marmara
K-100251;12.03.2026;12.03.2027;14124.66;;Kamyon;İç Anadolu
K-100252;28.06.2024;28.06.2025;7885.74;;Otomobil;İç Anadolu
K-100253;19.05.2026;19.05.2027;9104.75;;Hafif Ticari;İç Anadolu
K-100254;11.08.2024;11.08.2025;10614.94;;Hafif Ticari;Ege
K-100255;04.01.2024;03.01.2025;8441.24;;Otomobil;İç Anadolu
K-100256;03.09.2024;03.09.2025;9722.44;;Otomobil;İç Anadolu
K-100257;25.11.2024;25.11.2025;11071.94;;Hafif Ticari;Ege
K-100258;29.10.2024;29.10.2025;9366.06;;Otomobil;Ege
K-100259;31.07.2025;31.07.2026;10723.02;;Otomobil;Marmara
K-100260;10.08.2024;10.08.2025;8877.91;;Otomobil;Ege
K-100261;12.09.2025;12.09.2026;20346.48;;Kamyon;Marmara
K-100262;06.10.2025;06.10.2026;8052.44;;Otomobil;İç Anadolu
K-100263;27.10.2025;27.10.2026;8346.25;;Otomobil;Ege
K-100264;08.05.2026;08.05.2027;8115.91;30.08.2026;Otomobil;Ege
K-100265;23.01.2025;23.01.2026;7983.39;;Otomobil;İç Anadolu
K-100266;17.07.2024;17.07.2025;11215.78;;Otomobil;Marmara
K-100267;25.05.2025;25.05.2026;10307.89;;Otomobil;Marmara
K-100268;13.02.2025;13.02.2026;10870.58;;Hafif Ticari;İç Anadolu
K-100269;01.10.2025;01.10.2026;10521.78;;Otomobil;Marmara
K-100270;08.01.2026;08.01.2027;10886.31;;Otomobil;Ege
K-100271;19.09.2025;19.09.2026;15287.56;;Kamyon;İç Anadolu
K-100272;01.12.2025;01.12.2026;8574.46;;Otomobil;Ege
K-100273;27.01.2025;27.01.2026;12110.67;;Otomobil;Marmara
K-100274;15.03.2026;15.03.2027;9843.24;;Otomobil;Ege
K-100275;06.05.2025;06.05.2026;8610.95;;Otomobil;İç Anadolu
K-100276;29.03.2025;29.03.2026;8886.72;;Otomobil;İç Anadolu
K-100277;30.05.2024;30.05.2025;11554.38;;Hafif Ticari;Marmara
K-100278;30.05.2026;30.05.2027;11999.50;08.09.2026;Otomobil;Marmara
K-100279;12.05.2026;12.05.2027;12908.29;;Hafif Ticari;Marmara
K-100280;01.01.2026;01.01.2027;9080.28;;Hafif Ticari;İç Anadolu
K-100281;26.11.2024;26.11.2025;9512.02;;Hafif Ticari;Ege
K-100282;27.07.2024;27.07.2025;10341.00;;Otomobil;Marmara
K-100283;04.09.2024;04.09.2025;9338.71;;Otomobil;Ege
K-100284;02.12.2024;02.12.2025;19291.20;;Kamyon;Marmara
K-100285;31.08.2024;31.08.2025;10765.88;;Otomobil;Marmara
K-100286;15.03.2026;15.03.2027;10539.39;;Otomobil;Ege
K-100287;20.11.2024;20.11.2025;10804.88;;Otomobil;Marmara
K-100288;04.01.2024;03.01.2025;7560.87;;Otomobil;İç Anadolu
K-100289;10.04.2026;10.04.2027;10019.11;;Otomobil;Marmara
K-100290;05.10.2025;05.10.2026;8500.94;;Otomobil;Ege
K-100291;23.03.2025;23.03.2026;11149.33;;Otomobil;Marmara
K-100292;11.04.2024;11.04.2025;8056.66;;Otomobil;İç Anadolu
K-100293;20.08.2025;20.08.2026;10504.08;;Otomobil;Marmara
K-100294;19.11.2025;19.11.2026;9990.72;;Otomobil;Ege
K-100295;25.01.2024;24.01.2025;10103.60;;Otomobil;Marmara
K-100296;28.07.2025;28.07.2026;7866.58;;Otomobil;İç Anadolu
K-100297;09.05.2025;09.05.2026;7916.77;;Otomobil;İç Anadolu
K-100298;25.10.2024;25.10.2025;18913.20;;Kamyon;Ege
K-100299;11.11.2025;11.11.2026;10282.41;;Otomobil;Marmara
K-100300;01.08.2024;01.08.2025;12611.29;;Hafif Ticari;Marmara
K-100301;01.04.2025;01.04.2026;12922.87;;Otomobil;Marmara
K-100302;31.03.2025;31.03.2026;12931.32;;Otomobil;Marmara
K-100303;14.03.2024;14.03.2025;11326.96;;Hafif Ticari;İç Anadolu
K-100304;31.01.2026;31.01.2027;10878.89;;Otomobil;Marmara
K-100305;24.02.2025;24.02.2026;9137.49;;Otomobil;Ege
K-100306;03.07.2024;03.07.2025;17746.76;;Kamyon;Ege
K-100307;06.03.2026;06.03.2027;11997.24;;Hafif Ticari;Marmara
K-100308;18.11.2025;18.11.2026;9119.82;;Otomobil;İç Anadolu
K-100309;31.07.2025;31.07.2026;9815.59;;Otomobil;Marmara
K-100310;14.02.2026;14.02.2027;11260.29;;Otomobil;Marmara
K-100311;01.04.2024;01.04.2025;8043.17;;Otomobil;İç Anadolu
K-100312;18.06.2024;18.06.2025;9423.79;;Otomobil;Ege
K-100313;28.09.2025;28.09.2026;12327.03;04.02.2026;Hafif Ticari;Ege
K-100314;22.01.2024;21.01.2025;11683.99;;Hafif Ticari;Ege
K-100315;04.06.2026;04.06.2027;13879.97;;Hafif Ticari;Marmara
K-100316;18.12.2025;18.12.2026;11487.52;;Otomobil;Marmara
K-100317;22.11.2024;22.11.2025;8894.14;;Otomobil;Ege
K-100318;11.09.2025;11.09.2026;14515.79;;Hafif Ticari;Marmara
K-100319;05.01.2026;05.01.2027;9202.74;;Hafif Ticari;İç Anadolu
K-100320;19.08.2025;19.08.2026;11632.34;;Hafif Ticari;Marmara
K-100321;17.05.2024;17.05.2025;8540.85;;Otomobil;İç Anadolu
K-100322;12.08.2025;12.08.2026;8808.12;;Otomobil;Ege
K-100323;09.03.2024;09.03.2025;9071.20;;Otomobil;Ege
K-100324;31.01.2025;31.01.2026;11653.35;;Hafif Ticari;Marmara
K-100325;14.12.2025;14.12.2026;12959.28;;Kamyon;İç Anadolu
K-100326;25.08.2025;25.08.2026;11758.85;;Otomobil;Marmara
K-100327;17.08.2025;17.08.2026;10989.18;;Hafif Ticari;Ege
K-100328;28.10.2025;28.10.2026;8816.68;;Otomobil;İç Anadolu
K-100329;07.10.2025;07.10.2026;7951.35;;Otomobil;İç Anadolu
K-100330;02.01.2025;02.01.2026;11707.25;;Otomobil;Marmara
K-100331;30.11.2024;30.11.2025;12490.79;;Otomobil;Marmara
K-100332;19.03.2024;19.03.2025;12028.32;;Otomobil;Marmara
K-100333;25.05.2025;25.05.2026;11184.71;;Otomobil;Marmara
K-100334;15.07.2024;15.07.2025;9977.31;;Otomobil;Marmara
K-100335;13.01.2024;12.01.2025;10382.34;;Otomobil;Marmara
K-100336;14.03.2026;14.03.2027;7927.76;;Otomobil;İç Anadolu
K-100337;10.06.2026;10.06.2027;8978.49;;Otomobil;Ege
K-100338;05.03.2024;05.03.2025;11455.88;;Hafif Ticari;Ege
K-100339;30.04.2025;30.04.2026;12650.78;;Otomobil;Marmara
K-100340;17.04.2025;17.04.2026;12174.95;;Hafif Ticari;Ege
K-100341;28.12.2025;28.12.2026;10358.51;;Otomobil;Marmara
K-100342;19.04.2025;19.04.2026;16938.19;;Kamyon;Ege
K-100343;07.05.2024;07.05.2025;21164.77;;Kamyon;Marmara
K-100344;31.08.2025;31.08.2026;8499.25;09.10.2025;Otomobil;İç Anadolu
K-100345;26.05.2024;26.05.2025;11003.97;;Otomobil;Marmara
K-100346;19.11.2024;19.11.2025;8823.78;;Otomobil;Ege
K-100347;13.12.2025;13.12.2026;9135.25;;Otomobil;Ege
K-100348;26.02.2024;25.02.2025;7692.91;;Otomobil;İç Anadolu
K-100349;30.03.2026;30.03.2027;7632.41;;Otomobil;İç Anadolu
K-100350;08.05.2024;08.05.2025;8802.67;;Otomobil;Ege
K-100351;05.11.2025;05.11.2026;14898.90;;Hafif Ticari;Marmara
K-100352;02.10.2024;02.10.2025;18850.53;;Kamyon;Marmara
K-100353;23.04.2025;23.04.2026;11770.84;;Hafif Ticari;Ege
K-100354;06.05.2024;06.05.2025;10922.89;;Otomobil;Ege
K-100355;22.03.2024;22.03.2025;9780.14;;Otomobil;Ege
K-100356;12.03.2025;12.03.2026;13096.56;;Otomobil;Marmara
K-100357;14.03.2025;14.03.2026;9388.22;;Otomobil;İç Anadolu
K-100358;04.03.2026;04.03.2027;7594.01;;Otomobil;İç Anadolu
K-100359;15.01.2025;15.01.2026;11810.03;;Otomobil;Marmara
K-100360;13.01.2026;13.01.2027;8753.08;;Otomobil;İç Anadolu
K-100361;05.02.2025;05.02.2026;9801.79;;Otomobil;İç Anadolu
K-100362;12.05.2024;12.05.2025;18080.48;;Kamyon;Marmara
K-100363;11.10.2024;11.10.2025;12062.05;;Otomobil;Marmara
K-100364;04.12.2025;04.12.2026;11934.92;;Otomobil;Marmara
K-100365;02.12.2024;02.12.2025;7669.57;;Otomobil;İç Anadolu
K-100366;27.04.2025;27.04.2026;10031.14;;Otomobil;Marmara
K-100367;01.06.2024;01.06.2025;9676.66;;Otomobil;Ege
K-100368;20.12.2025;20.12.2026;12019.07;;Otomobil;Marmara
K-100369;29.06.2024;29.06.2025;11105.39;;Otomobil;Marmara
K-100370;27.08.2025;27.08.2026;7767.96;;Otomobil;İç Anadolu
K-100371;07.12.2024;07.12.2025;10347.83;;Hafif Ticari;İç Anadolu
K-100372;26.03.2025;26.03.2026;14978.05;;Kamyon;Ege
K-100373;28.05.2024;28.05.2025;10137.12;;Otomobil;Ege
K-100374;17.04.2024;17.04.2025;11543.35;;Hafif Ticari;Marmara
K-100375;08.09.2024;08.09.2025;8470.36;;Otomobil;İç Anadolu
K-100376;15.05.2026;15.05.2027;10411.22;;Otomobil;Ege
K-100377;04.04.2025;04.04.2026;20543.48;;Kamyon;Marmara
K-100378;07.10.2025;07.10.2026;10416.02;;Otomobil;Ege
K-100379;05.07.2024;05.07.2025;10889.92;;Otomobil;Marmara
K-100380;18.05.2025;18.05.2026;19977.25;;Kamyon;Marmara
K-100381;04.01.2025;04.01.2026;9020.56;;Otomobil;İç Anadolu
K-100382;17.05.2024;17.05.2025;9271.35;;Otomobil;İç Anadolu
K-100383;13.01.2024;12.01.2025;10816.51;;Otomobil;Marmara
K-100384;05.03.2026;05.03.2027;13692.33;;Kamyon;İç Anadolu
K-100385;24.05.2025;24.05.2026;9802.37;;Otomobil;İç Anadolu
K-100386;29.12.2025;29.12.2026;11758.02;;Otomobil;Marmara
K-100387;02.05.2026;02.05.2027;10214.90;;Otomobil;Ege
K-100388;13.06.2025;13.06.2026;10950.18;;Otomobil;Marmara
K-100389;23.06.2026;23.06.2027;8396.88;;Otomobil;İç Anadolu
K-100390;12.02.2024;11.02.2025;10852.02;;Otomobil;Marmara
K-100391;29.08.2025;29.08.2026;9102.26;;Otomobil;Ege
K-100392;17.06.2026;17.06.2027;14507.90;;Kamyon;Ege
K-100393;20.01.2024;19.01.2025;10217.33;;Otomobil;Ege
K-100394;01.03.2026;01.03.2027;12245.66;;Otomobil;Marmara
K-100395;28.10.2024;28.10.2025;8252.32;;Otomobil;Ege
K-100396;27.06.2026;27.06.2027;12725.47;;Otomobil;Marmara
K-100397;24.06.2024;24.06.2025;10148.49;;Hafif Ticari;Ege
K-100398;30.05.2025;30.05.2026;9719.24;;Otomobil;İç Anadolu
K-100399;10.04.2026;10.04.2027;11930.62;;Hafif Ticari;Ege
K-100400;28.06.2025;28.06.2026;8557.06;;Otomobil;İç Anadolu
K-100401;02.02.2024;01.02.2025;12707.67;;Otomobil;Marmara
K-100402;28.02.2024;27.02.2025;8885.25;;Otomobil;İç Anadolu
K-100403;11.03.2026;11.03.2027;16882.23;;Kamyon;Marmara
K-100404;28.05.2026;28.05.2027;7792.79;;Otomobil;İç Anadolu
K-100405;18.02.2025;18.02.2026;13056.27;;Hafif Ticari;Marmara
K-100406;29.12.2024;29.12.2025;10066.85;;Otomobil;Ege
K-100407;12.03.2026;12.03.2027;10663.16;;Otomobil;Ege
K-100408;06.08.2024;06.08.2025;10039.93;;Otomobil;Ege
K-100409;20.03.2025;20.03.2026;9756.84;;Otomobil;İç Anadolu
K-100410;11.09.2025;11.09.2026;10483.93;;Hafif Ticari;Ege
K-100411;21.03.2025;21.03.2026;11280.56;;Hafif Ticari;Ege
K-100412;14.02.2026;14.02.2027;7586.95;13.04.2026;Otomobil;İç Anadolu
K-100413;03.05.2024;03.05.2025;7273.52;;Otomobil;İç Anadolu
K-100414;08.01.2024;07.01.2025;8157.75;;Otomobil;Ege
K-100415;28.12.2024;28.12.2025;11228.81;;Hafif Ticari;İç Anadolu
K-100416;09.06.2024;09.06.2025;8974.48;;Otomobil;İç Anadolu
K-100417;19.09.2024;19.09.2025;8102.41;;Otomobil;İç Anadolu
K-100418;23.09.2024;23.09.2025;16542.32;;Kamyon;Ege
K-100419;23.03.2026;23.03.2027;8845.87;;Otomobil;Ege
K-100420;04.11.2024;04.11.2025;10923.78;;Otomobil;Marmara
K-100421;01.09.2025;01.09.2026;9058.78;;Otomobil;İç Anadolu
K-100422;29.06.2025;29.06.2026;9018.60;;Otomobil;İç Anadolu
K-100423;23.05.2026;23.05.2027;8634.19;;Otomobil;Ege
K-100424;12.10.2024;12.10.2025;11264.31;;Otomobil;Marmara
K-100425;15.11.2024;15.11.2025;9995.94;;Hafif Ticari;Ege
K-100426;24.11.2024;24.11.2025;12474.46;;Hafif Ticari;Marmara
K-100427;21.07.2025;21.07.2026;9602.56;;Otomobil;Ege
K-100428;04.12.2024;04.12.2025;9443.07;;Otomobil;İç Anadolu
K-100429;14.04.2026;14.04.2027;11459.99;;Hafif Ticari;Ege
K-100430;21.07.2024;21.07.2025;9576.95;;Otomobil;Ege
K-100431;20.03.2026;20.03.2027;9742.78;;Otomobil;Ege
K-100432;05.02.2024;04.02.2025;11996.07;;Hafif Ticari;Marmara
K-100433;16.12.2024;16.12.2025;11660.91;;Otomobil;Marmara
K-100434;18.07.2024;18.07.2025;10500.60;;Otomobil;Marmara
K-100435;14.04.2025;14.04.2026;19120.42;;Kamyon;Marmara
K-100436;24.03.2024;24.03.2025;8975.48;;Hafif Ticari;İç Anadolu
K-100437;19.11.2024;19.11.2025;9028.97;;Otomobil;İç Anadolu
K-100438;04.06.2024;04.06.2025;11661.84;;Otomobil;Marmara
K-100439;20.01.2026;20.01.2027;10738.45;;Otomobil;Marmara
K-100440;13.12.2024;13.12.2025;9118.67;;Otomobil;İç Anadolu
K-100441;20.07.2025;20.07.2026;12779.24;;Otomobil;Marmara
K-100442;21.05.2024;21.05.2025;11640.11;;Otomobil;Marmara
K-100443;19.09.2024;19.09.2025;10274.96;;Hafif Ticari;Ege
K-100444;31.01.2025;31.01.2026;9925.29;;Otomobil;Marmara
K-100445;26.06.2026;26.06.2027;9284.50;;Otomobil;İç Anadolu
K-100446;24.08.2025;24.08.2026;7849.43;;Otomobil;İç Anadolu
K-100447;11.03.2024;11.03.2025;21418.92;;Kamyon;Marmara
K-100448;01.02.2024;31.01.2025;12752.03;;Otomobil;Marmara
K-100449;23.01.2026;23.01.2027;18621.65;;Kamyon;Marmara
K-100450;16.09.2024;16.09.2025;9257.11;;Otomobil;İç Anadolu
K-100451;14.06.2026;14.06.2027;8187.01;;Otomobil;Ege
K-100452;04.03.2026;04.03.2027;9916.95;;Hafif Ticari;Ege
K-100453;22.05.2025;22.05.2026;13965.82;;Hafif Ticari;Marmara
K-100454;18.06.2025;18.06.2026;11376.52;;Hafif Ticari;Marmara
K-100455;12.03.2024;12.03.2025;8200.90;;Otomobil;Ege
K-100456;09.02.2024;08.02.2025;8063.69;;Otomobil;İç Anadolu
K-100457;14.03.2024;14.03.2025;12328.65;;Hafif Ticari;Ege
K-100458;29.11.2025;29.11.2026;11088.45;;Otomobil;Marmara
K-100459;03.04.2026;03.04.2027;11487.66;;Otomobil;Marmara
K-100460;08.06.2025;08.06.2026;10044.00;;Otomobil;Ege
K-100461;03.10.2025;03.10.2026;9718.23;;Otomobil;İç Anadolu
K-100462;03.07.2025;03.07.2026;10020.93;;Hafif Ticari;Ege
K-100463;08.05.2026;08.05.2027;10244.43;;Otomobil;Marmara
K-100464;03.08.2025;03.08.2026;10546.77;;Hafif Ticari;Ege
K-100465;21.09.2024;21.09.2025;9001.56;;Otomobil;Ege
K-100466;04.03.2025;04.03.2026;10281.87;;Otomobil;Marmara
K-100467;03.04.2025;03.04.2026;8384.58;;Otomobil;İç Anadolu
K-100468;16.06.2026;16.06.2027;12465.91;;Otomobil;Marmara
K-100469;16.10.2024;16.10.2025;10050.58;;Otomobil;Marmara
K-100470;31.05.2024;31.05.2025;8735.39;;Otomobil;Ege
K-100471;07.06.2024;07.06.2025;10105.01;;Otomobil;Ege
K-100472;14.01.2024;13.01.2025;8821.25;;Otomobil;Ege
K-100473;12.09.2024;12.09.2025;8118.29;;Otomobil;İç Anadolu
K-100474;29.12.2025;29.12.2026;8986.89;;Otomobil;İç Anadolu
K-100475;13.02.2024;12.02.2025;10753.42;;Otomobil;Ege
K-100476;10.02.2025;10.02.2026;8773.58;;Otomobil;İç Anadolu
K-100477;13.02.2025;13.02.2026;9418.39;;Hafif Ticari;İç Anadolu
K-100478;29.07.2024;29.07.2025;9239.26;;Otomobil;İç Anadolu
K-100479;11.02.2024;10.02.2025;9410.85;;Otomobil;Ege
K-100480;05.04.2024;05.04.2025;8463.17;;Otomobil;İç Anadolu
K-100481;27.11.2024;27.11.2025;10717.67;;Otomobil;Marmara
K-100482;19.04.2026;19.04.2027;8362.88;;Otomobil;Ege
K-100483;12.07.2024;12.07.2025;10435.27;;Otomobil;Marmara
K-100484;07.02.2025;07.02.2026;9817.93;;Otomobil;İç Anadolu
K-100485;15.11.2025;15.11.2026;12680.58;;Otomobil;Marmara
K-100486;26.10.2025;26.10.2026;10835.01;;Otomobil;Marmara
K-100487;15.08.2025;15.08.2026;8094.83;;Otomobil;İç Anadolu
K-100488;25.06.2026;25.06.2027;17964.10;;Kamyon;Ege
K-100489;21.01.2024;20.01.2025;9201.62;;Otomobil;Ege
K-100490;30.03.2025;30.03.2026;9793.34;;Otomobil;Marmara
K-100491;22.05.2025;22.05.2026;22135.71;;Kamyon;Marmara
K-100492;19.03.2026;19.03.2027;8387.33;;Otomobil;Ege
K-100493;17.05.2026;17.05.2027;9723.23;;Otomobil;Ege
K-100494;08.01.2026;08.01.2027;9261.79;;Otomobil;İç Anadolu
K-100495;03.02.2025;03.02.2026;12681.69;;Otomobil;Marmara
K-100496;14.04.2024;14.04.2025;8848.19;;Otomobil;İç Anadolu
K-100497;30.09.2025;30.09.2026;18127.86;;Kamyon;Marmara
K-100498;10.02.2024;09.02.2025;13075.37;;Otomobil;Marmara
K-100499;30.04.2025;30.04.2026;11879.42;;Otomobil;Marmara
K-100500;08.10.2025;08.10.2026;11428.80;;Otomobil;Marmara
K-100501;12.01.2026;12.01.2027;8313.77;;Otomobil;İç Anadolu
K-100502;15.08.2024;15.08.2025;10150.55;;Otomobil;Ege
K-100503;27.07.2024;27.07.2025;7306.09;;Otomobil;İç Anadolu
K-100504;09.02.2024;08.02.2025;8699.27;;Otomobil;Ege
K-100505;09.02.2024;08.02.2025;11783.12;;Otomobil;Marmara
K-100506;07.06.2026;07.06.2027;9382.80;;Otomobil;İç Anadolu
K-100507;05.02.2024;04.02.2025;20335.77;;Kamyon;Marmara
K-100508;27.06.2024;27.06.2025;9796.09;;Otomobil;İç Anadolu
K-100509;25.01.2025;25.01.2026;17899.11;;Kamyon;Ege
K-100510;26.01.2026;26.01.2027;8330.38;;Otomobil;İç Anadolu
K-100511;28.05.2025;28.05.2026;12571.25;;Hafif Ticari;Marmara
K-100512;01.05.2025;01.05.2026;9430.32;;Otomobil;İç Anadolu
K-100513;27.01.2026;27.01.2027;9944.81;;Hafif Ticari;İç Anadolu
K-100514;26.12.2024;26.12.2025;12732.89;;Otomobil;Marmara
K-100515;25.03.2024;25.03.2025;9388.94;;Otomobil;İç Anadolu
K-100516;08.06.2026;08.06.2027;7778.30;;Otomobil;İç Anadolu
K-100517;19.07.2024;19.07.2025;10079.31;;Otomobil;Marmara
K-100518;30.01.2025;30.01.2026;9748.27;;Otomobil;Marmara
K-100519;31.05.2025;31.05.2026;9405.87;;Otomobil;Ege
K-100520;29.02.2024;28.02.2025;12372.03;;Otomobil;Marmara
K-100521;13.02.2024;12.02.2025;8645.64;;Otomobil;İç Anadolu
K-100522;19.09.2024;19.09.2025;17536.29;;Kamyon;Marmara
K-100523;26.02.2024;25.02.2025;9797.30;;Otomobil;Ege
K-100524;31.10.2024;31.10.2025;8640.43;;Hafif Ticari;İç Anadolu
K-100525;02.08.2025;02.08.2026;12551.11;;Hafif Ticari;Ege
K-100526;16.03.2025;16.03.2026;10059.04;;Otomobil;Ege
K-100527;14.03.2024;14.03.2025;10738.75;;Hafif Ticari;İç Anadolu
K-100528;31.10.2024;31.10.2025;12058.01;;Otomobil;Marmara
K-100529;13.04.2026;13.04.2027;11179.54;;Otomobil;Marmara
K-100530;10.07.2024;10.07.2025;9039.30;;Otomobil;İç Anadolu
K-100531;03.02.2026;03.02.2027;9210.42;;Otomobil;İç Anadolu
K-100532;04.08.2024;04.08.2025;8249.49;;Otomobil;İç Anadolu
K-100533;30.01.2026;30.01.2027;9726.24;;Otomobil;Ege
K-100534;27.02.2025;27.02.2026;17670.14;;Kamyon;Marmara
K-100535;03.05.2024;03.05.2025;11187.03;;Otomobil;Marmara
K-100536;01.06.2024;01.06.2025;9411.97;;Otomobil;İç Anadolu
K-100537;01.02.2025;01.02.2026;9808.46;;Otomobil;Marmara
K-100538;06.12.2024;06.12.2025;7615.97;;Otomobil;İç Anadolu
K-100539;25.01.2024;24.01.2025;15373.20;;Kamyon;İç Anadolu
K-100540;30.08.2024;30.08.2025;11814.79;;Otomobil;Marmara
K-100541;23.01.2025;23.01.2026;12685.48;;Otomobil;Marmara
K-100542;09.04.2024;09.04.2025;9831.32;;Hafif Ticari;İç Anadolu
K-100543;19.02.2026;19.02.2027;8711.52;;Otomobil;Ege
K-100544;27.10.2025;27.10.2026;12936.85;;Hafif Ticari;Marmara
K-100545;07.08.2025;07.08.2026;14122.88;;Kamyon;Ege
K-100546;16.11.2024;16.11.2025;9209.74;;Otomobil;Ege
K-100547;07.03.2024;07.03.2025;10584.71;;Hafif Ticari;Ege
K-100548;25.09.2024;25.09.2025;22245.48;;Kamyon;Marmara
K-100549;01.04.2026;01.04.2027;20859.56;;Kamyon;Marmara
K-100550;25.04.2024;25.04.2025;11570.95;;Hafif Ticari;Ege
K-100551;26.01.2026;26.01.2027;15466.88;05.08.2026;Kamyon;İç Anadolu
K-100552;17.03.2026;17.03.2027;10949.81;;Otomobil;Marmara
K-100553;03.10.2025;03.10.2026;12155.14;;Otomobil;Marmara
K-100554;10.09.2024;10.09.2025;10060.55;;Otomobil;Marmara
K-100555;15.06.2024;15.06.2025;8881.92;;Otomobil;Ege
K-100556;14.04.2024;14.04.2025;9690.80;21.09.2024;Otomobil;Marmara
K-100557;19.11.2025;19.11.2026;9131.30;;Otomobil;Ege
K-100558;14.09.2025;14.09.2026;10998.96;;Hafif Ticari;Ege
K-100559;19.06.2026;19.06.2027;8539.25;12.09.2026;Otomobil;İç Anadolu
K-100560;22.08.2025;22.08.2026;10865.02;;Hafif Ticari;İç Anadolu
K-100561;26.03.2026;26.03.2027;15716.56;;Kamyon;Ege
K-100562;25.03.2025;25.03.2026;11620.62;;Otomobil;Marmara
K-100563;23.01.2026;23.01.2027;8688.37;;Otomobil;İç Anadolu
K-100564;06.06.2025;06.06.2026;9952.26;;Hafif Ticari;Ege
K-100565;31.07.2024;31.07.2025;10126.61;;Otomobil;Ege
K-100566;22.09.2025;22.09.2026;13156.46;;Kamyon;İç Anadolu
K-100567;16.03.2026;16.03.2027;10116.67;29.06.2026;Otomobil;Ege
K-100568;02.02.2025;02.02.2026;9702.72;;Otomobil;Ege
K-100569;02.05.2024;02.05.2025;10674.30;;Otomobil;Marmara
K-100570;20.05.2026;20.05.2027;20333.55;;Kamyon;Marmara
K-100571;28.02.2025;28.02.2026;8136.69;;Otomobil;İç Anadolu
K-100572;26.02.2025;26.02.2026;11892.17;;Otomobil;Marmara
K-100573;28.09.2025;28.09.2026;9278.00;;Otomobil;Ege
K-100574;19.10.2025;19.10.2026;12472.85;;Hafif Ticari;Ege
K-100575;26.04.2024;26.04.2025;10054.28;;Otomobil;Marmara
K-100576;22.03.2025;22.03.2026;8395.37;;Otomobil;İç Anadolu
K-100577;13.09.2024;13.09.2025;10482.74;;Otomobil;Ege
K-100578;19.10.2024;19.10.2025;12649.51;;Otomobil;Marmara
K-100579;17.05.2026;17.05.2027;14596.56;;Hafif Ticari;Marmara
K-100580;15.03.2024;15.03.2025;13986.00;16.07.2024;Hafif Ticari;Marmara
K-100581;16.12.2025;16.12.2026;8794.06;;Otomobil;İç Anadolu
K-100582;07.03.2024;07.03.2025;15480.00;;Kamyon;İç Anadolu
K-100583;25.03.2024;25.03.2025;8196.90;;Otomobil;Ege
K-100584;18.12.2025;18.12.2026;10055.81;;Otomobil;Marmara
K-100585;03.02.2025;03.02.2026;9193.32;;Otomobil;Ege
K-100586;17.09.2025;17.09.2026;10618.61;;Otomobil;Ege
K-100587;30.11.2025;30.11.2026;10574.74;;Otomobil;Ege
K-100588;15.01.2025;15.01.2026;11493.95;;Otomobil;Marmara
K-100589;27.02.2025;27.02.2026;9049.39;;Otomobil;İç Anadolu
K-100590;08.06.2025;08.06.2026;8839.92;;Otomobil;Ege
K-100591;19.12.2024;19.12.2025;9019.16;;Otomobil;İç Anadolu
K-100592;26.09.2025;26.09.2026;15189.89;;Kamyon;İç Anadolu
K-100593;25.01.2024;24.01.2025;7705.50;;Otomobil;İç Anadolu
K-100594;10.04.2026;10.04.2027;8686.26;;Otomobil;Ege
K-100595;21.04.2024;21.04.2025;11752.52;;Otomobil;Marmara
K-100596;01.09.2025;01.09.2026;9850.89;;Hafif Ticari;Ege
K-100597;18.07.2025;18.07.2026;11181.07;;Hafif Ticari;İç Anadolu
K-100598;24.03.2025;24.03.2026;9239.09;;Otomobil;Ege
K-100599;29.05.2026;29.05.2027;8555.93;;Otomobil;Ege
K-100600;07.05.2026;07.05.2027;10762.49;;Otomobil;Marmara
K-100601;25.04.2024;25.04.2025;12865.58;;Otomobil;Marmara
K-100602;23.05.2024;23.05.2025;7962.45;;Otomobil;İç Anadolu
K-100603;24.11.2025;24.11.2026;10305.86;;Hafif Ticari;İç Anadolu
K-100604;28.06.2024;28.06.2025;12742.61;;Otomobil;Marmara
K-100605;04.09.2025;04.09.2026;8395.66;;Otomobil;İç Anadolu
K-100606;03.04.2024;03.04.2025;10101.15;;Otomobil;Ege
K-100607;25.06.2024;25.06.2025;10454.46;;Otomobil;Ege
K-100608;15.03.2024;15.03.2025;11768.81;;Otomobil;Marmara
K-100609;15.07.2024;15.07.2025;10675.89;;Otomobil;Ege
K-100610;23.04.2026;23.04.2027;21710.95;;Kamyon;Marmara
K-100611;22.06.2025;22.06.2026;9762.93;;Otomobil;Ege
K-100612;12.01.2024;11.01.2025;15069.61;;Kamyon;Ege
K-100613;18.09.2025;18.09.2026;8878.03;;Otomobil;İç Anadolu
K-100614;19.11.2024;19.11.2025;12060.50;;Otomobil;Marmara
K-100615;19.04.2026;19.04.2027;8611.54;;Hafif Ticari;İç Anadolu
K-100616;30.12.2025;30.12.2026;8111.27;;Otomobil;Ege
K-100617;23.01.2025;23.01.2026;8784.72;;Otomobil;İç Anadolu
K-100618;20.05.2024;20.05.2025;8371.15;;Otomobil;Ege
K-100619;26.03.2025;26.03.2026;13004.80;;Otomobil;Marmara
K-100620;14.03.2026;14.03.2027;12898.31;;Otomobil;Marmara
K-100621;21.05.2024;21.05.2025;9001.75;;Otomobil;Ege
K-100622;27.03.2025;27.03.2026;9791.08;;Hafif Ticari;İç Anadolu
K-100623;20.11.2024;20.11.2025;9596.36;;Otomobil;İç Anadolu
K-100624;24.07.2025;24.07.2026;9021.64;;Hafif Ticari;İç Anadolu
K-100625;04.05.2025;04.05.2026;8979.49;;Otomobil;İç Anadolu
K-100626;29.11.2024;29.11.2025;10133.71;;Otomobil;Ege
K-100627;24.02.2024;23.02.2025;12292.32;10.10.2024;Hafif Ticari;Ege
K-100628;01.12.2024;01.12.2025;8361.84;;Otomobil;İç Anadolu
K-100629;01.01.2024;31.12.2024;10608.50;;Otomobil;Ege
K-100630;03.05.2026;03.05.2027;9955.20;;Hafif Ticari;Ege
K-100631;06.06.2024;06.06.2025;13340.07;;Hafif Ticari;Marmara
K-100632;13.03.2025;13.03.2026;11045.52;;Hafif Ticari;Ege
K-100633;12.12.2025;12.12.2026;8525.01;;Otomobil;İç Anadolu
K-100634;30.08.2025;30.08.2026;8535.78;28.03.2026;Otomobil;Ege
K-100635;25.04.2024;25.04.2025;17550.64;;Kamyon;Ege
K-100636;16.06.2025;16.06.2026;21987.22;;Kamyon;Marmara
K-100637;17.12.2024;17.12.2025;10064.60;;Hafif Ticari;Ege
K-100638;28.03.2024;28.03.2025;10507.87;;Otomobil;Ege
K-100639;23.03.2025;23.03.2026;18302.81;;Kamyon;Ege
K-100640;23.12.2025;23.12.2026;12380.11;;Hafif Ticari;Marmara
K-100641;30.03.2025;30.03.2026;10329.81;;Otomobil;Ege
K-100642;02.12.2024;02.12.2025;8098.15;;Otomobil;İç Anadolu
K-100643;23.05.2025;23.05.2026;10599.02;;Otomobil;Ege
K-100644;12.07.2024;12.07.2025;10752.64;;Hafif Ticari;Ege
K-100645;08.04.2026;08.04.2027;11124.75;;Otomobil;Marmara
K-100646;16.10.2024;16.10.2025;8980.61;;Otomobil;Ege
K-100647;28.02.2025;28.02.2026;12933.18;;Hafif Ticari;Marmara
K-100648;30.03.2024;30.03.2025;9448.46;;Otomobil;Ege
K-100649;03.05.2026;03.05.2027;8756.95;;Otomobil;Ege
K-100650;22.07.2025;22.07.2026;7585.16;;Otomobil;İç Anadolu
K-100651;30.10.2025;30.10.2026;9858.77;;Otomobil;Ege
K-100652;26.05.2025;26.05.2026;9595.17;;Otomobil;Ege
K-100653;19.04.2026;19.04.2027;8149.05;;Otomobil;Ege
K-100654;13.01.2026;13.01.2027;9298.71;;Hafif Ticari;İç Anadolu
K-100655;27.01.2026;27.01.2027;12322.44;;Otomobil;Marmara
K-100656;23.02.2025;23.02.2026;10286.90;;Hafif Ticari;Ege
K-100657;03.04.2024;03.04.2025;8394.22;;Otomobil;Ege
K-100658;08.05.2024;08.05.2025;10313.78;12.10.2024;Otomobil;Ege
K-100659;26.03.2026;26.03.2027;11357.05;;Hafif Ticari;Ege
K-100660;07.04.2025;07.04.2026;9365.69;;Otomobil;Ege
K-100661;06.10.2025;06.10.2026;9174.43;;Otomobil;İç Anadolu
K-100662;01.05.2024;01.05.2025;8808.44;;Otomobil;İç Anadolu
K-100663;23.02.2025;23.02.2026;10201.65;;Otomobil;Ege
K-100664;18.01.2025;18.01.2026;10146.96;;Otomobil;Marmara
K-100665;12.02.2026;12.02.2027;10067.26;;Otomobil;Ege
K-100666;28.06.2024;28.06.2025;8335.85;;Otomobil;İç Anadolu
K-100667;26.12.2025;26.12.2026;9223.50;;Otomobil;Ege
K-100668;31.08.2024;31.08.2025;9153.72;20.06.2025;Otomobil;Ege
K-100669;13.01.2024;12.01.2025;10294.20;;Hafif Ticari;İç Anadolu
K-100670;17.12.2024;17.12.2025;12737.65;;Kamyon;İç Anadolu
K-100671;05.05.2025;05.05.2026;12457.67;;Otomobil;Marmara
K-100672;21.04.2025;21.04.2026;7537.42;;Otomobil;İç Anadolu
K-100673;25.05.2026;25.05.2027;11543.43;;Otomobil;Marmara
K-100674;29.05.2025;29.05.2026;14166.18;;Hafif Ticari;Marmara
K-100675;02.06.2025;02.06.2026;7821.93;;Otomobil;İç Anadolu
K-100676;14.01.2026;14.01.2027;8810.56;;Otomobil;İç Anadolu
K-100677;15.03.2024;15.03.2025;11459.56;;Hafif Ticari;Marmara
K-100678;10.04.2024;10.04.2025;12934.33;;Otomobil;Marmara
K-100679;11.04.2025;11.04.2026;16546.99;;Kamyon;Ege
K-100680;05.04.2025;05.04.2026;8449.41;24.08.2025;Hafif Ticari;İç Anadolu
K-100681;30.04.2026;30.04.2027;18537.44;;Kamyon;Ege
K-100682;02.05.2025;02.05.2026;8039.75;;Otomobil;İç Anadolu
K-100683;28.06.2024;28.06.2025;9859.24;;Otomobil;Marmara
K-100684;25.06.2026;25.06.2027;9246.88;;Otomobil;Ege
K-100685;22.04.2024;22.04.2025;9924.93;;Hafif Ticari;Ege
K-100686;04.10.2024;04.10.2025;8570.17;;Otomobil;İç Anadolu
K-100687;14.10.2024;14.10.2025;9429.99;;Otomobil;Ege
K-100688;19.07.2024;19.07.2025;8843.23;;Otomobil;İç Anadolu
K-100689;08.10.2025;08.10.2026;10122.63;;Otomobil;Marmara
K-100690;27.09.2024;27.09.2025;8886.26;;Otomobil;Ege
K-100691;25.03.2024;25.03.2025;14567.51;;Hafif Ticari;Marmara
K-100692;30.01.2024;29.01.2025;9855.21;;Otomobil;Marmara
K-100693;04.04.2024;04.04.2025;9575.74;;Otomobil;İç Anadolu
K-100694;22.04.2026;22.04.2027;12986.95;;Otomobil;Marmara
K-100695;19.08.2025;19.08.2026;9503.53;;Otomobil;Ege
K-100696;24.04.2024;24.04.2025;11046.83;22.06.2024;Otomobil;Marmara
K-100697;16.01.2025;16.01.2026;9200.99;;Otomobil;Ege
K-100698;04.07.2025;04.07.2026;20990.19;;Kamyon;Marmara
K-100699;26.02.2026;26.02.2027;12862.18;;Otomobil;Marmara
K-100700;21.02.2024;20.02.2025;9779.52;;Otomobil;Ege
K-100701;22.08.2025;22.08.2026;10792.54;;Otomobil;Marmara
K-100702;11.04.2024;11.04.2025;8252.70;;Otomobil;Ege
K-100703;14.03.2025;14.03.2026;9661.94;;Otomobil;İç Anadolu
K-100704;02.03.2024;02.03.2025;9339.86;;Otomobil;Ege
K-100705;21.06.2024;21.06.2025;11495.00;;Otomobil;Marmara
K-100706;25.01.2026;25.01.2027;12835.72;;Otomobil;Marmara
K-100707;21.07.2024;21.07.2025;10010.40;;Hafif Ticari;İç Anadolu
K-100708;04.02.2024;03.02.2025;8062.27;;Otomobil;İç Anadolu
K-100709;15.10.2024;15.10.2025;8474.95;;Otomobil;Ege
K-100710;17.01.2026;17.01.2027;10856.55;;Hafif Ticari;Ege
K-100711;31.01.2026;31.01.2027;10377.35;;Otomobil;Marmara
K-100712;18.10.2024;18.10.2025;18176.42;;Kamyon;Marmara
K-100713;01.06.2024;01.06.2025;16927.42;;Kamyon;İç Anadolu
K-100714;03.08.2025;03.08.2026;10591.44;;Otomobil;Marmara
K-100715;11.06.2026;11.06.2027;9709.10;;Otomobil;Ege
K-100716;13.01.2024;12.01.2025;8734.82;;Otomobil;İç Anadolu
K-100717;02.06.2025;02.06.2026;8981.06;;Otomobil;İç Anadolu
K-100718;31.10.2025;31.10.2026;8484.87;;Otomobil;İç Anadolu
K-100719;12.02.2026;12.02.2027;11730.53;;Otomobil;Marmara
K-100720;07.07.2025;07.07.2026;7934.35;;Otomobil;İç Anadolu
K-100721;31.10.2025;31.10.2026;9776.46;09.06.2026;Otomobil;Ege
K-100722;16.01.2024;15.01.2025;10891.84;;Otomobil;Marmara
K-100723;03.01.2025;03.01.2026;12931.75;;Hafif Ticari;Marmara
K-100724;03.04.2026;03.04.2027;11891.86;;Hafif Ticari;Ege
K-100725;22.11.2024;22.11.2025;16312.96;;Kamyon;İç Anadolu
K-100726;04.02.2025;04.02.2026;9593.69;;Otomobil;Ege
K-100727;21.06.2024;21.06.2025;8643.84;;Otomobil;İç Anadolu
K-100728;06.06.2025;06.06.2026;8791.95;;Otomobil;İç Anadolu
K-100729;27.01.2025;27.01.2026;7543.50;;Otomobil;İç Anadolu
K-100730;26.07.2024;26.07.2025;10190.60;;Otomobil;Ege
K-100731;05.06.2024;05.06.2025;8167.87;;Otomobil;İç Anadolu
K-100732;04.10.2025;04.10.2026;10786.62;;Hafif Ticari;İç Anadolu
K-100733;27.02.2024;26.02.2025;7315.33;;Otomobil;İç Anadolu
K-100734;10.09.2024;10.09.2025;10256.33;;Otomobil;Ege
K-100735;09.01.2026;09.01.2027;13030.59;;Otomobil;Marmara
K-100736;24.11.2024;24.11.2025;10446.48;;Otomobil;Marmara
K-100737;28.02.2025;28.02.2026;10527.72;;Hafif Ticari;Ege
K-100738;26.06.2024;26.06.2025;10762.27;;Hafif Ticari;Ege
K-100739;14.04.2024;14.04.2025;10752.82;;Hafif Ticari;Ege
K-100740;17.12.2024;17.12.2025;10094.79;;Otomobil;Marmara
K-100741;28.09.2025;28.09.2026;8208.23;;Otomobil;İç Anadolu
K-100742;17.10.2025;17.10.2026;11434.76;;Otomobil;Marmara
K-100743;28.08.2024;28.08.2025;9759.88;;Otomobil;İç Anadolu
K-100744;31.12.2024;31.12.2025;9492.37;;Otomobil;Ege
K-100745;03.02.2026;03.02.2027;9423.99;;Otomobil;Ege
K-100746;06.10.2025;06.10.2026;7897.54;;Otomobil;İç Anadolu
K-100747;25.09.2025;25.09.2026;9555.64;;Otomobil;İç Anadolu
K-100748;07.08.2025;07.08.2026;10479.00;;Otomobil;Marmara
K-100749;15.11.2025;15.11.2026;11930.76;;Otomobil;Marmara
K-100750;01.02.2026;01.02.2027;10461.81;;Otomobil;Ege
K-100751;09.02.2024;08.02.2025;9759.10;;Otomobil;İç Anadolu
K-100752;13.03.2024;13.03.2025;17597.79;;Kamyon;Ege
K-100753;14.12.2025;14.12.2026;8761.89;;Otomobil;İç Anadolu
K-100754;20.02.2026;20.02.2027;9391.25;;Hafif Ticari;Ege
K-100755;31.07.2025;31.07.2026;14651.63;;Kamyon;İç Anadolu
K-100756;18.06.2026;18.06.2027;12036.96;;Otomobil;Marmara
K-100757;16.11.2025;16.11.2026;11032.75;;Otomobil;Marmara
K-100758;27.10.2025;27.10.2026;8797.38;;Otomobil;İç Anadolu
K-100759;15.05.2026;15.05.2027;17692.16;;Kamyon;Ege
K-100760;04.08.2024;04.08.2025;9268.68;;Hafif Ticari;İç Anadolu
K-100761;20.07.2024;20.07.2025;10795.18;18.02.2025;Otomobil;Ege
K-100762;10.04.2025;10.04.2026;16721.40;;Kamyon;İç Anadolu
K-100763;09.11.2025;09.11.2026;7332.92;;Otomobil;İç Anadolu
K-100764;02.09.2024;02.09.2025;13237.58;;Hafif Ticari;Marmara
K-100765;04.11.2025;04.11.2026;8821.76;;Hafif Ticari;İç Anadolu
K-100766;14.06.2026;14.06.2027;11034.91;;Otomobil;Marmara
K-100767;19.08.2024;19.08.2025;8685.37;;Otomobil;Ege
K-100768;08.05.2025;08.05.2026;12612.58;;Hafif Ticari;Ege
K-100769;22.02.2026;22.02.2027;10317.50;;Otomobil;Ege
K-100770;26.04.2024;26.04.2025;12510.11;;Hafif Ticari;Ege
K-100771;15.05.2024;15.05.2025;9218.14;;Otomobil;Ege
K-100772;08.06.2025;08.06.2026;14682.39;;Kamyon;Ege
K-100773;30.10.2024;30.10.2025;11732.58;21.06.2025;Otomobil;Marmara
K-100774;31.10.2025;31.10.2026;11682.73;;Otomobil;Marmara
K-100775;12.05.2024;12.05.2025;12666.27;;Otomobil;Marmara
K-100776;07.10.2025;07.10.2026;7688.21;;Otomobil;İç Anadolu
K-100777;01.03.2025;01.03.2026;8404.74;;Otomobil;Ege
K-100778;20.05.2025;20.05.2026;8952.33;;Otomobil;İç Anadolu
K-100779;06.01.2025;06.01.2026;12186.63;;Otomobil;Marmara
K-100780;03.05.2024;03.05.2025;12804.92;;Kamyon;İç Anadolu
K-100781;06.11.2025;06.11.2026;12553.63;;Hafif Ticari;Marmara
K-100782;17.05.2026;17.05.2027;17475.51;;Kamyon;Marmara
K-100783;30.10.2025;30.10.2026;15822.80;;Kamyon;Ege
K-100784;27.10.2024;27.10.2025;9641.32;;Otomobil;İç Anadolu
K-100785;29.01.2025;29.01.2026;7737.86;;Otomobil;İç Anadolu
K-100786;15.07.2025;15.07.2026;9396.01;;Otomobil;İç Anadolu
K-100787;01.07.2024;01.07.2025;16583.28;;Kamyon;Ege
K-100788;18.04.2024;18.04.2025;9954.27;;Otomobil;Marmara
K-100789;14.08.2024;14.08.2025;10663.11;;Hafif Ticari;Ege
K-100790;30.12.2024;30.12.2025;17930.47;;Kamyon;Marmara
K-100791;08.11.2024;08.11.2025;7920.87;;Otomobil;İç Anadolu
K-100792;25.01.2026;25.01.2027;9410.82;;Otomobil;Ege
K-100793;09.08.2024;09.08.2025;18213.94;;Kamyon;Ege
K-100794;27.02.2024;26.02.2025;9500.96;;Otomobil;İç Anadolu
K-100795;13.05.2024;13.05.2025;9557.89;;Otomobil;İç Anadolu
K-100796;03.03.2026;03.03.2027;10147.18;;Hafif Ticari;Ege
K-100797;14.10.2025;14.10.2026;10776.51;;Otomobil;Marmara
K-100798;23.08.2024;23.08.2025;11596.93;;Hafif Ticari;Ege
K-100799;17.03.2026;17.03.2027;8009.87;;Otomobil;İç Anadolu
K-100800;13.03.2025;13.03.2026;7736.50;;Otomobil;İç Anadolu
K-100801;25.04.2025;25.04.2026;7565.10;;Otomobil;İç Anadolu
K-100802;05.04.2026;05.04.2027;11070.58;;Hafif Ticari;İç Anadolu
K-100803;12.07.2025;12.07.2026;10886.88;;Otomobil;Ege
K-100804;02.08.2024;02.08.2025;7378.52;;Otomobil;İç Anadolu
K-100805;17.07.2025;17.07.2026;8573.00;;Hafif Ticari;İç Anadolu
K-100806;15.04.2024;15.04.2025;14343.52;;Kamyon;İç Anadolu
K-100807;12.02.2026;12.02.2027;10345.35;;Otomobil;Ege
K-100808;09.03.2025;09.03.2026;15947.58;;Kamyon;Ege
K-100809;08.10.2025;08.10.2026;8845.98;;Otomobil;Ege
K-100810;08.12.2024;08.12.2025;11394.81;;Otomobil;Marmara
K-100811;20.04.2025;20.04.2026;7623.53;;Otomobil;İç Anadolu
K-100812;19.04.2025;19.04.2026;9534.95;;Otomobil;Ege
K-100813;07.02.2024;06.02.2025;9793.48;;Otomobil;Ege
K-100814;16.05.2025;16.05.2026;9915.24;;Hafif Ticari;Ege
K-100815;19.03.2026;19.03.2027;8773.95;;Hafif Ticari;İç Anadolu
K-100816;19.01.2026;19.01.2027;18302.35;29.08.2026;Kamyon;Ege
K-100817;06.08.2024;06.08.2025;9165.28;;Otomobil;Ege
K-100818;15.09.2025;15.09.2026;10255.48;;Otomobil;Ege
K-100819;27.02.2026;27.02.2027;9827.11;;Otomobil;Marmara
K-100820;12.07.2025;12.07.2026;8659.51;;Otomobil;İç Anadolu
K-100821;21.12.2024;21.12.2025;9476.59;;Hafif Ticari;İç Anadolu
K-100822;29.11.2024;29.11.2025;9047.00;;Hafif Ticari;İç Anadolu
K-100823;30.07.2024;30.07.2025;12790.77;;Otomobil;Marmara
K-100824;26.04.2024;26.04.2025;10118.13;;Otomobil;Marmara
K-100825;24.02.2024;23.02.2025;13451.82;;Hafif Ticari;Marmara
K-100826;06.07.2025;06.07.2026;12045.40;;Hafif Ticari;Ege
K-100827;01.02.2026;01.02.2027;10627.22;;Otomobil;Marmara
K-100828;24.08.2025;24.08.2026;8441.82;;Otomobil;Ege
K-100829;15.03.2024;15.03.2025;9824.50;;Otomobil;Ege
K-100830;10.09.2024;10.09.2025;9801.45;;Otomobil;İç Anadolu
K-100831;18.02.2026;18.02.2027;9989.44;;Otomobil;Ege
K-100832;30.10.2025;30.10.2026;8042.11;;Otomobil;İç Anadolu
K-100833;31.05.2025;31.05.2026;8254.01;;Otomobil;Ege
K-100834;03.04.2026;03.04.2027;9753.76;;Otomobil;Ege
K-100835;20.06.2026;20.06.2027;8253.58;;Otomobil;İç Anadolu
K-100836;04.08.2025;04.08.2026;11858.03;;Hafif Ticari;Marmara
K-100837;06.03.2025;06.03.2026;14600.29;;Kamyon;Ege
K-100838;24.05.2026;24.05.2027;10846.32;;Otomobil;Ege
K-100839;21.03.2024;21.03.2025;18078.20;;Kamyon;Ege
K-100840;16.05.2026;16.05.2027;11943.23;;Hafif Ticari;Ege
K-100841;05.06.2026;05.06.2027;9757.44;;Hafif Ticari;Ege
K-100842;01.06.2026;01.06.2027;7550.09;;Otomobil;İç Anadolu
K-100843;10.05.2025;10.05.2026;10150.70;;Otomobil;Ege
K-100844;05.09.2024;05.09.2025;9051.03;;Otomobil;Ege
K-100845;31.07.2024;31.07.2025;9155.48;;Otomobil;Ege
K-100846;27.02.2025;27.02.2026;9798.11;;Otomobil;Ege
K-100847;16.05.2026;16.05.2027;10457.80;;Otomobil;Ege
K-100848;05.08.2024;05.08.2025;10761.50;;Otomobil;Marmara
K-100849;18.06.2026;18.06.2027;8388.69;;Otomobil;Ege
K-100850;16.01.2025;16.01.2026;11064.92;;Hafif Ticari;İç Anadolu
K-100851;16.05.2026;16.05.2027;12334.37;;Otomobil;Marmara
K-100852;01.05.2025;01.05.2026;8348.88;;Otomobil;İç Anadolu
K-100853;28.07.2025;28.07.2026;8298.02;;Otomobil;Ege
K-100854;10.12.2024;10.12.2025;11797.71;;Hafif Ticari;Ege
K-100855;07.03.2026;07.03.2027;11286.25;;Otomobil;Marmara
K-100856;13.02.2026;13.02.2027;12367.43;;Hafif Ticari;Marmara
K-100857;19.04.2024;19.04.2025;9342.56;;Otomobil;İç Anadolu
K-100858;25.04.2024;25.04.2025;8495.69;22.10.2024;Otomobil;İç Anadolu
K-100859;09.04.2026;09.04.2027;11853.18;;Otomobil;Marmara
K-100860;27.07.2024;27.07.2025;8062.04;;Otomobil;İç Anadolu
K-100861;27.07.2025;27.07.2026;9897.24;;Otomobil;Marmara
K-100862;23.02.2025;23.02.2026;13380.10;;Kamyon;İç Anadolu
K-100863;17.02.2025;17.02.2026;9122.43;;Otomobil;Ege
K-100864;16.07.2024;16.07.2025;7732.05;;Otomobil;İç Anadolu
K-100865;07.04.2026;07.04.2027;10117.48;;Otomobil;Ege
K-100866;30.06.2025;30.06.2026;9257.36;;Otomobil;İç Anadolu
K-100867;20.04.2026;20.04.2027;16908.65;;Kamyon;İç Anadolu
K-100868;18.08.2025;18.08.2026;12593.71;;Otomobil;Marmara
K-100869;16.05.2026;16.05.2027;12662.67;;Otomobil;Marmara
K-100870;03.09.2025;03.09.2026;11977.79;;Hafif Ticari;Marmara
K-100871;10.12.2024;10.12.2025;9698.44;13.09.2025;Hafif Ticari;Ege
K-100872;06.09.2025;06.09.2026;11332.62;;Otomobil;Marmara
K-100873;16.01.2026;16.01.2027;7833.27;;Otomobil;İç Anadolu
K-100874;21.06.2025;21.06.2026;9034.90;;Otomobil;Ege
K-100875;03.04.2024;03.04.2025;10213.66;;Hafif Ticari;İç Anadolu
K-100876;27.09.2024;27.09.2025;8101.54;;Otomobil;İç Anadolu
K-100877;25.01.2025;25.01.2026;8863.12;;Otomobil;Ege
K-100878;09.02.2024;08.02.2025;10325.39;;Otomobil;Ege
K-100879;17.09.2025;17.09.2026;14891.67;;Kamyon;Ege
K-100880;27.02.2026;27.02.2027;11670.83;;Hafif Ticari;Ege
K-100881;23.04.2026;23.04.2027;8529.64;;Otomobil;Ege
K-100882;02.11.2024;02.11.2025;9536.18;;Hafif Ticari;İç Anadolu
K-100883;28.12.2024;28.12.2025;9384.13;;Otomobil;Ege
K-100884;21.10.2025;21.10.2026;10998.36;;Otomobil;Marmara
K-100885;14.10.2025;14.10.2026;9690.20;;Otomobil;Ege
K-100886;18.01.2025;18.01.2026;9668.46;;Otomobil;İç Anadolu
K-100887;30.04.2026;30.04.2027;10313.68;;Otomobil;Marmara
K-100888;11.12.2025;11.12.2026;8184.88;;Otomobil;Ege
K-100889;07.05.2026;07.05.2027;11428.76;;Otomobil;Marmara
K-100890;19.02.2026;19.02.2027;17667.53;;Kamyon;Ege
K-100891;15.03.2026;15.03.2027;11735.51;;Hafif Ticari;Marmara
K-100892;26.03.2024;26.03.2025;9522.58;;Otomobil;Ege
K-100893;28.11.2024;28.11.2025;10529.18;;Otomobil;Ege
K-100894;20.06.2025;20.06.2026;9556.90;;Otomobil;İç Anadolu
K-100895;12.05.2024;12.05.2025;11158.46;;Otomobil;Marmara
K-100896;02.07.2025;02.07.2026;8333.08;;Otomobil;Ege
K-100897;01.12.2024;01.12.2025;10388.66;;Otomobil;Marmara
K-100898;27.02.2024;26.02.2025;8981.70;;Otomobil;İç Anadolu
K-100899;15.05.2026;15.05.2027;10834.18;;Otomobil;Ege
K-100900;25.07.2025;25.07.2026;11964.53;;Otomobil;Marmara
K-100901;12.10.2025;12.10.2026;12197.09;;Hafif Ticari;Marmara
K-100902;15.02.2024;14.02.2025;10498.15;;Otomobil;Ege
K-100903;24.11.2025;24.11.2026;10965.53;;Otomobil;Marmara
K-100904;09.01.2025;09.01.2026;11467.30;;Hafif Ticari;Ege
K-100905;08.01.2024;07.01.2025;7375.30;;Otomobil;İç Anadolu
K-100906;09.04.2025;09.04.2026;10577.14;;Otomobil;Ege
K-100907;06.07.2024;06.07.2025;10984.36;;Otomobil;Marmara
K-100908;03.11.2025;03.11.2026;10748.55;;Otomobil;Ege
K-100909;18.02.2026;18.02.2027;8171.14;23.06.2026;Otomobil;İç Anadolu
K-100910;03.11.2024;03.11.2025;13156.62;;Hafif Ticari;Marmara
K-100911;24.03.2026;24.03.2027;10221.88;;Hafif Ticari;Ege
K-100912;29.11.2025;29.11.2026;12841.07;;Otomobil;Marmara
K-100913;06.05.2024;06.05.2025;7344.25;;Otomobil;İç Anadolu
K-100914;23.09.2024;23.09.2025;12882.27;;Otomobil;Marmara
K-100915;06.12.2025;06.12.2026;8443.11;;Otomobil;İç Anadolu
K-100916;13.10.2025;13.10.2026;14898.13;;Kamyon;Ege
K-100917;14.05.2026;14.05.2027;12744.33;;Otomobil;Marmara
K-100918;22.12.2025;22.12.2026;7963.89;;Otomobil;İç Anadolu
K-100919;05.06.2026;05.06.2027;9263.72;;Otomobil;İç Anadolu
K-100920;15.03.2025;15.03.2026;11627.55;;Otomobil;Marmara
K-100921;11.07.2025;11.07.2026;11808.31;;Hafif Ticari;Marmara
K-100922;03.08.2025;03.08.2026;11300.12;;Hafif Ticari;Ege
K-100923;05.04.2026;05.04.2027;10455.98;;Otomobil;Ege
K-100924;01.11.2024;01.11.2025;9832.10;;Hafif Ticari;İç Anadolu
K-100925;26.01.2024;25.01.2025;11806.50;11.04.2024;Hafif Ticari;Marmara
K-100926;29.04.2025;29.04.2026;8396.72;;Otomobil;İç Anadolu
K-100927;22.01.2026;22.01.2027;10051.57;;Otomobil;Ege
K-100928;15.01.2024;14.01.2025;9562.66;;Hafif Ticari;İç Anadolu
K-100929;27.03.2025;27.03.2026;12380.19;;Otomobil;Marmara
K-100930;26.10.2024;26.10.2025;11816.98;;Otomobil;Marmara
K-100931;06.02.2024;05.02.2025;9425.40;;Otomobil;Ege
K-100932;21.11.2025;21.11.2026;9338.63;;Otomobil;İç Anadolu
K-100933;24.02.2025;24.02.2026;10550.29;;Otomobil;Ege
K-100934;13.04.2024;13.04.2025;13017.70;;Otomobil;Marmara
K-100935;18.03.2024;18.03.2025;13773.41;;Hafif Ticari;Marmara
K-100936;03.06.2024;03.06.2025;11930.92;;Hafif Ticari;Marmara
K-100937;07.10.2025;07.10.2026;8710.90;;Otomobil;Ege
K-100938;08.03.2026;08.03.2027;9935.16;;Hafif Ticari;İç Anadolu
K-100939;06.09.2025;06.09.2026;12667.29;;Hafif Ticari;Marmara
K-100940;25.06.2024;25.06.2025;15014.86;;Kamyon;Ege
K-100941;29.05.2024;29.05.2025;8560.81;;Hafif Ticari;İç Anadolu
K-100942;30.03.2025;30.03.2026;8087.98;;Otomobil;İç Anadolu
K-100943;10.07.2025;10.07.2026;10646.86;;Otomobil;Ege
K-100944;09.04.2026;09.04.2027;10994.17;;Otomobil;Marmara
K-100945;09.07.2025;09.07.2026;8527.29;;Otomobil;İç Anadolu
K-100946;15.11.2024;15.11.2025;9391.35;;Otomobil;İç Anadolu
K-100947;27.10.2024;27.10.2025;12666.05;;Hafif Ticari;Marmara
K-100948;05.05.2026;05.05.2027;21902.01;;Kamyon;Marmara
K-100949;26.09.2025;26.09.2026;16885.15;;Kamyon;İç Anadolu
K-100950;22.02.2024;21.02.2025;11935.94;;Otomobil;Marmara
K-100951;17.11.2025;17.11.2026;10458.02;;Otomobil;Ege
K-100952;31.10.2024;31.10.2025;21699.59;;Kamyon;Marmara
K-100953;05.07.2025;05.07.2026;11437.74;;Hafif Ticari;Ege
K-100954;22.10.2024;22.10.2025;9105.22;;Otomobil;İç Anadolu
K-100955;08.07.2024;08.07.2025;12156.23;;Otomobil;Marmara
K-100956;14.12.2024;14.12.2025;9671.60;;Otomobil;İç Anadolu
K-100957;03.09.2024;03.09.2025;9834.71;;Otomobil;Ege
K-100958;13.08.2024;13.08.2025;9540.36;;Hafif Ticari;İç Anadolu
K-100959;22.09.2025;22.09.2026;12629.90;;Hafif Ticari;Marmara
K-100960;12.06.2024;12.06.2025;8605.43;;Otomobil;İç Anadolu
K-100961;21.04.2026;21.04.2027;8939.38;06.08.2026;Otomobil;Ege
K-100962;18.11.2024;18.11.2025;8546.30;11.03.2025;Otomobil;Ege
K-100963;07.05.2026;07.05.2027;11570.84;;Hafif Ticari;Ege
K-100964;05.08.2025;05.08.2026;11070.69;;Hafif Ticari;İç Anadolu
K-100965;02.11.2025;02.11.2026;8673.87;;Otomobil;Ege
K-100966;21.04.2024;21.04.2025;8921.14;;Hafif Ticari;İç Anadolu
K-100967;26.01.2024;25.01.2025;9799.20;;Otomobil;Ege
K-100968;11.07.2024;11.07.2025;9576.44;;Otomobil;Ege
K-100969;21.12.2025;21.12.2026;9503.49;;Hafif Ticari;Ege
K-100970;03.02.2024;02.02.2025;11934.94;;Otomobil;Marmara
K-100971;18.03.2025;18.03.2026;8008.80;;Otomobil;İç Anadolu
K-100972;21.06.2025;21.06.2026;10851.77;;Otomobil;Marmara
K-100973;20.07.2024;20.07.2025;12658.21;;Otomobil;Marmara
K-100974;31.05.2024;31.05.2025;7656.74;;Otomobil;İç Anadolu
K-100975;02.02.2026;02.02.2027;11507.06;;Otomobil;Marmara
K-100976;07.04.2025;07.04.2026;9616.27;;Otomobil;İç Anadolu
K-100977;27.11.2025;27.11.2026;12119.49;;Otomobil;Marmara
K-100978;18.04.2024;18.04.2025;8781.91;;Otomobil;Ege
K-100979;29.09.2025;29.09.2026;12345.53;;Otomobil;Marmara
K-100980;05.02.2026;05.02.2027;8480.46;;Otomobil;İç Anadolu
K-100981;02.08.2024;02.08.2025;12231.87;;Otomobil;Marmara
K-100982;10.11.2025;10.11.2026;9321.26;;Otomobil;İç Anadolu
K-100983;07.10.2025;07.10.2026;8383.85;;Otomobil;Ege
K-100984;16.01.2026;16.01.2027;8448.41;;Hafif Ticari;İç Anadolu
K-100985;06.07.2024;06.07.2025;11217.75;;Hafif Ticari;İç Anadolu
K-100986;12.01.2025;12.01.2026;14437.96;;Hafif Ticari;Marmara
K-100987;27.07.2024;27.07.2025;9948.45;;Hafif Ticari;İç Anadolu
K-100988;22.07.2024;22.07.2025;10298.31;;Otomobil;Marmara
K-100989;19.05.2026;19.05.2027;10347.75;;Hafif Ticari;İç Anadolu
K-100990;27.01.2025;27.01.2026;10360.66;;Hafif Ticari;İç Anadolu
K-100991;31.03.2026;31.03.2027;12930.91;;Otomobil;Marmara
K-100992;18.09.2025;18.09.2026;8585.37;;Hafif Ticari;İç Anadolu
K-100993;25.08.2024;25.08.2025;9692.19;;Otomobil;İç Anadolu
K-100994;17.04.2025;17.04.2026;9029.78;;Otomobil;İç Anadolu
K-100995;28.02.2024;27.02.2025;7777.63;;Otomobil;İç Anadolu
K-100996;23.02.2026;23.02.2027;8611.88;;Otomobil;İç Anadolu
K-100997;18.08.2024;18.08.2025;9177.72;;Otomobil;İç Anadolu
K-100998;10.09.2024;10.09.2025;12740.86;;Hafif Ticari;Marmara
K-100999;05.06.2025;05.06.2026;12639.18;;Otomobil;Marmara
K-101000;20.02.2025;20.02.2026;8286.91;;Otomobil;Ege
K-101001;05.01.2024;04.01.2025;14136.75;;Hafif Ticari;Marmara
K-101002;30.10.2024;30.10.2025;7915.96;;Otomobil;İç Anadolu
K-101003;25.04.2024;25.04.2025;9091.36;;Otomobil;Ege
K-101004;16.02.2025;16.02.2026;10537.31;;Otomobil;Marmara
K-101005;29.05.2025;29.05.2026;18082.30;;Kamyon;Ege
K-101006;28.03.2026;28.03.2027;12669.24;;Otomobil;Marmara
K-101007;30.09.2024;30.09.2025;21298.69;;Kamyon;Marmara
K-101008;28.11.2024;28.11.2025;9978.03;;Otomobil;Marmara
K-101009;27.06.2024;27.06.2025;7394.98;;Otomobil;İç Anadolu
K-101010;30.08.2024;30.08.2025;10225.92;;Otomobil;Marmara
K-101011;03.04.2025;03.04.2026;9526.75;;Otomobil;Ege
K-101012;19.03.2025;19.03.2026;10360.17;;Hafif Ticari;İç Anadolu
K-101013;02.02.2024;01.02.2025;17471.06;;Kamyon;Marmara
K-101014;23.12.2025;23.12.2026;9601.19;;Otomobil;İç Anadolu
K-101015;18.05.2025;18.05.2026;7333.40;;Otomobil;İç Anadolu
K-101016;13.05.2026;13.05.2027;12330.62;;Otomobil;Marmara
K-101017;19.10.2024;19.10.2025;9132.43;;Otomobil;İç Anadolu
K-101018;12.04.2026;12.04.2027;7701.37;;Otomobil;İç Anadolu
K-101019;15.06.2026;15.06.2027;11546.05;;Otomobil;Marmara
K-101020;30.04.2024;30.04.2025;9064.95;;Otomobil;Ege
K-101021;12.05.2026;12.05.2027;8325.19;;Otomobil;İç Anadolu
K-101022;07.01.2026;07.01.2027;11353.54;;Hafif Ticari;İç Anadolu
K-101023;02.04.2024;02.04.2025;13840.22;;Hafif Ticari;Marmara
K-101024;27.12.2025;27.12.2026;11589.60;;Hafif Ticari;Ege
K-101025;12.08.2025;12.08.2026;17160.43;;Kamyon;Marmara
K-101026;07.06.2026;07.06.2027;8739.27;;Otomobil;İç Anadolu
K-101027;25.07.2025;25.07.2026;9188.24;;Otomobil;İç Anadolu
K-101028;07.07.2024;07.07.2025;9627.67;;Otomobil;Ege
K-101029;28.06.2024;28.06.2025;12519.19;;Otomobil;Marmara
K-101030;24.06.2025;24.06.2026;9495.17;;Otomobil;Ege
K-101031;29.10.2025;29.10.2026;15325.43;;Kamyon;İç Anadolu
K-101032;18.06.2025;18.06.2026;8753.17;;Otomobil;Ege
K-101033;21.01.2024;20.01.2025;15029.16;;Hafif Ticari;Marmara
K-101034;14.03.2025;14.03.2026;9877.13;;Otomobil;Marmara
K-101035;21.08.2024;21.08.2025;13033.04;;Otomobil;Marmara
K-101036;25.09.2024;25.09.2025;9842.06;;Otomobil;Marmara
K-101037;12.01.2026;12.01.2027;9972.87;;Otomobil;Marmara
K-101038;07.06.2024;07.06.2025;8405.70;;Otomobil;İç Anadolu
K-101039;25.05.2025;25.05.2026;22639.01;;Kamyon;Marmara
K-101040;07.03.2025;07.03.2026;14808.27;;Hafif Ticari;Marmara
K-101041;06.01.2025;06.01.2026;10420.46;;Otomobil;Ege
K-101042;21.02.2025;21.02.2026;12025.29;;Otomobil;Marmara
K-101043;08.05.2026;08.05.2027;8959.31;;Otomobil;İç Anadolu
K-101044;21.10.2024;21.10.2025;16081.91;;Kamyon;İç Anadolu
K-101045;31.05.2026;31.05.2027;15022.84;;Hafif Ticari;Marmara
K-101046;08.01.2025;08.01.2026;8487.84;;Otomobil;İç Anadolu
K-101047;17.09.2025;17.09.2026;11246.39;;Hafif Ticari;Ege
K-101048;02.05.2024;02.05.2025;11841.00;;Hafif Ticari;Ege
K-101049;17.12.2025;17.12.2026;15407.21;;Kamyon;Ege
K-101050;17.08.2025;17.08.2026;12856.35;15.05.2026;Otomobil;Marmara
K-101051;18.05.2025;18.05.2026;11472.50;;Otomobil;Marmara
K-101052;07.05.2025;07.05.2026;10471.81;;Otomobil;Ege
K-101053;10.09.2024;10.09.2025;9881.81;;Otomobil;Ege
K-101054;12.03.2024;12.03.2025;16483.61;;Kamyon;İç Anadolu
K-101055;28.07.2025;28.07.2026;12586.83;;Otomobil;Marmara
K-101056;27.10.2024;27.10.2025;10662.03;;Hafif Ticari;Ege
K-101057;28.06.2025;28.06.2026;10372.17;;Otomobil;Marmara
K-101058;26.05.2024;26.05.2025;9836.78;;Hafif Ticari;Ege
K-101059;20.06.2025;20.06.2026;17680.47;;Kamyon;Marmara
K-101060;12.09.2024;12.09.2025;10516.03;;Hafif Ticari;Ege
K-101061;26.04.2026;26.04.2027;11927.99;;Otomobil;Marmara
K-101062;04.01.2026;04.01.2027;8828.83;;Otomobil;Ege
K-101063;04.09.2025;04.09.2026;8728.61;;Otomobil;Ege
K-101064;19.02.2024;18.02.2025;7930.81;;Otomobil;İç Anadolu
K-101065;21.09.2025;21.09.2026;9025.47;;Hafif Ticari;İç Anadolu
K-101066;13.07.2025;13.07.2026;8587.36;;Otomobil;İç Anadolu
K-101067;29.04.2025;29.04.2026;9909.50;31.01.2026;Otomobil;Marmara
K-101068;22.08.2025;22.08.2026;8164.91;;Otomobil;Ege
K-101069;19.12.2025;19.12.2026;13718.75;;Kamyon;İç Anadolu
K-101070;21.07.2025;21.07.2026;8606.10;;Otomobil;Ege
K-101071;09.06.2025;09.06.2026;14647.33;;Kamyon;İç Anadolu
K-101072;02.06.2024;02.06.2025;9064.30;;Otomobil;Ege
K-101073;12.06.2025;12.06.2026;10140.04;;Otomobil;Marmara
K-101074;15.04.2024;15.04.2025;10265.48;;Otomobil;Ege
K-101075;28.05.2025;28.05.2026;8632.07;;Otomobil;İç Anadolu
K-101076;18.05.2025;18.05.2026;12232.42;;Otomobil;Marmara
K-101077;16.12.2024;16.12.2025;7750.15;;Otomobil;İç Anadolu
K-101078;15.06.2024;15.06.2025;11323.64;;Hafif Ticari;İç Anadolu
K-101079;12.04.2025;12.04.2026;11002.96;;Otomobil;Marmara
K-101080;27.06.2024;27.06.2025;22566.66;;Kamyon;Marmara
K-101081;28.01.2025;28.01.2026;9993.20;;Otomobil;Marmara
K-101082;14.12.2025;14.12.2026;8527.04;;Otomobil;İç Anadolu
K-101083;28.08.2025;28.08.2026;9903.34;;Otomobil;Marmara
K-101084;15.11.2025;15.11.2026;10239.36;;Otomobil;Marmara
K-101085;18.08.2025;18.08.2026;9532.89;;Hafif Ticari;İç Anadolu
K-101086;10.06.2026;10.06.2027;8458.24;;Otomobil;Ege
K-101087;17.04.2026;17.04.2027;14895.71;;Kamyon;İç Anadolu
K-101088;09.09.2024;09.09.2025;10333.31;;Otomobil;Marmara
K-101089;25.02.2026;25.02.2027;9043.21;;Otomobil;Ege
K-101090;08.04.2025;08.04.2026;12455.93;;Otomobil;Marmara
K-101091;13.10.2024;13.10.2025;8404.37;;Otomobil;Ege
K-101092;15.04.2025;15.04.2026;9150.92;;Otomobil;Ege
K-101093;23.05.2025;23.05.2026;8477.68;;Otomobil;İç Anadolu
K-101094;22.11.2024;22.11.2025;16170.15;;Kamyon;Ege
K-101095;12.03.2026;12.03.2027;9848.69;;Hafif Ticari;Ege
K-101096;18.11.2025;18.11.2026;11260.23;;Hafif Ticari;Ege
K-101097;08.02.2025;08.02.2026;9921.90;;Otomobil;Marmara
K-101098;19.09.2025;19.09.2026;9427.35;;Otomobil;İç Anadolu
K-101099;29.06.2026;29.06.2027;12130.23;;Hafif Ticari;Ege
K-101100;10.04.2024;10.04.2025;16490.30;;Kamyon;Ege
K-101101;06.07.2024;06.07.2025;9791.76;;Otomobil;Marmara
K-101102;17.11.2025;17.11.2026;8809.15;;Otomobil;Ege
K-101103;26.11.2025;26.11.2026;8425.79;;Otomobil;Ege
K-101104;27.12.2024;27.12.2025;7531.85;;Otomobil;İç Anadolu
K-101105;12.09.2025;12.09.2026;7624.39;;Otomobil;İç Anadolu
K-101106;15.02.2024;14.02.2025;10706.68;;Otomobil;Ege
K-101107;29.04.2025;29.04.2026;11868.41;;Hafif Ticari;Ege
K-101108;03.10.2025;03.10.2026;10886.77;;Otomobil;Marmara
K-101109;07.12.2024;07.12.2025;12323.01;;Hafif Ticari;Ege
K-101110;06.08.2025;06.08.2026;10788.04;;Hafif Ticari;İç Anadolu
K-101111;09.10.2024;09.10.2025;9826.88;;Otomobil;İç Anadolu
K-101112;04.07.2025;04.07.2026;8665.94;;Otomobil;İç Anadolu
K-101113;12.11.2024;12.11.2025;7782.57;;Otomobil;İç Anadolu
K-101114;21.08.2025;21.08.2026;8478.75;;Otomobil;İç Anadolu
K-101115;04.03.2026;04.03.2027;16734.02;;Kamyon;Ege
K-101116;25.02.2024;24.02.2025;9944.17;;Otomobil;Marmara
K-101117;15.02.2025;15.02.2026;10659.28;;Hafif Ticari;İç Anadolu
K-101118;13.11.2025;13.11.2026;12742.13;;Kamyon;İç Anadolu
K-101119;24.06.2025;24.06.2026;8129.20;;Otomobil;Ege
K-101120;26.02.2026;26.02.2027;10043.24;;Otomobil;Ege
K-101121;27.02.2024;26.02.2025;10439.87;;Hafif Ticari;Ege
K-101122;30.12.2025;30.12.2026;12672.63;;Otomobil;Marmara
K-101123;03.07.2025;03.07.2026;8037.52;;Otomobil;İç Anadolu
K-101124;30.01.2024;29.01.2025;12173.56;;Otomobil;Marmara
K-101125;06.12.2024;06.12.2025;12498.67;;Otomobil;Marmara
K-101126;22.09.2024;22.09.2025;16256.87;;Kamyon;Ege
K-101127;27.03.2024;27.03.2025;13092.98;;Otomobil;Marmara
K-101128;26.06.2024;26.06.2025;8923.49;;Otomobil;Ege
K-101129;27.07.2024;27.07.2025;12951.88;;Hafif Ticari;Marmara
K-101130;31.03.2025;31.03.2026;8325.95;;Otomobil;Ege
K-101131;20.03.2025;20.03.2026;12204.55;;Otomobil;Marmara
K-101132;25.05.2024;25.05.2025;9088.12;;Otomobil;İç Anadolu
K-101133;08.01.2025;08.01.2026;15212.77;;Kamyon;Ege
K-101134;27.01.2024;26.01.2025;11368.65;;Hafif Ticari;Ege
K-101135;16.02.2026;16.02.2027;9689.77;;Hafif Ticari;İç Anadolu
K-101136;16.06.2025;16.06.2026;9463.49;;Hafif Ticari;Ege
K-101137;23.03.2025;23.03.2026;10071.92;;Otomobil;Marmara
K-101138;27.04.2026;27.04.2027;9809.22;;Otomobil;Ege
K-101139;09.09.2024;09.09.2025;9280.12;;Otomobil;Ege
K-101140;02.09.2025;02.09.2026;10448.24;;Otomobil;Ege
K-101141;05.03.2026;05.03.2027;14370.77;;Hafif Ticari;Marmara
K-101142;06.02.2025;06.02.2026;9090.44;;Otomobil;İç Anadolu
K-101143;18.10.2024;18.10.2025;10004.15;10.06.2025;Otomobil;Marmara
K-101144;25.08.2024;25.08.2025;7448.91;;Otomobil;İç Anadolu
K-101145;01.02.2026;01.02.2027;14495.97;26.03.2026;Kamyon;Ege
K-101146;07.07.2024;07.07.2025;7996.27;06.10.2024;Otomobil;İç Anadolu
K-101147;15.06.2026;15.06.2027;10675.65;;Otomobil;Marmara
K-101148;09.10.2024;09.10.2025;11109.58;;Hafif Ticari;İç Anadolu
K-101149;28.07.2024;28.07.2025;10247.76;;Otomobil;Ege
K-101150;13.10.2025;13.10.2026;9282.06;;Otomobil;Ege
K-101151;30.04.2026;30.04.2027;8892.52;;Otomobil;İç Anadolu
K-101152;06.02.2026;06.02.2027;12962.38;;Otomobil;Marmara
K-101153;08.07.2025;08.07.2026;9102.33;;Otomobil;İç Anadolu
K-101154;20.05.2025;20.05.2026;10804.50;;Otomobil;Ege
K-101155;31.01.2026;31.01.2027;10481.90;;Otomobil;Marmara
K-101156;26.05.2025;26.05.2026;10424.28;13.02.2026;Otomobil;Ege
K-101157;16.05.2026;16.05.2027;10509.60;;Otomobil;Ege
K-101158;26.01.2026;26.01.2027;16775.20;;Kamyon;İç Anadolu
K-101159;01.07.2025;01.07.2026;10490.06;;Otomobil;Ege
K-101160;31.10.2024;31.10.2025;8228.67;;Otomobil;İç Anadolu
K-101161;14.11.2024;14.11.2025;9882.94;02.06.2025;Otomobil;Marmara
K-101162;13.05.2024;13.05.2025;7469.94;;Otomobil;İç Anadolu
K-101163;11.05.2025;11.05.2026;8706.96;;Otomobil;Ege
K-101164;09.06.2026;09.06.2027;9732.70;;Otomobil;Marmara
K-101165;16.10.2025;16.10.2026;10234.66;;Otomobil;Ege
K-101166;31.07.2025;31.07.2026;14456.80;;Hafif Ticari;Marmara
K-101167;01.03.2025;01.03.2026;9097.81;;Otomobil;Ege
K-101168;08.02.2024;07.02.2025;8230.18;;Otomobil;Ege
K-101169;28.12.2025;28.12.2026;9943.43;;Otomobil;Ege
K-101170;03.03.2026;03.03.2027;11816.60;;Hafif Ticari;Marmara
K-101171;14.06.2024;14.06.2025;10611.93;;Otomobil;Marmara
K-101172;23.04.2024;23.04.2025;14371.66;;Kamyon;Ege
K-101173;13.06.2025;13.06.2026;8779.22;;Otomobil;İç Anadolu
K-101174;14.11.2024;14.11.2025;10260.51;17.03.2025;Otomobil;Marmara
K-101175;13.07.2025;13.07.2026;11686.25;;Otomobil;Marmara
K-101176;09.06.2026;09.06.2027;7663.40;;Otomobil;İç Anadolu
K-101177;25.12.2025;25.12.2026;9626.27;;Otomobil;Ege
K-101178;14.01.2025;14.01.2026;9292.64;;Otomobil;İç Anadolu
K-101179;24.09.2025;24.09.2026;10910.82;;Otomobil;Marmara
K-101180;28.09.2025;28.09.2026;8667.64;;Otomobil;Ege
K-101181;19.10.2025;19.10.2026;10523.24;;Hafif Ticari;Ege
K-101182;11.12.2025;11.12.2026;12916.72;;Otomobil;Marmara
K-101183;19.11.2024;19.11.2025;10309.13;;Otomobil;Ege
K-101184;08.12.2025;08.12.2026;8876.69;;Otomobil;İç Anadolu
K-101185;24.04.2025;24.04.2026;8516.79;;Otomobil;İç Anadolu
K-101186;05.11.2025;05.11.2026;8034.19;;Otomobil;İç Anadolu
K-101187;22.12.2024;22.12.2025;9823.09;;Hafif Ticari;İç Anadolu
K-101188;05.06.2024;05.06.2025;8803.15;;Otomobil;İç Anadolu
K-101189;28.03.2024;28.03.2025;9545.60;;Otomobil;İç Anadolu
K-101190;02.02.2026;02.02.2027;8773.96;03.04.2026;Otomobil;Ege
K-101191;21.08.2025;21.08.2026;11420.37;;Otomobil;Marmara
K-101192;18.08.2025;18.08.2026;12360.37;;Otomobil;Marmara
K-101193;27.11.2024;27.11.2025;13978.15;;Hafif Ticari;Marmara
K-101194;19.02.2024;18.02.2025;9720.33;;Otomobil;Ege
K-101195;09.07.2024;09.07.2025;9418.21;;Hafif Ticari;İç Anadolu
K-101196;03.05.2024;03.05.2025;11349.34;;Hafif Ticari;Ege
K-101197;13.05.2025;13.05.2026;9373.23;;Otomobil;Ege
K-101198;18.06.2025;18.06.2026;10465.83;;Otomobil;Marmara
K-101199;30.04.2025;30.04.2026;13641.39;;Kamyon;İç Anadolu
K-101200;23.09.2024;23.09.2025;11965.82;;Hafif Ticari;Marmara
K-101201;20.10.2024;20.10.2025;12159.08;;Hafif Ticari;Ege
K-101202;24.09.2025;24.09.2026;15678.07;;Kamyon;İç Anadolu
K-101203;12.08.2025;12.08.2026;9379.16;;Otomobil;Ege
K-101204;07.01.2026;07.01.2027;17417.17;;Kamyon;Marmara
K-101205;12.09.2024;12.09.2025;12154.32;;Otomobil;Marmara
K-101206;06.05.2024;06.05.2025;18965.47;;Kamyon;Ege
K-101207;27.02.2026;27.02.2027;10225.21;;Hafif Ticari;Ege
K-101208;03.04.2024;03.04.2025;8999.92;;Otomobil;İç Anadolu
K-101209;02.03.2026;02.03.2027;10349.88;;Otomobil;Marmara
K-101210;28.06.2025;28.06.2026;9200.44;;Otomobil;İç Anadolu
K-101211;13.12.2024;13.12.2025;10027.07;;Otomobil;Ege
K-101212;17.06.2025;17.06.2026;12460.95;;Otomobil;Marmara
K-101213;27.05.2026;27.05.2027;8757.44;;Otomobil;İç Anadolu
K-101214;23.07.2024;23.07.2025;12689.20;;Otomobil;Marmara
K-101215;07.01.2024;06.01.2025;9398.50;;Otomobil;İç Anadolu
K-101216;22.10.2025;22.10.2026;8413.76;;Otomobil;İç Anadolu
K-101217;05.03.2025;05.03.2026;9481.13;;Otomobil;Ege
K-101218;19.06.2025;19.06.2026;14396.94;;Hafif Ticari;Marmara
K-101219;19.03.2026;19.03.2027;8461.93;;Hafif Ticari;İç Anadolu
K-101220;30.05.2025;30.05.2026;16607.10;;Kamyon;İç Anadolu
K-101221;16.05.2026;16.05.2027;8882.04;;Otomobil;İç Anadolu
K-101222;23.06.2024;23.06.2025;11919.91;;Hafif Ticari;Marmara
K-101223;22.05.2024;22.05.2025;13044.07;;Otomobil;Marmara
K-101224;19.05.2026;19.05.2027;11240.01;;Hafif Ticari;Ege
K-101225;02.04.2025;02.04.2026;8529.67;;Hafif Ticari;İç Anadolu
K-101226;04.06.2025;04.06.2026;14980.64;;Hafif Ticari;Marmara
K-101227;19.09.2024;19.09.2025;18098.49;;Kamyon;Ege
K-101228;15.11.2024;15.11.2025;14839.08;;Hafif Ticari;Marmara
K-101229;21.03.2026;21.03.2027;11587.39;;Otomobil;Marmara
K-101230;09.09.2024;09.09.2025;9831.26;;Otomobil;Ege
K-101231;26.04.2026;26.04.2027;9154.79;;Otomobil;İç Anadolu
K-101232;20.09.2024;20.09.2025;9861.43;;Otomobil;Ege
K-101233;23.11.2025;23.11.2026;10366.42;;Otomobil;Marmara
K-101234;19.05.2025;19.05.2026;16833.32;;Kamyon;Ege
K-101235;26.08.2025;26.08.2026;12625.68;;Otomobil;Marmara
K-101236;07.04.2024;07.04.2025;8933.55;;Otomobil;Ege
K-101237;11.03.2025;11.03.2026;9491.94;;Otomobil;İç Anadolu
K-101238;26.02.2025;26.02.2026;14833.12;;Hafif Ticari;Marmara
K-101239;10.10.2025;10.10.2026;12945.46;;Otomobil;Marmara
K-101240;11.03.2024;11.03.2025;11469.77;;Otomobil;Marmara
K-101241;19.03.2024;19.03.2025;8545.21;;Otomobil;Ege
K-101242;19.10.2024;19.10.2025;9644.76;;Otomobil;İç Anadolu
K-101243;08.11.2025;08.11.2026;15865.28;;Kamyon;İç Anadolu
K-101244;19.06.2024;19.06.2025;11663.79;;Otomobil;Marmara
K-101245;15.06.2024;15.06.2025;10180.08;;Otomobil;Ege
K-101246;01.11.2025;01.11.2026;8788.97;;Otomobil;Ege
K-101247;07.08.2024;07.08.2025;12343.19;;Otomobil;Marmara
K-101248;28.03.2024;28.03.2025;8136.46;;Otomobil;Ege
K-101249;04.06.2025;04.06.2026;7696.88;;Otomobil;İç Anadolu
K-101250;05.11.2025;05.11.2026;12338.88;;Otomobil;Marmara
K-101251;17.05.2025;17.05.2026;16314.95;;Kamyon;Ege
K-101252;29.05.2026;29.05.2027;10239.22;;Hafif Ticari;Ege
K-101253;25.03.2026;25.03.2027;8376.84;;Otomobil;İç Anadolu
K-101254;21.02.2024;20.02.2025;12258.79;;Hafif Ticari;Ege
K-101255;04.05.2025;04.05.2026;8786.12;;Otomobil;İç Anadolu
K-101256;29.07.2025;29.07.2026;9347.02;;Otomobil;İç Anadolu
K-101257;09.12.2024;09.12.2025;10431.79;;Otomobil;Ege
K-101258;05.04.2025;05.04.2026;8959.21;;Otomobil;Ege
K-101259;05.07.2025;05.07.2026;9468.25;;Otomobil;İç Anadolu
K-101260;18.05.2026;18.05.2027;8658.65;;Otomobil;İç Anadolu
K-101261;15.08.2024;15.08.2025;12956.31;;Hafif Ticari;Marmara
K-101262;06.08.2025;06.08.2026;14942.16;;Kamyon;Ege
K-101263;01.11.2024;01.11.2025;11949.17;;Otomobil;Marmara
K-101264;23.02.2024;22.02.2025;13274.59;03.04.2024;Hafif Ticari;Marmara
K-101265;11.10.2025;11.10.2026;8948.79;;Otomobil;İç Anadolu
K-101266;03.07.2025;03.07.2026;12457.65;;Otomobil;Marmara
K-101267;02.06.2026;02.06.2027;11470.98;;Otomobil;Marmara
K-101268;16.07.2025;16.07.2026;8688.88;;Hafif Ticari;İç Anadolu
K-101269;05.01.2025;05.01.2026;14965.25;;Hafif Ticari;Marmara
K-101270;24.08.2024;24.08.2025;10057.01;;Otomobil;Ege
K-101271;11.07.2024;11.07.2025;9702.80;;Otomobil;İç Anadolu
K-101272;13.03.2025;13.03.2026;9207.15;;Otomobil;Ege
K-101273;11.02.2024;10.02.2025;13102.28;;Otomobil;Marmara
K-101274;08.01.2024;07.01.2025;9784.87;;Otomobil;Ege
K-101275;02.05.2025;02.05.2026;12483.48;;Otomobil;Marmara
K-101276;29.09.2025;29.09.2026;9648.17;;Otomobil;İç Anadolu
K-101277;31.01.2026;31.01.2027;12903.52;;Hafif Ticari;Marmara
K-101278;01.11.2025;01.11.2026;9974.46;;Otomobil;Marmara
K-101279;09.08.2024;09.08.2025;13398.57;;Hafif Ticari;Marmara
K-101280;13.09.2024;13.09.2025;9639.52;;Otomobil;İç Anadolu
K-101281;20.05.2025;20.05.2026;9932.36;;Hafif Ticari;Ege
K-101282;03.12.2025;03.12.2026;9545.54;;Otomobil;Ege
K-101283;21.05.2024;21.05.2025;8992.13;;Otomobil;Ege
K-101284;28.07.2025;28.07.2026;9840.12;;Otomobil;Ege
K-101285;24.05.2026;24.05.2027;8203.01;;Otomobil;İç Anadolu
K-101286;20.01.2024;19.01.2025;15601.67;;Kamyon;Ege
K-101287;10.06.2026;10.06.2027;8562.67;;Otomobil;Ege
K-101288;24.08.2025;24.08.2026;9692.97;;Hafif Ticari;Ege
K-101289;17.02.2026;17.02.2027;10741.67;;Otomobil;Ege
K-101290;21.07.2025;21.07.2026;16860.17;;Kamyon;Marmara
K-101291;20.07.2025;20.07.2026;9564.59;;Otomobil;İç Anadolu
K-101292;18.01.2025;18.01.2026;8654.17;;Otomobil;İç Anadolu
K-101293;07.01.2026;07.01.2027;12909.09;;Hafif Ticari;Marmara
K-101294;23.06.2026;23.06.2027;10647.65;;Otomobil;Marmara
K-101295;06.12.2024;06.12.2025;11782.79;;Otomobil;Marmara
K-101296;28.03.2026;28.03.2027;9453.91;;Otomobil;İç Anadolu
K-101297;04.01.2026;04.01.2027;10585.28;;Otomobil;Ege
K-101298;17.01.2025;17.01.2026;10435.85;;Otomobil;Ege
K-101299;29.03.2026;29.03.2027;11233.88;;Otomobil;Marmara
K-101300;23.01.2025;23.01.2026;9871.65;;Hafif Ticari;İç Anadolu
K-101301;02.03.2026;02.03.2027;8472.69;;Otomobil;Ege
K-101302;14.03.2026;14.03.2027;10262.31;;Otomobil;Marmara
K-101303;20.02.2024;19.02.2025;9841.51;;Otomobil;Ege
K-101304;01.12.2025;01.12.2026;9867.46;;Otomobil;Ege
K-101305;24.04.2025;24.04.2026;8456.30;;Hafif Ticari;İç Anadolu
K-101306;03.02.2025;03.02.2026;8008.80;;Otomobil;İç Anadolu
K-101307;23.05.2024;23.05.2025;8534.13;;Otomobil;Ege
K-101308;05.01.2024;04.01.2025;9737.31;;Otomobil;İç Anadolu
K-101309;29.05.2024;29.05.2025;9788.16;;Otomobil;Ege
K-101310;12.05.2024;12.05.2025;9395.52;;Otomobil;Ege
K-101311;30.04.2024;30.04.2025;8898.40;;Otomobil;Ege
K-101312;20.03.2024;20.03.2025;10212.72;;Hafif Ticari;Ege
K-101313;19.04.2025;19.04.2026;13616.90;;Kamyon;İç Anadolu
K-101314;09.08.2024;09.08.2025;15628.24;;Kamyon;İç Anadolu
K-101315;12.03.2025;12.03.2026;8856.42;;Otomobil;İç Anadolu
K-101316;29.09.2025;29.09.2026;8597.46;;Otomobil;İç Anadolu
K-101317;17.12.2025;17.12.2026;11380.83;;Otomobil;Marmara
K-101318;23.09.2024;23.09.2025;7493.71;;Otomobil;İç Anadolu
K-101319;17.02.2026;17.02.2027;7881.69;;Otomobil;İç Anadolu
K-101320;06.12.2025;06.12.2026;8241.35;;Otomobil;İç Anadolu
K-101321;29.01.2024;28.01.2025;12200.81;;Hafif Ticari;Ege
K-101322;05.07.2024;05.07.2025;11507.85;;Hafif Ticari;Marmara
K-101323;23.05.2024;23.05.2025;9031.69;;Otomobil;Ege
K-101324;16.03.2024;16.03.2025;10380.32;;Otomobil;Marmara
K-101325;29.01.2024;28.01.2025;8280.22;;Otomobil;İç Anadolu
K-101326;10.05.2024;10.05.2025;13753.69;;Kamyon;İç Anadolu
K-101327;07.08.2024;07.08.2025;20207.15;;Kamyon;Marmara
K-101328;27.08.2025;27.08.2026;10842.35;;Hafif Ticari;Ege
K-101329;05.03.2026;05.03.2027;11774.20;;Otomobil;Marmara
K-101330;04.12.2025;04.12.2026;7473.92;;Otomobil;İç Anadolu
K-101331;15.04.2025;15.04.2026;10655.03;;Otomobil;Marmara
K-101332;27.04.2024;27.04.2025;9912.88;;Otomobil;Marmara
K-101333;23.04.2024;23.04.2025;11084.59;;Otomobil;Marmara
K-101334;24.10.2025;24.10.2026;9358.58;;Otomobil;İç Anadolu
K-101335;07.02.2024;06.02.2025;8442.40;;Otomobil;Ege
K-101336;13.10.2024;13.10.2025;9370.01;;Hafif Ticari;Ege
K-101337;31.08.2024;31.08.2025;9248.90;;Otomobil;İç Anadolu
K-101338;18.08.2024;18.08.2025;11600.12;;Otomobil;Marmara
K-101339;18.08.2025;18.08.2026;9850.12;;Otomobil;Ege
K-101340;04.01.2025;04.01.2026;10861.45;;Otomobil;Marmara
K-101341;30.03.2025;30.03.2026;10376.24;;Otomobil;Ege
K-101342;13.01.2025;13.01.2026;7736.62;;Otomobil;İç Anadolu
K-101343;29.12.2025;29.12.2026;8851.95;;Hafif Ticari;İç Anadolu
K-101344;14.08.2024;14.08.2025;8381.45;;Otomobil;Ege
K-101345;20.08.2025;20.08.2026;9967.15;;Otomobil;Marmara
K-101346;30.07.2024;30.07.2025;9736.42;;Otomobil;Ege
K-101347;27.12.2025;27.12.2026;11281.36;;Otomobil;Marmara
K-101348;26.09.2024;26.09.2025;12350.37;;Hafif Ticari;Marmara
K-101349;22.03.2025;22.03.2026;10699.50;;Otomobil;Marmara
K-101350;24.10.2024;24.10.2025;15034.79;;Kamyon;Ege
K-101351;04.01.2026;04.01.2027;11335.20;;Otomobil;Marmara
K-101352;27.01.2025;27.01.2026;12499.27;;Otomobil;Marmara
K-101353;17.08.2024;17.08.2025;10808.73;;Otomobil;Marmara
K-101354;09.07.2025;09.07.2026;10737.18;;Otomobil;Ege
K-101355;11.05.2024;11.05.2025;11568.06;;Hafif Ticari;Marmara
K-101356;01.05.2024;01.05.2025;8342.83;;Otomobil;İç Anadolu
K-101357;10.07.2025;10.07.2026;11687.38;;Otomobil;Marmara
K-101358;21.04.2024;21.04.2025;13525.14;;Hafif Ticari;Marmara
K-101359;07.10.2025;07.10.2026;11004.30;;Otomobil;Marmara
K-101360;03.05.2024;03.05.2025;15192.03;;Kamyon;İç Anadolu
K-101361;10.03.2024;10.03.2025;11792.70;;Otomobil;Marmara
K-101362;26.11.2024;26.11.2025;9828.19;;Hafif Ticari;İç Anadolu
K-101363;23.12.2024;23.12.2025;11335.16;;Otomobil;Marmara
K-101364;25.05.2026;25.05.2027;10828.72;;Hafif Ticari;Ege
K-101365;10.01.2026;10.01.2027;7902.31;;Otomobil;İç Anadolu
K-101366;28.01.2024;27.01.2025;10457.99;;Otomobil;Ege
K-101367;18.04.2026;18.04.2027;10824.22;;Otomobil;Ege
K-101368;28.03.2026;28.03.2027;9122.61;;Otomobil;İç Anadolu
K-101369;11.04.2026;11.04.2027;10052.74;;Otomobil;Ege
K-101370;05.06.2025;05.06.2026;9351.58;;Otomobil;Ege
K-101371;10.10.2025;10.10.2026;9620.81;;Otomobil;Ege
K-101372;18.03.2025;18.03.2026;10025.19;;Otomobil;Marmara
K-101373;30.03.2025;30.03.2026;11097.75;;Otomobil;Marmara
K-101374;02.04.2026;02.04.2027;10914.82;;Hafif Ticari;Ege
K-101375;06.01.2025;06.01.2026;21610.65;;Kamyon;Marmara
K-101376;15.07.2024;15.07.2025;7750.38;;Otomobil;İç Anadolu
K-101377;20.11.2025;20.11.2026;10401.95;;Otomobil;Ege
K-101378;07.04.2026;07.04.2027;14110.42;;Hafif Ticari;Marmara
K-101379;16.10.2025;16.10.2026;14068.57;;Hafif Ticari;Marmara
K-101380;11.04.2025;11.04.2026;14702.36;;Hafif Ticari;Marmara
K-101381;04.09.2025;04.09.2026;11247.05;;Otomobil;Marmara
K-101382;01.04.2024;01.04.2025;10757.58;;Otomobil;Ege
K-101383;14.06.2025;14.06.2026;8918.47;02.03.2026;Otomobil;İç Anadolu
K-101384;22.11.2025;22.11.2026;8159.53;;Otomobil;İç Anadolu
K-101385;19.06.2026;19.06.2027;10430.14;;Otomobil;Ege
K-101386;14.11.2024;14.11.2025;18551.81;;Kamyon;Marmara
K-101387;17.05.2024;17.05.2025;9460.29;;Otomobil;Ege
K-101388;07.03.2025;07.03.2026;8776.87;;Otomobil;Ege
K-101389;04.10.2024;04.10.2025;9805.68;15.12.2024;Otomobil;Ege
K-101390;06.04.2025;06.04.2026;9187.69;;Otomobil;Ege
K-101391;23.02.2025;23.02.2026;12885.83;;Hafif Ticari;Marmara
K-101392;08.08.2024;08.08.2025;8220.60;;Otomobil;İç Anadolu
K-101393;19.03.2025;19.03.2026;13711.99;;Hafif Ticari;Marmara
K-101394;17.08.2024;17.08.2025;9196.52;;Otomobil;Ege
K-101395;15.09.2025;15.09.2026;11746.36;;Hafif Ticari;Marmara
K-101396;23.10.2024;23.10.2025;9306.84;;Otomobil;Ege
K-101397;10.11.2025;10.11.2026;7774.47;;Otomobil;İç Anadolu
K-101398;16.12.2024;16.12.2025;9443.88;;Hafif Ticari;İç Anadolu
K-101399;17.10.2025;17.10.2026;11694.16;;Otomobil;Marmara
K-101400;27.03.2026;27.03.2027;11454.69;;Otomobil;Marmara
K-101401;02.01.2026;02.01.2027;10364.60;;Otomobil;Ege
K-101402;05.02.2024;04.02.2025;9758.37;;Otomobil;Marmara
K-101403;11.02.2025;11.02.2026;10411.34;;Otomobil;Ege
K-101404;17.06.2025;17.06.2026;12898.51;;Hafif Ticari;Marmara
K-101405;15.03.2026;15.03.2027;7791.30;;Otomobil;İç Anadolu
K-101406;26.01.2024;25.01.2025;11638.80;;Hafif Ticari;Marmara
K-101407;27.01.2026;27.01.2027;12977.40;;Otomobil;Marmara
K-101408;12.05.2024;12.05.2025;12236.12;;Otomobil;Marmara
K-101409;02.02.2026;02.02.2027;9523.20;;Otomobil;İç Anadolu
K-101410;23.09.2024;23.09.2025;14893.70;;Hafif Ticari;Marmara
K-101411;26.07.2024;26.07.2025;11906.44;;Otomobil;Marmara
K-101412;03.05.2025;03.05.2026;15180.13;;Kamyon;İç Anadolu
K-101413;25.07.2024;25.07.2025;9781.21;;Otomobil;Ege
K-101414;02.04.2024;02.04.2025;14387.98;;Kamyon;Ege
K-101415;04.05.2026;04.05.2027;9683.23;;Hafif Ticari;Ege
K-101416;15.04.2024;15.04.2025;11343.51;;Hafif Ticari;Ege
K-101417;14.09.2025;14.09.2026;7343.23;;Otomobil;İç Anadolu
K-101418;19.12.2024;19.12.2025;12643.37;;Otomobil;Marmara
K-101419;02.05.2025;02.05.2026;9975.41;;Otomobil;Marmara
K-101420;15.02.2025;15.02.2026;11615.64;;Otomobil;Marmara
K-101421;01.09.2025;01.09.2026;10402.14;;Hafif Ticari;İç Anadolu
K-101422;10.11.2024;10.11.2025;9169.10;;Otomobil;İç Anadolu
K-101423;18.05.2024;18.05.2025;9298.03;;Hafif Ticari;İç Anadolu
K-101424;20.02.2024;19.02.2025;8985.08;;Otomobil;Ege
K-101425;23.12.2024;23.12.2025;9216.35;;Otomobil;Ege
K-101426;11.01.2026;11.01.2027;10527.83;;Otomobil;Ege
K-101427;27.03.2025;27.03.2026;11635.65;;Otomobil;Marmara
K-101428;18.05.2025;18.05.2026;17292.54;;Kamyon;Ege
K-101429;22.08.2024;22.08.2025;17136.05;;Kamyon;Marmara
K-101430;09.06.2024;09.06.2025;10355.79;21.11.2024;Otomobil;Ege
K-101431;19.04.2026;19.04.2027;8316.15;;Otomobil;Ege
K-101432;19.10.2024;19.10.2025;9030.06;;Otomobil;Ege
K-101433;10.03.2025;10.03.2026;12531.05;;Otomobil;Marmara
K-101434;27.11.2024;27.11.2025;11168.38;17.05.2025;Otomobil;Marmara
K-101435;11.10.2025;11.10.2026;9725.53;;Otomobil;Marmara
K-101436;29.12.2025;29.12.2026;9189.97;;Otomobil;Ege
K-101437;27.11.2024;27.11.2025;11965.69;;Hafif Ticari;Marmara
K-101438;23.06.2024;23.06.2025;10602.25;;Hafif Ticari;İç Anadolu
K-101439;22.06.2024;22.06.2025;10079.57;;Hafif Ticari;Ege
K-101440;27.02.2025;27.02.2026;9887.95;;Hafif Ticari;İç Anadolu
K-101441;18.05.2025;18.05.2026;12866.36;;Otomobil;Marmara
K-101442;19.10.2025;19.10.2026;19857.90;;Kamyon;Marmara
K-101443;21.06.2025;21.06.2026;13385.21;;Hafif Ticari;Marmara
K-101444;17.09.2025;17.09.2026;16669.78;;Kamyon;İç Anadolu
K-101445;26.10.2025;26.10.2026;10092.33;;Otomobil;Marmara
K-101446;13.05.2026;13.05.2027;8180.05;;Otomobil;İç Anadolu
K-101447;11.08.2024;11.08.2025;9942.11;;Hafif Ticari;Ege
K-101448;03.10.2025;03.10.2026;18510.30;;Kamyon;Marmara
K-101449;14.03.2026;14.03.2027;16666.50;;Kamyon;İç Anadolu
K-101450;28.12.2024;28.12.2025;8750.19;;Hafif Ticari;İç Anadolu
K-101451;13.05.2026;13.05.2027;13870.38;;Hafif Ticari;Marmara
K-101452;14.03.2025;14.03.2026;11533.75;;Otomobil;Marmara
K-101453;19.09.2025;19.09.2026;8695.48;;Otomobil;Ege
K-101454;29.12.2024;29.12.2025;9111.91;;Otomobil;İç Anadolu
K-101455;22.05.2026;22.05.2027;16001.85;;Kamyon;İç Anadolu
K-101456;20.06.2025;20.06.2026;9435.69;;Otomobil;İç Anadolu
K-101457;19.06.2024;19.06.2025;16360.09;;Kamyon;Ege
K-101458;19.10.2025;19.10.2026;13007.59;;Kamyon;İç Anadolu
K-101459;01.05.2024;01.05.2025;10487.71;;Otomobil;Marmara
K-101460;24.08.2025;24.08.2026;8622.85;;Otomobil;İç Anadolu
K-101461;24.03.2025;24.03.2026;10457.17;;Hafif Ticari;Ege
K-101462;28.12.2024;28.12.2025;11521.54;07.04.2025;Otomobil;Marmara
K-101463;12.08.2025;12.08.2026;9023.03;;Otomobil;İç Anadolu
K-101464;18.06.2026;18.06.2027;12574.40;;Hafif Ticari;Ege
K-101465;01.03.2026;01.03.2027;11410.08;;Otomobil;Marmara
K-101466;02.02.2025;02.02.2026;9617.42;;Otomobil;İç Anadolu
K-101467;07.01.2026;07.01.2027;10563.15;;Otomobil;Marmara
K-101468;04.08.2025;04.08.2026;18348.19;;Kamyon;Ege
K-101469;29.11.2025;29.11.2026;9785.12;;Otomobil;Ege
K-101470;27.01.2026;27.01.2027;11674.65;;Otomobil;Marmara
K-101471;06.12.2024;06.12.2025;13608.50;;Hafif Ticari;Marmara
K-101472;06.02.2024;05.02.2025;10123.16;;Otomobil;Ege
K-101473;04.10.2024;04.10.2025;10709.74;;Otomobil;Ege
K-101474;28.08.2025;28.08.2026;14840.87;;Hafif Ticari;Marmara
K-101475;05.03.2026;05.03.2027;15049.16;24.06.2026;Kamyon;İç Anadolu
K-101476;22.04.2024;22.04.2025;8773.98;;Otomobil;İç Anadolu
K-101477;03.03.2025;03.03.2026;10727.99;;Otomobil;Ege
K-101478;13.01.2024;12.01.2025;9187.65;;Otomobil;Ege
K-101479;22.12.2024;22.12.2025;14278.21;;Kamyon;Ege
K-101480;15.12.2025;15.12.2026;11278.38;;Otomobil;Marmara
K-101481;16.12.2024;16.12.2025;8268.49;;Otomobil;Ege
K-101482;09.06.2025;09.06.2026;17160.20;18.03.2026;Kamyon;Ege
K-101483;03.08.2024;03.08.2025;11477.87;;Otomobil;Marmara
K-101484;16.08.2024;16.08.2025;9866.77;;Otomobil;Marmara
K-101485;01.03.2024;01.03.2025;9482.62;;Otomobil;Ege
K-101486;31.01.2026;31.01.2027;10261.96;;Otomobil;Marmara
K-101487;24.05.2024;24.05.2025;12081.24;;Otomobil;Marmara
K-101488;18.11.2025;18.11.2026;13085.43;;Otomobil;Marmara
K-101489;17.04.2026;17.04.2027;12261.55;;Hafif Ticari;Ege
K-101490;20.01.2026;20.01.2027;10952.24;;Otomobil;Marmara
K-101491;14.08.2024;14.08.2025;9094.61;;Otomobil;Ege
K-101492;06.06.2024;06.06.2025;12901.79;;Otomobil;Marmara
K-101493;08.08.2024;08.08.2025;10101.94;;Hafif Ticari;İç Anadolu
K-101494;06.01.2024;05.01.2025;14723.66;25.03.2024;Hafif Ticari;Marmara
K-101495;29.06.2026;29.06.2027;7304.39;;Otomobil;İç Anadolu
K-101496;08.10.2025;08.10.2026;8920.26;;Otomobil;İç Anadolu
K-101497;03.07.2025;03.07.2026;12541.66;;Otomobil;Marmara
K-101498;02.04.2025;02.04.2026;8768.21;;Otomobil;İç Anadolu
K-101499;01.12.2024;01.12.2025;12559.59;;Otomobil;Marmara
K-101500;21.02.2025;21.02.2026;11864.84;;Otomobil;Marmara
K-101501;07.08.2024;07.08.2025;8734.52;;Otomobil;İç Anadolu
K-101502;19.10.2025;19.10.2026;9590.41;;Otomobil;İç Anadolu
K-101503;25.12.2024;25.12.2025;8963.07;;Otomobil;Ege
K-101504;02.10.2025;02.10.2026;9059.17;;Otomobil;Ege
K-101505;17.08.2024;17.08.2025;10295.46;;Otomobil;Marmara
K-101506;14.06.2024;14.06.2025;8674.74;;Otomobil;Ege
K-101507;06.02.2024;05.02.2025;9634.18;;Otomobil;İç Anadolu
K-101508;17.03.2026;17.03.2027;10970.16;;Otomobil;Marmara
K-101509;25.02.2025;25.02.2026;13575.69;;Kamyon;İç Anadolu
K-101510;13.03.2025;13.03.2026;14704.65;;Hafif Ticari;Marmara
K-101511;31.12.2025;31.12.2026;17005.30;;Kamyon;İç Anadolu
K-101512;09.01.2026;09.01.2027;10081.46;;Hafif Ticari;İç Anadolu
K-101513;04.02.2026;04.02.2027;7505.21;;Otomobil;İç Anadolu
K-101514;17.11.2025;17.11.2026;10853.29;;Hafif Ticari;Ege
K-101515;19.02.2026;19.02.2027;13588.11;;Hafif Ticari;Marmara
K-101516;28.01.2025;28.01.2026;18197.54;;Kamyon;Marmara
K-101517;08.01.2024;07.01.2025;12888.07;;Otomobil;Marmara
K-101518;11.09.2025;11.09.2026;10699.33;;Otomobil;Marmara
K-101519;19.07.2025;19.07.2026;8825.66;;Otomobil;Ege
K-101520;10.03.2024;10.03.2025;10695.48;;Otomobil;Marmara
K-101521;27.01.2024;26.01.2025;9733.28;;Otomobil;Ege
K-101522;04.03.2024;04.03.2025;9509.49;;Hafif Ticari;İç Anadolu
K-101523;10.03.2025;10.03.2026;10453.22;;Otomobil;Ege
K-101524;20.08.2024;20.08.2025;8501.32;;Otomobil;Ege
K-101525;27.02.2026;27.02.2027;9940.40;;Otomobil;Marmara
K-101526;28.03.2026;28.03.2027;12637.26;;Kamyon;İç Anadolu
K-101527;30.03.2026;30.03.2027;9234.13;;Otomobil;Ege
K-101528;09.01.2026;09.01.2027;12725.15;;Otomobil;Marmara
K-101529;23.07.2025;23.07.2026;10653.30;;Hafif Ticari;Ege
K-101530;19.08.2024;19.08.2025;10144.48;;Otomobil;Marmara
K-101531;09.05.2026;09.05.2027;8138.95;;Otomobil;Ege
K-101532;04.02.2024;03.02.2025;12294.19;;Otomobil;Marmara
K-101533;14.01.2024;13.01.2025;13105.74;;Otomobil;Marmara
K-101534;11.11.2025;11.11.2026;9395.24;;Otomobil;İç Anadolu
K-101535;13.11.2025;13.11.2026;15967.53;;Kamyon;İç Anadolu
K-101536;29.10.2024;29.10.2025;10046.60;;Otomobil;Ege
K-101537;07.01.2024;06.01.2025;8542.72;;Otomobil;İç Anadolu
K-101538;31.05.2024;31.05.2025;11344.88;;Otomobil;Marmara
K-101539;11.08.2025;11.08.2026;8499.08;;Otomobil;İç Anadolu
K-101540;12.12.2025;12.12.2026;8286.86;;Otomobil;İç Anadolu
K-101541;06.04.2025;06.04.2026;9769.56;;Otomobil;İç Anadolu
K-101542;31.10.2024;31.10.2025;10448.51;;Otomobil;Ege
K-101543;08.11.2024;08.11.2025;11936.78;;Otomobil;Marmara
K-101544;13.03.2024;13.03.2025;10785.53;;Hafif Ticari;İç Anadolu
K-101545;07.06.2025;07.06.2026;12751.48;;Otomobil;Marmara
K-101546;31.05.2025;31.05.2026;12722.32;;Otomobil;Marmara
K-101547;24.01.2024;23.01.2025;12173.93;;Otomobil;Marmara
K-101548;02.07.2025;02.07.2026;8336.46;;Otomobil;Ege
K-101549;01.09.2024;01.09.2025;9876.77;;Otomobil;Ege
K-101550;16.07.2025;16.07.2026;10104.44;;Otomobil;Ege
K-101551;18.05.2026;18.05.2027;8246.15;;Otomobil;Ege
K-101552;12.10.2025;12.10.2026;8354.79;;Otomobil;Ege
K-101553;18.01.2026;18.01.2027;7991.77;;Otomobil;İç Anadolu
K-101554;27.03.2024;27.03.2025;8055.85;;Otomobil;İç Anadolu
K-101555;23.01.2025;23.01.2026;12819.21;;Hafif Ticari;Marmara
K-101556;04.09.2024;04.09.2025;7303.06;;Otomobil;İç Anadolu
K-101557;07.10.2024;07.10.2025;8050.78;;Otomobil;İç Anadolu
K-101558;05.05.2024;05.05.2025;12973.32;;Otomobil;Marmara
K-101559;18.12.2025;18.12.2026;8226.88;;Otomobil;İç Anadolu
K-101560;01.09.2024;01.09.2025;7349.24;20.03.2025;Otomobil;İç Anadolu
K-101561;08.02.2026;08.02.2027;11389.93;;Otomobil;Marmara
K-101562;11.05.2024;11.05.2025;13035.56;;Otomobil;Marmara
K-101563;20.11.2025;20.11.2026;14272.10;;Hafif Ticari;Marmara
K-101564;10.03.2024;10.03.2025;10701.30;;Otomobil;Ege
K-101565;15.01.2024;14.01.2025;9150.99;;Otomobil;İç Anadolu
K-101566;21.09.2025;21.09.2026;9574.98;;Otomobil;Ege
K-101567;23.02.2024;22.02.2025;10486.64;;Otomobil;Marmara
K-101568;28.12.2024;28.12.2025;12210.96;;Otomobil;Marmara
K-101569;27.04.2024;27.04.2025;8334.08;;Otomobil;Ege
K-101570;25.08.2024;25.08.2025;13028.77;;Hafif Ticari;Marmara
K-101571;30.04.2026;30.04.2027;9712.93;;Otomobil;Ege
K-101572;24.03.2025;24.03.2026;9189.74;;Otomobil;Ege
K-101573;12.10.2025;12.10.2026;8354.72;;Otomobil;Ege
K-101574;18.01.2025;18.01.2026;11616.66;;Hafif Ticari;Marmara
K-101575;11.11.2024;11.11.2025;11843.26;;Hafif Ticari;Marmara
K-101576;09.11.2024;09.11.2025;11614.76;;Otomobil;Marmara
K-101577;01.04.2024;01.04.2025;9360.98;;Otomobil;İç Anadolu
K-101578;18.07.2025;18.07.2026;14190.20;;Hafif Ticari;Marmara
K-101579;19.02.2026;19.02.2027;8785.69;;Otomobil;Ege
K-101580;12.07.2024;12.07.2025;9971.09;;Otomobil;Marmara
K-101581;14.04.2024;14.04.2025;11938.60;;Otomobil;Marmara
K-101582;03.02.2024;02.02.2025;10505.22;;Otomobil;Marmara
K-101583;17.02.2024;16.02.2025;12186.88;;Otomobil;Marmara
K-101584;24.09.2024;24.09.2025;8264.20;;Otomobil;Ege
K-101585;05.05.2026;05.05.2027;12273.62;;Otomobil;Marmara
K-101586;14.03.2026;14.03.2027;9248.96;;Otomobil;İç Anadolu
K-101587;09.03.2026;09.03.2027;9565.35;;Hafif Ticari;İç Anadolu
K-101588;07.01.2025;07.01.2026;10122.48;;Otomobil;Marmara
K-101589;01.06.2025;01.06.2026;10826.85;14.08.2025;Hafif Ticari;Ege
K-101590;18.02.2026;18.02.2027;10875.11;;Otomobil;Marmara
K-101591;22.12.2024;22.12.2025;10227.62;;Otomobil;Ege
K-101592;21.03.2025;21.03.2026;9662.98;;Hafif Ticari;Ege
K-101593;14.03.2025;14.03.2026;10633.57;;Otomobil;Ege
K-101594;25.06.2025;25.06.2026;17923.53;;Kamyon;Marmara
K-101595;27.06.2025;27.06.2026;10762.55;;Otomobil;Ege
K-101596;09.08.2024;09.08.2025;9091.36;;Otomobil;İç Anadolu
K-101597;09.11.2025;09.11.2026;8806.12;;Otomobil;Ege
K-101598;18.03.2025;18.03.2026;10302.93;;Hafif Ticari;İç Anadolu
K-101599;18.01.2026;18.01.2027;10305.41;;Hafif Ticari;Ege
K-101600;27.06.2024;27.06.2025;8943.60;;Otomobil;İç Anadolu
K-101601;05.08.2024;05.08.2025;9353.20;;Otomobil;İç Anadolu
K-101602;12.02.2024;11.02.2025;10662.44;;Otomobil;Marmara
K-101603;02.01.2026;02.01.2027;9414.65;;Otomobil;İç Anadolu
K-101604;09.06.2024;09.06.2025;7348.75;;Otomobil;İç Anadolu
K-101605;14.08.2024;14.08.2025;10425.26;;Otomobil;Ege
K-101606;17.11.2024;17.11.2025;11463.06;;Otomobil;Marmara
K-101607;08.11.2025;08.11.2026;14541.37;;Kamyon;İç Anadolu
K-101608;23.08.2025;23.08.2026;10724.70;;Otomobil;Marmara
K-101609;30.03.2024;30.03.2025;8024.47;;Otomobil;İç Anadolu
K-101610;25.07.2025;25.07.2026;9004.96;;Otomobil;İç Anadolu
K-101611;20.06.2025;20.06.2026;15006.42;;Hafif Ticari;Marmara
K-101612;28.02.2025;28.02.2026;12961.57;;Otomobil;Marmara
K-101613;01.11.2025;01.11.2026;11931.66;;Otomobil;Marmara
K-101614;17.09.2025;17.09.2026;8354.62;;Otomobil;Ege
K-101615;23.02.2026;23.02.2027;11392.02;;Otomobil;Marmara
K-101616;03.06.2026;03.06.2027;11007.30;;Otomobil;Marmara
K-101617;01.08.2025;01.08.2026;12339.51;;Hafif Ticari;Ege
K-101618;27.11.2025;27.11.2026;9736.12;;Otomobil;İç Anadolu
K-101619;20.09.2024;20.09.2025;7751.78;;Otomobil;İç Anadolu
K-101620;17.03.2026;17.03.2027;7571.69;;Otomobil;İç Anadolu
K-101621;29.12.2024;29.12.2025;9981.24;;Otomobil;Marmara
K-101622;30.09.2025;30.09.2026;14032.88;;Hafif Ticari;Marmara
K-101623;26.08.2024;26.08.2025;12552.23;;Hafif Ticari;Ege
K-101624;31.05.2025;31.05.2026;17219.03;;Kamyon;Ege
K-101625;10.10.2024;10.10.2025;9828.69;;Otomobil;Marmara
K-101626;27.06.2025;27.06.2026;8411.53;;Otomobil;Ege
K-101627;04.04.2026;04.04.2027;9358.22;;Otomobil;Ege
K-101628;26.03.2026;26.03.2027;10772.12;;Otomobil;Marmara
K-101629;30.07.2025;30.07.2026;9555.33;;Otomobil;İç Anadolu
K-101630;15.08.2025;15.08.2026;8752.72;;Otomobil;Ege
K-101631;15.06.2024;15.06.2025;9963.25;;Otomobil;Ege
K-101632;20.08.2025;20.08.2026;10591.98;;Hafif Ticari;İç Anadolu
K-101633;18.04.2025;18.04.2026;10274.51;;Otomobil;Marmara
K-101634;08.05.2024;08.05.2025;10083.33;;Otomobil;Marmara
K-101635;27.03.2026;27.03.2027;9156.62;;Hafif Ticari;İç Anadolu
K-101636;10.07.2025;10.07.2026;10591.60;;Hafif Ticari;İç Anadolu
K-101637;01.02.2025;01.02.2026;8124.35;;Otomobil;İç Anadolu
K-101638;17.08.2024;17.08.2025;8643.10;;Otomobil;İç Anadolu
K-101639;01.11.2024;01.11.2025;12194.31;;Otomobil;Marmara
K-101640;24.07.2025;24.07.2026;12514.85;;Hafif Ticari;Ege
K-101641;15.04.2026;15.04.2027;9749.24;;Hafif Ticari;İç Anadolu
K-101642;20.12.2024;20.12.2025;8429.43;;Otomobil;Ege
K-101643;18.07.2025;18.07.2026;9034.90;;Otomobil;İç Anadolu
K-101644;18.11.2025;18.11.2026;10844.85;;Hafif Ticari;Ege
K-101645;18.03.2024;18.03.2025;15879.22;;Kamyon;Ege
K-101646;18.05.2024;18.05.2025;9752.73;;Otomobil;İç Anadolu
K-101647;16.11.2024;16.11.2025;10803.66;;Otomobil;Ege
K-101648;17.09.2025;17.09.2026;9427.59;;Hafif Ticari;Ege
K-101649;20.07.2025;20.07.2026;10699.22;;Otomobil;Ege
K-101650;05.04.2026;05.04.2027;12412.73;;Hafif Ticari;Marmara
K-101651;09.04.2025;09.04.2026;8019.26;;Otomobil;İç Anadolu
K-101652;30.10.2024;30.10.2025;8249.11;;Otomobil;İç Anadolu
K-101653;23.11.2024;23.11.2025;9748.71;;Otomobil;İç Anadolu
K-101654;05.02.2026;05.02.2027;9797.63;;Otomobil;İç Anadolu
K-101655;16.12.2024;16.12.2025;18697.08;;Kamyon;Ege
K-101656;29.01.2026;29.01.2027;8397.88;29.04.2026;Otomobil;Ege
K-101657;15.06.2024;15.06.2025;18469.27;;Kamyon;Ege
K-101658;09.09.2025;09.09.2026;10385.09;;Hafif Ticari;Ege
K-101659;28.10.2024;28.10.2025;15449.92;;Kamyon;Ege
K-101660;26.04.2024;26.04.2025;10379.62;;Otomobil;Ege
K-101661;26.11.2025;26.11.2026;8228.74;;Otomobil;İç Anadolu
K-101662;30.09.2024;30.09.2025;10699.83;;Otomobil;Ege
K-101663;08.08.2024;08.08.2025;10804.75;;Hafif Ticari;Ege
K-101664;03.09.2024;03.09.2025;11196.04;;Hafif Ticari;Ege
K-101665;24.06.2025;24.06.2026;9704.47;;Otomobil;Marmara
K-101666;25.05.2025;25.05.2026;10797.14;;Otomobil;Marmara
K-101667;22.06.2026;22.06.2027;10042.93;;Otomobil;Ege
K-101668;22.09.2024;22.09.2025;8755.25;;Otomobil;İç Anadolu
K-101669;23.06.2024;23.06.2025;10171.76;;Otomobil;Ege
K-101670;03.05.2025;03.05.2026;10918.49;;Otomobil;Ege
K-101671;08.01.2026;08.01.2027;16486.98;18.07.2026;Kamyon;Ege
K-101672;25.05.2026;25.05.2027;9616.34;;Otomobil;İç Anadolu
K-101673;03.04.2026;03.04.2027;10016.32;;Otomobil;Ege
K-101674;20.12.2024;20.12.2025;10286.19;;Hafif Ticari;İç Anadolu
K-101675;25.09.2025;25.09.2026;9605.58;08.01.2026;Otomobil;İç Anadolu
K-101676;24.03.2026;24.03.2027;10792.75;;Otomobil;Marmara
K-101677;31.12.2025;31.12.2026;18909.83;;Kamyon;Marmara
K-101678;05.05.2024;05.05.2025;10347.37;;Otomobil;Ege
K-101679;04.11.2024;04.11.2025;7567.84;;Otomobil;İç Anadolu
K-101680;02.04.2025;02.04.2026;9215.93;;Otomobil;Ege
K-101681;24.08.2024;24.08.2025;12361.44;;Otomobil;Marmara
K-101682;08.04.2024;08.04.2025;8541.03;;Otomobil;Ege
K-101683;22.11.2024;22.11.2025;10163.88;;Otomobil;Ege
K-101684;10.12.2024;10.12.2025;10095.11;;Otomobil;Ege
K-101685;06.02.2025;06.02.2026;8076.99;;Otomobil;Ege
K-101686;01.03.2026;01.03.2027;9344.34;;Otomobil;İç Anadolu
K-101687;21.05.2026;21.05.2027;10404.13;;Otomobil;Ege
K-101688;20.11.2025;20.11.2026;10362.75;;Otomobil;Marmara
K-101689;11.04.2024;11.04.2025;10820.68;;Otomobil;Ege
K-101690;24.10.2025;24.10.2026;8008.67;;Otomobil;İç Anadolu
K-101691;22.10.2024;22.10.2025;7904.94;;Otomobil;İç Anadolu
K-101692;25.07.2024;25.07.2025;12516.89;;Hafif Ticari;Ege
K-101693;30.07.2024;30.07.2025;9553.58;;Otomobil;İç Anadolu
K-101694;15.01.2026;15.01.2027;8766.79;;Otomobil;İç Anadolu
K-101695;04.07.2025;04.07.2026;10019.08;;Otomobil;Marmara
K-101696;04.01.2026;04.01.2027;9126.67;;Otomobil;İç Anadolu
K-101697;10.06.2025;10.06.2026;10928.49;;Otomobil;Marmara
K-101698;11.01.2025;11.01.2026;9693.53;;Hafif Ticari;İç Anadolu
K-101699;22.05.2025;22.05.2026;10985.79;;Hafif Ticari;İç Anadolu
K-101700;09.08.2024;09.08.2025;16024.16;;Kamyon;İç Anadolu
K-101701;17.08.2024;17.08.2025;7682.83;;Otomobil;İç Anadolu
K-101702;01.02.2024;31.01.2025;15121.72;;Hafif Ticari;Marmara
K-101703;01.07.2025;01.07.2026;9357.12;;Hafif Ticari;İç Anadolu
K-101704;08.01.2026;08.01.2027;9278.28;;Otomobil;İç Anadolu
K-101705;28.06.2024;28.06.2025;12614.94;;Hafif Ticari;Ege
K-101706;04.03.2026;04.03.2027;8322.42;;Otomobil;Ege
K-101707;14.07.2025;14.07.2026;9015.71;;Otomobil;İç Anadolu
K-101708;04.05.2026;04.05.2027;9670.27;;Otomobil;Ege
K-101709;25.02.2025;25.02.2026;9974.95;;Otomobil;Ege
K-101710;17.07.2024;17.07.2025;8548.70;;Otomobil;Ege
K-101711;13.10.2024;13.10.2025;10551.52;;Otomobil;Marmara
K-101712;09.03.2026;09.03.2027;10765.44;;Otomobil;Marmara
K-101713;31.03.2025;31.03.2026;10054.70;;Otomobil;Ege
K-101714;28.01.2026;28.01.2027;12580.98;;Otomobil;Marmara
K-101715;09.05.2025;09.05.2026;14760.53;;Hafif Ticari;Marmara
K-101716;12.05.2024;12.05.2025;10688.46;;Otomobil;Marmara
K-101717;01.01.2025;01.01.2026;11071.45;;Otomobil;Marmara
K-101718;31.12.2024;31.12.2025;13013.83;;Hafif Ticari;Marmara
K-101719;11.09.2024;11.09.2025;11927.34;;Otomobil;Marmara
K-101720;03.06.2025;03.06.2026;10522.04;;Otomobil;Ege
K-101721;18.05.2024;18.05.2025;8584.56;;Otomobil;Ege
K-101722;08.05.2026;08.05.2027;10256.40;;Otomobil;Ege
K-101723;29.06.2026;29.06.2027;9945.42;;Otomobil;Ege
K-101724;17.04.2026;17.04.2027;9663.90;30.01.2027;Otomobil;İç Anadolu
K-101725;07.03.2025;07.03.2026;18442.35;;Kamyon;Marmara
K-101726;07.03.2025;07.03.2026;10688.59;;Otomobil;Ege
K-101727;17.05.2025;17.05.2026;11085.62;;Otomobil;Marmara
K-101728;02.05.2025;02.05.2026;10039.44;09.01.2026;Hafif Ticari;İç Anadolu
K-101729;19.08.2025;19.08.2026;10403.94;;Otomobil;Ege
K-101730;19.08.2024;19.08.2025;9213.16;;Otomobil;İç Anadolu
K-101731;17.11.2024;17.11.2025;10651.70;;Otomobil;Ege
K-101732;19.04.2026;19.04.2027;8417.24;;Hafif Ticari;İç Anadolu
K-101733;08.08.2024;08.08.2025;12693.83;;Otomobil;Marmara
K-101734;04.02.2026;04.02.2027;7801.63;;Otomobil;İç Anadolu
K-101735;26.08.2025;26.08.2026;8641.05;;Otomobil;Ege
K-101736;24.01.2025;24.01.2026;9929.34;;Otomobil;Ege
K-101737;18.05.2026;18.05.2027;8678.58;;Hafif Ticari;İç Anadolu
K-101738;26.02.2024;25.02.2025;13756.90;;Kamyon;İç Anadolu
K-101739;11.05.2026;11.05.2027;8537.39;;Otomobil;Ege
K-101740;27.02.2026;27.02.2027;12339.83;;Otomobil;Marmara
K-101741;25.05.2025;25.05.2026;10496.67;;Otomobil;Ege
K-101742;06.08.2024;06.08.2025;19833.03;;Kamyon;Marmara
K-101743;02.11.2025;02.11.2026;9774.48;;Otomobil;İç Anadolu
K-101744;13.01.2025;13.01.2026;9534.10;;Otomobil;Ege
K-101745;13.07.2024;13.07.2025;12374.47;;Hafif Ticari;Marmara
K-101746;12.03.2024;12.03.2025;19738.44;;Kamyon;Marmara
K-101747;22.02.2024;21.02.2025;14673.40;;Hafif Ticari;Marmara
K-101748;26.03.2025;26.03.2026;11866.74;;Otomobil;Marmara
K-101749;21.03.2024;21.03.2025;8815.50;;Otomobil;İç Anadolu
K-101750;17.02.2026;17.02.2027;8383.72;;Otomobil;Ege
K-101751;24.02.2026;24.02.2027;7387.96;;Otomobil;İç Anadolu
K-101752;29.03.2026;29.03.2027;7363.99;;Otomobil;İç Anadolu
K-101753;17.08.2025;17.08.2026;10321.88;;Otomobil;Ege
K-101754;17.01.2024;16.01.2025;9350.87;;Otomobil;Ege
K-101755;17.05.2025;17.05.2026;9771.23;;Otomobil;Ege
K-101756;24.10.2024;24.10.2025;11080.66;;Otomobil;Marmara
K-101757;10.06.2025;10.06.2026;10813.52;;Otomobil;Marmara
K-101758;22.03.2026;22.03.2027;14258.69;;Kamyon;Ege
K-101759;22.04.2026;22.04.2027;11627.33;;Hafif Ticari;Marmara
K-101760;28.05.2026;28.05.2027;7822.97;;Otomobil;İç Anadolu
K-101761;25.02.2025;25.02.2026;10674.53;;Otomobil;Ege
K-101762;09.02.2025;09.02.2026;9489.31;;Otomobil;Ege
K-101763;16.12.2024;16.12.2025;11395.30;;Otomobil;Marmara
K-101764;25.11.2025;25.11.2026;8078.40;21.06.2026;Otomobil;İç Anadolu
K-101765;26.10.2025;26.10.2026;11923.34;;Otomobil;Marmara
K-101766;05.08.2025;05.08.2026;10008.01;;Otomobil;Marmara
K-101767;02.03.2025;02.03.2026;9749.31;;Otomobil;Marmara
K-101768;16.03.2025;16.03.2026;14037.02;;Hafif Ticari;Marmara
K-101769;17.03.2025;17.03.2026;14209.75;;Hafif Ticari;Marmara
K-101770;07.03.2025;07.03.2026;10700.33;;Hafif Ticari;Ege
K-101771;02.03.2026;02.03.2027;9577.31;;Otomobil;Ege
K-101772;08.04.2026;08.04.2027;12703.32;;Otomobil;Marmara
K-101773;23.06.2025;23.06.2026;10778.27;;Hafif Ticari;Ege
K-101774;02.12.2024;02.12.2025;8206.55;;Otomobil;İç Anadolu
K-101775;13.04.2024;13.04.2025;10919.40;;Otomobil;Marmara
K-101776;11.01.2025;11.01.2026;13022.36;;Otomobil;Marmara
K-101777;25.04.2024;25.04.2025;9328.08;29.12.2024;Otomobil;Ege
K-101778;16.04.2026;16.04.2027;10403.27;;Otomobil;Ege
K-101779;26.05.2025;26.05.2026;9780.87;;Otomobil;İç Anadolu
K-101780;18.12.2024;18.12.2025;15992.17;;Kamyon;Ege
K-101781;29.08.2025;29.08.2026;9162.45;;Otomobil;İç Anadolu
K-101782;17.06.2026;17.06.2027;21261.72;;Kamyon;Marmara
K-101783;31.12.2024;31.12.2025;10950.74;31.08.2025;Hafif Ticari;İç Anadolu
K-101784;29.10.2024;29.10.2025;10878.28;;Hafif Ticari;İç Anadolu
K-101785;22.05.2024;22.05.2025;10942.91;;Otomobil;Marmara
K-101786;15.01.2024;14.01.2025;12041.10;;Otomobil;Marmara
K-101787;05.06.2024;05.06.2025;11032.04;;Otomobil;Marmara
K-101788;28.01.2026;28.01.2027;10454.41;;Otomobil;Ege
K-101789;20.10.2025;20.10.2026;10543.35;;Otomobil;Ege
K-101790;18.09.2024;18.09.2025;9751.35;08.04.2025;Otomobil;İç Anadolu
K-101791;24.11.2024;24.11.2025;10766.79;;Hafif Ticari;İç Anadolu
K-101792;06.10.2024;06.10.2025;17604.56;;Kamyon;Ege
K-101793;06.02.2025;06.02.2026;8561.80;;Otomobil;Ege
K-101794;20.10.2024;20.10.2025;8326.84;;Otomobil;İç Anadolu
K-101795;17.01.2024;16.01.2025;9124.71;;Hafif Ticari;İç Anadolu
K-101796;29.01.2024;28.01.2025;10026.40;;Otomobil;Ege
K-101797;26.12.2024;26.12.2025;7296.07;;Otomobil;İç Anadolu
K-101798;03.04.2024;03.04.2025;10042.40;;Otomobil;Marmara
K-101799;25.11.2024;25.11.2025;16200.64;;Kamyon;İç Anadolu
