Tarih;Fatura No;Temsilci;Bölge;Ürün Grubu;Tür;Net Tutar
01.01.2025;F000001;Ali Demir;Marmara;Boya;Satış;20465.54
01.01.2025;F000002;Selin Kaya;Marmara;Boya;Satış;8237.02
01.01.2025;F000003;Selin Kaya;Marmara;Yalıtım;Satış;8552.57
01.01.2025;F000004;Selin Kaya;Marmara;Hırdavat;Satış;10375.34
01.01.2025;F000005;Burak Şahin;Ege;Yalıtım;Satış;11559.36
01.01.2025;F000006;Burak Şahin;Ege;Hırdavat;Satış;8163.52
01.01.2025;F000007;Ece Yıldız;Ege;Boya;Satış;22730.55
01.01.2025;F000008;Ece Yıldız;Ege;Yalıtım;Satış;6290.29
01.01.2025;F000009;Ece Yıldız;Ege;Hırdavat;Satış;9893.60
02.01.2025;F000010;Ali Demir;Marmara;Hırdavat;Satış;11600.47
02.01.2025;F000011;Selin Kaya;Marmara;Hırdavat;Satış;4701.35
02.01.2025;F000012;Burak Şahin;Ege;Yalıtım;Satış;11471.40
02.01.2025;F000013;Burak Şahin;Ege;Hırdavat;Satış;5716.69
03.01.2025;F000014;Selin Kaya;Marmara;Hırdavat;Satış;10571.16
03.01.2025;F000015;Ece Yıldız;Ege;Boya;Satış;24117.39
03.01.2025;F000016;Ece Yıldız;Ege;Yalıtım;Satış;6719.58
06.01.2025;F000017;Ali Demir;Marmara;Boya;Satış;25772.32
06.01.2025;F000018;Ali Demir;Marmara;Yalıtım;Satış;10698.48
06.01.2025;F000019;Selin Kaya;Marmara;Boya;Satış;19061.59
06.01.2025;F000020;Selin Kaya;Marmara;Hırdavat;Satış;10735.33
06.01.2025;F000021;Burak Şahin;Ege;Boya;Satış;22077.19
06.01.2025;F000022;Burak Şahin;Ege;Yalıtım;Satış;11183.46
06.01.2025;F000023;Burak Şahin;Ege;Hırdavat;Satış;5868.64
06.01.2025;F000024;Ece Yıldız;Ege;Boya;Satış;9202.04
06.01.2025;F000025;Ece Yıldız;Ege;Yalıtım;Satış;18563.06
06.01.2025;F000026;Ece Yıldız;Ege;Hırdavat;Satış;7695.78
07.01.2025;F000027;Selin Kaya;Marmara;Hırdavat;Satış;7092.65
07.01.2025;F000028;Burak Şahin;Ege;Boya;Satış;11406.63
07.01.2025;F000029;Burak Şahin;Ege;Yalıtım;İade;10633.69
07.01.2025;F000030;Burak Şahin;Ege;Hırdavat;Satış;7053.06
07.01.2025;F000031;Ece Yıldız;Ege;Hırdavat;Satış;9115.54
08.01.2025;F000032;Ali Demir;Marmara;Yalıtım;Satış;16683.71
08.01.2025;F000033;Ali Demir;Marmara;Hırdavat;Satış;4704.27
08.01.2025;F000034;Selin Kaya;Marmara;Yalıtım;Satış;11349.53
08.01.2025;F000035;Selin Kaya;Marmara;Hırdavat;Satış;6548.04
08.01.2025;F000036;Burak Şahin;Ege;Boya;Satış;15913.01
08.01.2025;F000037;Burak Şahin;Ege;Yalıtım;Satış;13031.05
08.01.2025;F000038;Ece Yıldız;Ege;Yalıtım;Satış;8824.18
08.01.2025;F000039;Ece Yıldız;Ege;Hırdavat;Satış;5373.79
09.01.2025;F000040;Ali Demir;Marmara;Yalıtım;Satış;11105.29
09.01.2025;F000041;Selin Kaya;Marmara;Boya;Satış;23399.63
09.01.2025;F000042;Selin Kaya;Marmara;Yalıtım;Satış;13792.93
09.01.2025;F000043;Selin Kaya;Marmara;Hırdavat;Satış;5422.73
09.01.2025;F000044;Burak Şahin;Ege;Boya;Satış;9719.30
09.01.2025;F000045;Burak Şahin;Ege;Hırdavat;Satış;4978.11
09.01.2025;F000046;Ece Yıldız;Ege;Hırdavat;Satış;4883.01
10.01.2025;F000047;Ali Demir;Marmara;Yalıtım;Satış;11458.67
10.01.2025;F000048;Ali Demir;Marmara;Hırdavat;Satış;7954.70
10.01.2025;F000049;Selin Kaya;Marmara;Boya;Satış;8083.91
10.01.2025;F000050;Burak Şahin;Ege;Boya;Satış;21337.47
10.01.2025;F000051;Burak Şahin;Ege;Yalıtım;Satış;12744.55
10.01.2025;F000052;Ece Yıldız;Ege;Boya;Satış;13862.89
10.01.2025;F000053;Ece Yıldız;Ege;Yalıtım;Satış;6780.53
10.01.2025;F000054;Ece Yıldız;Ege;Hırdavat;Satış;10670.68
13.01.2025;F000055;Burak Şahin;Ege;Boya;Satış;18203.06
13.01.2025;F000056;Burak Şahin;Ege;Yalıtım;Satış;11859.62
13.01.2025;F000057;Burak Şahin;Ege;Hırdavat;Satış;9525.31
13.01.2025;F000058;Ece Yıldız;Ege;Boya;Satış;13171.77
13.01.2025;F000059;Ece Yıldız;Ege;Yalıtım;Satış;16230.16
13.01.2025;F000060;Ece Yıldız;Ege;Hırdavat;Satış;8327.09
14.01.2025;F000061;Ali Demir;Marmara;Boya;Satış;25587.61
14.01.2025;F000062;Selin Kaya;Marmara;Boya;Satış;19314.93
14.01.2025;F000063;Selin Kaya;Marmara;Yalıtım;Satış;9019.60
14.01.2025;F000064;Selin Kaya;Marmara;Hırdavat;Satış;7026.17
14.01.2025;F000065;Burak Şahin;Ege;Yalıtım;Satış;5347.27
14.01.2025;F000066;Burak Şahin;Ege;Hırdavat;Satış;3531.05
14.01.2025;F000067;Ece Yıldız;Ege;Yalıtım;Satış;12523.05
14.01.2025;F000068;Ece Yıldız;Ege;Hırdavat;Satış;6767.72
15.01.2025;F000069;Ali Demir;Marmara;Yalıtım;Satış;9208.78
15.01.2025;F000070;Ali Demir;Marmara;Hırdavat;Satış;9314.72
15.01.2025;F000071;Selin Kaya;Marmara;Boya;Satış;9438.22
15.01.2025;F000072;Selin Kaya;Marmara;Yalıtım;Satış;13215.88
15.01.2025;F000073;Selin Kaya;Marmara;Hırdavat;Satış;10089.40
15.01.2025;F000074;Burak Şahin;Ege;Boya;Satış;12498.03
15.01.2025;F000075;Burak Şahin;Ege;Hırdavat;Satış;7839.04
15.01.2025;F000076;Ece Yıldız;Ege;Boya;Satış;18527.33
15.01.2025;F000077;Ece Yıldız;Ege;Yalıtım;Satış;11501.28
16.01.2025;F000078;Ali Demir;Marmara;Yalıtım;Satış;19449.91
16.01.2025;F000079;Ali Demir;Marmara;Hırdavat;Satış;8463.49
16.01.2025;F000080;Ece Yıldız;Ege;Yalıtım;İade;13656.05
16.01.2025;F000081;Ece Yıldız;Ege;Hırdavat;Satış;10365.46
17.01.2025;F000082;Ali Demir;Marmara;Boya;Satış;11255.50
17.01.2025;F000083;Ali Demir;Marmara;Yalıtım;Satış;6780.33
17.01.2025;F000084;Ali Demir;Marmara;Hırdavat;Satış;12001.33
17.01.2025;F000085;Burak Şahin;Ege;Yalıtım;Satış;12979.05
17.01.2025;F000086;Ece Yıldız;Ege;Boya;Satış;22555.44
17.01.2025;F000087;Ece Yıldız;Ege;Yalıtım;Satış;10169.79
20.01.2025;F000088;Ali Demir;Marmara;Boya;Satış;12921.29
20.01.2025;F000089;Selin Kaya;Marmara;Boya;Satış;14614.48
20.01.2025;F000090;Selin Kaya;Marmara;Yalıtım;Satış;10869.54
20.01.2025;F000091;Selin Kaya;Marmara;Hırdavat;Satış;11481.76
20.01.2025;F000092;Burak Şahin;Ege;Yalıtım;Satış;12158.88
20.01.2025;F000093;Ece Yıldız;Ege;Boya;Satış;17542.32
20.01.2025;F000094;Ece Yıldız;Ege;Hırdavat;Satış;4595.30
21.01.2025;F000095;Ali Demir;Marmara;Yalıtım;Satış;12859.85
21.01.2025;F000096;Ali Demir;Marmara;Hırdavat;Satış;6630.43
21.01.2025;F000097;Selin Kaya;Marmara;Yalıtım;Satış;8527.05
21.01.2025;F000098;Burak Şahin;Ege;Boya;Satış;17591.60
21.01.2025;F000099;Ece Yıldız;Ege;Boya;Satış;12512.73
21.01.2025;F000100;Ece Yıldız;Ege;Yalıtım;Satış;10943.78
21.01.2025;F000101;Ece Yıldız;Ege;Hırdavat;Satış;6518.97
22.01.2025;F000102;Ali Demir;Marmara;Boya;Satış;29718.21
22.01.2025;F000103;Ali Demir;Marmara;Hırdavat;Satış;11914.41
22.01.2025;F000104;Selin Kaya;Marmara;Yalıtım;Satış;14680.93
22.01.2025;F000105;Selin Kaya;Marmara;Hırdavat;Satış;9542.07
22.01.2025;F000106;Burak Şahin;Ege;Boya;Satış;10312.90
22.01.2025;F000107;Ece Yıldız;Ege;Hırdavat;Satış;5392.75
23.01.2025;F000108;Ali Demir;Marmara;Boya;Satış;23788.00
23.01.2025;F000109;Ali Demir;Marmara;Hırdavat;Satış;12198.40
23.01.2025;F000110;Selin Kaya;Marmara;Boya;Satış;21121.43
23.01.2025;F000111;Selin Kaya;Marmara;Yalıtım;Satış;16107.51
23.01.2025;F000112;Selin Kaya;Marmara;Hırdavat;Satış;8300.43
23.01.2025;F000113;Burak Şahin;Ege;Boya;Satış;11922.47
23.01.2025;F000114;Burak Şahin;Ege;Yalıtım;Satış;7010.13
23.01.2025;F000115;Ece Yıldız;Ege;Boya;Satış;18688.34
23.01.2025;F000116;Ece Yıldız;Ege;Yalıtım;Satış;14683.68
24.01.2025;F000117;Ali Demir;Marmara;Yalıtım;Satış;20079.26
24.01.2025;F000118;Selin Kaya;Marmara;Yalıtım;Satış;14116.18
24.01.2025;F000119;Burak Şahin;Ege;Boya;Satış;18339.10
24.01.2025;F000120;Burak Şahin;Ege;Hırdavat;Satış;3840.04
24.01.2025;F000121;Ece Yıldız;Ege;Boya;Satış;21971.96
24.01.2025;F000122;Ece Yıldız;Ege;Hırdavat;Satış;9271.40
27.01.2025;F000123;Ali Demir;Marmara;Boya;Satış;27621.33
27.01.2025;F000124;Ali Demir;Marmara;Yalıtım;Satış;19942.42
27.01.2025;F000125;Ali Demir;Marmara;Hırdavat;Satış;10851.25
27.01.2025;F000126;Selin Kaya;Marmara;Hırdavat;Satış;6130.79
27.01.2025;F000127;Burak Şahin;Ege;Boya;Satış;17752.28
27.01.2025;F000128;Burak Şahin;Ege;Yalıtım;Satış;12681.53
27.01.2025;F000129;Burak Şahin;Ege;Hırdavat;Satış;5699.57
27.01.2025;F000130;Ece Yıldız;Ege;Boya;Satış;17939.05
27.01.2025;F000131;Ece Yıldız;Ege;Hırdavat;Satış;6611.00
28.01.2025;F000132;Ali Demir;Marmara;Boya;Satış;25174.40
28.01.2025;F000133;Ali Demir;Marmara;Hırdavat;Satış;6659.59
28.01.2025;F000134;Selin Kaya;Marmara;Boya;Satış;22021.70
28.01.2025;F000135;Selin Kaya;Marmara;Yalıtım;Satış;7983.54
28.01.2025;F000136;Ece Yıldız;Ege;Boya;Satış;15930.13
28.01.2025;F000137;Ece Yıldız;Ege;Yalıtım;Satış;13399.51
28.01.2025;F000138;Ece Yıldız;Ege;Hırdavat;Satış;10428.04
29.01.2025;F000139;Selin Kaya;Marmara;Boya;Satış;17946.92
29.01.2025;F000140;Burak Şahin;Ege;Yalıtım;Satış;13970.72
29.01.2025;F000141;Ece Yıldız;Ege;Yalıtım;Satış;16073.14
29.01.2025;F000142;Ece Yıldız;Ege;Hırdavat;Satış;8233.56
30.01.2025;F000143;Ali Demir;Marmara;Boya;Satış;20161.64
30.01.2025;F000144;Ali Demir;Marmara;Yalıtım;Satış;15799.94
30.01.2025;F000145;Selin Kaya;Marmara;Hırdavat;Satış;10018.24
30.01.2025;F000146;Burak Şahin;Ege;Boya;Satış;12306.49
30.01.2025;F000147;Burak Şahin;Ege;Yalıtım;Satış;10531.41
30.01.2025;F000148;Burak Şahin;Ege;Hırdavat;Satış;9053.47
30.01.2025;F000149;Ece Yıldız;Ege;Boya;Satış;24621.70
31.01.2025;F000150;Ali Demir;Marmara;Yalıtım;Satış;18128.80
31.01.2025;F000151;Selin Kaya;Marmara;Boya;Satış;21623.29
31.01.2025;F000152;Selin Kaya;Marmara;Yalıtım;Satış;6138.04
31.01.2025;F000153;Selin Kaya;Marmara;Hırdavat;Satış;4902.66
31.01.2025;F000154;Burak Şahin;Ege;Yalıtım;Satış;9280.81
31.01.2025;F000155;Burak Şahin;Ege;Hırdavat;Satış;6257.43
31.01.2025;F000156;Ece Yıldız;Ege;Boya;Satış;11813.13
31.01.2025;F000157;Ece Yıldız;Ege;Hırdavat;Satış;6935.13
03.02.2025;F000158;Ali Demir;Marmara;Yalıtım;Satış;6479.13
03.02.2025;F000159;Selin Kaya;Marmara;Boya;Satış;16279.78
03.02.2025;F000160;Selin Kaya;Marmara;Yalıtım;Satış;7751.63
03.02.2025;F000161;Selin Kaya;Marmara;Hırdavat;Satış;3822.61
03.02.2025;F000162;Burak Şahin;Ege;Boya;Satış;14301.21
03.02.2025;F000163;Burak Şahin;Ege;Yalıtım;Satış;9558.33
03.02.2025;F000164;Ece Yıldız;Ege;Boya;Satış;16022.43
03.02.2025;F000165;Ece Yıldız;Ege;Yalıtım;Satış;18653.92
03.02.2025;F000166;Ece Yıldız;Ege;Hırdavat;Satış;7816.35
04.02.2025;F000167;Ali Demir;Marmara;Yalıtım;Satış;8235.97
04.02.2025;F000168;Selin Kaya;Marmara;Boya;Satış;22181.11
04.02.2025;F000169;Selin Kaya;Marmara;Hırdavat;Satış;5624.78
04.02.2025;F000170;Burak Şahin;Ege;Hırdavat;Satış;3705.23
04.02.2025;F000171;Ece Yıldız;Ege;Hırdavat;Satış;4037.72
05.02.2025;F000172;Ali Demir;Marmara;Boya;Satış;9957.74
05.02.2025;F000173;Selin Kaya;Marmara;Boya;Satış;25529.25
05.02.2025;F000174;Burak Şahin;Ege;Yalıtım;Satış;8023.58
05.02.2025;F000175;Ece Yıldız;Ege;Boya;Satış;13945.89
05.02.2025;F000176;Ece Yıldız;Ege;Yalıtım;Satış;11037.89
06.02.2025;F000177;Ali Demir;Marmara;Yalıtım;Satış;17159.62
06.02.2025;F000178;Selin Kaya;Marmara;Hırdavat;Satış;6959.25
06.02.2025;F000179;Burak Şahin;Ege;Yalıtım;Satış;7645.89
06.02.2025;F000180;Ece Yıldız;Ege;Hırdavat;Satış;7922.90
07.02.2025;F000181;Ali Demir;Marmara;Yalıtım;Satış;13205.79
07.02.2025;F000182;Selin Kaya;Marmara;Boya;Satış;12269.08
07.02.2025;F000183;Burak Şahin;Ege;Yalıtım;Satış;14365.74
07.02.2025;F000184;Burak Şahin;Ege;Hırdavat;Satış;5608.09
07.02.2025;F000185;Ece Yıldız;Ege;Boya;Satış;26462.56
07.02.2025;F000186;Ece Yıldız;Ege;Hırdavat;Satış;4467.96
10.02.2025;F000187;Ali Demir;Marmara;Boya;Satış;10210.57
10.02.2025;F000188;Selin Kaya;Marmara;Boya;Satış;12138.64
10.02.2025;F000189;Selin Kaya;Marmara;Yalıtım;Satış;12686.88
10.02.2025;F000190;Burak Şahin;Ege;Hırdavat;Satış;4355.48
10.02.2025;F000191;Ece Yıldız;Ege;Boya;Satış;24002.20
10.02.2025;F000192;Ece Yıldız;Ege;Yalıtım;Satış;18665.67
11.02.2025;F000193;Ali Demir;Marmara;Boya;Satış;18830.36
11.02.2025;F000194;Burak Şahin;Ege;Boya;Satış;16027.53
11.02.2025;F000195;Burak Şahin;Ege;Yalıtım;Satış;13706.91
11.02.2025;F000196;Ece Yıldız;Ege;Boya;Satış;18590.54
11.02.2025;F000197;Ece Yıldız;Ege;Hırdavat;Satış;6724.00
12.02.2025;F000198;Ali Demir;Marmara;Boya;Satış;20640.94
12.02.2025;F000199;Ali Demir;Marmara;Yalıtım;Satış;15835.46
12.02.2025;F000200;Ali Demir;Marmara;Hırdavat;Satış;7405.34
12.02.2025;F000201;Selin Kaya;Marmara;Boya;Satış;15754.93
12.02.2025;F000202;Selin Kaya;Marmara;Yalıtım;Satış;7682.57
12.02.2025;F000203;Ece Yıldız;Ege;Yalıtım;Satış;11419.93
13.02.2025;F000204;Ali Demir;Marmara;Yalıtım;Satış;17647.41
13.02.2025;F000205;Selin Kaya;Marmara;Yalıtım;Satış;17370.86
13.02.2025;F000206;Selin Kaya;Marmara;Hırdavat;Satış;9451.11
13.02.2025;F000207;Burak Şahin;Ege;Boya;Satış;16580.54
13.02.2025;F000208;Burak Şahin;Ege;Hırdavat;Satış;6037.04
13.02.2025;F000209;Ece Yıldız;Ege;Hırdavat;Satış;4659.09
14.02.2025;F000210;Ali Demir;Marmara;Boya;Satış;10805.44
14.02.2025;F000211;Burak Şahin;Ege;Boya;Satış;9268.59
14.02.2025;F000212;Burak Şahin;Ege;Yalıtım;Satış;10392.82
14.02.2025;F000213;Burak Şahin;Ege;Hırdavat;Satış;8930.80
14.02.2025;F000214;Ece Yıldız;Ege;Boya;Satış;25160.73
14.02.2025;F000215;Ece Yıldız;Ege;Yalıtım;Satış;9089.64
14.02.2025;F000216;Ece Yıldız;Ege;Hırdavat;Satış;4898.23
17.02.2025;F000217;Ali Demir;Marmara;Boya;Satış;12630.60
17.02.2025;F000218;Ali Demir;Marmara;Yalıtım;Satış;17597.26
17.02.2025;F000219;Selin Kaya;Marmara;Hırdavat;İade;5098.82
17.02.2025;F000220;Burak Şahin;Ege;Boya;Satış;11975.52
17.02.2025;F000221;Burak Şahin;Ege;Yalıtım;Satış;5764.79
17.02.2025;F000222;Burak Şahin;Ege;Hırdavat;Satış;8582.64
17.02.2025;F000223;Ece Yıldız;Ege;Boya;Satış;9231.74
18.02.2025;F000224;Ali Demir;Marmara;Hırdavat;Satış;5403.72
18.02.2025;F000225;Selin Kaya;Marmara;Yalıtım;Satış;16070.56
18.02.2025;F000226;Selin Kaya;Marmara;Hırdavat;İade;4966.78
18.02.2025;F000227;Ece Yıldız;Ege;Boya;Satış;20977.70
19.02.2025;F000228;Ali Demir;Marmara;Boya;Satış;19931.08
19.02.2025;F000229;Ali Demir;Marmara;Yalıtım;Satış;16348.09
19.02.2025;F000230;Ali Demir;Marmara;Hırdavat;Satış;7941.88
19.02.2025;F000231;Selin Kaya;Marmara;Boya;Satış;22453.03
19.02.2025;F000232;Selin Kaya;Marmara;Hırdavat;Satış;6150.74
19.02.2025;F000233;Burak Şahin;Ege;Boya;Satış;19821.34
19.02.2025;F000234;Ece Yıldız;Ege;Boya;Satış;19258.21
19.02.2025;F000235;Ece Yıldız;Ege;Yalıtım;Satış;9582.41
20.02.2025;F000236;Ali Demir;Marmara;Boya;Satış;23041.93
20.02.2025;F000237;Ali Demir;Marmara;Yalıtım;Satış;19418.71
20.02.2025;F000238;Selin Kaya;Marmara;Boya;Satış;24572.76
20.02.2025;F000239;Selin Kaya;Marmara;Yalıtım;Satış;16035.03
20.02.2025;F000240;Selin Kaya;Marmara;Hırdavat;Satış;11294.30
20.02.2025;F000241;Burak Şahin;Ege;Boya;Satış;12805.79
20.02.2025;F000242;Burak Şahin;Ege;Yalıtım;Satış;7439.90
20.02.2025;F000243;Burak Şahin;Ege;Hırdavat;Satış;4641.84
20.02.2025;F000244;Ece Yıldız;Ege;Boya;Satış;18346.12
21.02.2025;F000245;Ali Demir;Marmara;Yalıtım;Satış;10529.01
21.02.2025;F000246;Ali Demir;Marmara;Hırdavat;Satış;6632.91
21.02.2025;F000247;Selin Kaya;Marmara;Boya;Satış;17830.32
21.02.2025;F000248;Selin Kaya;Marmara;Yalıtım;Satış;17665.34
21.02.2025;F000249;Burak Şahin;Ege;Boya;Satış;21990.09
21.02.2025;F000250;Burak Şahin;Ege;Hırdavat;Satış;3435.76
21.02.2025;F000251;Ece Yıldız;Ege;Boya;Satış;11983.41
21.02.2025;F000252;Ece Yıldız;Ege;Hırdavat;Satış;11951.31
24.02.2025;F000253;Ali Demir;Marmara;Boya;Satış;11416.15
24.02.2025;F000254;Ali Demir;Marmara;Hırdavat;Satış;5363.18
24.02.2025;F000255;Selin Kaya;Marmara;Boya;Satış;14343.54
24.02.2025;F000256;Selin Kaya;Marmara;Yalıtım;Satış;8018.92
24.02.2025;F000257;Burak Şahin;Ege;Yalıtım;Satış;8555.32
24.02.2025;F000258;Burak Şahin;Ege;Hırdavat;Satış;7902.99
24.02.2025;F000259;Ece Yıldız;Ege;Boya;Satış;14927.51
25.02.2025;F000260;Ali Demir;Marmara;Boya;Satış;20339.32
25.02.2025;F000261;Ali Demir;Marmara;Yalıtım;Satış;18509.83
25.02.2025;F000262;Selin Kaya;Marmara;Hırdavat;Satış;11403.95
25.02.2025;F000263;Burak Şahin;Ege;Boya;Satış;10868.14
25.02.2025;F000264;Burak Şahin;Ege;Yalıtım;Satış;15238.36
25.02.2025;F000265;Ece Yıldız;Ege;Boya;Satış;8663.15
26.02.2025;F000266;Ali Demir;Marmara;Yalıtım;Satış;17539.87
26.02.2025;F000267;Ali Demir;Marmara;Hırdavat;Satış;8249.69
26.02.2025;F000268;Selin Kaya;Marmara;Yalıtım;Satış;11980.49
26.02.2025;F000269;Selin Kaya;Marmara;Hırdavat;Satış;6503.36
26.02.2025;F000270;Ece Yıldız;Ege;Yalıtım;Satış;18801.98
26.02.2025;F000271;Ece Yıldız;Ege;Hırdavat;Satış;8039.36
27.02.2025;F000272;Ali Demir;Marmara;Boya;Satış;22557.24
27.02.2025;F000273;Ali Demir;Marmara;Hırdavat;Satış;8591.27
27.02.2025;F000274;Selin Kaya;Marmara;Hırdavat;Satış;7176.60
27.02.2025;F000275;Burak Şahin;Ege;Boya;Satış;13309.84
27.02.2025;F000276;Burak Şahin;Ege;Hırdavat;Satış;8943.11
27.02.2025;F000277;Ece Yıldız;Ege;Yalıtım;Satış;8719.82
28.02.2025;F000278;Ali Demir;Marmara;Boya;Satış;27156.68
28.02.2025;F000279;Ali Demir;Marmara;Yalıtım;Satış;10795.76
28.02.2025;F000280;Ali Demir;Marmara;Hırdavat;Satış;7610.23
28.02.2025;F000281;Selin Kaya;Marmara;Hırdavat;Satış;5381.29
28.02.2025;F000282;Burak Şahin;Ege;Yalıtım;Satış;5633.40
28.02.2025;F000283;Burak Şahin;Ege;Hırdavat;Satış;3263.04
28.02.2025;F000284;Ece Yıldız;Ege;Yalıtım;Satış;15635.98
03.03.2025;F000285;Ali Demir;Marmara;Yalıtım;Satış;16328.48
03.03.2025;F000286;Selin Kaya;Marmara;Boya;Satış;16556.34
03.03.2025;F000287;Selin Kaya;Marmara;Yalıtım;Satış;7992.88
03.03.2025;F000288;Burak Şahin;Ege;Boya;Satış;7229.16
03.03.2025;F000289;Burak Şahin;Ege;Yalıtım;Satış;13675.33
03.03.2025;F000290;Burak Şahin;Ege;Hırdavat;Satış;5736.71
03.03.2025;F000291;Ece Yıldız;Ege;Boya;Satış;20281.66
03.03.2025;F000292;Ece Yıldız;Ege;Yalıtım;Satış;7163.82
04.03.2025;F000293;Ali Demir;Marmara;Boya;Satış;18342.86
04.03.2025;F000294;Ali Demir;Marmara;Hırdavat;Satış;4228.42
04.03.2025;F000295;Selin Kaya;Marmara;Boya;Satış;24099.35
04.03.2025;F000296;Selin Kaya;Marmara;Yalıtım;Satış;10876.40
04.03.2025;F000297;Burak Şahin;Ege;Boya;Satış;12795.63
04.03.2025;F000298;Burak Şahin;Ege;Hırdavat;Satış;9497.79
04.03.2025;F000299;Ece Yıldız;Ege;Yalıtım;Satış;8952.47
05.03.2025;F000300;Ali Demir;Marmara;Boya;Satış;15091.61
05.03.2025;F000301;Ali Demir;Marmara;Hırdavat;Satış;6025.08
05.03.2025;F000302;Selin Kaya;Marmara;Yalıtım;Satış;12297.93
05.03.2025;F000303;Selin Kaya;Marmara;Hırdavat;Satış;9826.52
05.03.2025;F000304;Burak Şahin;Ege;Hırdavat;Satış;3472.25
05.03.2025;F000305;Ece Yıldız;Ege;Boya;Satış;12064.88
05.03.2025;F000306;Ece Yıldız;Ege;Yalıtım;Satış;16765.22
05.03.2025;F000307;Ece Yıldız;Ege;Hırdavat;Satış;11549.98
06.03.2025;F000308;Ali Demir;Marmara;Boya;Satış;13059.93
06.03.2025;F000309;Ali Demir;Marmara;Yalıtım;Satış;12008.88
06.03.2025;F000310;Selin Kaya;Marmara;Boya;Satış;15223.68
06.03.2025;F000311;Selin Kaya;Marmara;Yalıtım;Satış;8758.89
06.03.2025;F000312;Burak Şahin;Ege;Boya;Satış;8500.67
06.03.2025;F000313;Burak Şahin;Ege;Yalıtım;Satış;10809.41
06.03.2025;F000314;Ece Yıldız;Ege;Boya;Satış;21078.26
06.03.2025;F000315;Ece Yıldız;Ege;Yalıtım;Satış;15816.46
06.03.2025;F000316;Ece Yıldız;Ege;Hırdavat;Satış;8864.04
07.03.2025;F000317;Ali Demir;Marmara;Boya;Satış;10358.88
07.03.2025;F000318;Ali Demir;Marmara;Hırdavat;Satış;9533.32
07.03.2025;F000319;Selin Kaya;Marmara;Hırdavat;Satış;10221.44
07.03.2025;F000320;Burak Şahin;Ege;Boya;Satış;22031.57
07.03.2025;F000321;Burak Şahin;Ege;Yalıtım;Satış;12437.78
07.03.2025;F000322;Ece Yıldız;Ege;Yalıtım;Satış;12866.45
07.03.2025;F000323;Ece Yıldız;Ege;Hırdavat;Satış;8366.93
10.03.2025;F000324;Ali Demir;Marmara;Boya;Satış;19398.67
10.03.2025;F000325;Ali Demir;Marmara;Hırdavat;Satış;5011.49
10.03.2025;F000326;Selin Kaya;Marmara;Yalıtım;Satış;16841.14
10.03.2025;F000327;Selin Kaya;Marmara;Hırdavat;Satış;11606.31
10.03.2025;F000328;Burak Şahin;Ege;Yalıtım;Satış;4875.88
10.03.2025;F000329;Ece Yıldız;Ege;Boya;Satış;17448.58
10.03.2025;F000330;Ece Yıldız;Ege;Yalıtım;Satış;15109.50
10.03.2025;F000331;Ece Yıldız;Ege;Hırdavat;Satış;4712.18
11.03.2025;F000332;Ali Demir;Marmara;Boya;Satış;24205.00
11.03.2025;F000333;Ali Demir;Marmara;Yalıtım;Satış;9283.17
11.03.2025;F000334;Selin Kaya;Marmara;Boya;Satış;8986.45
11.03.2025;F000335;Selin Kaya;Marmara;Yalıtım;Satış;11964.22
11.03.2025;F000336;Selin Kaya;Marmara;Hırdavat;Satış;7953.88
11.03.2025;F000337;Burak Şahin;Ege;Yalıtım;Satış;9015.19
11.03.2025;F000338;Burak Şahin;Ege;Hırdavat;Satış;5223.57
11.03.2025;F000339;Ece Yıldız;Ege;Boya;Satış;26316.60
11.03.2025;F000340;Ece Yıldız;Ege;Yalıtım;Satış;9349.84
11.03.2025;F000341;Ece Yıldız;Ege;Hırdavat;Satış;8639.28
12.03.2025;F000342;Ali Demir;Marmara;Boya;Satış;13815.23
12.03.2025;F000343;Selin Kaya;Marmara;Yalıtım;Satış;14464.66
12.03.2025;F000344;Selin Kaya;Marmara;Hırdavat;Satış;7302.16
12.03.2025;F000345;Burak Şahin;Ege;Boya;Satış;18463.93
12.03.2025;F000346;Burak Şahin;Ege;Hırdavat;Satış;6563.08
12.03.2025;F000347;Ece Yıldız;Ege;Hırdavat;Satış;9624.96
13.03.2025;F000348;Ali Demir;Marmara;Yalıtım;Satış;14324.72
13.03.2025;F000349;Ali Demir;Marmara;Hırdavat;Satış;4574.00
13.03.2025;F000350;Selin Kaya;Marmara;Yalıtım;Satış;15152.64
13.03.2025;F000351;Burak Şahin;Ege;Hırdavat;Satış;3359.59
13.03.2025;F000352;Ece Yıldız;Ege;Hırdavat;Satış;5127.66
14.03.2025;F000353;Ali Demir;Marmara;Yalıtım;Satış;17140.61
14.03.2025;F000354;Ali Demir;Marmara;Hırdavat;Satış;10368.34
14.03.2025;F000355;Selin Kaya;Marmara;Boya;Satış;10462.15
14.03.2025;F000356;Selin Kaya;Marmara;Hırdavat;Satış;3657.51
14.03.2025;F000357;Burak Şahin;Ege;Yalıtım;Satış;9641.42
14.03.2025;F000358;Ece Yıldız;Ege;Boya;İade;21648.20
14.03.2025;F000359;Ece Yıldız;Ege;Yalıtım;Satış;15122.88
14.03.2025;F000360;Ece Yıldız;Ege;Hırdavat;Satış;8187.63
17.03.2025;F000361;Ali Demir;Marmara;Yalıtım;Satış;18063.53
17.03.2025;F000362;Selin Kaya;Marmara;Boya;Satış;20013.50
17.03.2025;F000363;Selin Kaya;Marmara;Yalıtım;Satış;11300.55
17.03.2025;F000364;Selin Kaya;Marmara;Hırdavat;Satış;5462.21
17.03.2025;F000365;Burak Şahin;Ege;Boya;Satış;11630.66
17.03.2025;F000366;Burak Şahin;Ege;Yalıtım;Satış;11158.69
17.03.2025;F000367;Burak Şahin;Ege;Hırdavat;Satış;3242.43
17.03.2025;F000368;Ece Yıldız;Ege;Boya;Satış;19153.53
18.03.2025;F000369;Ali Demir;Marmara;Hırdavat;Satış;8113.52
18.03.2025;F000370;Selin Kaya;Marmara;Boya;Satış;22299.72
18.03.2025;F000371;Selin Kaya;Marmara;Yalıtım;Satış;17275.49
18.03.2025;F000372;Burak Şahin;Ege;Boya;Satış;8729.67
18.03.2025;F000373;Burak Şahin;Ege;Yalıtım;Satış;8682.50
18.03.2025;F000374;Burak Şahin;Ege;Hırdavat;Satış;6499.01
18.03.2025;F000375;Ece Yıldız;Ege;Boya;Satış;25875.26
18.03.2025;F000376;Ece Yıldız;Ege;Yalıtım;İade;12145.07
19.03.2025;F000377;Ali Demir;Marmara;Hırdavat;Satış;10429.72
19.03.2025;F000378;Selin Kaya;Marmara;Boya;Satış;13408.02
19.03.2025;F000379;Selin Kaya;Marmara;Yalıtım;Satış;13484.16
19.03.2025;F000380;Burak Şahin;Ege;Boya;Satış;21550.34
19.03.2025;F000381;Burak Şahin;Ege;Yalıtım;Satış;12736.87
19.03.2025;F000382;Ece Yıldız;Ege;Boya;Satış;20317.23
19.03.2025;F000383;Ece Yıldız;Ege;Hırdavat;İade;11963.73
20.03.2025;F000384;Ali Demir;Marmara;Boya;Satış;23198.44
20.03.2025;F000385;Ali Demir;Marmara;Yalıtım;Satış;16741.48
20.03.2025;F000386;Ali Demir;Marmara;Hırdavat;Satış;8475.35
20.03.2025;F000387;Selin Kaya;Marmara;Boya;Satış;13501.14
20.03.2025;F000388;Selin Kaya;Marmara;Yalıtım;Satış;11561.68
20.03.2025;F000389;Selin Kaya;Marmara;Hırdavat;Satış;8869.40
20.03.2025;F000390;Burak Şahin;Ege;Yalıtım;Satış;6931.58
20.03.2025;F000391;Burak Şahin;Ege;Hırdavat;Satış;4709.36
20.03.2025;F000392;Ece Yıldız;Ege;Yalıtım;Satış;8282.48
20.03.2025;F000393;Ece Yıldız;Ege;Hırdavat;Satış;8044.50
21.03.2025;F000394;Ali Demir;Marmara;Hırdavat;Satış;8155.47
21.03.2025;F000395;Selin Kaya;Marmara;Hırdavat;Satış;9476.47
21.03.2025;F000396;Burak Şahin;Ege;Boya;Satış;10292.00
21.03.2025;F000397;Ece Yıldız;Ege;Yalıtım;Satış;16017.70
21.03.2025;F000398;Ece Yıldız;Ege;Hırdavat;Satış;8058.65
24.03.2025;F000399;Ali Demir;Marmara;Boya;Satış;17376.86
24.03.2025;F000400;Selin Kaya;Marmara;Boya;Satış;24037.97
24.03.2025;F000401;Burak Şahin;Ege;Boya;Satış;18681.92
24.03.2025;F000402;Burak Şahin;Ege;Yalıtım;Satış;11128.91
24.03.2025;F000403;Burak Şahin;Ege;Hırdavat;Satış;8948.53
24.03.2025;F000404;Ece Yıldız;Ege;Boya;Satış;11144.16
24.03.2025;F000405;Ece Yıldız;Ege;Hırdavat;Satış;6464.80
25.03.2025;F000406;Ali Demir;Marmara;Yalıtım;Satış;6705.00
25.03.2025;F000407;Ali Demir;Marmara;Hırdavat;Satış;7730.78
25.03.2025;F000408;Selin Kaya;Marmara;Boya;Satış;9543.31
25.03.2025;F000409;Selin Kaya;Marmara;Yalıtım;Satış;8391.95
25.03.2025;F000410;Selin Kaya;Marmara;Hırdavat;Satış;10899.15
25.03.2025;F000411;Burak Şahin;Ege;Boya;Satış;10102.16
25.03.2025;F000412;Burak Şahin;Ege;Hırdavat;Satış;6553.64
26.03.2025;F000413;Ali Demir;Marmara;Yalıtım;Satış;10067.54
26.03.2025;F000414;Ali Demir;Marmara;Hırdavat;Satış;13161.00
26.03.2025;F000415;Selin Kaya;Marmara;Hırdavat;Satış;7058.99
26.03.2025;F000416;Burak Şahin;Ege;Yalıtım;Satış;7846.00
26.03.2025;F000417;Burak Şahin;Ege;Hırdavat;Satış;9412.05
26.03.2025;F000418;Ece Yıldız;Ege;Yalıtım;Satış;17765.45
26.03.2025;F000419;Ece Yıldız;Ege;Hırdavat;Satış;9345.42
27.03.2025;F000420;Ali Demir;Marmara;Boya;Satış;11770.53
27.03.2025;F000421;Ali Demir;Marmara;Yalıtım;Satış;19067.44
27.03.2025;F000422;Ali Demir;Marmara;Hırdavat;Satış;7194.30
27.03.2025;F000423;Selin Kaya;Marmara;Boya;Satış;17777.91
27.03.2025;F000424;Selin Kaya;Marmara;Yalıtım;Satış;9263.96
27.03.2025;F000425;Burak Şahin;Ege;Boya;Satış;18548.97
27.03.2025;F000426;Burak Şahin;Ege;Yalıtım;Satış;6583.23
27.03.2025;F000427;Burak Şahin;Ege;Hırdavat;Satış;5693.04
27.03.2025;F000428;Ece Yıldız;Ege;Yalıtım;Satış;10663.85
27.03.2025;F000429;Ece Yıldız;Ege;Hırdavat;Satış;8413.84
28.03.2025;F000430;Ali Demir;Marmara;Boya;Satış;18547.98
28.03.2025;F000431;Ali Demir;Marmara;Hırdavat;Satış;13281.61
28.03.2025;F000432;Selin Kaya;Marmara;Yalıtım;Satış;15619.57
28.03.2025;F000433;Selin Kaya;Marmara;Hırdavat;Satış;7979.50
28.03.2025;F000434;Ece Yıldız;Ege;Boya;Satış;15563.80
28.03.2025;F000435;Ece Yıldız;Ege;Hırdavat;Satış;10108.34
31.03.2025;F000436;Selin Kaya;Marmara;Boya;Satış;9452.24
31.03.2025;F000437;Selin Kaya;Marmara;Yalıtım;Satış;6680.67
31.03.2025;F000438;Selin Kaya;Marmara;Hırdavat;Satış;8965.45
31.03.2025;F000439;Burak Şahin;Ege;Boya;Satış;17749.93
31.03.2025;F000440;Burak Şahin;Ege;Yalıtım;Satış;14800.58
01.04.2025;F000441;Ali Demir;Marmara;Yalıtım;Satış;9219.47
01.04.2025;F000442;Selin Kaya;Marmara;Boya;Satış;18563.44
01.04.2025;F000443;Selin Kaya;Marmara;Hırdavat;Satış;7827.94
01.04.2025;F000444;Burak Şahin;Ege;Boya;Satış;17950.73
01.04.2025;F000445;Burak Şahin;Ege;Hırdavat;Satış;4673.30
01.04.2025;F000446;Ece Yıldız;Ege;Yalıtım;Satış;11037.41
02.04.2025;F000447;Ali Demir;Marmara;Boya;Satış;16161.55
02.04.2025;F000448;Ali Demir;Marmara;Hırdavat;Satış;4826.12
02.04.2025;F000449;Selin Kaya;Marmara;Hırdavat;Satış;11366.45
02.04.2025;F000450;Burak Şahin;Ege;Boya;Satış;8335.33
02.04.2025;F000451;Burak Şahin;Ege;Hırdavat;Satış;9580.81
02.04.2025;F000452;Ece Yıldız;Ege;Boya;Satış;20879.63
02.04.2025;F000453;Ece Yıldız;Ege;Hırdavat;Satış;8228.34
03.04.2025;F000454;Ali Demir;Marmara;Yalıtım;Satış;17821.37
03.04.2025;F000455;Selin Kaya;Marmara;Boya;Satış;16729.90
03.04.2025;F000456;Selin Kaya;Marmara;Hırdavat;Satış;5725.80
03.04.2025;F000457;Burak Şahin;Ege;Hırdavat;Satış;4284.68
03.04.2025;F000458;Ece Yıldız;Ege;Yalıtım;Satış;13362.13
04.04.2025;F000459;Ali Demir;Marmara;Hırdavat;Satış;8233.97
04.04.2025;F000460;Selin Kaya;Marmara;Boya;Satış;22219.13
04.04.2025;F000461;Selin Kaya;Marmara;Yalıtım;Satış;13478.17
04.04.2025;F000462;Selin Kaya;Marmara;Hırdavat;Satış;10560.33
04.04.2025;F000463;Burak Şahin;Ege;Boya;Satış;7785.14
04.04.2025;F000464;Burak Şahin;Ege;Yalıtım;Satış;10506.91
04.04.2025;F000465;Burak Şahin;Ege;Hırdavat;Satış;3320.24
04.04.2025;F000466;Ece Yıldız;Ege;Boya;Satış;24491.53
04.04.2025;F000467;Ece Yıldız;Ege;Yalıtım;Satış;15282.30
04.04.2025;F000468;Ece Yıldız;Ege;Hırdavat;Satış;10169.50
07.04.2025;F000469;Ali Demir;Marmara;Yalıtım;Satış;10581.82
07.04.2025;F000470;Selin Kaya;Marmara;Hırdavat;Satış;7072.14
07.04.2025;F000471;Burak Şahin;Ege;Boya;Satış;20890.32
07.04.2025;F000472;Ece Yıldız;Ege;Hırdavat;Satış;6378.70
08.04.2025;F000473;Ali Demir;Marmara;Boya;Satış;25728.27
08.04.2025;F000474;Ali Demir;Marmara;Hırdavat;Satış;12314.99
08.04.2025;F000475;Selin Kaya;Marmara;Hırdavat;Satış;5750.00
08.04.2025;F000476;Burak Şahin;Ege;Boya;Satış;17056.05
08.04.2025;F000477;Ece Yıldız;Ege;Yalıtım;Satış;12598.64
09.04.2025;F000478;Ali Demir;Marmara;Boya;Satış;16555.97
09.04.2025;F000479;Ali Demir;Marmara;Yalıtım;İade;19234.22
09.04.2025;F000480;Selin Kaya;Marmara;Boya;Satış;11510.10
09.04.2025;F000481;Selin Kaya;Marmara;Yalıtım;Satış;17722.64
09.04.2025;F000482;Burak Şahin;Ege;Hırdavat;Satış;8756.53
09.04.2025;F000483;Ece Yıldız;Ege;Hırdavat;Satış;5535.29
10.04.2025;F000484;Ali Demir;Marmara;Boya;Satış;24875.88
10.04.2025;F000485;Ali Demir;Marmara;Hırdavat;Satış;6962.40
10.04.2025;F000486;Selin Kaya;Marmara;Yalıtım;Satış;12664.19
10.04.2025;F000487;Burak Şahin;Ege;Boya;Satış;11169.25
10.04.2025;F000488;Ece Yıldız;Ege;Boya;Satış;12071.17
11.04.2025;F000489;Ali Demir;Marmara;Boya;Satış;24111.91
11.04.2025;F000490;Ali Demir;Marmara;Yalıtım;Satış;14973.90
11.04.2025;F000491;Selin Kaya;Marmara;Hırdavat;Satış;8225.80
11.04.2025;F000492;Ece Yıldız;Ege;Boya;Satış;23381.69
11.04.2025;F000493;Ece Yıldız;Ege;Hırdavat;Satış;9046.56
14.04.2025;F000494;Ali Demir;Marmara;Boya;Satış;14535.71
14.04.2025;F000495;Ali Demir;Marmara;Hırdavat;Satış;11172.68
14.04.2025;F000496;Selin Kaya;Marmara;Boya;Satış;10906.97
14.04.2025;F000497;Burak Şahin;Ege;Boya;İade;19337.42
14.04.2025;F000498;Burak Şahin;Ege;Hırdavat;Satış;3467.87
14.04.2025;F000499;Ece Yıldız;Ege;Hırdavat;Satış;10706.06
15.04.2025;F000500;Ali Demir;Marmara;Yalıtım;Satış;7564.46
15.04.2025;F000501;Ali Demir;Marmara;Hırdavat;Satış;6497.31
15.04.2025;F000502;Selin Kaya;Marmara;Boya;Satış;17794.45
15.04.2025;F000503;Selin Kaya;Marmara;Hırdavat;Satış;9739.94
15.04.2025;F000504;Burak Şahin;Ege;Hırdavat;Satış;5865.36
15.04.2025;F000505;Ece Yıldız;Ege;Yalıtım;Satış;8476.65
16.04.2025;F000506;Ali Demir;Marmara;Boya;Satış;12705.97
16.04.2025;F000507;Ali Demir;Marmara;Yalıtım;Satış;20602.18
16.04.2025;F000508;Selin Kaya;Marmara;Yalıtım;Satış;15499.06
16.04.2025;F000509;Selin Kaya;Marmara;Hırdavat;Satış;3973.01
16.04.2025;F000510;Burak Şahin;Ege;Yalıtım;Satış;13679.33
16.04.2025;F000511;Burak Şahin;Ege;Hırdavat;Satış;3660.81
16.04.2025;F000512;Ece Yıldız;Ege;Yalıtım;Satış;7911.70
17.04.2025;F000513;Ali Demir;Marmara;Boya;Satış;27564.43
17.04.2025;F000514;Selin Kaya;Marmara;Yalıtım;Satış;6471.06
17.04.2025;F000515;Burak Şahin;Ege;Boya;Satış;8485.83
18.04.2025;F000516;Ali Demir;Marmara;Hırdavat;Satış;4366.81
18.04.2025;F000517;Selin Kaya;Marmara;Boya;Satış;16296.30
18.04.2025;F000518;Burak Şahin;Ege;Hırdavat;Satış;9161.15
18.04.2025;F000519;Ece Yıldız;Ege;Boya;Satış;10771.50
21.04.2025;F000520;Ali Demir;Marmara;Boya;Satış;21664.43
21.04.2025;F000521;Ali Demir;Marmara;Yalıtım;Satış;12509.43
21.04.2025;F000522;Ali Demir;Marmara;Hırdavat;Satış;12786.99
21.04.2025;F000523;Selin Kaya;Marmara;Yalıtım;Satış;15917.61
21.04.2025;F000524;Burak Şahin;Ege;Boya;Satış;17491.57
21.04.2025;F000525;Burak Şahin;Ege;Hırdavat;Satış;9144.56
21.04.2025;F000526;Ece Yıldız;Ege;Boya;Satış;26190.94
21.04.2025;F000527;Ece Yıldız;Ege;Yalıtım;Satış;9307.12
21.04.2025;F000528;Ece Yıldız;Ege;Hırdavat;Satış;9817.98
22.04.2025;F000529;Selin Kaya;Marmara;Yalıtım;Satış;8772.50
22.04.2025;F000530;Selin Kaya;Marmara;Hırdavat;Satış;5253.75
22.04.2025;F000531;Burak Şahin;Ege;Boya;Satış;15662.72
22.04.2025;F000532;Burak Şahin;Ege;Hırdavat;Satış;4824.34
22.04.2025;F000533;Ece Yıldız;Ege;Boya;Satış;21091.19
22.04.2025;F000534;Ece Yıldız;Ege;Yalıtım;Satış;18602.74
23.04.2025;F000535;Ali Demir;Marmara;Boya;Satış;24782.88
23.04.2025;F000536;Ali Demir;Marmara;Yalıtım;Satış;13944.47
23.04.2025;F000537;Ali Demir;Marmara;Hırdavat;Satış;10287.59
23.04.2025;F000538;Selin Kaya;Marmara;Hırdavat;Satış;9295.50
23.04.2025;F000539;Burak Şahin;Ege;Yalıtım;Satış;6606.67
23.04.2025;F000540;Burak Şahin;Ege;Hırdavat;Satış;7918.27
23.04.2025;F000541;Ece Yıldız;Ege;Boya;Satış;16689.97
23.04.2025;F000542;Ece Yıldız;Ege;Hırdavat;Satış;10500.85
24.04.2025;F000543;Selin Kaya;Marmara;Yalıtım;Satış;17785.00
24.04.2025;F000544;Selin Kaya;Marmara;Hırdavat;Satış;7361.28
24.04.2025;F000545;Burak Şahin;Ege;Boya;Satış;19618.03
24.04.2025;F000546;Burak Şahin;Ege;Hırdavat;Satış;3804.80
24.04.2025;F000547;Ece Yıldız;Ege;Boya;Satış;21834.55
25.04.2025;F000548;Ali Demir;Marmara;Boya;Satış;25506.48
25.04.2025;F000549;Ali Demir;Marmara;Hırdavat;Satış;4536.84
25.04.2025;F000550;Selin Kaya;Marmara;Boya;Satış;19025.65
25.04.2025;F000551;Burak Şahin;Ege;Boya;Satış;6872.84
25.04.2025;F000552;Burak Şahin;Ege;Yalıtım;Satış;5883.97
25.04.2025;F000553;Ece Yıldız;Ege;Boya;Satış;15451.13
25.04.2025;F000554;Ece Yıldız;Ege;Yalıtım;Satış;14526.15
28.04.2025;F000555;Ali Demir;Marmara;Hırdavat;Satış;10105.43
28.04.2025;F000556;Selin Kaya;Marmara;Yalıtım;Satış;15069.05
28.04.2025;F000557;Burak Şahin;Ege;Yalıtım;Satış;7459.89
28.04.2025;F000558;Burak Şahin;Ege;Hırdavat;Satış;8690.51
28.04.2025;F000559;Ece Yıldız;Ege;Boya;İade;20300.37
28.04.2025;F000560;Ece Yıldız;Ege;Hırdavat;Satış;11638.22
29.04.2025;F000561;Ali Demir;Marmara;Boya;Satış;17541.56
29.04.2025;F000562;Ali Demir;Marmara;Hırdavat;Satış;4826.80
29.04.2025;F000563;Selin Kaya;Marmara;Yalıtım;Satış;9670.03
29.04.2025;F000564;Burak Şahin;Ege;Boya;Satış;21290.93
29.04.2025;F000565;Burak Şahin;Ege;Yalıtım;Satış;13993.56
29.04.2025;F000566;Burak Şahin;Ege;Hırdavat;Satış;8817.75
29.04.2025;F000567;Ece Yıldız;Ege;Hırdavat;Satış;6611.16
30.04.2025;F000568;Ali Demir;Marmara;Yalıtım;Satış;11398.11
30.04.2025;F000569;Ali Demir;Marmara;Hırdavat;Satış;12280.18
30.04.2025;F000570;Selin Kaya;Marmara;Hırdavat;Satış;7669.15
30.04.2025;F000571;Burak Şahin;Ege;Boya;Satış;19361.46
30.04.2025;F000572;Burak Şahin;Ege;Hırdavat;Satış;9340.94
30.04.2025;F000573;Ece Yıldız;Ege;Boya;Satış;20228.84
30.04.2025;F000574;Ece Yıldız;Ege;Hırdavat;Satış;12106.00
01.05.2025;F000575;Ali Demir;Marmara;Boya;Satış;29657.43
01.05.2025;F000576;Ali Demir;Marmara;Hırdavat;Satış;12074.31
01.05.2025;F000577;Selin Kaya;Marmara;Boya;Satış;22203.87
01.05.2025;F000578;Selin Kaya;Marmara;Yalıtım;Satış;11322.46
01.05.2025;F000579;Selin Kaya;Marmara;Hırdavat;Satış;6053.85
01.05.2025;F000580;Burak Şahin;Ege;Boya;Satış;22070.64
01.05.2025;F000581;Ece Yıldız;Ege;Boya;Satış;21384.57
01.05.2025;F000582;Ece Yıldız;Ege;Yalıtım;Satış;13374.45
01.05.2025;F000583;Ece Yıldız;Ege;Hırdavat;Satış;11538.16
02.05.2025;F000584;Ali Demir;Marmara;Boya;Satış;29412.05
02.05.2025;F000585;Ali Demir;Marmara;Hırdavat;Satış;5527.11
02.05.2025;F000586;Selin Kaya;Marmara;Yalıtım;Satış;17094.15
02.05.2025;F000587;Burak Şahin;Ege;Boya;Satış;13588.16
02.05.2025;F000588;Burak Şahin;Ege;Yalıtım;Satış;10356.25
02.05.2025;F000589;Burak Şahin;Ege;Hırdavat;Satış;4550.06
02.05.2025;F000590;Ece Yıldız;Ege;Boya;Satış;25377.89
02.05.2025;F000591;Ece Yıldız;Ege;Yalıtım;Satış;17184.05
02.05.2025;F000592;Ece Yıldız;Ege;Hırdavat;Satış;12261.39
05.05.2025;F000593;Ali Demir;Marmara;Boya;Satış;9551.89
05.05.2025;F000594;Ali Demir;Marmara;Hırdavat;Satış;6799.92
05.05.2025;F000595;Selin Kaya;Marmara;Boya;Satış;8312.39
05.05.2025;F000596;Selin Kaya;Marmara;Yalıtım;Satış;12244.54
05.05.2025;F000597;Burak Şahin;Ege;Yalıtım;Satış;7687.21
05.05.2025;F000598;Ece Yıldız;Ege;Boya;Satış;12933.53
05.05.2025;F000599;Ece Yıldız;Ege;Yalıtım;Satış;9499.76
05.05.2025;F000600;Ece Yıldız;Ege;Hırdavat;Satış;11475.24
06.05.2025;F000601;Ali Demir;Marmara;Boya;Satış;10823.81
06.05.2025;F000602;Ali Demir;Marmara;Yalıtım;Satış;19230.08
06.05.2025;F000603;Ali Demir;Marmara;Hırdavat;Satış;13079.68
06.05.2025;F000604;Selin Kaya;Marmara;Yalıtım;Satış;9724.68
06.05.2025;F000605;Selin Kaya;Marmara;Hırdavat;Satış;6411.43
06.05.2025;F000606;Burak Şahin;Ege;Boya;Satış;18266.89
06.05.2025;F000607;Burak Şahin;Ege;Yalıtım;Satış;9811.58
06.05.2025;F000608;Ece Yıldız;Ege;Boya;Satış;24339.51
06.05.2025;F000609;Ece Yıldız;Ege;Yalıtım;Satış;18561.46
06.05.2025;F000610;Ece Yıldız;Ege;Hırdavat;Satış;3988.42
07.05.2025;F000611;Ali Demir;Marmara;Boya;Satış;16958.44
07.05.2025;F000612;Ali Demir;Marmara;Hırdavat;Satış;11236.88
07.05.2025;F000613;Selin Kaya;Marmara;Boya;Satış;22869.15
07.05.2025;F000614;Selin Kaya;Marmara;Yalıtım;Satış;9126.44
07.05.2025;F000615;Selin Kaya;Marmara;Hırdavat;Satış;10960.79
07.05.2025;F000616;Burak Şahin;Ege;Yalıtım;Satış;7326.70
07.05.2025;F000617;Burak Şahin;Ege;Hırdavat;Satış;7453.94
07.05.2025;F000618;Ece Yıldız;Ege;Boya;Satış;16444.01
07.05.2025;F000619;Ece Yıldız;Ege;Hırdavat;Satış;8906.46
08.05.2025;F000620;Ali Demir;Marmara;Boya;Satış;22345.06
08.05.2025;F000621;Ali Demir;Marmara;Yalıtım;Satış;13717.03
08.05.2025;F000622;Ali Demir;Marmara;Hırdavat;Satış;11817.10
08.05.2025;F000623;Selin Kaya;Marmara;Boya;Satış;13123.08
08.05.2025;F000624;Selin Kaya;Marmara;Yalıtım;Satış;10023.41
08.05.2025;F000625;Selin Kaya;Marmara;Hırdavat;Satış;7686.88
08.05.2025;F000626;Burak Şahin;Ege;Boya;Satış;15836.09
08.05.2025;F000627;Ece Yıldız;Ege;Boya;Satış;21559.24
08.05.2025;F000628;Ece Yıldız;Ege;Yalıtım;Satış;17464.69
09.05.2025;F000629;Burak Şahin;Ege;Yalıtım;Satış;6986.00
09.05.2025;F000630;Ece Yıldız;Ege;Boya;Satış;24666.90
09.05.2025;F000631;Ece Yıldız;Ege;Hırdavat;Satış;9693.68
12.05.2025;F000632;Ali Demir;Marmara;Yalıtım;Satış;19531.62
12.05.2025;F000633;Ali Demir;Marmara;Hırdavat;Satış;5914.34
12.05.2025;F000634;Selin Kaya;Marmara;Boya;Satış;20539.72
12.05.2025;F000635;Selin Kaya;Marmara;Hırdavat;Satış;7162.38
12.05.2025;F000636;Burak Şahin;Ege;Yalıtım;Satış;7895.28
12.05.2025;F000637;Burak Şahin;Ege;Hırdavat;Satış;4821.95
12.05.2025;F000638;Ece Yıldız;Ege;Boya;Satış;10025.09
12.05.2025;F000639;Ece Yıldız;Ege;Yalıtım;Satış;12890.44
13.05.2025;F000640;Ali Demir;Marmara;Boya;İade;25140.01
13.05.2025;F000641;Ali Demir;Marmara;Hırdavat;Satış;9964.79
13.05.2025;F000642;Selin Kaya;Marmara;Yalıtım;Satış;13189.51
13.05.2025;F000643;Burak Şahin;Ege;Yalıtım;Satış;12860.61
13.05.2025;F000644;Burak Şahin;Ege;Hırdavat;Satış;4371.51
13.05.2025;F000645;Ece Yıldız;Ege;Yalıtım;Satış;16140.43
13.05.2025;F000646;Ece Yıldız;Ege;Hırdavat;Satış;10419.45
14.05.2025;F000647;Ali Demir;Marmara;Yalıtım;Satış;13285.86
14.05.2025;F000648;Selin Kaya;Marmara;Yalıtım;Satış;6166.67
14.05.2025;F000649;Selin Kaya;Marmara;Hırdavat;Satış;11672.69
14.05.2025;F000650;Burak Şahin;Ege;Hırdavat;Satış;5717.08
15.05.2025;F000651;Selin Kaya;Marmara;Boya;Satış;8600.77
15.05.2025;F000652;Selin Kaya;Marmara;Yalıtım;Satış;9035.72
15.05.2025;F000653;Selin Kaya;Marmara;Hırdavat;Satış;5609.55
15.05.2025;F000654;Burak Şahin;Ege;Boya;Satış;14694.95
15.05.2025;F000655;Burak Şahin;Ege;Hırdavat;Satış;4816.75
16.05.2025;F000656;Ali Demir;Marmara;Yalıtım;Satış;19529.82
16.05.2025;F000657;Selin Kaya;Marmara;Boya;Satış;21422.38
16.05.2025;F000658;Selin Kaya;Marmara;Yalıtım;Satış;8746.84
16.05.2025;F000659;Selin Kaya;Marmara;Hırdavat;Satış;4858.09
16.05.2025;F000660;Burak Şahin;Ege;Yalıtım;Satış;11105.67
16.05.2025;F000661;Ece Yıldız;Ege;Yalıtım;Satış;17383.81
16.05.2025;F000662;Ece Yıldız;Ege;Hırdavat;Satış;3975.83
19.05.2025;F000663;Selin Kaya;Marmara;Boya;Satış;17723.95
19.05.2025;F000664;Burak Şahin;Ege;Boya;Satış;16139.60
19.05.2025;F000665;Burak Şahin;Ege;Hırdavat;Satış;4696.80
19.05.2025;F000666;Ece Yıldız;Ege;Hırdavat;Satış;10114.05
20.05.2025;F000667;Ali Demir;Marmara;Boya;Satış;24840.19
20.05.2025;F000668;Ali Demir;Marmara;Yalıtım;Satış;6445.97
20.05.2025;F000669;Selin Kaya;Marmara;Boya;Satış;9116.41
20.05.2025;F000670;Selin Kaya;Marmara;Yalıtım;Satış;14819.73
20.05.2025;F000671;Burak Şahin;Ege;Yalıtım;Satış;13914.28
20.05.2025;F000672;Burak Şahin;Ege;Hırdavat;Satış;7646.58
20.05.2025;F000673;Ece Yıldız;Ege;Boya;Satış;26409.69
20.05.2025;F000674;Ece Yıldız;Ege;Yalıtım;Satış;12442.62
20.05.2025;F000675;Ece Yıldız;Ege;Hırdavat;Satış;4398.96
21.05.2025;F000676;Ali Demir;Marmara;Yalıtım;Satış;20656.07
21.05.2025;F000677;Selin Kaya;Marmara;Yalıtım;Satış;8282.45
21.05.2025;F000678;Burak Şahin;Ege;Hırdavat;Satış;8445.97
21.05.2025;F000679;Ece Yıldız;Ege;Yalıtım;Satış;16823.14
22.05.2025;F000680;Ali Demir;Marmara;Boya;Satış;13100.65
22.05.2025;F000681;Ali Demir;Marmara;Yalıtım;Satış;19738.14
22.05.2025;F000682;Selin Kaya;Marmara;Boya;Satış;17446.18
22.05.2025;F000683;Burak Şahin;Ege;Boya;Satış;14476.99
22.05.2025;F000684;Burak Şahin;Ege;Yalıtım;Satış;5517.48
22.05.2025;F000685;Ece Yıldız;Ege;Boya;Satış;21773.70
22.05.2025;F000686;Ece Yıldız;Ege;Hırdavat;Satış;9635.37
23.05.2025;F000687;Selin Kaya;Marmara;Hırdavat;Satış;4476.25
23.05.2025;F000688;Burak Şahin;Ege;Yalıtım;Satış;9809.22
23.05.2025;F000689;Ece Yıldız;Ege;Yalıtım;Satış;12598.62
23.05.2025;F000690;Ece Yıldız;Ege;Hırdavat;Satış;5126.37
26.05.2025;F000691;Ali Demir;Marmara;Boya;Satış;10694.96
26.05.2025;F000692;Ali Demir;Marmara;Yalıtım;Satış;12029.71
26.05.2025;F000693;Ali Demir;Marmara;Hırdavat;Satış;5489.00
26.05.2025;F000694;Selin Kaya;Marmara;Boya;Satış;22925.56
26.05.2025;F000695;Selin Kaya;Marmara;Yalıtım;Satış;16183.25
26.05.2025;F000696;Selin Kaya;Marmara;Hırdavat;Satış;8778.49
26.05.2025;F000697;Burak Şahin;Ege;Yalıtım;Satış;9642.97
26.05.2025;F000698;Ece Yıldız;Ege;Boya;Satış;10827.06
26.05.2025;F000699;Ece Yıldız;Ege;Hırdavat;Satış;11365.11
27.05.2025;F000700;Ali Demir;Marmara;Hırdavat;Satış;8972.02
27.05.2025;F000701;Selin Kaya;Marmara;Boya;Satış;17576.76
27.05.2025;F000702;Selin Kaya;Marmara;Hırdavat;Satış;5007.85
27.05.2025;F000703;Burak Şahin;Ege;Yalıtım;Satış;14536.63
27.05.2025;F000704;Burak Şahin;Ege;Hırdavat;Satış;6305.59
27.05.2025;F000705;Ece Yıldız;Ege;Boya;Satış;16952.80
28.05.2025;F000706;Ali Demir;Marmara;Yalıtım;Satış;11829.86
28.05.2025;F000707;Ali Demir;Marmara;Hırdavat;Satış;4974.19
28.05.2025;F000708;Selin Kaya;Marmara;Yalıtım;Satış;11057.11
28.05.2025;F000709;Ece Yıldız;Ege;Yalıtım;Satış;8252.94
28.05.2025;F000710;Ece Yıldız;Ege;Hırdavat;Satış;6913.48
29.05.2025;F000711;Ali Demir;Marmara;Boya;Satış;27775.41
29.05.2025;F000712;Ali Demir;Marmara;Hırdavat;Satış;8336.93
29.05.2025;F000713;Selin Kaya;Marmara;Yalıtım;Satış;12055.45
29.05.2025;F000714;Burak Şahin;Ege;Boya;Satış;6850.00
29.05.2025;F000715;Burak Şahin;Ege;Hırdavat;Satış;7372.27
29.05.2025;F000716;Ece Yıldız;Ege;Boya;Satış;20207.12
29.05.2025;F000717;Ece Yıldız;Ege;Yalıtım;Satış;13643.13
30.05.2025;F000718;Ali Demir;Marmara;Yalıtım;Satış;17463.80
30.05.2025;F000719;Burak Şahin;Ege;Yalıtım;Satış;11721.51
30.05.2025;F000720;Burak Şahin;Ege;Hırdavat;Satış;9229.25
02.06.2025;F000721;Ali Demir;Marmara;Boya;Satış;23032.15
02.06.2025;F000722;Ali Demir;Marmara;Yalıtım;Satış;12976.33
02.06.2025;F000723;Selin Kaya;Marmara;Yalıtım;Satış;17066.18
02.06.2025;F000724;Selin Kaya;Marmara;Hırdavat;Satış;3930.52
02.06.2025;F000725;Burak Şahin;Ege;Boya;Satış;11045.48
02.06.2025;F000726;Burak Şahin;Ege;Yalıtım;Satış;7855.01
02.06.2025;F000727;Burak Şahin;Ege;Hırdavat;Satış;5537.89
02.06.2025;F000728;Ece Yıldız;Ege;Hırdavat;Satış;9586.96
03.06.2025;F000729;Ali Demir;Marmara;Yalıtım;Satış;9228.92
03.06.2025;F000730;Selin Kaya;Marmara;Boya;Satış;19997.37
03.06.2025;F000731;Burak Şahin;Ege;Yalıtım;Satış;12162.93
03.06.2025;F000732;Burak Şahin;Ege;Hırdavat;Satış;7260.25
03.06.2025;F000733;Ece Yıldız;Ege;Boya;Satış;8930.68
04.06.2025;F000734;Ali Demir;Marmara;Hırdavat;Satış;12032.58
04.06.2025;F000735;Selin Kaya;Marmara;Yalıtım;Satış;7812.18
04.06.2025;F000736;Selin Kaya;Marmara;Hırdavat;Satış;5710.02
04.06.2025;F000737;Burak Şahin;Ege;Yalıtım;Satış;6608.63
05.06.2025;F000738;Ali Demir;Marmara;Yalıtım;Satış;17245.87
05.06.2025;F000739;Ali Demir;Marmara;Hırdavat;Satış;5698.25
05.06.2025;F000740;Selin Kaya;Marmara;Hırdavat;Satış;7986.65
05.06.2025;F000741;Burak Şahin;Ege;Yalıtım;Satış;12983.53
05.06.2025;F000742;Burak Şahin;Ege;Hırdavat;Satış;9704.97
05.06.2025;F000743;Ece Yıldız;Ege;Hırdavat;Satış;6260.55
06.06.2025;F000744;Selin Kaya;Marmara;Yalıtım;Satış;15352.97
06.06.2025;F000745;Selin Kaya;Marmara;Hırdavat;Satış;7049.99
06.06.2025;F000746;Burak Şahin;Ege;Boya;Satış;15370.82
06.06.2025;F000747;Burak Şahin;Ege;Hırdavat;Satış;5955.12
06.06.2025;F000748;Ece Yıldız;Ege;Boya;Satış;22225.51
06.06.2025;F000749;Ece Yıldız;Ege;Yalıtım;Satış;6388.25
09.06.2025;F000750;Selin Kaya;Marmara;Yalıtım;Satış;8399.11
09.06.2025;F000751;Selin Kaya;Marmara;Hırdavat;Satış;8429.67
09.06.2025;F000752;Burak Şahin;Ege;Boya;Satış;17845.64
09.06.2025;F000753;Burak Şahin;Ege;Yalıtım;Satış;12776.52
09.06.2025;F000754;Ece Yıldız;Ege;Hırdavat;Satış;7938.69
10.06.2025;F000755;Ali Demir;Marmara;Boya;Satış;28935.95
10.06.2025;F000756;Ali Demir;Marmara;Yalıtım;Satış;19951.97
10.06.2025;F000757;Selin Kaya;Marmara;Hırdavat;Satış;5893.62
10.06.2025;F000758;Burak Şahin;Ege;Yalıtım;Satış;7434.43
10.06.2025;F000759;Burak Şahin;Ege;Hırdavat;Satış;8599.77
10.06.2025;F000760;Ece Yıldız;Ege;Boya;Satış;19354.96
10.06.2025;F000761;Ece Yıldız;Ege;Yalıtım;Satış;11566.34
10.06.2025;F000762;Ece Yıldız;Ege;Hırdavat;Satış;9963.17
11.06.2025;F000763;Selin Kaya;Marmara;Boya;İade;14404.87
11.06.2025;F000764;Selin Kaya;Marmara;Yalıtım;Satış;7830.83
11.06.2025;F000765;Selin Kaya;Marmara;Hırdavat;Satış;4770.57
11.06.2025;F000766;Burak Şahin;Ege;Boya;Satış;8855.07
11.06.2025;F000767;Ece Yıldız;Ege;Yalıtım;Satış;14622.99
12.06.2025;F000768;Ali Demir;Marmara;Boya;Satış;24147.46
12.06.2025;F000769;Ali Demir;Marmara;Yalıtım;Satış;7896.31
12.06.2025;F000770;Selin Kaya;Marmara;Boya;Satış;8442.91
12.06.2025;F000771;Burak Şahin;Ege;Boya;Satış;17168.29
12.06.2025;F000772;Burak Şahin;Ege;Yalıtım;Satış;12744.88
12.06.2025;F000773;Ece Yıldız;Ege;Yalıtım;Satış;13904.39
13.06.2025;F000774;Ali Demir;Marmara;Yalıtım;Satış;7158.00
13.06.2025;F000775;Ali Demir;Marmara;Hırdavat;Satış;12717.70
13.06.2025;F000776;Selin Kaya;Marmara;Yalıtım;Satış;8791.10
13.06.2025;F000777;Selin Kaya;Marmara;Hırdavat;Satış;10040.81
13.06.2025;F000778;Burak Şahin;Ege;Boya;Satış;17222.73
13.06.2025;F000779;Ece Yıldız;Ege;Yalıtım;Satış;11102.89
16.06.2025;F000780;Ali Demir;Marmara;Hırdavat;Satış;4812.99
16.06.2025;F000781;Selin Kaya;Marmara;Yalıtım;Satış;7711.73
16.06.2025;F000782;Burak Şahin;Ege;Boya;Satış;10860.22
16.06.2025;F000783;Burak Şahin;Ege;Yalıtım;Satış;4834.90
16.06.2025;F000784;Burak Şahin;Ege;Hırdavat;Satış;7942.91
16.06.2025;F000785;Ece Yıldız;Ege;Boya;Satış;13001.72
16.06.2025;F000786;Ece Yıldız;Ege;Hırdavat;Satış;12123.21
17.06.2025;F000787;Ali Demir;Marmara;Boya;Satış;9592.69
17.06.2025;F000788;Ali Demir;Marmara;Yalıtım;Satış;17757.71
17.06.2025;F000789;Ali Demir;Marmara;Hırdavat;Satış;4634.02
17.06.2025;F000790;Selin Kaya;Marmara;Boya;Satış;12221.71
17.06.2025;F000791;Burak Şahin;Ege;Boya;İade;10732.65
17.06.2025;F000792;Ece Yıldız;Ege;Boya;Satış;12954.68
17.06.2025;F000793;Ece Yıldız;Ege;Hırdavat;Satış;12182.43
18.06.2025;F000794;Ali Demir;Marmara;Yalıtım;Satış;20444.81
18.06.2025;F000795;Selin Kaya;Marmara;Hırdavat;Satış;4653.29
18.06.2025;F000796;Burak Şahin;Ege;Boya;Satış;20344.58
18.06.2025;F000797;Burak Şahin;Ege;Yalıtım;Satış;8710.62
18.06.2025;F000798;Burak Şahin;Ege;Hırdavat;Satış;8053.95
19.06.2025;F000799;Ali Demir;Marmara;Yalıtım;Satış;12547.87
19.06.2025;F000800;Ali Demir;Marmara;Hırdavat;Satış;9471.82
19.06.2025;F000801;Selin Kaya;Marmara;Yalıtım;Satış;10157.16
19.06.2025;F000802;Selin Kaya;Marmara;Hırdavat;Satış;3654.86
19.06.2025;F000803;Burak Şahin;Ege;Boya;Satış;8524.82
19.06.2025;F000804;Ece Yıldız;Ege;Hırdavat;Satış;6889.39
20.06.2025;F000805;Ali Demir;Marmara;Boya;Satış;25359.01
20.06.2025;F000806;Selin Kaya;Marmara;Boya;Satış;14158.38
20.06.2025;F000807;Selin Kaya;Marmara;Yalıtım;Satış;5745.54
20.06.2025;F000808;Selin Kaya;Marmara;Hırdavat;Satış;5661.95
20.06.2025;F000809;Burak Şahin;Ege;Yalıtım;Satış;5025.48
20.06.2025;F000810;Burak Şahin;Ege;Hırdavat;Satış;3751.40
20.06.2025;F000811;Ece Yıldız;Ege;Yalıtım;Satış;13090.46
20.06.2025;F000812;Ece Yıldız;Ege;Hırdavat;Satış;6747.35
23.06.2025;F000813;Ali Demir;Marmara;Boya;Satış;27659.86
23.06.2025;F000814;Ali Demir;Marmara;Yalıtım;Satış;15793.15
23.06.2025;F000815;Selin Kaya;Marmara;Boya;Satış;20530.84
23.06.2025;F000816;Selin Kaya;Marmara;Yalıtım;Satış;12772.60
23.06.2025;F000817;Selin Kaya;Marmara;Hırdavat;Satış;3897.03
23.06.2025;F000818;Burak Şahin;Ege;Hırdavat;Satış;8974.03
23.06.2025;F000819;Ece Yıldız;Ege;Boya;Satış;16827.58
23.06.2025;F000820;Ece Yıldız;Ege;Yalıtım;Satış;12576.82
23.06.2025;F000821;Ece Yıldız;Ege;Hırdavat;Satış;7691.81
24.06.2025;F000822;Ali Demir;Marmara;Hırdavat;Satış;8554.05
24.06.2025;F000823;Selin Kaya;Marmara;Boya;Satış;22162.97
24.06.2025;F000824;Selin Kaya;Marmara;Hırdavat;Satış;6592.12
24.06.2025;F000825;Burak Şahin;Ege;Boya;Satış;10955.14
24.06.2025;F000826;Burak Şahin;Ege;Yalıtım;Satış;7041.51
24.06.2025;F000827;Burak Şahin;Ege;Hırdavat;Satış;5492.59
24.06.2025;F000828;Ece Yıldız;Ege;Yalıtım;Satış;6569.75
24.06.2025;F000829;Ece Yıldız;Ege;Hırdavat;Satış;7338.30
25.06.2025;F000830;Ali Demir;Marmara;Yalıtım;Satış;9943.81
25.06.2025;F000831;Ali Demir;Marmara;Hırdavat;Satış;5493.79
25.06.2025;F000832;Selin Kaya;Marmara;Boya;Satış;21215.91
25.06.2025;F000833;Burak Şahin;Ege;Boya;Satış;21424.46
25.06.2025;F000834;Ece Yıldız;Ege;Boya;Satış;26001.84
25.06.2025;F000835;Ece Yıldız;Ege;Yalıtım;Satış;18110.27
25.06.2025;F000836;Ece Yıldız;Ege;Hırdavat;Satış;5053.75
26.06.2025;F000837;Ali Demir;Marmara;Boya;Satış;10392.76
26.06.2025;F000838;Ali Demir;Marmara;Yalıtım;Satış;19538.70
26.06.2025;F000839;Ali Demir;Marmara;Hırdavat;Satış;8083.85
26.06.2025;F000840;Selin Kaya;Marmara;Hırdavat;Satış;7874.56
26.06.2025;F000841;Burak Şahin;Ege;Boya;İade;6911.94
26.06.2025;F000842;Ece Yıldız;Ege;Boya;Satış;20034.31
27.06.2025;F000843;Ali Demir;Marmara;Yalıtım;Satış;12737.83
27.06.2025;F000844;Ali Demir;Marmara;Hırdavat;Satış;4861.68
27.06.2025;F000845;Selin Kaya;Marmara;Yalıtım;Satış;6402.75
27.06.2025;F000846;Selin Kaya;Marmara;Hırdavat;Satış;7055.16
27.06.2025;F000847;Burak Şahin;Ege;Boya;Satış;13253.93
27.06.2025;F000848;Ece Yıldız;Ege;Boya;Satış;26785.34
27.06.2025;F000849;Ece Yıldız;Ege;Yalıtım;Satış;18921.74
30.06.2025;F000850;Ali Demir;Marmara;Boya;Satış;10818.29
30.06.2025;F000851;Selin Kaya;Marmara;Yalıtım;Satış;14741.92
30.06.2025;F000852;Burak Şahin;Ege;Hırdavat;Satış;9353.52
30.06.2025;F000853;Ece Yıldız;Ege;Boya;Satış;16347.95
30.06.2025;F000854;Ece Yıldız;Ege;Yalıtım;Satış;12110.81
30.06.2025;F000855;Ece Yıldız;Ege;Hırdavat;Satış;4788.38
01.07.2025;F000856;Ali Demir;Marmara;Hırdavat;Satış;10265.05
01.07.2025;F000857;Selin Kaya;Marmara;Yalıtım;Satış;6133.68
01.07.2025;F000858;Burak Şahin;Ege;Boya;Satış;18144.53
01.07.2025;F000859;Burak Şahin;Ege;Hırdavat;Satış;7660.57
01.07.2025;F000860;Ece Yıldız;Ege;Boya;Satış;14530.97
01.07.2025;F000861;Ece Yıldız;Ege;Hırdavat;Satış;4415.47
02.07.2025;F000862;Ali Demir;Marmara;Yalıtım;Satış;6593.27
02.07.2025;F000863;Ali Demir;Marmara;Hırdavat;Satış;4768.50
02.07.2025;F000864;Selin Kaya;Marmara;Boya;Satış;23257.81
02.07.2025;F000865;Burak Şahin;Ege;Boya;Satış;19176.44
02.07.2025;F000866;Burak Şahin;Ege;Hırdavat;Satış;7365.03
02.07.2025;F000867;Ece Yıldız;Ege;Yalıtım;Satış;13413.02
03.07.2025;F000868;Ali Demir;Marmara;Yalıtım;Satış;7458.56
03.07.2025;F000869;Ali Demir;Marmara;Hırdavat;Satış;12193.41
03.07.2025;F000870;Selin Kaya;Marmara;Boya;Satış;17752.48
03.07.2025;F000871;Burak Şahin;Ege;Boya;Satış;14942.46
03.07.2025;F000872;Burak Şahin;Ege;Hırdavat;Satış;5568.85
03.07.2025;F000873;Ece Yıldız;Ege;Boya;Satış;25306.28
03.07.2025;F000874;Ece Yıldız;Ege;Yalıtım;Satış;11555.46
03.07.2025;F000875;Ece Yıldız;Ege;Hırdavat;Satış;9191.64
04.07.2025;F000876;Selin Kaya;Marmara;Boya;Satış;22408.20
04.07.2025;F000877;Selin Kaya;Marmara;Yalıtım;Satış;8525.14
04.07.2025;F000878;Selin Kaya;Marmara;Hırdavat;Satış;5929.58
04.07.2025;F000879;Burak Şahin;Ege;Hırdavat;Satış;5748.58
04.07.2025;F000880;Ece Yıldız;Ege;Boya;Satış;10705.34
04.07.2025;F000881;Ece Yıldız;Ege;Yalıtım;Satış;6932.58
07.07.2025;F000882;Ali Demir;Marmara;Boya;Satış;18089.38
07.07.2025;F000883;Ali Demir;Marmara;Hırdavat;Satış;5941.29
07.07.2025;F000884;Selin Kaya;Marmara;Yalıtım;Satış;11081.85
07.07.2025;F000885;Selin Kaya;Marmara;Hırdavat;Satış;6287.18
07.07.2025;F000886;Burak Şahin;Ege;Yalıtım;Satış;6466.58
07.07.2025;F000887;Burak Şahin;Ege;Hırdavat;Satış;7016.55
07.07.2025;F000888;Ece Yıldız;Ege;Hırdavat;Satış;5314.83
08.07.2025;F000889;Selin Kaya;Marmara;Boya;Satış;24823.48
08.07.2025;F000890;Selin Kaya;Marmara;Yalıtım;Satış;17637.92
08.07.2025;F000891;Selin Kaya;Marmara;Hırdavat;Satış;10042.56
08.07.2025;F000892;Burak Şahin;Ege;Boya;Satış;12918.85
08.07.2025;F000893;Burak Şahin;Ege;Yalıtım;Satış;8515.11
08.07.2025;F000894;Burak Şahin;Ege;Hırdavat;Satış;4860.24
08.07.2025;F000895;Ece Yıldız;Ege;Boya;İade;23647.06
08.07.2025;F000896;Ece Yıldız;Ege;Yalıtım;Satış;12700.39
09.07.2025;F000897;Ali Demir;Marmara;Yalıtım;Satış;8429.45
09.07.2025;F000898;Selin Kaya;Marmara;Boya;İade;9056.05
09.07.2025;F000899;Burak Şahin;Ege;Boya;Satış;11898.22
09.07.2025;F000900;Burak Şahin;Ege;Yalıtım;Satış;9239.42
09.07.2025;F000901;Burak Şahin;Ege;Hırdavat;Satış;5387.17
09.07.2025;F000902;Ece Yıldız;Ege;Hırdavat;Satış;10346.14
10.07.2025;F000903;Ali Demir;Marmara;Boya;Satış;12005.89
10.07.2025;F000904;Ali Demir;Marmara;Yalıtım;Satış;8160.73
10.07.2025;F000905;Selin Kaya;Marmara;Boya;Satış;8020.79
10.07.2025;F000906;Selin Kaya;Marmara;Yalıtım;Satış;11582.78
10.07.2025;F000907;Burak Şahin;Ege;Yalıtım;Satış;8172.24
10.07.2025;F000908;Burak Şahin;Ege;Hırdavat;Satış;7258.61
10.07.2025;F000909;Ece Yıldız;Ege;Hırdavat;Satış;6211.22
11.07.2025;F000910;Ali Demir;Marmara;Boya;Satış;10170.90
11.07.2025;F000911;Ali Demir;Marmara;Yalıtım;Satış;8049.34
11.07.2025;F000912;Selin Kaya;Marmara;Boya;Satış;9320.18
11.07.2025;F000913;Selin Kaya;Marmara;Yalıtım;Satış;16709.19
11.07.2025;F000914;Selin Kaya;Marmara;Hırdavat;Satış;9691.42
11.07.2025;F000915;Burak Şahin;Ege;Boya;Satış;18968.37
11.07.2025;F000916;Burak Şahin;Ege;Yalıtım;Satış;5225.18
11.07.2025;F000917;Burak Şahin;Ege;Hırdavat;Satış;4146.92
11.07.2025;F000918;Ece Yıldız;Ege;Yalıtım;Satış;17243.54
14.07.2025;F000919;Ali Demir;Marmara;Boya;Satış;28723.56
14.07.2025;F000920;Selin Kaya;Marmara;Boya;Satış;14753.58
14.07.2025;F000921;Selin Kaya;Marmara;Yalıtım;Satış;6850.38
14.07.2025;F000922;Burak Şahin;Ege;Boya;İade;21280.26
14.07.2025;F000923;Burak Şahin;Ege;Yalıtım;Satış;12384.55
15.07.2025;F000924;Ali Demir;Marmara;Hırdavat;Satış;9081.22
15.07.2025;F000925;Selin Kaya;Marmara;Boya;Satış;17350.57
15.07.2025;F000926;Selin Kaya;Marmara;Yalıtım;Satış;6673.43
15.07.2025;F000927;Selin Kaya;Marmara;Hırdavat;Satış;7487.75
15.07.2025;F000928;Ece Yıldız;Ege;Hırdavat;Satış;7802.96
16.07.2025;F000929;Ali Demir;Marmara;Yalıtım;Satış;9699.98
16.07.2025;F000930;Ali Demir;Marmara;Hırdavat;Satış;4749.95
16.07.2025;F000931;Selin Kaya;Marmara;Boya;Satış;16185.01
16.07.2025;F000932;Selin Kaya;Marmara;Yalıtım;Satış;9220.77
16.07.2025;F000933;Selin Kaya;Marmara;Hırdavat;Satış;5446.19
16.07.2025;F000934;Burak Şahin;Ege;Hırdavat;Satış;6705.68
16.07.2025;F000935;Ece Yıldız;Ege;Boya;Satış;18099.38
16.07.2025;F000936;Ece Yıldız;Ege;Yalıtım;Satış;11897.95
16.07.2025;F000937;Ece Yıldız;Ege;Hırdavat;Satış;8768.83
17.07.2025;F000938;Selin Kaya;Marmara;Yalıtım;Satış;13881.09
17.07.2025;F000939;Selin Kaya;Marmara;Hırdavat;Satış;5227.68
17.07.2025;F000940;Burak Şahin;Ege;Boya;Satış;13025.62
17.07.2025;F000941;Burak Şahin;Ege;Yalıtım;Satış;13925.83
17.07.2025;F000942;Ece Yıldız;Ege;Boya;Satış;15847.87
17.07.2025;F000943;Ece Yıldız;Ege;Yalıtım;Satış;8792.66
17.07.2025;F000944;Ece Yıldız;Ege;Hırdavat;Satış;10969.07
18.07.2025;F000945;Ali Demir;Marmara;Hırdavat;Satış;4236.93
18.07.2025;F000946;Selin Kaya;Marmara;Yalıtım;Satış;17866.22
18.07.2025;F000947;Selin Kaya;Marmara;Hırdavat;Satış;8855.51
18.07.2025;F000948;Burak Şahin;Ege;Boya;Satış;14194.40
18.07.2025;F000949;Burak Şahin;Ege;Yalıtım;Satış;14464.59
18.07.2025;F000950;Burak Şahin;Ege;Hırdavat;Satış;4017.68
18.07.2025;F000951;Ece Yıldız;Ege;Boya;Satış;22520.57
18.07.2025;F000952;Ece Yıldız;Ege;Yalıtım;Satış;15748.93
21.07.2025;F000953;Ali Demir;Marmara;Boya;İade;16282.40
21.07.2025;F000954;Ali Demir;Marmara;Yalıtım;Satış;15858.09
21.07.2025;F000955;Ali Demir;Marmara;Hırdavat;İade;4704.47
21.07.2025;F000956;Selin Kaya;Marmara;Boya;Satış;12059.03
21.07.2025;F000957;Selin Kaya;Marmara;Hırdavat;Satış;11118.19
21.07.2025;F000958;Burak Şahin;Ege;Boya;Satış;18653.63
21.07.2025;F000959;Burak Şahin;Ege;Yalıtım;Satış;13161.97
22.07.2025;F000960;Ali Demir;Marmara;Yalıtım;Satış;8043.97
22.07.2025;F000961;Ali Demir;Marmara;Hırdavat;Satış;11707.20
22.07.2025;F000962;Selin Kaya;Marmara;Yalıtım;Satış;16862.83
22.07.2025;F000963;Selin Kaya;Marmara;Hırdavat;Satış;8032.27
22.07.2025;F000964;Burak Şahin;Ege;Boya;Satış;13576.92
22.07.2025;F000965;Burak Şahin;Ege;Yalıtım;Satış;8202.76
22.07.2025;F000966;Burak Şahin;Ege;Hırdavat;Satış;3909.88
22.07.2025;F000967;Ece Yıldız;Ege;Boya;Satış;14477.55
22.07.2025;F000968;Ece Yıldız;Ege;Yalıtım;Satış;15869.57
23.07.2025;F000969;Ali Demir;Marmara;Yalıtım;Satış;11217.81
23.07.2025;F000970;Selin Kaya;Marmara;Yalıtım;Satış;16169.96
23.07.2025;F000971;Burak Şahin;Ege;Yalıtım;Satış;10389.57
24.07.2025;F000972;Ali Demir;Marmara;Yalıtım;Satış;9960.70
24.07.2025;F000973;Selin Kaya;Marmara;Hırdavat;Satış;6122.81
24.07.2025;F000974;Ece Yıldız;Ege;Yalıtım;Satış;8207.02
25.07.2025;F000975;Selin Kaya;Marmara;Boya;Satış;8415.64
25.07.2025;F000976;Selin Kaya;Marmara;Yalıtım;Satış;8159.60
25.07.2025;F000977;Burak Şahin;Ege;Boya;İade;8198.68
25.07.2025;F000978;Burak Şahin;Ege;Yalıtım;Satış;6210.66
25.07.2025;F000979;Burak Şahin;Ege;Hırdavat;Satış;4633.94
25.07.2025;F000980;Ece Yıldız;Ege;Boya;Satış;10968.18
25.07.2025;F000981;Ece Yıldız;Ege;Yalıtım;Satış;14202.70
28.07.2025;F000982;Ali Demir;Marmara;Boya;Satış;14796.72
28.07.2025;F000983;Ali Demir;Marmara;Yalıtım;Satış;15663.64
28.07.2025;F000984;Ali Demir;Marmara;Hırdavat;Satış;8093.63
28.07.2025;F000985;Selin Kaya;Marmara;Boya;Satış;17506.43
28.07.2025;F000986;Selin Kaya;Marmara;Yalıtım;Satış;15156.13
28.07.2025;F000987;Selin Kaya;Marmara;Hırdavat;Satış;6067.28
28.07.2025;F000988;Burak Şahin;Ege;Yalıtım;Satış;11334.30
28.07.2025;F000989;Ece Yıldız;Ege;Hırdavat;Satış;4347.17
29.07.2025;F000990;Selin Kaya;Marmara;Yalıtım;Satış;16495.40
29.07.2025;F000991;Selin Kaya;Marmara;Hırdavat;Satış;4959.39
29.07.2025;F000992;Burak Şahin;Ege;Boya;Satış;11698.87
29.07.2025;F000993;Ece Yıldız;Ege;Hırdavat;Satış;9699.84
30.07.2025;F000994;Ali Demir;Marmara;Yalıtım;Satış;15770.78
30.07.2025;F000995;Selin Kaya;Marmara;Boya;Satış;22849.43
30.07.2025;F000996;Selin Kaya;Marmara;Yalıtım;Satış;11920.37
30.07.2025;F000997;Selin Kaya;Marmara;Hırdavat;Satış;11457.81
30.07.2025;F000998;Burak Şahin;Ege;Boya;Satış;17321.38
30.07.2025;F000999;Ece Yıldız;Ege;Boya;Satış;8593.41
31.07.2025;F001000;Ali Demir;Marmara;Boya;Satış;14234.40
31.07.2025;F001001;Selin Kaya;Marmara;Boya;Satış;11720.01
31.07.2025;F001002;Burak Şahin;Ege;Yalıtım;Satış;8144.77
31.07.2025;F001003;Burak Şahin;Ege;Hırdavat;Satış;5428.63
31.07.2025;F001004;Ece Yıldız;Ege;Boya;Satış;22161.15
31.07.2025;F001005;Ece Yıldız;Ege;Yalıtım;Satış;16692.88
31.07.2025;F001006;Ece Yıldız;Ege;Hırdavat;Satış;10556.26
01.08.2025;F001007;Ali Demir;Marmara;Boya;Satış;29746.71
01.08.2025;F001008;Ali Demir;Marmara;Yalıtım;Satış;17625.32
01.08.2025;F001009;Ali Demir;Marmara;Hırdavat;Satış;11647.84
01.08.2025;F001010;Selin Kaya;Marmara;Yalıtım;İade;10457.45
01.08.2025;F001011;Selin Kaya;Marmara;Hırdavat;Satış;6765.58
01.08.2025;F001012;Burak Şahin;Ege;Hırdavat;Satış;8246.65
01.08.2025;F001013;Ece Yıldız;Ege;Hırdavat;Satış;10828.51
04.08.2025;F001014;Ali Demir;Marmara;Yalıtım;Satış;9306.95
04.08.2025;F001015;Selin Kaya;Marmara;Yalıtım;Satış;11912.17
04.08.2025;F001016;Burak Şahin;Ege;Boya;Satış;21156.69
04.08.2025;F001017;Ece Yıldız;Ege;Yalıtım;Satış;18809.74
04.08.2025;F001018;Ece Yıldız;Ege;Hırdavat;Satış;10668.14
05.08.2025;F001019;Ali Demir;Marmara;Boya;Satış;27467.18
05.08.2025;F001020;Ali Demir;Marmara;Yalıtım;Satış;7810.52
05.08.2025;F001021;Ali Demir;Marmara;Hırdavat;Satış;11795.50
05.08.2025;F001022;Selin Kaya;Marmara;Hırdavat;Satış;11203.25
05.08.2025;F001023;Burak Şahin;Ege;Boya;Satış;15440.61
05.08.2025;F001024;Burak Şahin;Ege;Hırdavat;Satış;4747.22
05.08.2025;F001025;Ece Yıldız;Ege;Boya;Satış;12937.43
05.08.2025;F001026;Ece Yıldız;Ege;Yalıtım;Satış;8415.99
05.08.2025;F001027;Ece Yıldız;Ege;Hırdavat;Satış;10914.02
06.08.2025;F001028;Ali Demir;Marmara;Boya;Satış;23710.87
06.08.2025;F001029;Ali Demir;Marmara;Yalıtım;Satış;14484.17
06.08.2025;F001030;Selin Kaya;Marmara;Yalıtım;Satış;10411.83
06.08.2025;F001031;Selin Kaya;Marmara;Hırdavat;Satış;7727.14
06.08.2025;F001032;Burak Şahin;Ege;Boya;Satış;7382.12
06.08.2025;F001033;Burak Şahin;Ege;Yalıtım;Satış;9516.20
06.08.2025;F001034;Ece Yıldız;Ege;Yalıtım;İade;14237.99
06.08.2025;F001035;Ece Yıldız;Ege;Hırdavat;Satış;10719.49
07.08.2025;F001036;Ali Demir;Marmara;Boya;Satış;26914.79
07.08.2025;F001037;Ali Demir;Marmara;Hırdavat;Satış;7016.58
07.08.2025;F001038;Selin Kaya;Marmara;Boya;Satış;8020.37
07.08.2025;F001039;Burak Şahin;Ege;Boya;Satış;18308.70
07.08.2025;F001040;Burak Şahin;Ege;Yalıtım;Satış;15355.96
07.08.2025;F001041;Burak Şahin;Ege;Hırdavat;Satış;7960.41
07.08.2025;F001042;Ece Yıldız;Ege;Boya;Satış;17427.43
08.08.2025;F001043;Ali Demir;Marmara;Hırdavat;Satış;7445.58
08.08.2025;F001044;Selin Kaya;Marmara;Yalıtım;Satış;15500.60
08.08.2025;F001045;Selin Kaya;Marmara;Hırdavat;Satış;7427.03
08.08.2025;F001046;Burak Şahin;Ege;Boya;Satış;19262.88
08.08.2025;F001047;Burak Şahin;Ege;Hırdavat;Satış;9330.77
08.08.2025;F001048;Ece Yıldız;Ege;Boya;Satış;9976.97
11.08.2025;F001049;Ali Demir;Marmara;Hırdavat;Satış;5677.84
11.08.2025;F001050;Selin Kaya;Marmara;Yalıtım;Satış;16362.95
11.08.2025;F001051;Burak Şahin;Ege;Boya;Satış;21542.12
11.08.2025;F001052;Burak Şahin;Ege;Yalıtım;Satış;10898.31
11.08.2025;F001053;Ece Yıldız;Ege;Boya;Satış;21896.59
11.08.2025;F001054;Ece Yıldız;Ege;Yalıtım;Satış;9699.55
11.08.2025;F001055;Ece Yıldız;Ege;Hırdavat;Satış;5596.02
12.08.2025;F001056;Ali Demir;Marmara;Yalıtım;Satış;15293.26
12.08.2025;F001057;Selin Kaya;Marmara;Boya;Satış;21898.21
12.08.2025;F001058;Burak Şahin;Ege;Yalıtım;Satış;5777.35
12.08.2025;F001059;Ece Yıldız;Ege;Boya;Satış;17565.34
12.08.2025;F001060;Ece Yıldız;Ege;Yalıtım;Satış;17478.10
13.08.2025;F001061;Ali Demir;Marmara;Boya;Satış;26653.32
13.08.2025;F001062;Ali Demir;Marmara;Hırdavat;Satış;10044.69
13.08.2025;F001063;Selin Kaya;Marmara;Yalıtım;Satış;12051.75
13.08.2025;F001064;Selin Kaya;Marmara;Hırdavat;Satış;11222.79
13.08.2025;F001065;Burak Şahin;Ege;Boya;Satış;9984.42
13.08.2025;F001066;Ece Yıldız;Ege;Yalıtım;Satış;17600.14
13.08.2025;F001067;Ece Yıldız;Ege;Hırdavat;Satış;4565.18
14.08.2025;F001068;Ali Demir;Marmara;Boya;Satış;19337.97
14.08.2025;F001069;Ali Demir;Marmara;Yalıtım;Satış;10131.16
14.08.2025;F001070;Ali Demir;Marmara;Hırdavat;Satış;8248.62
14.08.2025;F001071;Selin Kaya;Marmara;Boya;Satış;10454.29
14.08.2025;F001072;Selin Kaya;Marmara;Yalıtım;Satış;16413.85
14.08.2025;F001073;Selin Kaya;Marmara;Hırdavat;Satış;3674.47
14.08.2025;F001074;Burak Şahin;Ege;Boya;Satış;18336.33
14.08.2025;F001075;Burak Şahin;Ege;Hırdavat;Satış;8091.04
15.08.2025;F001076;Ali Demir;Marmara;Boya;Satış;14216.39
15.08.2025;F001077;Selin Kaya;Marmara;Boya;Satış;18564.42
15.08.2025;F001078;Selin Kaya;Marmara;Yalıtım;Satış;9587.95
15.08.2025;F001079;Selin Kaya;Marmara;Hırdavat;Satış;6167.37
15.08.2025;F001080;Burak Şahin;Ege;Boya;Satış;8515.57
15.08.2025;F001081;Burak Şahin;Ege;Hırdavat;Satış;5006.95
15.08.2025;F001082;Ece Yıldız;Ege;Yalıtım;Satış;12934.30
15.08.2025;F001083;Ece Yıldız;Ege;Hırdavat;Satış;6519.45
18.08.2025;F001084;Ali Demir;Marmara;Boya;Satış;24725.67
18.08.2025;F001085;Ali Demir;Marmara;Yalıtım;Satış;12562.42
18.08.2025;F001086;Ali Demir;Marmara;Hırdavat;Satış;5279.05
18.08.2025;F001087;Selin Kaya;Marmara;Yalıtım;Satış;16450.86
18.08.2025;F001088;Burak Şahin;Ege;Boya;Satış;20095.70
18.08.2025;F001089;Burak Şahin;Ege;Yalıtım;Satış;10398.32
18.08.2025;F001090;Ece Yıldız;Ege;Hırdavat;Satış;5763.70
19.08.2025;F001091;Ali Demir;Marmara;Boya;Satış;13738.87
19.08.2025;F001092;Ali Demir;Marmara;Yalıtım;Satış;10764.62
19.08.2025;F001093;Ali Demir;Marmara;Hırdavat;Satış;13005.25
19.08.2025;F001094;Burak Şahin;Ege;Boya;Satış;7520.75
19.08.2025;F001095;Burak Şahin;Ege;Yalıtım;Satış;15444.20
19.08.2025;F001096;Ece Yıldız;Ege;Yalıtım;Satış;16028.57
19.08.2025;F001097;Ece Yıldız;Ege;Hırdavat;Satış;9376.01
20.08.2025;F001098;Ali Demir;Marmara;Yalıtım;İade;16043.75
20.08.2025;F001099;Ali Demir;Marmara;Hırdavat;Satış;8162.42
20.08.2025;F001100;Selin Kaya;Marmara;Boya;Satış;11781.05
20.08.2025;F001101;Selin Kaya;Marmara;Yalıtım;Satış;11870.63
20.08.2025;F001102;Burak Şahin;Ege;Boya;Satış;21048.14
20.08.2025;F001103;Burak Şahin;Ege;Hırdavat;Satış;7186.39
20.08.2025;F001104;Ece Yıldız;Ege;Yalıtım;Satış;16279.27
21.08.2025;F001105;Ali Demir;Marmara;Hırdavat;Satış;11740.64
21.08.2025;F001106;Selin Kaya;Marmara;Hırdavat;Satış;3924.94
21.08.2025;F001107;Burak Şahin;Ege;Boya;Satış;17187.56
21.08.2025;F001108;Burak Şahin;Ege;Hırdavat;Satış;8859.27
21.08.2025;F001109;Ece Yıldız;Ege;Yalıtım;Satış;18003.66
22.08.2025;F001110;Ali Demir;Marmara;Boya;Satış;19249.00
22.08.2025;F001111;Ali Demir;Marmara;Yalıtım;Satış;19891.03
22.08.2025;F001112;Selin Kaya;Marmara;Boya;Satış;21063.60
22.08.2025;F001113;Selin Kaya;Marmara;Yalıtım;Satış;9575.15
22.08.2025;F001114;Selin Kaya;Marmara;Hırdavat;Satış;11233.68
22.08.2025;F001115;Ece Yıldız;Ege;Boya;Satış;10399.45
22.08.2025;F001116;Ece Yıldız;Ege;Yalıtım;Satış;7174.58
25.08.2025;F001117;Ali Demir;Marmara;Boya;Satış;15181.69
25.08.2025;F001118;Ali Demir;Marmara;Yalıtım;Satış;18770.25
25.08.2025;F001119;Ali Demir;Marmara;Hırdavat;Satış;4602.18
25.08.2025;F001120;Burak Şahin;Ege;Yalıtım;Satış;9666.21
25.08.2025;F001121;Ece Yıldız;Ege;Boya;Satış;17156.96
26.08.2025;F001122;Ali Demir;Marmara;Boya;Satış;27268.24
26.08.2025;F001123;Ali Demir;Marmara;Yalıtım;Satış;13019.43
26.08.2025;F001124;Selin Kaya;Marmara;Yalıtım;Satış;7657.70
26.08.2025;F001125;Selin Kaya;Marmara;Hırdavat;Satış;8480.02
26.08.2025;F001126;Burak Şahin;Ege;Yalıtım;Satış;8801.48
26.08.2025;F001127;Ece Yıldız;Ege;Yalıtım;Satış;7617.63
26.08.2025;F001128;Ece Yıldız;Ege;Hırdavat;Satış;11379.85
27.08.2025;F001129;Ali Demir;Marmara;Boya;Satış;19051.59
27.08.2025;F001130;Selin Kaya;Marmara;Yalıtım;Satış;12698.04
27.08.2025;F001131;Burak Şahin;Ege;Boya;Satış;16757.02
27.08.2025;F001132;Burak Şahin;Ege;Yalıtım;Satış;11005.72
27.08.2025;F001133;Burak Şahin;Ege;Hırdavat;Satış;5012.20
27.08.2025;F001134;Ece Yıldız;Ege;Boya;Satış;21228.21
27.08.2025;F001135;Ece Yıldız;Ege;Yalıtım;Satış;12178.30
27.08.2025;F001136;Ece Yıldız;Ege;Hırdavat;Satış;6413.28
28.08.2025;F001137;Ali Demir;Marmara;Yalıtım;Satış;17575.35
28.08.2025;F001138;Ali Demir;Marmara;Hırdavat;Satış;6849.35
28.08.2025;F001139;Selin Kaya;Marmara;Boya;Satış;15119.16
28.08.2025;F001140;Burak Şahin;Ege;Boya;Satış;11456.26
28.08.2025;F001141;Burak Şahin;Ege;Yalıtım;Satış;6085.10
28.08.2025;F001142;Burak Şahin;Ege;Hırdavat;Satış;3347.76
28.08.2025;F001143;Ece Yıldız;Ege;Boya;Satış;12057.62
29.08.2025;F001144;Ali Demir;Marmara;Yalıtım;Satış;6909.63
29.08.2025;F001145;Ali Demir;Marmara;Hırdavat;Satış;8080.61
29.08.2025;F001146;Selin Kaya;Marmara;Boya;Satış;10953.06
29.08.2025;F001147;Ece Yıldız;Ege;Boya;Satış;20923.65
01.09.2025;F001148;Ali Demir;Marmara;Yalıtım;Satış;18068.87
01.09.2025;F001149;Ali Demir;Marmara;Hırdavat;İade;5684.89
01.09.2025;F001150;Selin Kaya;Marmara;Boya;Satış;11251.70
01.09.2025;F001151;Selin Kaya;Marmara;Yalıtım;Satış;9592.70
01.09.2025;F001152;Burak Şahin;Ege;Boya;Satış;6998.90
01.09.2025;F001153;Burak Şahin;Ege;Yalıtım;Satış;12773.23
01.09.2025;F001154;Burak Şahin;Ege;Hırdavat;Satış;3321.03
01.09.2025;F001155;Ece Yıldız;Ege;Boya;Satış;16803.48
01.09.2025;F001156;Ece Yıldız;Ege;Hırdavat;Satış;10653.55
02.09.2025;F001157;Ali Demir;Marmara;Boya;Satış;29483.40
02.09.2025;F001158;Ali Demir;Marmara;Hırdavat;Satış;12340.29
02.09.2025;F001159;Selin Kaya;Marmara;Hırdavat;Satış;9829.08
02.09.2025;F001160;Burak Şahin;Ege;Boya;Satış;18129.23
02.09.2025;F001161;Burak Şahin;Ege;Yalıtım;Satış;13762.85
02.09.2025;F001162;Ece Yıldız;Ege;Boya;Satış;12070.99
02.09.2025;F001163;Ece Yıldız;Ege;Yalıtım;Satış;9353.27
03.09.2025;F001164;Ali Demir;Marmara;Boya;Satış;29375.29
03.09.2025;F001165;Selin Kaya;Marmara;Boya;Satış;15152.77
03.09.2025;F001166;Selin Kaya;Marmara;Hırdavat;Satış;7068.90
03.09.2025;F001167;Burak Şahin;Ege;Boya;Satış;8066.54
03.09.2025;F001168;Burak Şahin;Ege;Hırdavat;Satış;4917.32
03.09.2025;F001169;Ece Yıldız;Ege;Boya;Satış;26535.88
03.09.2025;F001170;Ece Yıldız;Ege;Yalıtım;Satış;15447.65
03.09.2025;F001171;Ece Yıldız;Ege;Hırdavat;Satış;6080.54
04.09.2025;F001172;Ali Demir;Marmara;Boya;Satış;23781.29
04.09.2025;F001173;Ali Demir;Marmara;Yalıtım;Satış;13302.36
04.09.2025;F001174;Selin Kaya;Marmara;Hırdavat;Satış;11481.95
04.09.2025;F001175;Burak Şahin;Ege;Boya;Satış;17224.97
04.09.2025;F001176;Burak Şahin;Ege;Yalıtım;Satış;13574.02
04.09.2025;F001177;Ece Yıldız;Ege;Hırdavat;Satış;4422.28
05.09.2025;F001178;Ali Demir;Marmara;Boya;Satış;18408.31
05.09.2025;F001179;Ali Demir;Marmara;Yalıtım;Satış;17744.81
05.09.2025;F001180;Ali Demir;Marmara;Hırdavat;Satış;7894.93
05.09.2025;F001181;Selin Kaya;Marmara;Hırdavat;Satış;6458.94
05.09.2025;F001182;Burak Şahin;Ege;Boya;Satış;19943.30
05.09.2025;F001183;Burak Şahin;Ege;Yalıtım;Satış;7044.84
05.09.2025;F001184;Ece Yıldız;Ege;Boya;Satış;17836.54
05.09.2025;F001185;Ece Yıldız;Ege;Yalıtım;Satış;11142.00
08.09.2025;F001186;Burak Şahin;Ege;Hırdavat;Satış;5002.98
08.09.2025;F001187;Ece Yıldız;Ege;Boya;Satış;15767.20
08.09.2025;F001188;Ece Yıldız;Ege;Yalıtım;Satış;12466.92
09.09.2025;F001189;Ali Demir;Marmara;Yalıtım;Satış;12376.00
09.09.2025;F001190;Ali Demir;Marmara;Hırdavat;Satış;13239.51
09.09.2025;F001191;Selin Kaya;Marmara;Boya;Satış;11116.60
09.09.2025;F001192;Selin Kaya;Marmara;Yalıtım;Satış;15992.04
09.09.2025;F001193;Selin Kaya;Marmara;Hırdavat;Satış;10510.43
09.09.2025;F001194;Burak Şahin;Ege;Hırdavat;Satış;7020.80
09.09.2025;F001195;Ece Yıldız;Ege;Boya;Satış;26317.73
09.09.2025;F001196;Ece Yıldız;Ege;Hırdavat;Satış;4264.14
10.09.2025;F001197;Ali Demir;Marmara;Boya;Satış;28532.43
10.09.2025;F001198;Selin Kaya;Marmara;Yalıtım;Satış;5928.32
10.09.2025;F001199;Burak Şahin;Ege;Boya;Satış;10106.54
10.09.2025;F001200;Ece Yıldız;Ege;Boya;Satış;19217.63
10.09.2025;F001201;Ece Yıldız;Ege;Yalıtım;Satış;8301.72
10.09.2025;F001202;Ece Yıldız;Ege;Hırdavat;Satış;8240.36
11.09.2025;F001203;Ali Demir;Marmara;Boya;Satış;24919.66
11.09.2025;F001204;Ali Demir;Marmara;Yalıtım;Satış;20387.37
11.09.2025;F001205;Ali Demir;Marmara;Hırdavat;İade;9789.98
11.09.2025;F001206;Selin Kaya;Marmara;Boya;Satış;21481.54
11.09.2025;F001207;Selin Kaya;Marmara;Hırdavat;Satış;5890.75
11.09.2025;F001208;Burak Şahin;Ege;Yalıtım;Satış;7506.68
11.09.2025;F001209;Ece Yıldız;Ege;Boya;Satış;24695.15
12.09.2025;F001210;Ali Demir;Marmara;Boya;Satış;21308.98
12.09.2025;F001211;Ali Demir;Marmara;Yalıtım;Satış;12411.78
12.09.2025;F001212;Ali Demir;Marmara;Hırdavat;İade;9411.84
12.09.2025;F001213;Selin Kaya;Marmara;Hırdavat;Satış;9555.75
12.09.2025;F001214;Burak Şahin;Ege;Boya;Satış;12817.69
12.09.2025;F001215;Burak Şahin;Ege;Yalıtım;Satış;5242.91
12.09.2025;F001216;Ece Yıldız;Ege;Yalıtım;Satış;9806.23
12.09.2025;F001217;Ece Yıldız;Ege;Hırdavat;Satış;6002.13
15.09.2025;F001218;Ali Demir;Marmara;Boya;Satış;13479.07
15.09.2025;F001219;Ali Demir;Marmara;Yalıtım;Satış;13067.01
15.09.2025;F001220;Ali Demir;Marmara;Hırdavat;Satış;10534.50
15.09.2025;F001221;Selin Kaya;Marmara;Boya;Satış;20418.71
15.09.2025;F001222;Selin Kaya;Marmara;Yalıtım;Satış;16869.00
15.09.2025;F001223;Burak Şahin;Ege;Boya;Satış;10107.77
15.09.2025;F001224;Burak Şahin;Ege;Yalıtım;Satış;12882.14
15.09.2025;F001225;Burak Şahin;Ege;Hırdavat;Satış;8105.24
15.09.2025;F001226;Ece Yıldız;Ege;Yalıtım;Satış;18788.83
15.09.2025;F001227;Ece Yıldız;Ege;Hırdavat;Satış;11740.03
16.09.2025;F001228;Ali Demir;Marmara;Yalıtım;Satış;12443.59
16.09.2025;F001229;Ali Demir;Marmara;Hırdavat;Satış;9312.09
16.09.2025;F001230;Selin Kaya;Marmara;Boya;Satış;18002.71
16.09.2025;F001231;Selin Kaya;Marmara;Yalıtım;Satış;6245.23
16.09.2025;F001232;Burak Şahin;Ege;Hırdavat;Satış;4960.09
16.09.2025;F001233;Ece Yıldız;Ege;Boya;Satış;12074.18
16.09.2025;F001234;Ece Yıldız;Ege;Hırdavat;Satış;5762.26
17.09.2025;F001235;Ali Demir;Marmara;Yalıtım;Satış;17973.60
17.09.2025;F001236;Selin Kaya;Marmara;Boya;Satış;11565.55
17.09.2025;F001237;Burak Şahin;Ege;Boya;Satış;19427.23
17.09.2025;F001238;Ece Yıldız;Ege;Boya;Satış;16262.32
17.09.2025;F001239;Ece Yıldız;Ege;Yalıtım;Satış;9103.42
18.09.2025;F001240;Ali Demir;Marmara;Hırdavat;Satış;11341.97
18.09.2025;F001241;Selin Kaya;Marmara;Boya;Satış;13009.39
18.09.2025;F001242;Burak Şahin;Ege;Boya;Satış;15745.38
18.09.2025;F001243;Burak Şahin;Ege;Yalıtım;Satış;5355.30
18.09.2025;F001244;Burak Şahin;Ege;Hırdavat;Satış;5371.74
18.09.2025;F001245;Ece Yıldız;Ege;Yalıtım;Satış;13494.75
19.09.2025;F001246;Ali Demir;Marmara;Yalıtım;Satış;18957.88
19.09.2025;F001247;Ali Demir;Marmara;Hırdavat;Satış;10990.66
19.09.2025;F001248;Selin Kaya;Marmara;Boya;Satış;20214.21
19.09.2025;F001249;Selin Kaya;Marmara;Yalıtım;Satış;15054.36
19.09.2025;F001250;Selin Kaya;Marmara;Hırdavat;Satış;6193.17
19.09.2025;F001251;Burak Şahin;Ege;Hırdavat;Satış;5781.96
19.09.2025;F001252;Ece Yıldız;Ege;Boya;Satış;12445.55
19.09.2025;F001253;Ece Yıldız;Ege;Hırdavat;Satış;9080.72
22.09.2025;F001254;Ali Demir;Marmara;Boya;Satış;26726.68
22.09.2025;F001255;Ali Demir;Marmara;Yalıtım;Satış;8107.85
22.09.2025;F001256;Selin Kaya;Marmara;Boya;Satış;9595.74
22.09.2025;F001257;Burak Şahin;Ege;Hırdavat;Satış;8579.27
22.09.2025;F001258;Ece Yıldız;Ege;Yalıtım;Satış;11691.46
22.09.2025;F001259;Ece Yıldız;Ege;Hırdavat;Satış;6651.09
23.09.2025;F001260;Ali Demir;Marmara;Boya;Satış;27899.42
23.09.2025;F001261;Ali Demir;Marmara;Yalıtım;Satış;13580.45
23.09.2025;F001262;Selin Kaya;Marmara;Yalıtım;Satış;6550.89
23.09.2025;F001263;Selin Kaya;Marmara;Hırdavat;Satış;8727.93
23.09.2025;F001264;Burak Şahin;Ege;Boya;Satış;7567.00
23.09.2025;F001265;Burak Şahin;Ege;Yalıtım;Satış;6600.93
23.09.2025;F001266;Burak Şahin;Ege;Hırdavat;Satış;7035.36
23.09.2025;F001267;Ece Yıldız;Ege;Boya;Satış;26404.94
23.09.2025;F001268;Ece Yıldız;Ege;Yalıtım;Satış;10149.25
24.09.2025;F001269;Ali Demir;Marmara;Boya;Satış;18010.96
24.09.2025;F001270;Ali Demir;Marmara;Yalıtım;Satış;7257.78
24.09.2025;F001271;Ali Demir;Marmara;Hırdavat;Satış;8072.15
24.09.2025;F001272;Selin Kaya;Marmara;Boya;Satış;20675.01
24.09.2025;F001273;Burak Şahin;Ege;Boya;Satış;6950.73
24.09.2025;F001274;Burak Şahin;Ege;Hırdavat;Satış;5669.14
24.09.2025;F001275;Ece Yıldız;Ege;Boya;Satış;12044.74
24.09.2025;F001276;Ece Yıldız;Ege;Yalıtım;Satış;11915.51
24.09.2025;F001277;Ece Yıldız;Ege;Hırdavat;Satış;4001.06
25.09.2025;F001278;Ali Demir;Marmara;Hırdavat;Satış;9782.84
25.09.2025;F001279;Selin Kaya;Marmara;Boya;Satış;17713.47
25.09.2025;F001280;Burak Şahin;Ege;Boya;Satış;16918.84
25.09.2025;F001281;Burak Şahin;Ege;Yalıtım;Satış;8301.92
25.09.2025;F001282;Burak Şahin;Ege;Hırdavat;Satış;4787.68
25.09.2025;F001283;Ece Yıldız;Ege;Yalıtım;Satış;6819.02
26.09.2025;F001284;Selin Kaya;Marmara;Yalıtım;Satış;11540.25
26.09.2025;F001285;Burak Şahin;Ege;Boya;Satış;16398.63
26.09.2025;F001286;Burak Şahin;Ege;Yalıtım;Satış;11444.95
26.09.2025;F001287;Ece Yıldız;Ege;Boya;Satış;26546.48
26.09.2025;F001288;Ece Yıldız;Ege;Yalıtım;Satış;6785.51
26.09.2025;F001289;Ece Yıldız;Ege;Hırdavat;Satış;10278.98
29.09.2025;F001290;Ali Demir;Marmara;Boya;Satış;17656.03
29.09.2025;F001291;Ali Demir;Marmara;Yalıtım;Satış;12483.13
29.09.2025;F001292;Selin Kaya;Marmara;Boya;Satış;20776.99
29.09.2025;F001293;Selin Kaya;Marmara;Yalıtım;Satış;7112.17
29.09.2025;F001294;Selin Kaya;Marmara;Hırdavat;Satış;5183.96
29.09.2025;F001295;Burak Şahin;Ege;Boya;Satış;20721.60
29.09.2025;F001296;Burak Şahin;Ege;Yalıtım;Satış;9835.60
29.09.2025;F001297;Burak Şahin;Ege;Hırdavat;Satış;8626.19
29.09.2025;F001298;Ece Yıldız;Ege;Hırdavat;Satış;12136.99
30.09.2025;F001299;Ali Demir;Marmara;Boya;Satış;12191.11
30.09.2025;F001300;Ali Demir;Marmara;Yalıtım;Satış;19491.50
30.09.2025;F001301;Ali Demir;Marmara;Hırdavat;Satış;5481.04
30.09.2025;F001302;Selin Kaya;Marmara;Boya;Satış;14635.07
30.09.2025;F001303;Burak Şahin;Ege;Boya;Satış;13926.16
30.09.2025;F001304;Burak Şahin;Ege;Hırdavat;Satış;7573.23
30.09.2025;F001305;Ece Yıldız;Ege;Boya;Satış;21646.30
30.09.2025;F001306;Ece Yıldız;Ege;Yalıtım;Satış;16651.08
30.09.2025;F001307;Ece Yıldız;Ege;Hırdavat;Satış;5431.91
01.10.2025;F001308;Ali Demir;Marmara;Hırdavat;Satış;9645.50
01.10.2025;F001309;Selin Kaya;Marmara;Boya;Satış;20252.62
01.10.2025;F001310;Selin Kaya;Marmara;Yalıtım;Satış;11082.90
01.10.2025;F001311;Selin Kaya;Marmara;Hırdavat;Satış;5905.99
01.10.2025;F001312;Burak Şahin;Ege;Boya;Satış;15829.92
01.10.2025;F001313;Burak Şahin;Ege;Yalıtım;Satış;5217.59
01.10.2025;F001314;Ece Yıldız;Ege;Boya;Satış;16257.25
01.10.2025;F001315;Ece Yıldız;Ege;Hırdavat;Satış;7365.86
02.10.2025;F001316;Selin Kaya;Marmara;Yalıtım;Satış;17922.80
02.10.2025;F001317;Burak Şahin;Ege;Boya;Satış;17427.40
02.10.2025;F001318;Ece Yıldız;Ege;Boya;Satış;10655.37
02.10.2025;F001319;Ece Yıldız;Ege;Yalıtım;Satış;18694.92
02.10.2025;F001320;Ece Yıldız;Ege;Hırdavat;Satış;10646.45
03.10.2025;F001321;Ali Demir;Marmara;Hırdavat;Satış;13380.21
03.10.2025;F001322;Selin Kaya;Marmara;Boya;Satış;22024.01
03.10.2025;F001323;Selin Kaya;Marmara;Hırdavat;Satış;11078.07
03.10.2025;F001324;Burak Şahin;Ege;Yalıtım;Satış;12951.43
03.10.2025;F001325;Burak Şahin;Ege;Hırdavat;Satış;5313.66
03.10.2025;F001326;Ece Yıldız;Ege;Boya;Satış;17165.34
03.10.2025;F001327;Ece Yıldız;Ege;Hırdavat;Satış;6615.90
06.10.2025;F001328;Ali Demir;Marmara;Boya;Satış;24206.63
06.10.2025;F001329;Ali Demir;Marmara;Yalıtım;Satış;19102.36
06.10.2025;F001330;Ali Demir;Marmara;Hırdavat;Satış;5493.35
06.10.2025;F001331;Selin Kaya;Marmara;Yalıtım;Satış;9633.75
06.10.2025;F001332;Burak Şahin;Ege;Yalıtım;Satış;12607.67
06.10.2025;F001333;Burak Şahin;Ege;Hırdavat;Satış;7808.43
06.10.2025;F001334;Ece Yıldız;Ege;Yalıtım;Satış;10383.10
06.10.2025;F001335;Ece Yıldız;Ege;Hırdavat;Satış;12029.92
07.10.2025;F001336;Ali Demir;Marmara;Boya;Satış;16150.39
07.10.2025;F001337;Ali Demir;Marmara;Yalıtım;Satış;13708.27
07.10.2025;F001338;Ali Demir;Marmara;Hırdavat;Satış;13436.00
07.10.2025;F001339;Selin Kaya;Marmara;Boya;İade;12824.91
07.10.2025;F001340;Selin Kaya;Marmara;Hırdavat;Satış;3730.19
07.10.2025;F001341;Burak Şahin;Ege;Boya;Satış;8626.57
07.10.2025;F001342;Burak Şahin;Ege;Yalıtım;Satış;5596.24
07.10.2025;F001343;Burak Şahin;Ege;Hırdavat;Satış;5439.01
08.10.2025;F001344;Ali Demir;Marmara;Boya;Satış;18740.80
08.10.2025;F001345;Selin Kaya;Marmara;Yalıtım;Satış;14659.18
08.10.2025;F001346;Burak Şahin;Ege;Yalıtım;Satış;5668.59
09.10.2025;F001347;Ali Demir;Marmara;Boya;Satış;14385.38
09.10.2025;F001348;Selin Kaya;Marmara;Boya;Satış;10506.64
09.10.2025;F001349;Selin Kaya;Marmara;Hırdavat;Satış;6269.48
09.10.2025;F001350;Burak Şahin;Ege;Boya;Satış;7057.44
09.10.2025;F001351;Burak Şahin;Ege;Yalıtım;Satış;5359.26
09.10.2025;F001352;Burak Şahin;Ege;Hırdavat;Satış;9443.99
09.10.2025;F001353;Ece Yıldız;Ege;Boya;Satış;15519.92
09.10.2025;F001354;Ece Yıldız;Ege;Yalıtım;Satış;13479.17
10.10.2025;F001355;Ali Demir;Marmara;Boya;Satış;13095.59
10.10.2025;F001356;Ali Demir;Marmara;Yalıtım;Satış;15537.42
10.10.2025;F001357;Selin Kaya;Marmara;Yalıtım;Satış;10954.22
10.10.2025;F001358;Selin Kaya;Marmara;Hırdavat;Satış;8163.92
10.10.2025;F001359;Burak Şahin;Ege;Boya;Satış;14189.68
10.10.2025;F001360;Burak Şahin;Ege;Hırdavat;Satış;7202.03
10.10.2025;F001361;Ece Yıldız;Ege;Yalıtım;Satış;19056.75
13.10.2025;F001362;Ali Demir;Marmara;Boya;Satış;23295.76
13.10.2025;F001363;Ali Demir;Marmara;Hırdavat;Satış;4340.92
13.10.2025;F001364;Selin Kaya;Marmara;Boya;Satış;20317.78
13.10.2025;F001365;Burak Şahin;Ege;Boya;Satış;21885.75
13.10.2025;F001366;Burak Şahin;Ege;Yalıtım;Satış;5641.07
13.10.2025;F001367;Ece Yıldız;Ege;Boya;Satış;19140.18
13.10.2025;F001368;Ece Yıldız;Ege;Hırdavat;Satış;7704.87
14.10.2025;F001369;Ali Demir;Marmara;Yalıtım;Satış;14852.30
14.10.2025;F001370;Ali Demir;Marmara;Hırdavat;Satış;11650.11
14.10.2025;F001371;Selin Kaya;Marmara;Boya;İade;18170.02
14.10.2025;F001372;Selin Kaya;Marmara;Yalıtım;Satış;15090.55
14.10.2025;F001373;Selin Kaya;Marmara;Hırdavat;Satış;11188.24
14.10.2025;F001374;Burak Şahin;Ege;Yalıtım;Satış;10407.60
14.10.2025;F001375;Burak Şahin;Ege;Hırdavat;Satış;6361.65
14.10.2025;F001376;Ece Yıldız;Ege;Yalıtım;Satış;15184.91
15.10.2025;F001377;Ali Demir;Marmara;Boya;Satış;26435.18
15.10.2025;F001378;Ali Demir;Marmara;Yalıtım;Satış;12749.69
15.10.2025;F001379;Ali Demir;Marmara;Hırdavat;Satış;7518.67
15.10.2025;F001380;Selin Kaya;Marmara;Hırdavat;Satış;8176.98
15.10.2025;F001381;Burak Şahin;Ege;Yalıtım;Satış;10149.69
15.10.2025;F001382;Burak Şahin;Ege;Hırdavat;Satış;5890.20
15.10.2025;F001383;Ece Yıldız;Ege;Yalıtım;Satış;11694.05
15.10.2025;F001384;Ece Yıldız;Ege;Hırdavat;Satış;12070.19
16.10.2025;F001385;Ali Demir;Marmara;Boya;Satış;25828.80
16.10.2025;F001386;Ali Demir;Marmara;Yalıtım;Satış;12522.21
16.10.2025;F001387;Ali Demir;Marmara;Hırdavat;Satış;6525.30
16.10.2025;F001388;Selin Kaya;Marmara;Boya;Satış;15026.28
16.10.2025;F001389;Selin Kaya;Marmara;Yalıtım;Satış;12232.47
16.10.2025;F001390;Selin Kaya;Marmara;Hırdavat;Satış;9415.82
16.10.2025;F001391;Ece Yıldız;Ege;Yalıtım;Satış;17709.20
16.10.2025;F001392;Ece Yıldız;Ege;Hırdavat;Satış;4850.55
17.10.2025;F001393;Ali Demir;Marmara;Hırdavat;Satış;12350.50
17.10.2025;F001394;Selin Kaya;Marmara;Boya;Satış;16625.08
17.10.2025;F001395;Burak Şahin;Ege;Hırdavat;Satış;4647.23
17.10.2025;F001396;Ece Yıldız;Ege;Hırdavat;Satış;8255.05
20.10.2025;F001397;Ali Demir;Marmara;Boya;Satış;23875.16
20.10.2025;F001398;Ali Demir;Marmara;Yalıtım;Satış;9418.94
20.10.2025;F001399;Ali Demir;Marmara;Hırdavat;Satış;7004.75
20.10.2025;F001400;Selin Kaya;Marmara;Boya;Satış;12017.18
20.10.2025;F001401;Selin Kaya;Marmara;Yalıtım;Satış;12482.21
20.10.2025;F001402;Selin Kaya;Marmara;Hırdavat;Satış;9253.08
20.10.2025;F001403;Burak Şahin;Ege;Yalıtım;Satış;14045.11
20.10.2025;F001404;Ece Yıldız;Ege;Yalıtım;Satış;16531.38
20.10.2025;F001405;Ece Yıldız;Ege;Hırdavat;Satış;8801.77
21.10.2025;F001406;Ali Demir;Marmara;Boya;Satış;25834.59
21.10.2025;F001407;Ali Demir;Marmara;Hırdavat;Satış;7517.57
21.10.2025;F001408;Selin Kaya;Marmara;Boya;Satış;10258.36
21.10.2025;F001409;Selin Kaya;Marmara;Yalıtım;Satış;11810.63
21.10.2025;F001410;Selin Kaya;Marmara;Hırdavat;Satış;7652.55
21.10.2025;F001411;Burak Şahin;Ege;Boya;Satış;14155.03
21.10.2025;F001412;Ece Yıldız;Ege;Yalıtım;Satış;16960.46
21.10.2025;F001413;Ece Yıldız;Ege;Hırdavat;Satış;10288.64
22.10.2025;F001414;Ali Demir;Marmara;Yalıtım;Satış;17112.38
22.10.2025;F001415;Ali Demir;Marmara;Hırdavat;Satış;9035.43
22.10.2025;F001416;Burak Şahin;Ege;Boya;Satış;15100.40
22.10.2025;F001417;Burak Şahin;Ege;Yalıtım;Satış;14485.49
22.10.2025;F001418;Burak Şahin;Ege;Hırdavat;Satış;9761.87
22.10.2025;F001419;Ece Yıldız;Ege;Boya;Satış;25785.96
22.10.2025;F001420;Ece Yıldız;Ege;Yalıtım;Satış;15129.88
22.10.2025;F001421;Ece Yıldız;Ege;Hırdavat;Satış;11559.95
23.10.2025;F001422;Ali Demir;Marmara;Yalıtım;Satış;14350.26
23.10.2025;F001423;Selin Kaya;Marmara;Yalıtım;Satış;14198.06
23.10.2025;F001424;Selin Kaya;Marmara;Hırdavat;Satış;7695.15
23.10.2025;F001425;Burak Şahin;Ege;Boya;Satış;13417.95
23.10.2025;F001426;Burak Şahin;Ege;Yalıtım;Satış;9955.26
23.10.2025;F001427;Burak Şahin;Ege;Hırdavat;Satış;4657.04
23.10.2025;F001428;Ece Yıldız;Ege;Boya;Satış;18285.54
23.10.2025;F001429;Ece Yıldız;Ege;Yalıtım;Satış;17564.52
23.10.2025;F001430;Ece Yıldız;Ege;Hırdavat;Satış;10422.72
24.10.2025;F001431;Ali Demir;Marmara;Boya;Satış;28227.13
24.10.2025;F001432;Ali Demir;Marmara;Yalıtım;Satış;10809.97
24.10.2025;F001433;Selin Kaya;Marmara;Yalıtım;Satış;17289.04
24.10.2025;F001434;Burak Şahin;Ege;Hırdavat;Satış;7331.63
24.10.2025;F001435;Ece Yıldız;Ege;Boya;Satış;21294.61
24.10.2025;F001436;Ece Yıldız;Ege;Hırdavat;Satış;6021.74
27.10.2025;F001437;Ali Demir;Marmara;Boya;Satış;11621.46
27.10.2025;F001438;Ali Demir;Marmara;Yalıtım;Satış;8367.40
27.10.2025;F001439;Selin Kaya;Marmara;Hırdavat;Satış;10975.75
27.10.2025;F001440;Burak Şahin;Ege;Yalıtım;Satış;7221.10
27.10.2025;F001441;Burak Şahin;Ege;Hırdavat;Satış;7351.28
27.10.2025;F001442;Ece Yıldız;Ege;Boya;Satış;18835.70
27.10.2025;F001443;Ece Yıldız;Ege;Yalıtım;Satış;13056.92
28.10.2025;F001444;Selin Kaya;Marmara;Boya;Satış;18909.40
28.10.2025;F001445;Selin Kaya;Marmara;Hırdavat;Satış;5567.97
28.10.2025;F001446;Burak Şahin;Ege;Yalıtım;Satış;15396.15
28.10.2025;F001447;Burak Şahin;Ege;Hırdavat;Satış;4989.62
28.10.2025;F001448;Ece Yıldız;Ege;Boya;Satış;22121.95
28.10.2025;F001449;Ece Yıldız;Ege;Yalıtım;Satış;10913.78
28.10.2025;F001450;Ece Yıldız;Ege;Hırdavat;Satış;6982.76
29.10.2025;F001451;Ali Demir;Marmara;Boya;İade;28749.05
29.10.2025;F001452;Ali Demir;Marmara;Yalıtım;Satış;10688.16
29.10.2025;F001453;Ali Demir;Marmara;Hırdavat;Satış;9760.58
29.10.2025;F001454;Burak Şahin;Ege;Yalıtım;Satış;11453.15
29.10.2025;F001455;Ece Yıldız;Ege;Boya;Satış;23258.97
29.10.2025;F001456;Ece Yıldız;Ege;Yalıtım;Satış;7936.18
29.10.2025;F001457;Ece Yıldız;Ege;Hırdavat;Satış;4932.76
30.10.2025;F001458;Ali Demir;Marmara;Hırdavat;Satış;4629.02
30.10.2025;F001459;Selin Kaya;Marmara;Boya;Satış;21496.96
30.10.2025;F001460;Selin Kaya;Marmara;Yalıtım;Satış;5800.73
30.10.2025;F001461;Burak Şahin;Ege;Boya;Satış;20205.88
30.10.2025;F001462;Burak Şahin;Ege;Yalıtım;Satış;9353.32
30.10.2025;F001463;Ece Yıldız;Ege;Boya;Satış;8411.38
30.10.2025;F001464;Ece Yıldız;Ege;Yalıtım;Satış;10550.27
30.10.2025;F001465;Ece Yıldız;Ege;Hırdavat;Satış;6049.78
31.10.2025;F001466;Ali Demir;Marmara;Boya;Satış;28849.47
31.10.2025;F001467;Ali Demir;Marmara;Yalıtım;Satış;20840.56
31.10.2025;F001468;Selin Kaya;Marmara;Yalıtım;Satış;16552.52
31.10.2025;F001469;Burak Şahin;Ege;Boya;Satış;20550.39
31.10.2025;F001470;Burak Şahin;Ege;Hırdavat;Satış;6225.82
31.10.2025;F001471;Ece Yıldız;Ege;Boya;Satış;12353.29
31.10.2025;F001472;Ece Yıldız;Ege;Yalıtım;Satış;6894.71
31.10.2025;F001473;Ece Yıldız;Ege;Hırdavat;Satış;7226.25
03.11.2025;F001474;Ali Demir;Marmara;Yalıtım;Satış;12820.39
03.11.2025;F001475;Ali Demir;Marmara;Hırdavat;Satış;8592.76
03.11.2025;F001476;Selin Kaya;Marmara;Boya;Satış;22539.83
03.11.2025;F001477;Burak Şahin;Ege;Boya;Satış;13321.17
03.11.2025;F001478;Burak Şahin;Ege;Yalıtım;Satış;9723.09
03.11.2025;F001479;Burak Şahin;Ege;Hırdavat;Satış;7132.45
04.11.2025;F001480;Selin Kaya;Marmara;Boya;Satış;19006.87
04.11.2025;F001481;Selin Kaya;Marmara;Yalıtım;İade;10948.18
04.11.2025;F001482;Selin Kaya;Marmara;Hırdavat;Satış;3831.32
04.11.2025;F001483;Burak Şahin;Ege;Yalıtım;Satış;11624.11
04.11.2025;F001484;Ece Yıldız;Ege;Yalıtım;Satış;11019.44
04.11.2025;F001485;Ece Yıldız;Ege;Hırdavat;Satış;6382.43
05.11.2025;F001486;Ali Demir;Marmara;Boya;Satış;16926.18
05.11.2025;F001487;Ali Demir;Marmara;Hırdavat;Satış;7763.72
05.11.2025;F001488;Selin Kaya;Marmara;Boya;Satış;8885.20
05.11.2025;F001489;Selin Kaya;Marmara;Yalıtım;Satış;15633.07
05.11.2025;F001490;Selin Kaya;Marmara;Hırdavat;Satış;7743.54
05.11.2025;F001491;Burak Şahin;Ege;Boya;Satış;7777.05
05.11.2025;F001492;Burak Şahin;Ege;Yalıtım;Satış;14779.49
05.11.2025;F001493;Burak Şahin;Ege;Hırdavat;Satış;3603.86
05.11.2025;F001494;Ece Yıldız;Ege;Boya;Satış;19429.25
05.11.2025;F001495;Ece Yıldız;Ege;Hırdavat;Satış;11477.24
06.11.2025;F001496;Ali Demir;Marmara;Yalıtım;Satış;19879.37
06.11.2025;F001497;Ali Demir;Marmara;Hırdavat;Satış;12433.16
06.11.2025;F001498;Selin Kaya;Marmara;Boya;Satış;14616.77
06.11.2025;F001499;Selin Kaya;Marmara;Hırdavat;Satış;11610.70
06.11.2025;F001500;Burak Şahin;Ege;Yalıtım;Satış;7212.32
06.11.2025;F001501;Ece Yıldız;Ege;Yalıtım;Satış;18517.50
06.11.2025;F001502;Ece Yıldız;Ege;Hırdavat;Satış;11811.01
07.11.2025;F001503;Ali Demir;Marmara;Boya;Satış;16497.99
07.11.2025;F001504;Selin Kaya;Marmara;Yalıtım;Satış;6400.29
07.11.2025;F001505;Ece Yıldız;Ege;Boya;Satış;8771.72
07.11.2025;F001506;Ece Yıldız;Ege;Yalıtım;Satış;6066.50
07.11.2025;F001507;Ece Yıldız;Ege;Hırdavat;Satış;7263.98
10.11.2025;F001508;Ali Demir;Marmara;Yalıtım;Satış;19441.76
10.11.2025;F001509;Ali Demir;Marmara;Hırdavat;Satış;8321.32
10.11.2025;F001510;Selin Kaya;Marmara;Boya;Satış;20750.23
10.11.2025;F001511;Burak Şahin;Ege;Yalıtım;Satış;10744.94
10.11.2025;F001512;Burak Şahin;Ege;Hırdavat;Satış;5748.04
10.11.2025;F001513;Ece Yıldız;Ege;Yalıtım;Satış;10852.05
11.11.2025;F001514;Ali Demir;Marmara;Boya;Satış;20511.11
11.11.2025;F001515;Ali Demir;Marmara;Yalıtım;İade;12399.23
11.11.2025;F001516;Selin Kaya;Marmara;Yalıtım;Satış;11244.02
11.11.2025;F001517;Selin Kaya;Marmara;Hırdavat;Satış;9853.22
11.11.2025;F001518;Burak Şahin;Ege;Yalıtım;Satış;11446.75
11.11.2025;F001519;Burak Şahin;Ege;Hırdavat;Satış;8077.05
11.11.2025;F001520;Ece Yıldız;Ege;Boya;Satış;12752.92
11.11.2025;F001521;Ece Yıldız;Ege;Yalıtım;Satış;6341.51
11.11.2025;F001522;Ece Yıldız;Ege;Hırdavat;Satış;10107.44
12.11.2025;F001523;Ali Demir;Marmara;Boya;Satış;19980.80
12.11.2025;F001524;Selin Kaya;Marmara;Boya;Satış;19012.40
12.11.2025;F001525;Selin Kaya;Marmara;Yalıtım;Satış;16710.87
12.11.2025;F001526;Burak Şahin;Ege;Boya;Satış;10894.43
12.11.2025;F001527;Burak Şahin;Ege;Yalıtım;Satış;6945.72
12.11.2025;F001528;Ece Yıldız;Ege;Boya;Satış;23885.72
12.11.2025;F001529;Ece Yıldız;Ege;Yalıtım;Satış;11838.23
12.11.2025;F001530;Ece Yıldız;Ege;Hırdavat;Satış;8763.80
13.11.2025;F001531;Ali Demir;Marmara;Boya;Satış;16868.39
13.11.2025;F001532;Burak Şahin;Ege;Boya;Satış;13187.31
13.11.2025;F001533;Ece Yıldız;Ege;Yalıtım;Satış;10059.59
14.11.2025;F001534;Ali Demir;Marmara;Boya;Satış;21354.50
14.11.2025;F001535;Ali Demir;Marmara;Yalıtım;Satış;14438.43
14.11.2025;F001536;Ali Demir;Marmara;Hırdavat;Satış;8855.94
14.11.2025;F001537;Selin Kaya;Marmara;Boya;Satış;13242.24
14.11.2025;F001538;Selin Kaya;Marmara;Yalıtım;Satış;11269.39
17.11.2025;F001539;Ali Demir;Marmara;Boya;Satış;20204.21
17.11.2025;F001540;Selin Kaya;Marmara;Yalıtım;Satış;8635.75
17.11.2025;F001541;Burak Şahin;Ege;Yalıtım;Satış;14646.24
17.11.2025;F001542;Ece Yıldız;Ege;Hırdavat;Satış;9389.32
18.11.2025;F001543;Burak Şahin;Ege;Boya;Satış;19606.18
18.11.2025;F001544;Burak Şahin;Ege;Yalıtım;Satış;10697.24
18.11.2025;F001545;Burak Şahin;Ege;Hırdavat;Satış;5615.89
19.11.2025;F001546;Ali Demir;Marmara;Boya;Satış;15897.25
19.11.2025;F001547;Ali Demir;Marmara;Yalıtım;Satış;11961.61
19.11.2025;F001548;Ali Demir;Marmara;Hırdavat;Satış;10296.28
19.11.2025;F001549;Selin Kaya;Marmara;Boya;Satış;16897.72
19.11.2025;F001550;Selin Kaya;Marmara;Yalıtım;Satış;13538.08
19.11.2025;F001551;Selin Kaya;Marmara;Hırdavat;Satış;7184.70
19.11.2025;F001552;Burak Şahin;Ege;Boya;Satış;20125.32
19.11.2025;F001553;Ece Yıldız;Ege;Boya;Satış;13731.55
20.11.2025;F001554;Ali Demir;Marmara;Yalıtım;Satış;9059.95
20.11.2025;F001555;Ali Demir;Marmara;Hırdavat;Satış;9851.19
20.11.2025;F001556;Selin Kaya;Marmara;Boya;Satış;22659.32
20.11.2025;F001557;Selin Kaya;Marmara;Yalıtım;Satış;6783.81
20.11.2025;F001558;Selin Kaya;Marmara;Hırdavat;Satış;9778.17
20.11.2025;F001559;Burak Şahin;Ege;Yalıtım;Satış;8338.38
20.11.2025;F001560;Ece Yıldız;Ege;Yalıtım;Satış;13071.32
20.11.2025;F001561;Ece Yıldız;Ege;Hırdavat;Satış;9921.77
21.11.2025;F001562;Ali Demir;Marmara;Boya;Satış;27622.08
21.11.2025;F001563;Ali Demir;Marmara;Yalıtım;Satış;9455.06
21.11.2025;F001564;Selin Kaya;Marmara;Yalıtım;İade;10842.02
21.11.2025;F001565;Selin Kaya;Marmara;Hırdavat;Satış;4121.52
21.11.2025;F001566;Burak Şahin;Ege;Yalıtım;Satış;11436.10
21.11.2025;F001567;Ece Yıldız;Ege;Yalıtım;Satış;18262.53
21.11.2025;F001568;Ece Yıldız;Ege;Hırdavat;Satış;10487.90
24.11.2025;F001569;Ali Demir;Marmara;Hırdavat;Satış;6628.39
24.11.2025;F001570;Burak Şahin;Ege;Boya;Satış;13105.04
24.11.2025;F001571;Burak Şahin;Ege;Yalıtım;Satış;8295.06
24.11.2025;F001572;Ece Yıldız;Ege;Yalıtım;Satış;16836.56
24.11.2025;F001573;Ece Yıldız;Ege;Hırdavat;Satış;11996.16
25.11.2025;F001574;Ali Demir;Marmara;Boya;Satış;12540.98
25.11.2025;F001575;Ali Demir;Marmara;Hırdavat;Satış;6570.92
25.11.2025;F001576;Selin Kaya;Marmara;Boya;Satış;22096.02
25.11.2025;F001577;Selin Kaya;Marmara;Hırdavat;Satış;10284.08
25.11.2025;F001578;Burak Şahin;Ege;Yalıtım;Satış;9180.53
25.11.2025;F001579;Ece Yıldız;Ege;Boya;Satış;26176.64
25.11.2025;F001580;Ece Yıldız;Ege;Yalıtım;Satış;17698.09
26.11.2025;F001581;Ali Demir;Marmara;Boya;Satış;26778.15
26.11.2025;F001582;Selin Kaya;Marmara;Boya;Satış;14152.09
26.11.2025;F001583;Selin Kaya;Marmara;Hırdavat;Satış;7003.87
26.11.2025;F001584;Burak Şahin;Ege;Boya;Satış;9090.90
26.11.2025;F001585;Burak Şahin;Ege;Yalıtım;Satış;11687.18
26.11.2025;F001586;Burak Şahin;Ege;Hırdavat;Satış;7621.28
26.11.2025;F001587;Ece Yıldız;Ege;Boya;Satış;19456.94
26.11.2025;F001588;Ece Yıldız;Ege;Hırdavat;Satış;8241.10
27.11.2025;F001589;Ali Demir;Marmara;Yalıtım;Satış;19553.08
27.11.2025;F001590;Selin Kaya;Marmara;Boya;Satış;17489.53
27.11.2025;F001591;Selin Kaya;Marmara;Yalıtım;Satış;9282.93
27.11.2025;F001592;Selin Kaya;Marmara;Hırdavat;Satış;10372.72
27.11.2025;F001593;Burak Şahin;Ege;Hırdavat;Satış;6302.29
27.11.2025;F001594;Ece Yıldız;Ege;Boya;Satış;18296.87
27.11.2025;F001595;Ece Yıldız;Ege;Yalıtım;Satış;14727.59
28.11.2025;F001596;Ali Demir;Marmara;Boya;Satış;11528.26
28.11.2025;F001597;Selin Kaya;Marmara;Boya;Satış;8904.59
28.11.2025;F001598;Selin Kaya;Marmara;Hırdavat;Satış;10578.87
28.11.2025;F001599;Burak Şahin;Ege;Boya;İade;15356.25
28.11.2025;F001600;Burak Şahin;Ege;Yalıtım;Satış;6916.75
28.11.2025;F001601;Ece Yıldız;Ege;Boya;Satış;22413.68
28.11.2025;F001602;Ece Yıldız;Ege;Yalıtım;Satış;11345.11
01.12.2025;F001603;Ali Demir;Marmara;Boya;Satış;15077.38
01.12.2025;F001604;Ali Demir;Marmara;Yalıtım;Satış;16487.30
01.12.2025;F001605;Ali Demir;Marmara;Hırdavat;Satış;6724.15
01.12.2025;F001606;Selin Kaya;Marmara;Boya;Satış;11146.18
01.12.2025;F001607;Selin Kaya;Marmara;Yalıtım;Satış;6123.32
01.12.2025;F001608;Burak Şahin;Ege;Boya;Satış;21162.56
01.12.2025;F001609;Burak Şahin;Ege;Yalıtım;Satış;11654.48
01.12.2025;F001610;Ece Yıldız;Ege;Boya;Satış;9961.08
01.12.2025;F001611;Ece Yıldız;Ege;Yalıtım;Satış;10796.71
02.12.2025;F001612;Ali Demir;Marmara;Hırdavat;Satış;8311.74
02.12.2025;F001613;Selin Kaya;Marmara;Boya;Satış;14411.25
02.12.2025;F001614;Selin Kaya;Marmara;Hırdavat;Satış;11420.20
02.12.2025;F001615;Burak Şahin;Ege;Yalıtım;Satış;7197.96
02.12.2025;F001616;Burak Şahin;Ege;Hırdavat;Satış;9728.64
02.12.2025;F001617;Ece Yıldız;Ege;Boya;Satış;9982.20
02.12.2025;F001618;Ece Yıldız;Ege;Yalıtım;Satış;18298.36
03.12.2025;F001619;Ali Demir;Marmara;Boya;Satış;27996.45
03.12.2025;F001620;Ali Demir;Marmara;Yalıtım;Satış;6590.43
03.12.2025;F001621;Ali Demir;Marmara;Hırdavat;Satış;12820.91
03.12.2025;F001622;Selin Kaya;Marmara;Yalıtım;Satış;13493.79
03.12.2025;F001623;Selin Kaya;Marmara;Hırdavat;Satış;8368.35
03.12.2025;F001624;Burak Şahin;Ege;Boya;Satış;9599.37
03.12.2025;F001625;Burak Şahin;Ege;Yalıtım;Satış;14987.86
03.12.2025;F001626;Burak Şahin;Ege;Hırdavat;Satış;6395.76
03.12.2025;F001627;Ece Yıldız;Ege;Yalıtım;Satış;12028.48
03.12.2025;F001628;Ece Yıldız;Ege;Hırdavat;Satış;7684.85
04.12.2025;F001629;Ali Demir;Marmara;Boya;Satış;25652.54
04.12.2025;F001630;Ali Demir;Marmara;Hırdavat;Satış;5677.30
04.12.2025;F001631;Selin Kaya;Marmara;Yalıtım;Satış;8299.49
04.12.2025;F001632;Selin Kaya;Marmara;Hırdavat;Satış;10744.39
04.12.2025;F001633;Burak Şahin;Ege;Boya;Satış;17613.46
04.12.2025;F001634;Burak Şahin;Ege;Yalıtım;Satış;6796.07
04.12.2025;F001635;Ece Yıldız;Ege;Boya;Satış;15262.30
04.12.2025;F001636;Ece Yıldız;Ege;Hırdavat;Satış;7222.97
05.12.2025;F001637;Ali Demir;Marmara;Boya;Satış;21754.67
05.12.2025;F001638;Selin Kaya;Marmara;Boya;Satış;25646.11
05.12.2025;F001639;Burak Şahin;Ege;Boya;Satış;6830.12
05.12.2025;F001640;Burak Şahin;Ege;Yalıtım;Satış;5692.55
05.12.2025;F001641;Ece Yıldız;Ege;Boya;Satış;15689.15
05.12.2025;F001642;Ece Yıldız;Ege;Yalıtım;İade;9367.05
08.12.2025;F001643;Ali Demir;Marmara;Boya;Satış;20095.02
08.12.2025;F001644;Ali Demir;Marmara;Hırdavat;Satış;10862.30
08.12.2025;F001645;Selin Kaya;Marmara;Boya;Satış;21712.94
08.12.2025;F001646;Selin Kaya;Marmara;Hırdavat;Satış;7732.48
08.12.2025;F001647;Burak Şahin;Ege;Boya;Satış;12136.63
08.12.2025;F001648;Burak Şahin;Ege;Yalıtım;Satış;5879.91
08.12.2025;F001649;Burak Şahin;Ege;Hırdavat;Satış;8075.24
08.12.2025;F001650;Ece Yıldız;Ege;Boya;İade;19532.90
09.12.2025;F001651;Ali Demir;Marmara;Yalıtım;Satış;7167.73
09.12.2025;F001652;Ali Demir;Marmara;Hırdavat;Satış;5761.31
09.12.2025;F001653;Selin Kaya;Marmara;Boya;Satış;17156.65
09.12.2025;F001654;Selin Kaya;Marmara;Hırdavat;Satış;11482.98
09.12.2025;F001655;Burak Şahin;Ege;Boya;Satış;13567.85
09.12.2025;F001656;Burak Şahin;Ege;Yalıtım;Satış;13240.33
09.12.2025;F001657;Burak Şahin;Ege;Hırdavat;Satış;3150.79
09.12.2025;F001658;Ece Yıldız;Ege;Boya;İade;19013.18
09.12.2025;F001659;Ece Yıldız;Ege;Yalıtım;Satış;10490.52
10.12.2025;F001660;Ali Demir;Marmara;Hırdavat;Satış;9180.38
10.12.2025;F001661;Burak Şahin;Ege;Hırdavat;Satış;7752.32
10.12.2025;F001662;Ece Yıldız;Ege;Yalıtım;Satış;17282.32
11.12.2025;F001663;Ali Demir;Marmara;Boya;Satış;18888.48
11.12.2025;F001664;Selin Kaya;Marmara;Hırdavat;Satış;8689.45
11.12.2025;F001665;Burak Şahin;Ege;Boya;Satış;11670.73
11.12.2025;F001666;Burak Şahin;Ege;Yalıtım;Satış;14854.22
11.12.2025;F001667;Ece Yıldız;Ege;Boya;Satış;14578.52
11.12.2025;F001668;Ece Yıldız;Ege;Yalıtım;Satış;8656.16
12.12.2025;F001669;Ali Demir;Marmara;Yalıtım;Satış;16796.05
12.12.2025;F001670;Selin Kaya;Marmara;Hırdavat;Satış;3993.85
12.12.2025;F001671;Burak Şahin;Ege;Yalıtım;Satış;9845.98
12.12.2025;F001672;Burak Şahin;Ege;Hırdavat;Satış;4877.27
12.12.2025;F001673;Ece Yıldız;Ege;Yalıtım;Satış;15750.74
12.12.2025;F001674;Ece Yıldız;Ege;Hırdavat;Satış;7207.19
15.12.2025;F001675;Ali Demir;Marmara;Boya;Satış;21501.71
15.12.2025;F001676;Ali Demir;Marmara;Yalıtım;Satış;17234.79
15.12.2025;F001677;Ali Demir;Marmara;Hırdavat;Satış;11307.76
15.12.2025;F001678;Selin Kaya;Marmara;Yalıtım;Satış;14113.01
15.12.2025;F001679;Selin Kaya;Marmara;Hırdavat;Satış;5048.08
15.12.2025;F001680;Burak Şahin;Ege;Boya;Satış;19020.30
15.12.2025;F001681;Ece Yıldız;Ege;Boya;Satış;21475.25
15.12.2025;F001682;Ece Yıldız;Ege;Yalıtım;Satış;19000.39
15.12.2025;F001683;Ece Yıldız;Ege;Hırdavat;Satış;10963.85
16.12.2025;F001684;Ali Demir;Marmara;Boya;Satış;28996.34
16.12.2025;F001685;Ali Demir;Marmara;Yalıtım;Satış;17949.06
16.12.2025;F001686;Ali Demir;Marmara;Hırdavat;Satış;7903.01
16.12.2025;F001687;Selin Kaya;Marmara;Boya;Satış;12561.21
16.12.2025;F001688;Selin Kaya;Marmara;Yalıtım;Satış;13755.67
16.12.2025;F001689;Selin Kaya;Marmara;Hırdavat;Satış;9852.32
16.12.2025;F001690;Burak Şahin;Ege;Hırdavat;Satış;4019.58
16.12.2025;F001691;Ece Yıldız;Ege;Boya;Satış;15078.36
16.12.2025;F001692;Ece Yıldız;Ege;Yalıtım;Satış;18683.01
16.12.2025;F001693;Ece Yıldız;Ege;Hırdavat;Satış;10198.09
17.12.2025;F001694;Ali Demir;Marmara;Boya;Satış;12073.20
17.12.2025;F001695;Ali Demir;Marmara;Yalıtım;Satış;12669.44
17.12.2025;F001696;Ali Demir;Marmara;Hırdavat;Satış;9522.14
17.12.2025;F001697;Ece Yıldız;Ege;Boya;Satış;19891.98
17.12.2025;F001698;Ece Yıldız;Ege;Hırdavat;Satış;3999.08
18.12.2025;F001699;Selin Kaya;Marmara;Boya;Satış;11959.19
18.12.2025;F001700;Selin Kaya;Marmara;Hırdavat;Satış;7142.90
18.12.2025;F001701;Burak Şahin;Ege;Boya;Satış;22028.15
18.12.2025;F001702;Ece Yıldız;Ege;Boya;Satış;12175.39
18.12.2025;F001703;Ece Yıldız;Ege;Yalıtım;Satış;10995.47
19.12.2025;F001704;Ali Demir;Marmara;Yalıtım;Satış;15040.50
19.12.2025;F001705;Selin Kaya;Marmara;Boya;Satış;16940.82
19.12.2025;F001706;Burak Şahin;Ege;Yalıtım;Satış;8554.79
19.12.2025;F001707;Burak Şahin;Ege;Hırdavat;Satış;3402.42
19.12.2025;F001708;Ece Yıldız;Ege;Yalıtım;Satış;17811.48
22.12.2025;F001709;Ali Demir;Marmara;Boya;Satış;28973.36
22.12.2025;F001710;Ali Demir;Marmara;Yalıtım;Satış;14183.04
22.12.2025;F001711;Ali Demir;Marmara;Hırdavat;İade;12991.70
22.12.2025;F001712;Selin Kaya;Marmara;Yalıtım;Satış;12386.74
22.12.2025;F001713;Selin Kaya;Marmara;Hırdavat;Satış;10317.74
22.12.2025;F001714;Burak Şahin;Ege;Boya;Satış;10447.01
22.12.2025;F001715;Burak Şahin;Ege;Hırdavat;Satış;3389.17
22.12.2025;F001716;Ece Yıldız;Ege;Boya;Satış;18165.23
22.12.2025;F001717;Ece Yıldız;Ege;Yalıtım;Satış;14420.70
22.12.2025;F001718;Ece Yıldız;Ege;Hırdavat;Satış;11047.91
23.12.2025;F001719;Ali Demir;Marmara;Yalıtım;Satış;17488.79
23.12.2025;F001720;Ali Demir;Marmara;Hırdavat;Satış;11904.22
23.12.2025;F001721;Selin Kaya;Marmara;Yalıtım;Satış;6413.94
23.12.2025;F001722;Selin Kaya;Marmara;Hırdavat;İade;4679.38
23.12.2025;F001723;Burak Şahin;Ege;Yalıtım;Satış;12137.75
23.12.2025;F001724;Burak Şahin;Ege;Hırdavat;Satış;8970.07
23.12.2025;F001725;Ece Yıldız;Ege;Yalıtım;Satış;9285.90
23.12.2025;F001726;Ece Yıldız;Ege;Hırdavat;Satış;8441.25
24.12.2025;F001727;Ali Demir;Marmara;Boya;Satış;28549.19
24.12.2025;F001728;Ali Demir;Marmara;Yalıtım;Satış;7604.11
24.12.2025;F001729;Selin Kaya;Marmara;Yalıtım;Satış;8872.87
24.12.2025;F001730;Selin Kaya;Marmara;Hırdavat;Satış;6655.61
24.12.2025;F001731;Burak Şahin;Ege;Boya;Satış;18444.57
24.12.2025;F001732;Burak Şahin;Ege;Yalıtım;Satış;10271.99
24.12.2025;F001733;Burak Şahin;Ege;Hırdavat;Satış;6650.10
25.12.2025;F001734;Ali Demir;Marmara;Yalıtım;Satış;17428.49
25.12.2025;F001735;Selin Kaya;Marmara;Boya;Satış;18445.05
25.12.2025;F001736;Selin Kaya;Marmara;Yalıtım;Satış;16474.61
25.12.2025;F001737;Selin Kaya;Marmara;Hırdavat;İade;6586.72
25.12.2025;F001738;Burak Şahin;Ege;Boya;Satış;13925.10
25.12.2025;F001739;Burak Şahin;Ege;Hırdavat;Satış;3336.19
25.12.2025;F001740;Ece Yıldız;Ege;Yalıtım;Satış;17053.10
25.12.2025;F001741;Ece Yıldız;Ege;Hırdavat;Satış;11519.21
26.12.2025;F001742;Ali Demir;Marmara;Boya;Satış;27567.26
26.12.2025;F001743;Ali Demir;Marmara;Yalıtım;Satış;12293.22
26.12.2025;F001744;Ali Demir;Marmara;Hırdavat;Satış;9930.91
26.12.2025;F001745;Selin Kaya;Marmara;Yalıtım;Satış;17914.82
26.12.2025;F001746;Selin Kaya;Marmara;Hırdavat;Satış;10470.99
26.12.2025;F001747;Burak Şahin;Ege;Hırdavat;Satış;3456.62
29.12.2025;F001748;Ali Demir;Marmara;Yalıtım;Satış;19374.56
29.12.2025;F001749;Ali Demir;Marmara;Hırdavat;Satış;8092.51
29.12.2025;F001750;Selin Kaya;Marmara;Boya;Satış;21003.15
29.12.2025;F001751;Selin Kaya;Marmara;Hırdavat;Satış;4754.92
29.12.2025;F001752;Burak Şahin;Ege;Boya;Satış;6883.30
29.12.2025;F001753;Burak Şahin;Ege;Yalıtım;Satış;10792.56
29.12.2025;F001754;Burak Şahin;Ege;Hırdavat;Satış;6921.54
29.12.2025;F001755;Ece Yıldız;Ege;Boya;Satış;20003.88
29.12.2025;F001756;Ece Yıldız;Ege;Hırdavat;Satış;5425.00
30.12.2025;F001757;Ali Demir;Marmara;Boya;Satış;22804.95
30.12.2025;F001758;Selin Kaya;Marmara;Hırdavat;Satış;4063.80
30.12.2025;F001759;Burak Şahin;Ege;Boya;Satış;12517.55
30.12.2025;F001760;Burak Şahin;Ege;Yalıtım;Satış;8786.47
30.12.2025;F001761;Ece Yıldız;Ege;Boya;Satış;18373.64
30.12.2025;F001762;Ece Yıldız;Ege;Yalıtım;Satış;14168.28
31.12.2025;F001763;Ali Demir;Marmara;Yalıtım;Satış;19992.77
31.12.2025;F001764;Ali Demir;Marmara;Hırdavat;Satış;7826.74
31.12.2025;F001765;Selin Kaya;Marmara;Boya;Satış;13647.57
31.12.2025;F001766;Selin Kaya;Marmara;Yalıtım;Satış;14523.00
31.12.2025;F001767;Burak Şahin;Ege;Yalıtım;Satış;5807.80
31.12.2025;F001768;Burak Şahin;Ege;Hırdavat;Satış;5023.73
31.12.2025;F001769;Ece Yıldız;Ege;Yalıtım;Satış;6498.01
01.01.2026;F001770;Ali Demir;Marmara;Boya;Satış;24270.78
01.01.2026;F001771;Ali Demir;Marmara;Yalıtım;Satış;23790.50
01.01.2026;F001772;Ali Demir;Marmara;Hırdavat;Satış;15175.56
01.01.2026;F001773;Selin Kaya;Marmara;Hırdavat;Satış;13012.81
01.01.2026;F001774;Burak Şahin;Ege;Boya;Satış;12176.10
01.01.2026;F001775;Burak Şahin;Ege;Yalıtım;Satış;12478.96
01.01.2026;F001776;Ece Yıldız;Ege;Boya;Satış;10623.72
01.01.2026;F001777;Ece Yıldız;Ege;Yalıtım;Satış;13422.75
02.01.2026;F001778;Ali Demir;Marmara;Boya;Satış;12738.12
02.01.2026;F001779;Selin Kaya;Marmara;Yalıtım;Satış;18053.13
02.01.2026;F001780;Selin Kaya;Marmara;Hırdavat;Satış;4996.41
02.01.2026;F001781;Burak Şahin;Ege;Boya;Satış;19684.46
02.01.2026;F001782;Burak Şahin;Ege;Yalıtım;Satış;8376.26
02.01.2026;F001783;Burak Şahin;Ege;Hırdavat;Satış;8040.94
02.01.2026;F001784;Ece Yıldız;Ege;Yalıtım;Satış;20919.54
02.01.2026;F001785;Ece Yıldız;Ege;Hırdavat;İade;7140.33
05.01.2026;F001786;Ali Demir;Marmara;Boya;Satış;10882.02
05.01.2026;F001787;Ali Demir;Marmara;Yalıtım;Satış;18577.40
05.01.2026;F001788;Selin Kaya;Marmara;Boya;Satış;15524.03
05.01.2026;F001789;Burak Şahin;Ege;Hırdavat;Satış;7693.86
05.01.2026;F001790;Ece Yıldız;Ege;Yalıtım;Satış;11497.93
05.01.2026;F001791;Ece Yıldız;Ege;Hırdavat;Satış;5514.86
06.01.2026;F001792;Ali Demir;Marmara;Boya;Satış;31319.80
06.01.2026;F001793;Ali Demir;Marmara;Hırdavat;Satış;8119.38
06.01.2026;F001794;Selin Kaya;Marmara;Boya;Satış;26111.42
06.01.2026;F001795;Selin Kaya;Marmara;Yalıtım;Satış;9856.99
06.01.2026;F001796;Burak Şahin;Ege;Boya;Satış;19733.57
06.01.2026;F001797;Burak Şahin;Ege;Yalıtım;Satış;9866.85
06.01.2026;F001798;Ece Yıldız;Ege;Yalıtım;Satış;12083.58
06.01.2026;F001799;Ece Yıldız;Ege;Hırdavat;Satış;13395.29
07.01.2026;F001800;Ali Demir;Marmara;Boya;Satış;33581.44
07.01.2026;F001801;Ali Demir;Marmara;Hırdavat;Satış;6384.16
07.01.2026;F001802;Selin Kaya;Marmara;Boya;Satış;24615.14
07.01.2026;F001803;Selin Kaya;Marmara;Yalıtım;Satış;9592.76
07.01.2026;F001804;Burak Şahin;Ege;Boya;Satış;20162.52
07.01.2026;F001805;Burak Şahin;Ege;Yalıtım;Satış;7669.36
07.01.2026;F001806;Ece Yıldız;Ege;Yalıtım;Satış;20724.16
08.01.2026;F001807;Ali Demir;Marmara;Boya;Satış;34936.53
08.01.2026;F001808;Selin Kaya;Marmara;Boya;Satış;30641.81
08.01.2026;F001809;Burak Şahin;Ege;Boya;Satış;18045.70
08.01.2026;F001810;Burak Şahin;Ege;Yalıtım;Satış;10850.57
08.01.2026;F001811;Ece Yıldız;Ege;Boya;Satış;13085.55
09.01.2026;F001812;Ali Demir;Marmara;Yalıtım;Satış;9692.56
09.01.2026;F001813;Selin Kaya;Marmara;Boya;Satış;28246.92
09.01.2026;F001814;Selin Kaya;Marmara;Hırdavat;Satış;4497.98
09.01.2026;F001815;Burak Şahin;Ege;Yalıtım;Satış;14218.92
12.01.2026;F001816;Ali Demir;Marmara;Boya;Satış;32991.54
12.01.2026;F001817;Ali Demir;Marmara;Yalıtım;Satış;14160.22
12.01.2026;F001818;Ali Demir;Marmara;Hırdavat;Satış;8278.36
12.01.2026;F001819;Selin Kaya;Marmara;Yalıtım;Satış;21182.94
12.01.2026;F001820;Selin Kaya;Marmara;Hırdavat;Satış;5534.91
12.01.2026;F001821;Burak Şahin;Ege;Yalıtım;Satış;11300.74
12.01.2026;F001822;Burak Şahin;Ege;Hırdavat;Satış;11568.95
12.01.2026;F001823;Ece Yıldız;Ege;Yalıtım;Satış;16567.35
13.01.2026;F001824;Ali Demir;Marmara;Boya;Satış;30665.46
13.01.2026;F001825;Selin Kaya;Marmara;Boya;Satış;22144.70
13.01.2026;F001826;Selin Kaya;Marmara;Yalıtım;Satış;17165.29
13.01.2026;F001827;Burak Şahin;Ege;Boya;Satış;8282.43
13.01.2026;F001828;Burak Şahin;Ege;Hırdavat;Satış;7775.52
13.01.2026;F001829;Ece Yıldız;Ege;Boya;Satış;20491.05
13.01.2026;F001830;Ece Yıldız;Ege;Hırdavat;Satış;4708.57
14.01.2026;F001831;Ali Demir;Marmara;Yalıtım;Satış;10850.56
14.01.2026;F001832;Ali Demir;Marmara;Hırdavat;Satış;8259.10
14.01.2026;F001833;Selin Kaya;Marmara;Hırdavat;Satış;8105.69
14.01.2026;F001834;Ece Yıldız;Ege;Yalıtım;Satış;20348.14
14.01.2026;F001835;Ece Yıldız;Ege;Hırdavat;Satış;6832.76
15.01.2026;F001836;Ali Demir;Marmara;Boya;Satış;22553.88
15.01.2026;F001837;Ali Demir;Marmara;Yalıtım;Satış;14811.42
15.01.2026;F001838;Selin Kaya;Marmara;Hırdavat;Satış;13298.55
15.01.2026;F001839;Burak Şahin;Ege;Boya;Satış;24387.66
15.01.2026;F001840;Burak Şahin;Ege;Hırdavat;Satış;5425.66
15.01.2026;F001841;Ece Yıldız;Ege;Boya;Satış;19602.03
15.01.2026;F001842;Ece Yıldız;Ege;Yalıtım;Satış;10029.44
15.01.2026;F001843;Ece Yıldız;Ege;Hırdavat;Satış;6920.35
16.01.2026;F001844;Ali Demir;Marmara;Boya;Satış;32544.67
16.01.2026;F001845;Ali Demir;Marmara;Hırdavat;Satış;14688.34
16.01.2026;F001846;Selin Kaya;Marmara;Boya;Satış;21054.27
16.01.2026;F001847;Burak Şahin;Ege;Boya;Satış;24189.86
16.01.2026;F001848;Burak Şahin;Ege;Yalıtım;Satış;15672.33
16.01.2026;F001849;Burak Şahin;Ege;Hırdavat;Satış;8563.82
19.01.2026;F001850;Ali Demir;Marmara;Hırdavat;Satış;8209.16
19.01.2026;F001851;Selin Kaya;Marmara;Boya;Satış;17507.10
19.01.2026;F001852;Selin Kaya;Marmara;Yalıtım;Satış;14911.83
19.01.2026;F001853;Selin Kaya;Marmara;Hırdavat;Satış;6717.64
19.01.2026;F001854;Ece Yıldız;Ege;Boya;Satış;16498.25
19.01.2026;F001855;Ece Yıldız;Ege;Hırdavat;Satış;10460.93
20.01.2026;F001856;Ali Demir;Marmara;Yalıtım;Satış;20795.64
20.01.2026;F001857;Selin Kaya;Marmara;Boya;Satış;24947.26
20.01.2026;F001858;Selin Kaya;Marmara;Hırdavat;Satış;8358.74
20.01.2026;F001859;Burak Şahin;Ege;Yalıtım;Satış;10582.14
20.01.2026;F001860;Burak Şahin;Ege;Hırdavat;Satış;6616.40
20.01.2026;F001861;Ece Yıldız;Ege;Yalıtım;Satış;17557.94
20.01.2026;F001862;Ece Yıldız;Ege;Hırdavat;Satış;7770.04
21.01.2026;F001863;Ali Demir;Marmara;Boya;Satış;27282.52
21.01.2026;F001864;Ali Demir;Marmara;Yalıtım;Satış;22133.85
21.01.2026;F001865;Ali Demir;Marmara;Hırdavat;Satış;12340.42
21.01.2026;F001866;Selin Kaya;Marmara;Yalıtım;Satış;12113.98
21.01.2026;F001867;Burak Şahin;Ege;Boya;Satış;10925.68
21.01.2026;F001868;Burak Şahin;Ege;Hırdavat;Satış;10546.90
21.01.2026;F001869;Ece Yıldız;Ege;Yalıtım;Satış;18484.40
21.01.2026;F001870;Ece Yıldız;Ege;Hırdavat;Satış;11188.30
22.01.2026;F001871;Ali Demir;Marmara;Boya;Satış;11085.69
22.01.2026;F001872;Ali Demir;Marmara;Hırdavat;Satış;11685.84
22.01.2026;F001873;Selin Kaya;Marmara;Boya;Satış;17037.47
22.01.2026;F001874;Selin Kaya;Marmara;Hırdavat;Satış;11967.46
22.01.2026;F001875;Burak Şahin;Ege;Hırdavat;Satış;8385.49
22.01.2026;F001876;Ece Yıldız;Ege;Yalıtım;Satış;20120.80
22.01.2026;F001877;Ece Yıldız;Ege;Hırdavat;Satış;11168.14
23.01.2026;F001878;Ali Demir;Marmara;Boya;Satış;12966.43
23.01.2026;F001879;Ali Demir;Marmara;Hırdavat;Satış;14788.13
23.01.2026;F001880;Selin Kaya;Marmara;Boya;Satış;23426.87
23.01.2026;F001881;Selin Kaya;Marmara;Yalıtım;Satış;13430.66
23.01.2026;F001882;Burak Şahin;Ege;Boya;Satış;19201.42
23.01.2026;F001883;Burak Şahin;Ege;Hırdavat;Satış;11449.05
23.01.2026;F001884;Ece Yıldız;Ege;Yalıtım;Satış;22481.56
23.01.2026;F001885;Ece Yıldız;Ege;Hırdavat;Satış;9812.54
26.01.2026;F001886;Ali Demir;Marmara;Hırdavat;Satış;11093.53
26.01.2026;F001887;Selin Kaya;Marmara;Boya;Satış;18901.60
26.01.2026;F001888;Selin Kaya;Marmara;Hırdavat;Satış;13573.17
26.01.2026;F001889;Burak Şahin;Ege;Yalıtım;Satış;10148.15
26.01.2026;F001890;Ece Yıldız;Ege;Boya;Satış;11958.15
27.01.2026;F001891;Ali Demir;Marmara;Yalıtım;Satış;11993.83
27.01.2026;F001892;Ali Demir;Marmara;Hırdavat;Satış;7273.63
27.01.2026;F001893;Selin Kaya;Marmara;Yalıtım;Satış;9752.88
27.01.2026;F001894;Selin Kaya;Marmara;Hırdavat;Satış;10617.45
27.01.2026;F001895;Burak Şahin;Ege;Boya;Satış;11006.60
27.01.2026;F001896;Burak Şahin;Ege;Yalıtım;Satış;18141.92
27.01.2026;F001897;Ece Yıldız;Ege;Yalıtım;Satış;10624.75
27.01.2026;F001898;Ece Yıldız;Ege;Hırdavat;Satış;13867.26
28.01.2026;F001899;Ali Demir;Marmara;Boya;Satış;18813.16
28.01.2026;F001900;Selin Kaya;Marmara;Boya;Satış;22714.95
28.01.2026;F001901;Selin Kaya;Marmara;Hırdavat;Satış;7233.34
28.01.2026;F001902;Burak Şahin;Ege;Boya;Satış;24658.78
28.01.2026;F001903;Burak Şahin;Ege;Hırdavat;Satış;5883.38
28.01.2026;F001904;Ece Yıldız;Ege;Yalıtım;Satış;21487.02
28.01.2026;F001905;Ece Yıldız;Ege;Hırdavat;Satış;12596.68
29.01.2026;F001906;Ali Demir;Marmara;Hırdavat;Satış;14037.46
29.01.2026;F001907;Selin Kaya;Marmara;Hırdavat;Satış;10246.06
29.01.2026;F001908;Burak Şahin;Ege;Boya;Satış;11084.93
29.01.2026;F001909;Burak Şahin;Ege;Hırdavat;Satış;6964.73
29.01.2026;F001910;Ece Yıldız;Ege;Hırdavat;Satış;7226.54
30.01.2026;F001911;Ali Demir;Marmara;Hırdavat;Satış;7026.00
30.01.2026;F001912;Selin Kaya;Marmara;Boya;Satış;14097.27
30.01.2026;F001913;Selin Kaya;Marmara;Yalıtım;Satış;11946.81
30.01.2026;F001914;Ece Yıldız;Ege;Yalıtım;Satış;15251.13
02.02.2026;F001915;Ali Demir;Marmara;Boya;Satış;20406.70
02.02.2026;F001916;Ali Demir;Marmara;Yalıtım;Satış;7986.14
02.02.2026;F001917;Ali Demir;Marmara;Hırdavat;Satış;11467.03
02.02.2026;F001918;Selin Kaya;Marmara;Boya;Satış;14517.91
02.02.2026;F001919;Selin Kaya;Marmara;Yalıtım;Satış;10153.60
02.02.2026;F001920;Burak Şahin;Ege;Yalıtım;Satış;5708.28
02.02.2026;F001921;Ece Yıldız;Ege;Yalıtım;Satış;17372.72
03.02.2026;F001922;Ali Demir;Marmara;Boya;Satış;31999.30
03.02.2026;F001923;Ali Demir;Marmara;Hırdavat;Satış;15626.64
03.02.2026;F001924;Selin Kaya;Marmara;Boya;Satış;22180.30
03.02.2026;F001925;Selin Kaya;Marmara;Yalıtım;Satış;8861.22
03.02.2026;F001926;Burak Şahin;Ege;Hırdavat;İade;8505.94
03.02.2026;F001927;Ece Yıldız;Ege;Boya;Satış;10978.40
04.02.2026;F001928;Ali Demir;Marmara;Boya;Satış;18451.88
04.02.2026;F001929;Selin Kaya;Marmara;Boya;Satış;23164.61
04.02.2026;F001930;Selin Kaya;Marmara;Hırdavat;Satış;11460.51
04.02.2026;F001931;Ece Yıldız;Ege;Boya;Satış;25751.06
04.02.2026;F001932;Ece Yıldız;Ege;Yalıtım;Satış;17708.25
05.02.2026;F001933;Ali Demir;Marmara;Boya;Satış;19954.11
05.02.2026;F001934;Selin Kaya;Marmara;Yalıtım;İade;11385.56
05.02.2026;F001935;Selin Kaya;Marmara;Hırdavat;Satış;7784.02
05.02.2026;F001936;Burak Şahin;Ege;Yalıtım;Satış;8209.81
05.02.2026;F001937;Ece Yıldız;Ege;Yalıtım;Satış;10870.20
05.02.2026;F001938;Ece Yıldız;Ege;Hırdavat;Satış;9871.55
06.02.2026;F001939;Ali Demir;Marmara;Boya;Satış;17746.55
06.02.2026;F001940;Ali Demir;Marmara;Yalıtım;Satış;23288.24
06.02.2026;F001941;Selin Kaya;Marmara;Boya;Satış;20984.01
06.02.2026;F001942;Selin Kaya;Marmara;Yalıtım;Satış;10389.51
06.02.2026;F001943;Burak Şahin;Ege;Yalıtım;Satış;6498.89
06.02.2026;F001944;Ece Yıldız;Ege;Boya;Satış;31919.15
06.02.2026;F001945;Ece Yıldız;Ege;Hırdavat;Satış;6689.80
09.02.2026;F001946;Ali Demir;Marmara;Hırdavat;Satış;8050.25
09.02.2026;F001947;Selin Kaya;Marmara;Boya;Satış;16791.18
09.02.2026;F001948;Selin Kaya;Marmara;Hırdavat;Satış;4903.54
09.02.2026;F001949;Burak Şahin;Ege;Boya;Satış;15168.23
09.02.2026;F001950;Burak Şahin;Ege;Yalıtım;Satış;15831.04
09.02.2026;F001951;Ece Yıldız;Ege;Boya;Satış;29326.67
09.02.2026;F001952;Ece Yıldız;Ege;Yalıtım;Satış;15849.12
10.02.2026;F001953;Ali Demir;Marmara;Boya;Satış;27967.26
10.02.2026;F001954;Ali Demir;Marmara;Yalıtım;Satış;19226.93
10.02.2026;F001955;Ali Demir;Marmara;Hırdavat;Satış;9341.42
10.02.2026;F001956;Burak Şahin;Ege;Yalıtım;Satış;13813.01
10.02.2026;F001957;Ece Yıldız;Ege;Boya;Satış;22633.04
10.02.2026;F001958;Ece Yıldız;Ege;Yalıtım;Satış;11226.92
11.02.2026;F001959;Ali Demir;Marmara;Boya;Satış;20801.22
11.02.2026;F001960;Ali Demir;Marmara;Yalıtım;Satış;21833.67
11.02.2026;F001961;Selin Kaya;Marmara;Yalıtım;Satış;20775.77
11.02.2026;F001962;Selin Kaya;Marmara;Hırdavat;Satış;8859.35
11.02.2026;F001963;Burak Şahin;Ege;Boya;Satış;13316.42
11.02.2026;F001964;Burak Şahin;Ege;Yalıtım;Satış;10081.15
11.02.2026;F001965;Burak Şahin;Ege;Hırdavat;Satış;6395.31
11.02.2026;F001966;Ece Yıldız;Ege;Boya;Satış;13083.20
11.02.2026;F001967;Ece Yıldız;Ege;Yalıtım;Satış;14109.57
12.02.2026;F001968;Ali Demir;Marmara;Boya;Satış;12979.60
12.02.2026;F001969;Ali Demir;Marmara;Yalıtım;Satış;11893.13
12.02.2026;F001970;Ali Demir;Marmara;Hırdavat;Satış;7437.74
12.02.2026;F001971;Selin Kaya;Marmara;Yalıtım;Satış;17563.15
12.02.2026;F001972;Selin Kaya;Marmara;Hırdavat;Satış;10017.78
12.02.2026;F001973;Burak Şahin;Ege;Hırdavat;Satış;8749.72
13.02.2026;F001974;Ali Demir;Marmara;Boya;Satış;33412.76
13.02.2026;F001975;Selin Kaya;Marmara;Hırdavat;Satış;11043.31
13.02.2026;F001976;Burak Şahin;Ege;Boya;Satış;18997.25
13.02.2026;F001977;Ece Yıldız;Ege;Boya;Satış;11310.34
16.02.2026;F001978;Selin Kaya;Marmara;Boya;Satış;21419.96
16.02.2026;F001979;Selin Kaya;Marmara;Yalıtım;Satış;9007.05
16.02.2026;F001980;Selin Kaya;Marmara;Hırdavat;Satış;6965.51
16.02.2026;F001981;Burak Şahin;Ege;Hırdavat;Satış;8173.46
16.02.2026;F001982;Ece Yıldız;Ege;Boya;Satış;14548.68
17.02.2026;F001983;Ali Demir;Marmara;Boya;Satış;31896.02
17.02.2026;F001984;Ali Demir;Marmara;Yalıtım;Satış;22034.68
17.02.2026;F001985;Ali Demir;Marmara;Hırdavat;Satış;9340.86
17.02.2026;F001986;Selin Kaya;Marmara;Boya;Satış;11444.46
17.02.2026;F001987;Selin Kaya;Marmara;Hırdavat;Satış;9033.85
17.02.2026;F001988;Burak Şahin;Ege;Boya;Satış;11215.62
17.02.2026;F001989;Burak Şahin;Ege;Hırdavat;Satış;7868.58
18.02.2026;F001990;Ali Demir;Marmara;Boya;İade;24849.08
18.02.2026;F001991;Ali Demir;Marmara;Hırdavat;Satış;7780.82
18.02.2026;F001992;Burak Şahin;Ege;Hırdavat;Satış;3664.40
18.02.2026;F001993;Ece Yıldız;Ege;Boya;Satış;23317.30
19.02.2026;F001994;Ali Demir;Marmara;Yalıtım;Satış;13214.71
19.02.2026;F001995;Ali Demir;Marmara;Hırdavat;Satış;10312.91
19.02.2026;F001996;Selin Kaya;Marmara;Boya;Satış;19899.56
19.02.2026;F001997;Selin Kaya;Marmara;Yalıtım;Satış;20280.31
19.02.2026;F001998;Selin Kaya;Marmara;Hırdavat;Satış;10040.92
19.02.2026;F001999;Burak Şahin;Ege;Boya;Satış;17362.07
19.02.2026;F002000;Burak Şahin;Ege;Yalıtım;Satış;9895.54
19.02.2026;F002001;Ece Yıldız;Ege;Yalıtım;Satış;13598.44
20.02.2026;F002002;Ali Demir;Marmara;Boya;Satış;30365.34
20.02.2026;F002003;Ali Demir;Marmara;Yalıtım;Satış;23021.52
20.02.2026;F002004;Ali Demir;Marmara;Hırdavat;Satış;15202.06
20.02.2026;F002005;Selin Kaya;Marmara;Boya;Satış;12168.22
20.02.2026;F002006;Selin Kaya;Marmara;Hırdavat;Satış;8687.73
20.02.2026;F002007;Burak Şahin;Ege;Yalıtım;Satış;6766.36
23.02.2026;F002008;Ali Demir;Marmara;Boya;Satış;14203.46
23.02.2026;F002009;Ali Demir;Marmara;Yalıtım;Satış;15454.25
23.02.2026;F002010;Selin Kaya;Marmara;Boya;Satış;26650.91
23.02.2026;F002011;Selin Kaya;Marmara;Yalıtım;Satış;13785.21
23.02.2026;F002012;Selin Kaya;Marmara;Hırdavat;Satış;5044.90
23.02.2026;F002013;Burak Şahin;Ege;Boya;Satış;16957.80
23.02.2026;F002014;Ece Yıldız;Ege;Hırdavat;Satış;11816.72
24.02.2026;F002015;Ali Demir;Marmara;Hırdavat;Satış;15575.83
24.02.2026;F002016;Selin Kaya;Marmara;Yalıtım;Satış;15396.80
24.02.2026;F002017;Burak Şahin;Ege;Yalıtım;Satış;11460.95
24.02.2026;F002018;Burak Şahin;Ege;Hırdavat;Satış;6276.95
24.02.2026;F002019;Ece Yıldız;Ege;Boya;Satış;26147.30
24.02.2026;F002020;Ece Yıldız;Ege;Yalıtım;Satış;8267.85
24.02.2026;F002021;Ece Yıldız;Ege;Hırdavat;Satış;4508.00
25.02.2026;F002022;Ali Demir;Marmara;Boya;Satış;16028.69
25.02.2026;F002023;Ali Demir;Marmara;Yalıtım;Satış;13207.47
25.02.2026;F002024;Ali Demir;Marmara;Hırdavat;Satış;11679.05
25.02.2026;F002025;Selin Kaya;Marmara;Yalıtım;Satış;15453.78
25.02.2026;F002026;Selin Kaya;Marmara;Hırdavat;Satış;12637.53
25.02.2026;F002027;Burak Şahin;Ege;Boya;Satış;15126.89
25.02.2026;F002028;Ece Yıldız;Ege;Boya;Satış;28637.92
25.02.2026;F002029;Ece Yıldız;Ege;Hırdavat;Satış;7696.21
26.02.2026;F002030;Ali Demir;Marmara;Hırdavat;Satış;7616.00
26.02.2026;F002031;Selin Kaya;Marmara;Boya;Satış;18789.31
26.02.2026;F002032;Burak Şahin;Ege;Hırdavat;Satış;8009.42
26.02.2026;F002033;Ece Yıldız;Ege;Boya;Satış;16376.81
26.02.2026;F002034;Ece Yıldız;Ege;Hırdavat;Satış;5354.15
27.02.2026;F002035;Ali Demir;Marmara;Boya;Satış;21347.12
27.02.2026;F002036;Ali Demir;Marmara;Hırdavat;Satış;8178.30
27.02.2026;F002037;Selin Kaya;Marmara;Boya;Satış;25520.74
27.02.2026;F002038;Selin Kaya;Marmara;Yalıtım;Satış;8305.30
27.02.2026;F002039;Selin Kaya;Marmara;Hırdavat;Satış;5459.02
27.02.2026;F002040;Burak Şahin;Ege;Yalıtım;Satış;17191.04
27.02.2026;F002041;Ece Yıldız;Ege;Boya;Satış;27507.41
27.02.2026;F002042;Ece Yıldız;Ege;Yalıtım;Satış;15260.12
02.03.2026;F002043;Ali Demir;Marmara;Yalıtım;Satış;10102.52
02.03.2026;F002044;Ali Demir;Marmara;Hırdavat;Satış;14843.72
02.03.2026;F002045;Selin Kaya;Marmara;Boya;Satış;16866.17
02.03.2026;F002046;Selin Kaya;Marmara;Yalıtım;Satış;15920.66
02.03.2026;F002047;Selin Kaya;Marmara;Hırdavat;Satış;9636.99
02.03.2026;F002048;Burak Şahin;Ege;Yalıtım;Satış;15614.22
02.03.2026;F002049;Ece Yıldız;Ege;Boya;Satış;11040.25
02.03.2026;F002050;Ece Yıldız;Ege;Hırdavat;Satış;8775.99
03.03.2026;F002051;Selin Kaya;Marmara;Yalıtım;Satış;7958.22
03.03.2026;F002052;Selin Kaya;Marmara;Hırdavat;Satış;5927.56
03.03.2026;F002053;Burak Şahin;Ege;Boya;Satış;25701.19
03.03.2026;F002054;Burak Şahin;Ege;Hırdavat;Satış;10522.33
03.03.2026;F002055;Ece Yıldız;Ege;Boya;Satış;25852.55
03.03.2026;F002056;Ece Yıldız;Ege;Yalıtım;Satış;17097.54
03.03.2026;F002057;Ece Yıldız;Ege;Hırdavat;Satış;8074.26
04.03.2026;F002058;Ali Demir;Marmara;Yalıtım;Satış;16089.43
04.03.2026;F002059;Selin Kaya;Marmara;Yalıtım;Satış;14414.46
04.03.2026;F002060;Selin Kaya;Marmara;Hırdavat;Satış;11742.77
04.03.2026;F002061;Burak Şahin;Ege;Boya;Satış;20791.96
04.03.2026;F002062;Burak Şahin;Ege;Yalıtım;Satış;8576.86
04.03.2026;F002063;Burak Şahin;Ege;Hırdavat;Satış;10867.60
04.03.2026;F002064;Ece Yıldız;Ege;Yalıtım;Satış;17401.96
05.03.2026;F002065;Selin Kaya;Marmara;Yalıtım;Satış;13284.63
05.03.2026;F002066;Burak Şahin;Ege;Boya;Satış;24685.37
05.03.2026;F002067;Burak Şahin;Ege;Yalıtım;Satış;6234.96
05.03.2026;F002068;Burak Şahin;Ege;Hırdavat;Satış;10280.27
05.03.2026;F002069;Ece Yıldız;Ege;Boya;Satış;27605.58
06.03.2026;F002070;Ali Demir;Marmara;Boya;Satış;16761.42
06.03.2026;F002071;Selin Kaya;Marmara;Boya;Satış;30513.01
06.03.2026;F002072;Selin Kaya;Marmara;Yalıtım;Satış;17679.21
06.03.2026;F002073;Ece Yıldız;Ege;Boya;Satış;23784.06
06.03.2026;F002074;Ece Yıldız;Ege;Yalıtım;Satış;18165.94
06.03.2026;F002075;Ece Yıldız;Ege;Hırdavat;Satış;8235.96
09.03.2026;F002076;Ali Demir;Marmara;Boya;Satış;33516.96
09.03.2026;F002077;Ali Demir;Marmara;Yalıtım;Satış;19290.06
09.03.2026;F002078;Ali Demir;Marmara;Hırdavat;Satış;8268.46
09.03.2026;F002079;Selin Kaya;Marmara;Hırdavat;Satış;8761.97
09.03.2026;F002080;Burak Şahin;Ege;Yalıtım;Satış;14264.67
09.03.2026;F002081;Ece Yıldız;Ege;Boya;Satış;10983.15
09.03.2026;F002082;Ece Yıldız;Ege;Yalıtım;Satış;17624.91
09.03.2026;F002083;Ece Yıldız;Ege;Hırdavat;Satış;4853.20
10.03.2026;F002084;Selin Kaya;Marmara;Boya;Satış;21254.56
10.03.2026;F002085;Selin Kaya;Marmara;Yalıtım;Satış;12466.45
10.03.2026;F002086;Selin Kaya;Marmara;Hırdavat;Satış;5716.54
10.03.2026;F002087;Burak Şahin;Ege;Boya;Satış;20515.03
10.03.2026;F002088;Burak Şahin;Ege;Hırdavat;Satış;9786.12
10.03.2026;F002089;Ece Yıldız;Ege;Boya;Satış;21111.04
10.03.2026;F002090;Ece Yıldız;Ege;Yalıtım;Satış;8971.91
10.03.2026;F002091;Ece Yıldız;Ege;Hırdavat;İade;8654.30
11.03.2026;F002092;Ali Demir;Marmara;Boya;Satış;11497.16
11.03.2026;F002093;Ali Demir;Marmara;Yalıtım;Satış;14681.50
11.03.2026;F002094;Ali Demir;Marmara;Hırdavat;Satış;12958.30
11.03.2026;F002095;Selin Kaya;Marmara;Boya;Satış;19800.26
11.03.2026;F002096;Burak Şahin;Ege;Boya;Satış;22885.23
11.03.2026;F002097;Ece Yıldız;Ege;Yalıtım;Satış;9577.28
11.03.2026;F002098;Ece Yıldız;Ege;Hırdavat;Satış;7439.42
12.03.2026;F002099;Ali Demir;Marmara;Boya;Satış;22262.73
12.03.2026;F002100;Selin Kaya;Marmara;Yalıtım;Satış;15977.92
12.03.2026;F002101;Selin Kaya;Marmara;Hırdavat;Satış;7894.22
12.03.2026;F002102;Burak Şahin;Ege;Boya;Satış;24790.52
12.03.2026;F002103;Burak Şahin;Ege;Yalıtım;Satış;11290.59
12.03.2026;F002104;Burak Şahin;Ege;Hırdavat;Satış;10265.48
12.03.2026;F002105;Ece Yıldız;Ege;Boya;Satış;16808.36
13.03.2026;F002106;Ali Demir;Marmara;Boya;Satış;12261.68
13.03.2026;F002107;Ali Demir;Marmara;Hırdavat;Satış;12402.76
13.03.2026;F002108;Selin Kaya;Marmara;Hırdavat;Satış;8104.69
13.03.2026;F002109;Burak Şahin;Ege;Boya;Satış;9853.82
13.03.2026;F002110;Burak Şahin;Ege;Yalıtım;Satış;12847.94
13.03.2026;F002111;Burak Şahin;Ege;Hırdavat;Satış;11167.77
13.03.2026;F002112;Ece Yıldız;Ege;Boya;Satış;11310.06
13.03.2026;F002113;Ece Yıldız;Ege;Yalıtım;Satış;14205.67
16.03.2026;F002114;Ali Demir;Marmara;Boya;Satış;23392.47
16.03.2026;F002115;Ali Demir;Marmara;Yalıtım;Satış;13673.27
16.03.2026;F002116;Ali Demir;Marmara;Hırdavat;Satış;6943.49
16.03.2026;F002117;Selin Kaya;Marmara;Boya;Satış;9930.04
16.03.2026;F002118;Burak Şahin;Ege;Yalıtım;Satış;14565.31
17.03.2026;F002119;Ali Demir;Marmara;Boya;Satış;20990.38
17.03.2026;F002120;Selin Kaya;Marmara;Boya;Satış;16811.50
17.03.2026;F002121;Selin Kaya;Marmara;Hırdavat;Satış;9072.28
17.03.2026;F002122;Burak Şahin;Ege;Hırdavat;Satış;6116.98
17.03.2026;F002123;Ece Yıldız;Ege;Yalıtım;Satış;21591.22
18.03.2026;F002124;Ali Demir;Marmara;Yalıtım;İade;22088.82
18.03.2026;F002125;Ali Demir;Marmara;Hırdavat;Satış;11849.32
18.03.2026;F002126;Selin Kaya;Marmara;Boya;Satış;11238.51
18.03.2026;F002127;Burak Şahin;Ege;Boya;Satış;21267.75
18.03.2026;F002128;Burak Şahin;Ege;Yalıtım;Satış;7774.45
18.03.2026;F002129;Burak Şahin;Ege;Hırdavat;Satış;4915.75
18.03.2026;F002130;Ece Yıldız;Ege;Yalıtım;Satış;12067.43
19.03.2026;F002131;Ali Demir;Marmara;Boya;Satış;29091.05
19.03.2026;F002132;Ali Demir;Marmara;Yalıtım;Satış;16662.31
19.03.2026;F002133;Ali Demir;Marmara;Hırdavat;Satış;8271.97
19.03.2026;F002134;Selin Kaya;Marmara;Hırdavat;Satış;6624.43
19.03.2026;F002135;Burak Şahin;Ege;Boya;Satış;17065.16
19.03.2026;F002136;Burak Şahin;Ege;Yalıtım;Satış;15376.42
19.03.2026;F002137;Burak Şahin;Ege;Hırdavat;Satış;10242.18
19.03.2026;F002138;Ece Yıldız;Ege;Boya;Satış;31530.14
19.03.2026;F002139;Ece Yıldız;Ege;Yalıtım;Satış;18592.64
19.03.2026;F002140;Ece Yıldız;Ege;Hırdavat;Satış;5368.81
20.03.2026;F002141;Ali Demir;Marmara;Boya;Satış;32273.70
20.03.2026;F002142;Ali Demir;Marmara;Yalıtım;Satış;8002.27
20.03.2026;F002143;Ali Demir;Marmara;Hırdavat;Satış;8723.80
20.03.2026;F002144;Selin Kaya;Marmara;Boya;Satış;26711.42
20.03.2026;F002145;Selin Kaya;Marmara;Yalıtım;Satış;12103.00
20.03.2026;F002146;Burak Şahin;Ege;Hırdavat;Satış;10504.63
20.03.2026;F002147;Ece Yıldız;Ege;Hırdavat;Satış;13481.66
23.03.2026;F002148;Ali Demir;Marmara;Boya;Satış;15253.19
23.03.2026;F002149;Selin Kaya;Marmara;Yalıtım;Satış;12305.67
24.03.2026;F002150;Ali Demir;Marmara;Boya;Satış;15419.01
24.03.2026;F002151;Ali Demir;Marmara;Yalıtım;Satış;24066.32
24.03.2026;F002152;Ali Demir;Marmara;Hırdavat;Satış;7511.01
24.03.2026;F002153;Selin Kaya;Marmara;Boya;Satış;13432.64
24.03.2026;F002154;Selin Kaya;Marmara;Hırdavat;Satış;8937.10
24.03.2026;F002155;Burak Şahin;Ege;Hırdavat;Satış;7416.03
24.03.2026;F002156;Ece Yıldız;Ege;Boya;Satış;26870.43
24.03.2026;F002157;Ece Yıldız;Ege;Yalıtım;Satış;16947.74
25.03.2026;F002158;Ali Demir;Marmara;Hırdavat;Satış;7570.70
25.03.2026;F002159;Selin Kaya;Marmara;Yalıtım;Satış;11421.09
25.03.2026;F002160;Selin Kaya;Marmara;Hırdavat;Satış;11563.16
25.03.2026;F002161;Burak Şahin;Ege;Boya;Satış;11864.19
25.03.2026;F002162;Burak Şahin;Ege;Hırdavat;Satış;5466.33
25.03.2026;F002163;Ece Yıldız;Ege;Hırdavat;Satış;12557.11
26.03.2026;F002164;Ali Demir;Marmara;Boya;Satış;20031.38
26.03.2026;F002165;Selin Kaya;Marmara;Boya;Satış;11697.32
26.03.2026;F002166;Selin Kaya;Marmara;Yalıtım;Satış;15357.39
26.03.2026;F002167;Burak Şahin;Ege;Hırdavat;Satış;11120.07
26.03.2026;F002168;Ece Yıldız;Ege;Hırdavat;Satış;6324.58
27.03.2026;F002169;Ali Demir;Marmara;Boya;Satış;21807.35
27.03.2026;F002170;Ali Demir;Marmara;Yalıtım;Satış;24103.19
27.03.2026;F002171;Ali Demir;Marmara;Hırdavat;Satış;15579.10
27.03.2026;F002172;Selin Kaya;Marmara;Boya;Satış;27635.62
27.03.2026;F002173;Selin Kaya;Marmara;Yalıtım;Satış;10308.89
27.03.2026;F002174;Selin Kaya;Marmara;Hırdavat;Satış;13544.08
27.03.2026;F002175;Burak Şahin;Ege;Boya;Satış;15771.60
27.03.2026;F002176;Burak Şahin;Ege;Yalıtım;Satış;14532.85
30.03.2026;F002177;Ali Demir;Marmara;Boya;Satış;25128.58
30.03.2026;F002178;Ali Demir;Marmara;Hırdavat;Satış;10585.00
30.03.2026;F002179;Selin Kaya;Marmara;Boya;Satış;30480.92
30.03.2026;F002180;Selin Kaya;Marmara;Hırdavat;Satış;8555.68
30.03.2026;F002181;Burak Şahin;Ege;Boya;Satış;25991.27
30.03.2026;F002182;Burak Şahin;Ege;Yalıtım;Satış;15998.43
30.03.2026;F002183;Burak Şahin;Ege;Hırdavat;Satış;3845.81
30.03.2026;F002184;Ece Yıldız;Ege;Boya;Satış;19297.83
30.03.2026;F002185;Ece Yıldız;Ege;Yalıtım;Satış;13327.06
30.03.2026;F002186;Ece Yıldız;Ege;Hırdavat;Satış;12853.37
31.03.2026;F002187;Ali Demir;Marmara;Yalıtım;Satış;18807.54
31.03.2026;F002188;Ali Demir;Marmara;Hırdavat;Satış;5992.96
31.03.2026;F002189;Selin Kaya;Marmara;Boya;Satış;21440.47
31.03.2026;F002190;Selin Kaya;Marmara;Yalıtım;Satış;7884.17
31.03.2026;F002191;Ece Yıldız;Ege;Yalıtım;Satış;17353.74
31.03.2026;F002192;Ece Yıldız;Ege;Hırdavat;Satış;6868.01
01.04.2026;F002193;Ali Demir;Marmara;Yalıtım;Satış;20714.66
01.04.2026;F002194;Ali Demir;Marmara;Hırdavat;Satış;12889.77
01.04.2026;F002195;Selin Kaya;Marmara;Boya;Satış;22850.61
01.04.2026;F002196;Selin Kaya;Marmara;Hırdavat;Satış;5309.36
01.04.2026;F002197;Burak Şahin;Ege;Hırdavat;Satış;6684.82
01.04.2026;F002198;Ece Yıldız;Ege;Boya;Satış;28590.24
02.04.2026;F002199;Ali Demir;Marmara;Boya;Satış;26566.80
02.04.2026;F002200;Ali Demir;Marmara;Yalıtım;Satış;16979.02
02.04.2026;F002201;Burak Şahin;Ege;Hırdavat;Satış;11605.13
02.04.2026;F002202;Ece Yıldız;Ege;Boya;Satış;23854.50
02.04.2026;F002203;Ece Yıldız;Ege;Yalıtım;Satış;19072.80
03.04.2026;F002204;Ali Demir;Marmara;Boya;Satış;23596.43
03.04.2026;F002205;Selin Kaya;Marmara;Boya;Satış;25841.89
03.04.2026;F002206;Selin Kaya;Marmara;Yalıtım;Satış;8212.58
03.04.2026;F002207;Selin Kaya;Marmara;Hırdavat;Satış;13233.41
03.04.2026;F002208;Burak Şahin;Ege;Boya;Satış;19734.54
03.04.2026;F002209;Burak Şahin;Ege;Hırdavat;Satış;6459.90
03.04.2026;F002210;Ece Yıldız;Ege;Boya;Satış;15929.22
03.04.2026;F002211;Ece Yıldız;Ege;Yalıtım;Satış;16719.35
06.04.2026;F002212;Ali Demir;Marmara;Boya;Satış;26527.05
06.04.2026;F002213;Ali Demir;Marmara;Hırdavat;Satış;9425.59
06.04.2026;F002214;Selin Kaya;Marmara;Boya;Satış;29726.84
06.04.2026;F002215;Selin Kaya;Marmara;Yalıtım;Satış;11460.71
06.04.2026;F002216;Burak Şahin;Ege;Boya;Satış;9319.93
06.04.2026;F002217;Burak Şahin;Ege;Hırdavat;Satış;3653.48
06.04.2026;F002218;Ece Yıldız;Ege;Boya;Satış;25667.93
06.04.2026;F002219;Ece Yıldız;Ege;Yalıtım;Satış;14553.97
07.04.2026;F002220;Ali Demir;Marmara;Boya;Satış;14181.04
07.04.2026;F002221;Ali Demir;Marmara;Yalıtım;Satış;16511.69
07.04.2026;F002222;Ali Demir;Marmara;Hırdavat;Satış;8418.62
07.04.2026;F002223;Selin Kaya;Marmara;Boya;Satış;16844.48
07.04.2026;F002224;Burak Şahin;Ege;Boya;Satış;15348.73
07.04.2026;F002225;Burak Şahin;Ege;Yalıtım;Satış;9614.11
07.04.2026;F002226;Ece Yıldız;Ege;Boya;Satış;29306.88
07.04.2026;F002227;Ece Yıldız;Ege;Yalıtım;Satış;18648.72
08.04.2026;F002228;Ali Demir;Marmara;Boya;Satış;31131.23
08.04.2026;F002229;Ali Demir;Marmara;Yalıtım;Satış;13081.92
08.04.2026;F002230;Ali Demir;Marmara;Hırdavat;Satış;15424.51
08.04.2026;F002231;Selin Kaya;Marmara;Boya;Satış;14817.91
08.04.2026;F002232;Selin Kaya;Marmara;Yalıtım;Satış;19398.09
08.04.2026;F002233;Burak Şahin;Ege;Boya;Satış;17709.24
08.04.2026;F002234;Ece Yıldız;Ege;Boya;Satış;31013.09
08.04.2026;F002235;Ece Yıldız;Ege;Hırdavat;Satış;9470.41
09.04.2026;F002236;Ali Demir;Marmara;Hırdavat;Satış;7693.86
09.04.2026;F002237;Selin Kaya;Marmara;Boya;Satış;23103.98
09.04.2026;F002238;Burak Şahin;Ege;Boya;Satış;9465.96
09.04.2026;F002239;Burak Şahin;Ege;Hırdavat;Satış;11430.50
09.04.2026;F002240;Ece Yıldız;Ege;Boya;Satış;17010.97
09.04.2026;F002241;Ece Yıldız;Ege;Hırdavat;Satış;13837.47
10.04.2026;F002242;Ali Demir;Marmara;Hırdavat;Satış;9832.38
10.04.2026;F002243;Selin Kaya;Marmara;Hırdavat;Satış;5188.63
10.04.2026;F002244;Ece Yıldız;Ege;Yalıtım;Satış;16835.24
10.04.2026;F002245;Ece Yıldız;Ege;Hırdavat;Satış;6245.91
13.04.2026;F002246;Selin Kaya;Marmara;Boya;Satış;14234.05
13.04.2026;F002247;Selin Kaya;Marmara;Yalıtım;Satış;18480.14
13.04.2026;F002248;Selin Kaya;Marmara;Hırdavat;Satış;4990.00
13.04.2026;F002249;Burak Şahin;Ege;Yalıtım;Satış;11215.82
13.04.2026;F002250;Burak Şahin;Ege;Hırdavat;Satış;7046.28
13.04.2026;F002251;Ece Yıldız;Ege;Hırdavat;Satış;13671.46
14.04.2026;F002252;Selin Kaya;Marmara;Boya;Satış;17562.81
14.04.2026;F002253;Selin Kaya;Marmara;Yalıtım;Satış;11796.68
14.04.2026;F002254;Burak Şahin;Ege;Boya;Satış;17615.42
14.04.2026;F002255;Burak Şahin;Ege;Yalıtım;Satış;18125.47
14.04.2026;F002256;Burak Şahin;Ege;Hırdavat;Satış;10357.47
14.04.2026;F002257;Ece Yıldız;Ege;Boya;Satış;29591.48
15.04.2026;F002258;Ali Demir;Marmara;Boya;Satış;27120.48
15.04.2026;F002259;Ali Demir;Marmara;Yalıtım;Satış;20483.74
15.04.2026;F002260;Selin Kaya;Marmara;Boya;Satış;20114.27
15.04.2026;F002261;Selin Kaya;Marmara;Yalıtım;İade;16141.19
15.04.2026;F002262;Selin Kaya;Marmara;Hırdavat;Satış;11306.22
15.04.2026;F002263;Burak Şahin;Ege;Boya;Satış;14271.24
15.04.2026;F002264;Burak Şahin;Ege;Yalıtım;Satış;17313.32
15.04.2026;F002265;Burak Şahin;Ege;Hırdavat;Satış;6419.46
16.04.2026;F002266;Ali Demir;Marmara;Boya;Satış;16444.82
16.04.2026;F002267;Selin Kaya;Marmara;Boya;Satış;10147.82
16.04.2026;F002268;Selin Kaya;Marmara;Yalıtım;Satış;9866.60
16.04.2026;F002269;Selin Kaya;Marmara;Hırdavat;Satış;7307.17
16.04.2026;F002270;Burak Şahin;Ege;Boya;Satış;22459.97
16.04.2026;F002271;Burak Şahin;Ege;Yalıtım;Satış;11155.89
16.04.2026;F002272;Ece Yıldız;Ege;Boya;Satış;15501.81
17.04.2026;F002273;Ali Demir;Marmara;Boya;Satış;23003.44
17.04.2026;F002274;Ali Demir;Marmara;Yalıtım;Satış;11316.52
17.04.2026;F002275;Ali Demir;Marmara;Hırdavat;Satış;7346.63
17.04.2026;F002276;Selin Kaya;Marmara;Hırdavat;Satış;7388.87
17.04.2026;F002277;Burak Şahin;Ege;Yalıtım;Satış;6820.66
20.04.2026;F002278;Ali Demir;Marmara;Boya;Satış;33478.11
20.04.2026;F002279;Selin Kaya;Marmara;Yalıtım;Satış;18854.95
20.04.2026;F002280;Selin Kaya;Marmara;Hırdavat;Satış;6635.19
20.04.2026;F002281;Burak Şahin;Ege;Boya;Satış;25815.95
20.04.2026;F002282;Burak Şahin;Ege;Yalıtım;Satış;11034.31
20.04.2026;F002283;Burak Şahin;Ege;Hırdavat;Satış;6463.45
21.04.2026;F002284;Ali Demir;Marmara;Boya;Satış;16565.71
21.04.2026;F002285;Ali Demir;Marmara;Yalıtım;Satış;19601.97
21.04.2026;F002286;Selin Kaya;Marmara;Boya;Satış;24537.83
21.04.2026;F002287;Selin Kaya;Marmara;Yalıtım;Satış;20768.33
21.04.2026;F002288;Selin Kaya;Marmara;Hırdavat;Satış;8371.15
21.04.2026;F002289;Burak Şahin;Ege;Yalıtım;Satış;15943.97
21.04.2026;F002290;Burak Şahin;Ege;Hırdavat;Satış;4501.13
21.04.2026;F002291;Ece Yıldız;Ege;Hırdavat;Satış;10914.49
22.04.2026;F002292;Ali Demir;Marmara;Boya;Satış;22260.22
22.04.2026;F002293;Ali Demir;Marmara;Yalıtım;Satış;11710.53
22.04.2026;F002294;Selin Kaya;Marmara;Boya;Satış;20913.63
22.04.2026;F002295;Selin Kaya;Marmara;Yalıtım;Satış;7387.42
22.04.2026;F002296;Burak Şahin;Ege;Hırdavat;İade;11485.05
22.04.2026;F002297;Ece Yıldız;Ege;Yalıtım;Satış;8560.53
23.04.2026;F002298;Ali Demir;Marmara;Boya;Satış;32034.53
23.04.2026;F002299;Ali Demir;Marmara;Yalıtım;Satış;13376.27
23.04.2026;F002300;Selin Kaya;Marmara;Boya;Satış;14946.31
23.04.2026;F002301;Selin Kaya;Marmara;Hırdavat;Satış;8288.13
23.04.2026;F002302;Burak Şahin;Ege;Boya;Satış;12366.63
23.04.2026;F002303;Burak Şahin;Ege;Yalıtım;Satış;17980.60
23.04.2026;F002304;Ece Yıldız;Ege;Yalıtım;Satış;9967.04
23.04.2026;F002305;Ece Yıldız;Ege;Hırdavat;Satış;5966.26
24.04.2026;F002306;Ali Demir;Marmara;Yalıtım;Satış;22711.92
24.04.2026;F002307;Ali Demir;Marmara;Hırdavat;Satış;11331.05
24.04.2026;F002308;Selin Kaya;Marmara;Boya;Satış;16775.46
24.04.2026;F002309;Selin Kaya;Marmara;Yalıtım;Satış;13272.26
24.04.2026;F002310;Burak Şahin;Ege;Boya;Satış;12868.99
24.04.2026;F002311;Burak Şahin;Ege;Hırdavat;Satış;6725.31
24.04.2026;F002312;Ece Yıldız;Ege;Boya;Satış;24555.69
24.04.2026;F002313;Ece Yıldız;Ege;Yalıtım;Satış;20584.66
27.04.2026;F002314;Ali Demir;Marmara;Boya;Satış;13094.62
27.04.2026;F002315;Ali Demir;Marmara;Yalıtım;Satış;22763.47
27.04.2026;F002316;Selin Kaya;Marmara;Yalıtım;Satış;19926.41
27.04.2026;F002317;Burak Şahin;Ege;Boya;Satış;18619.97
27.04.2026;F002318;Burak Şahin;Ege;Yalıtım;Satış;9796.24
27.04.2026;F002319;Burak Şahin;Ege;Hırdavat;Satış;11343.13
27.04.2026;F002320;Ece Yıldız;Ege;Boya;Satış;24642.78
27.04.2026;F002321;Ece Yıldız;Ege;Yalıtım;Satış;11740.80
27.04.2026;F002322;Ece Yıldız;Ege;Hırdavat;Satış;7186.61
28.04.2026;F002323;Ali Demir;Marmara;Boya;Satış;23852.12
28.04.2026;F002324;Ali Demir;Marmara;Yalıtım;Satış;8566.52
28.04.2026;F002325;Burak Şahin;Ege;Hırdavat;Satış;11335.65
28.04.2026;F002326;Ece Yıldız;Ege;Boya;Satış;13153.12
29.04.2026;F002327;Ali Demir;Marmara;Boya;Satış;12881.95
29.04.2026;F002328;Ali Demir;Marmara;Yalıtım;Satış;10956.58
29.04.2026;F002329;Ali Demir;Marmara;Hırdavat;Satış;6419.26
29.04.2026;F002330;Selin Kaya;Marmara;Boya;Satış;11172.93
29.04.2026;F002331;Selin Kaya;Marmara;Yalıtım;Satış;15934.28
29.04.2026;F002332;Ece Yıldız;Ege;Boya;Satış;17694.52
29.04.2026;F002333;Ece Yıldız;Ege;Hırdavat;Satış;8350.65
30.04.2026;F002334;Ali Demir;Marmara;Boya;Satış;25796.22
30.04.2026;F002335;Ali Demir;Marmara;Yalıtım;Satış;13681.38
30.04.2026;F002336;Ali Demir;Marmara;Hırdavat;Satış;5993.30
30.04.2026;F002337;Selin Kaya;Marmara;Boya;Satış;10797.81
30.04.2026;F002338;Selin Kaya;Marmara;Yalıtım;Satış;11512.95
30.04.2026;F002339;Selin Kaya;Marmara;Hırdavat;Satış;10358.08
30.04.2026;F002340;Burak Şahin;Ege;Yalıtım;Satış;17363.19
30.04.2026;F002341;Burak Şahin;Ege;Hırdavat;Satış;11430.02
30.04.2026;F002342;Ece Yıldız;Ege;Boya;Satış;13634.37
30.04.2026;F002343;Ece Yıldız;Ege;Hırdavat;Satış;10083.13
01.05.2026;F002344;Ali Demir;Marmara;Yalıtım;Satış;17816.89
01.05.2026;F002345;Burak Şahin;Ege;Yalıtım;Satış;16170.12
01.05.2026;F002346;Burak Şahin;Ege;Hırdavat;Satış;9648.34
01.05.2026;F002347;Ece Yıldız;Ege;Yalıtım;Satış;8855.73
01.05.2026;F002348;Ece Yıldız;Ege;Hırdavat;Satış;6628.16
04.05.2026;F002349;Ali Demir;Marmara;Hırdavat;Satış;7789.13
04.05.2026;F002350;Selin Kaya;Marmara;Yalıtım;Satış;8836.26
04.05.2026;F002351;Burak Şahin;Ege;Boya;Satış;16827.63
04.05.2026;F002352;Burak Şahin;Ege;Yalıtım;Satış;16080.95
04.05.2026;F002353;Ece Yıldız;Ege;Boya;Satış;24831.33
05.05.2026;F002354;Ali Demir;Marmara;Boya;Satış;13881.28
05.05.2026;F002355;Ali Demir;Marmara;Hırdavat;Satış;8878.37
05.05.2026;F002356;Selin Kaya;Marmara;Boya;Satış;28629.54
05.05.2026;F002357;Selin Kaya;Marmara;Yalıtım;Satış;7190.74
05.05.2026;F002358;Selin Kaya;Marmara;Hırdavat;Satış;10306.24
05.05.2026;F002359;Burak Şahin;Ege;Yalıtım;Satış;9638.41
05.05.2026;F002360;Ece Yıldız;Ege;Boya;Satış;31452.53
05.05.2026;F002361;Ece Yıldız;Ege;Yalıtım;Satış;10240.60
06.05.2026;F002362;Ali Demir;Marmara;Yalıtım;Satış;15538.30
06.05.2026;F002363;Ali Demir;Marmara;Hırdavat;Satış;12005.26
06.05.2026;F002364;Selin Kaya;Marmara;Boya;Satış;24807.16
06.05.2026;F002365;Burak Şahin;Ege;Boya;Satış;23006.73
06.05.2026;F002366;Burak Şahin;Ege;Yalıtım;Satış;17415.74
06.05.2026;F002367;Ece Yıldız;Ege;Boya;Satış;21662.16
06.05.2026;F002368;Ece Yıldız;Ege;Yalıtım;Satış;17174.96
07.05.2026;F002369;Ali Demir;Marmara;Yalıtım;Satış;12278.32
07.05.2026;F002370;Burak Şahin;Ege;Yalıtım;Satış;10108.27
07.05.2026;F002371;Burak Şahin;Ege;Hırdavat;Satış;9142.40
07.05.2026;F002372;Ece Yıldız;Ege;Boya;Satış;16271.84
07.05.2026;F002373;Ece Yıldız;Ege;Hırdavat;Satış;10955.90
08.05.2026;F002374;Ali Demir;Marmara;Yalıtım;Satış;19521.90
08.05.2026;F002375;Ali Demir;Marmara;Hırdavat;Satış;7306.83
08.05.2026;F002376;Selin Kaya;Marmara;Yalıtım;Satış;13865.08
08.05.2026;F002377;Selin Kaya;Marmara;Hırdavat;Satış;10219.73
08.05.2026;F002378;Burak Şahin;Ege;Yalıtım;Satış;5800.37
08.05.2026;F002379;Ece Yıldız;Ege;Boya;Satış;26581.18
08.05.2026;F002380;Ece Yıldız;Ege;Hırdavat;Satış;5472.36
11.05.2026;F002381;Ali Demir;Marmara;Boya;Satış;24832.60
11.05.2026;F002382;Selin Kaya;Marmara;Boya;Satış;11270.63
11.05.2026;F002383;Burak Şahin;Ege;Hırdavat;Satış;11299.27
11.05.2026;F002384;Ece Yıldız;Ege;Hırdavat;Satış;5372.21
12.05.2026;F002385;Ali Demir;Marmara;Yalıtım;Satış;15851.33
12.05.2026;F002386;Ali Demir;Marmara;Hırdavat;Satış;15402.83
12.05.2026;F002387;Selin Kaya;Marmara;Boya;Satış;13553.53
12.05.2026;F002388;Selin Kaya;Marmara;Yalıtım;Satış;14553.74
12.05.2026;F002389;Selin Kaya;Marmara;Hırdavat;Satış;11274.53
12.05.2026;F002390;Burak Şahin;Ege;Boya;Satış;19937.85
12.05.2026;F002391;Ece Yıldız;Ege;Yalıtım;Satış;19454.97
12.05.2026;F002392;Ece Yıldız;Ege;Hırdavat;Satış;11127.23
13.05.2026;F002393;Selin Kaya;Marmara;Boya;Satış;29649.51
13.05.2026;F002394;Selin Kaya;Marmara;Yalıtım;Satış;13257.93
13.05.2026;F002395;Selin Kaya;Marmara;Hırdavat;Satış;5686.26
13.05.2026;F002396;Burak Şahin;Ege;Yalıtım;Satış;5693.79
13.05.2026;F002397;Ece Yıldız;Ege;Boya;Satış;26591.00
13.05.2026;F002398;Ece Yıldız;Ege;Yalıtım;Satış;22468.73
14.05.2026;F002399;Ali Demir;Marmara;Hırdavat;Satış;9470.20
14.05.2026;F002400;Selin Kaya;Marmara;Boya;Satış;25771.40
14.05.2026;F002401;Selin Kaya;Marmara;Yalıtım;Satış;12678.59
14.05.2026;F002402;Burak Şahin;Ege;Yalıtım;Satış;17971.75
14.05.2026;F002403;Ece Yıldız;Ege;Boya;Satış;18882.85
14.05.2026;F002404;Ece Yıldız;Ege;Yalıtım;Satış;13813.04
15.05.2026;F002405;Ali Demir;Marmara;Yalıtım;Satış;9743.32
15.05.2026;F002406;Selin Kaya;Marmara;Boya;Satış;20669.56
15.05.2026;F002407;Selin Kaya;Marmara;Yalıtım;Satış;6783.57
15.05.2026;F002408;Burak Şahin;Ege;Hırdavat;Satış;11306.59
18.05.2026;F002409;Ali Demir;Marmara;Boya;Satış;16175.79
18.05.2026;F002410;Ali Demir;Marmara;Yalıtım;Satış;21293.72
18.05.2026;F002411;Ali Demir;Marmara;Hırdavat;Satış;15065.50
18.05.2026;F002412;Selin Kaya;Marmara;Boya;Satış;23209.66
18.05.2026;F002413;Selin Kaya;Marmara;Hırdavat;Satış;9624.85
18.05.2026;F002414;Burak Şahin;Ege;Yalıtım;Satış;10119.54
18.05.2026;F002415;Burak Şahin;Ege;Hırdavat;Satış;5080.72
18.05.2026;F002416;Ece Yıldız;Ege;Yalıtım;Satış;15651.43
19.05.2026;F002417;Ali Demir;Marmara;Boya;Satış;33834.01
19.05.2026;F002418;Ali Demir;Marmara;Yalıtım;Satış;24027.31
19.05.2026;F002419;Selin Kaya;Marmara;Hırdavat;Satış;7871.16
19.05.2026;F002420;Burak Şahin;Ege;Boya;Satış;25784.38
19.05.2026;F002421;Burak Şahin;Ege;Yalıtım;Satış;10733.51
19.05.2026;F002422;Ece Yıldız;Ege;Boya;Satış;29177.44
19.05.2026;F002423;Ece Yıldız;Ege;Yalıtım;Satış;19415.12
19.05.2026;F002424;Ece Yıldız;Ege;Hırdavat;Satış;5900.16
20.05.2026;F002425;Ali Demir;Marmara;Boya;Satış;15084.39
20.05.2026;F002426;Ali Demir;Marmara;Yalıtım;Satış;24440.55
20.05.2026;F002427;Selin Kaya;Marmara;Boya;Satış;12370.40
20.05.2026;F002428;Selin Kaya;Marmara;Yalıtım;Satış;21190.03
20.05.2026;F002429;Selin Kaya;Marmara;Hırdavat;Satış;8518.14
20.05.2026;F002430;Burak Şahin;Ege;Yalıtım;Satış;11511.37
20.05.2026;F002431;Ece Yıldız;Ege;Boya;Satış;12549.40
20.05.2026;F002432;Ece Yıldız;Ege;Hırdavat;İade;6540.80
21.05.2026;F002433;Ali Demir;Marmara;Boya;Satış;33781.88
21.05.2026;F002434;Ali Demir;Marmara;Yalıtım;Satış;7974.65
21.05.2026;F002435;Ali Demir;Marmara;Hırdavat;Satış;10688.81
21.05.2026;F002436;Selin Kaya;Marmara;Hırdavat;Satış;7798.47
21.05.2026;F002437;Burak Şahin;Ege;Boya;Satış;16668.26
21.05.2026;F002438;Burak Şahin;Ege;Yalıtım;Satış;9877.21
21.05.2026;F002439;Ece Yıldız;Ege;Yalıtım;Satış;10994.13
22.05.2026;F002440;Ali Demir;Marmara;Boya;Satış;20698.99
22.05.2026;F002441;Ali Demir;Marmara;Yalıtım;Satış;10445.27
22.05.2026;F002442;Selin Kaya;Marmara;Boya;Satış;15705.01
22.05.2026;F002443;Selin Kaya;Marmara;Yalıtım;Satış;20333.40
22.05.2026;F002444;Burak Şahin;Ege;Hırdavat;Satış;11679.88
22.05.2026;F002445;Ece Yıldız;Ege;Boya;Satış;17366.92
22.05.2026;F002446;Ece Yıldız;Ege;Hırdavat;Satış;5603.44
25.05.2026;F002447;Ali Demir;Marmara;Boya;Satış;33311.32
25.05.2026;F002448;Ali Demir;Marmara;Yalıtım;Satış;11840.79
25.05.2026;F002449;Ali Demir;Marmara;Hırdavat;Satış;12075.12
25.05.2026;F002450;Selin Kaya;Marmara;Boya;Satış;23968.83
25.05.2026;F002451;Selin Kaya;Marmara;Yalıtım;Satış;7799.50
25.05.2026;F002452;Burak Şahin;Ege;Boya;Satış;8360.02
25.05.2026;F002453;Burak Şahin;Ege;Yalıtım;Satış;16206.32
25.05.2026;F002454;Burak Şahin;Ege;Hırdavat;Satış;6401.61
25.05.2026;F002455;Ece Yıldız;Ege;Yalıtım;Satış;13828.46
25.05.2026;F002456;Ece Yıldız;Ege;Hırdavat;Satış;13855.72
26.05.2026;F002457;Ali Demir;Marmara;Boya;Satış;15185.13
26.05.2026;F002458;Ali Demir;Marmara;Yalıtım;Satış;19588.26
26.05.2026;F002459;Ali Demir;Marmara;Hırdavat;Satış;7354.19
26.05.2026;F002460;Selin Kaya;Marmara;Yalıtım;Satış;8187.11
26.05.2026;F002461;Selin Kaya;Marmara;Hırdavat;Satış;7458.46
26.05.2026;F002462;Burak Şahin;Ege;Hırdavat;Satış;6479.37
26.05.2026;F002463;Ece Yıldız;Ege;Boya;Satış;30957.79
26.05.2026;F002464;Ece Yıldız;Ege;Yalıtım;Satış;21480.91
27.05.2026;F002465;Ali Demir;Marmara;Boya;Satış;23169.57
27.05.2026;F002466;Selin Kaya;Marmara;Boya;Satış;29951.58
27.05.2026;F002467;Selin Kaya;Marmara;Hırdavat;İade;5518.22
27.05.2026;F002468;Burak Şahin;Ege;Boya;Satış;13239.93
27.05.2026;F002469;Ece Yıldız;Ege;Boya;Satış;14015.23
27.05.2026;F002470;Ece Yıldız;Ege;Hırdavat;Satış;14105.45
28.05.2026;F002471;Ali Demir;Marmara;Boya;Satış;34858.29
28.05.2026;F002472;Selin Kaya;Marmara;Boya;Satış;27928.78
28.05.2026;F002473;Selin Kaya;Marmara;Yalıtım;Satış;13082.20
28.05.2026;F002474;Burak Şahin;Ege;Hırdavat;Satış;4373.45
28.05.2026;F002475;Ece Yıldız;Ege;Boya;Satış;30469.10
28.05.2026;F002476;Ece Yıldız;Ege;Yalıtım;Satış;12640.18
28.05.2026;F002477;Ece Yıldız;Ege;Hırdavat;Satış;5662.35
29.05.2026;F002478;Ali Demir;Marmara;Hırdavat;Satış;8783.09
29.05.2026;F002479;Selin Kaya;Marmara;Boya;Satış;22812.40
29.05.2026;F002480;Burak Şahin;Ege;Boya;Satış;12402.19
29.05.2026;F002481;Burak Şahin;Ege;Hırdavat;Satış;4529.88
01.06.2026;F002482;Selin Kaya;Marmara;Boya;Satış;19867.20
01.06.2026;F002483;Selin Kaya;Marmara;Yalıtım;İade;18386.85
01.06.2026;F002484;Selin Kaya;Marmara;Hırdavat;Satış;7208.79
01.06.2026;F002485;Burak Şahin;Ege;Boya;Satış;12986.49
01.06.2026;F002486;Burak Şahin;Ege;Yalıtım;Satış;9630.52
01.06.2026;F002487;Burak Şahin;Ege;Hırdavat;Satış;4740.29
01.06.2026;F002488;Ece Yıldız;Ege;Yalıtım;Satış;16173.76
02.06.2026;F002489;Ali Demir;Marmara;Hırdavat;Satış;9085.89
02.06.2026;F002490;Selin Kaya;Marmara;Boya;Satış;17525.76
02.06.2026;F002491;Selin Kaya;Marmara;Yalıtım;Satış;18581.50
02.06.2026;F002492;Selin Kaya;Marmara;Hırdavat;Satış;4869.87
02.06.2026;F002493;Burak Şahin;Ege;Boya;İade;25682.24
02.06.2026;F002494;Burak Şahin;Ege;Yalıtım;Satış;8910.48
02.06.2026;F002495;Ece Yıldız;Ege;Boya;Satış;18780.04
02.06.2026;F002496;Ece Yıldız;Ege;Yalıtım;Satış;22276.12
02.06.2026;F002497;Ece Yıldız;Ege;Hırdavat;Satış;13211.66
03.06.2026;F002498;Ali Demir;Marmara;Yalıtım;Satış;22506.66
03.06.2026;F002499;Ali Demir;Marmara;Hırdavat;Satış;8991.36
03.06.2026;F002500;Selin Kaya;Marmara;Hırdavat;Satış;8687.11
03.06.2026;F002501;Burak Şahin;Ege;Boya;Satış;13086.54
03.06.2026;F002502;Ece Yıldız;Ege;Yalıtım;Satış;15478.16
03.06.2026;F002503;Ece Yıldız;Ege;Hırdavat;Satış;11406.81
04.06.2026;F002504;Ali Demir;Marmara;Yalıtım;İade;20433.81
04.06.2026;F002505;Selin Kaya;Marmara;Yalıtım;Satış;14221.17
04.06.2026;F002506;Burak Şahin;Ege;Boya;Satış;10229.44
04.06.2026;F002507;Burak Şahin;Ege;Yalıtım;Satış;10224.35
04.06.2026;F002508;Ece Yıldız;Ege;Boya;Satış;23681.81
04.06.2026;F002509;Ece Yıldız;Ege;Yalıtım;Satış;16057.64
04.06.2026;F002510;Ece Yıldız;Ege;Hırdavat;Satış;8182.32
05.06.2026;F002511;Ali Demir;Marmara;Boya;Satış;25411.98
05.06.2026;F002512;Ali Demir;Marmara;Hırdavat;Satış;14377.15
05.06.2026;F002513;Selin Kaya;Marmara;Boya;Satış;22598.35
05.06.2026;F002514;Ece Yıldız;Ege;Boya;Satış;14567.66
05.06.2026;F002515;Ece Yıldız;Ege;Yalıtım;Satış;18116.84
05.06.2026;F002516;Ece Yıldız;Ege;Hırdavat;Satış;11654.89
08.06.2026;F002517;Ali Demir;Marmara;Yalıtım;Satış;9584.14
08.06.2026;F002518;Ali Demir;Marmara;Hırdavat;Satış;15214.27
08.06.2026;F002519;Selin Kaya;Marmara;Yalıtım;Satış;16438.96
08.06.2026;F002520;Ece Yıldız;Ege;Boya;Satış;21700.79
08.06.2026;F002521;Ece Yıldız;Ege;Yalıtım;Satış;11517.88
08.06.2026;F002522;Ece Yıldız;Ege;Hırdavat;Satış;7963.81
09.06.2026;F002523;Selin Kaya;Marmara;Boya;Satış;30344.88
09.06.2026;F002524;Selin Kaya;Marmara;Yalıtım;Satış;18356.71
09.06.2026;F002525;Burak Şahin;Ege;Boya;Satış;22647.92
09.06.2026;F002526;Ece Yıldız;Ege;Boya;Satış;21468.55
10.06.2026;F002527;Ali Demir;Marmara;Boya;Satış;30253.62
10.06.2026;F002528;Selin Kaya;Marmara;Boya;Satış;19438.88
10.06.2026;F002529;Selin Kaya;Marmara;Yalıtım;Satış;17700.71
10.06.2026;F002530;Burak Şahin;Ege;Hırdavat;Satış;4195.08
10.06.2026;F002531;Ece Yıldız;Ege;Boya;Satış;19010.74
10.06.2026;F002532;Ece Yıldız;Ege;Hırdavat;Satış;11987.36
11.06.2026;F002533;Ali Demir;Marmara;Boya;Satış;18865.28
11.06.2026;F002534;Ali Demir;Marmara;Hırdavat;Satış;13483.20
11.06.2026;F002535;Selin Kaya;Marmara;Boya;Satış;17057.01
11.06.2026;F002536;Selin Kaya;Marmara;Yalıtım;Satış;6648.33
11.06.2026;F002537;Selin Kaya;Marmara;Hırdavat;Satış;9817.62
11.06.2026;F002538;Burak Şahin;Ege;Yalıtım;Satış;10429.04
11.06.2026;F002539;Burak Şahin;Ege;Hırdavat;Satış;11470.88
12.06.2026;F002540;Ali Demir;Marmara;Yalıtım;Satış;23740.29
12.06.2026;F002541;Ali Demir;Marmara;Hırdavat;Satış;7250.07
12.06.2026;F002542;Burak Şahin;Ege;Yalıtım;Satış;13265.93
12.06.2026;F002543;Ece Yıldız;Ege;Yalıtım;Satış;20485.00
12.06.2026;F002544;Ece Yıldız;Ege;Hırdavat;Satış;7022.15
15.06.2026;F002545;Ali Demir;Marmara;Hırdavat;Satış;14371.25
15.06.2026;F002546;Selin Kaya;Marmara;Boya;Satış;10942.05
16.06.2026;F002547;Ali Demir;Marmara;Boya;Satış;12809.81
16.06.2026;F002548;Burak Şahin;Ege;Boya;Satış;20225.71
16.06.2026;F002549;Burak Şahin;Ege;Hırdavat;Satış;8886.62
17.06.2026;F002550;Ali Demir;Marmara;Boya;Satış;11122.97
17.06.2026;F002551;Ali Demir;Marmara;Hırdavat;Satış;8566.50
17.06.2026;F002552;Selin Kaya;Marmara;Boya;Satış;27916.55
17.06.2026;F002553;Selin Kaya;Marmara;Yalıtım;Satış;13429.17
17.06.2026;F002554;Selin Kaya;Marmara;Hırdavat;Satış;11380.95
17.06.2026;F002555;Burak Şahin;Ege;Boya;Satış;14269.09
17.06.2026;F002556;Burak Şahin;Ege;Yalıtım;Satış;8890.10
17.06.2026;F002557;Ece Yıldız;Ege;Yalıtım;Satış;14116.11
18.06.2026;F002558;Ali Demir;Marmara;Hırdavat;Satış;8185.37
18.06.2026;F002559;Selin Kaya;Marmara;Boya;Satış;23132.34
18.06.2026;F002560;Selin Kaya;Marmara;Yalıtım;Satış;7197.04
18.06.2026;F002561;Burak Şahin;Ege;Yalıtım;Satış;16255.29
18.06.2026;F002562;Burak Şahin;Ege;Hırdavat;Satış;3684.00
18.06.2026;F002563;Ece Yıldız;Ege;Yalıtım;Satış;7623.74
19.06.2026;F002564;Ali Demir;Marmara;Boya;Satış;16779.86
19.06.2026;F002565;Ali Demir;Marmara;Yalıtım;Satış;21111.78
19.06.2026;F002566;Ali Demir;Marmara;Hırdavat;Satış;11973.05
19.06.2026;F002567;Selin Kaya;Marmara;Hırdavat;İade;8167.21
19.06.2026;F002568;Ece Yıldız;Ege;Yalıtım;Satış;17744.59
22.06.2026;F002569;Ali Demir;Marmara;Boya;Satış;16131.90
22.06.2026;F002570;Ali Demir;Marmara;Yalıtım;Satış;8343.72
22.06.2026;F002571;Ali Demir;Marmara;Hırdavat;Satış;12026.19
22.06.2026;F002572;Selin Kaya;Marmara;Boya;Satış;17308.05
22.06.2026;F002573;Selin Kaya;Marmara;Yalıtım;Satış;19487.66
22.06.2026;F002574;Burak Şahin;Ege;Boya;Satış;9677.51
22.06.2026;F002575;Burak Şahin;Ege;Yalıtım;Satış;17562.83
22.06.2026;F002576;Ece Yıldız;Ege;Yalıtım;Satış;7417.08
22.06.2026;F002577;Ece Yıldız;Ege;Hırdavat;Satış;7048.85
23.06.2026;F002578;Ali Demir;Marmara;Yalıtım;Satış;14272.79
23.06.2026;F002579;Ali Demir;Marmara;Hırdavat;Satış;14423.83
23.06.2026;F002580;Selin Kaya;Marmara;Boya;Satış;26543.86
23.06.2026;F002581;Burak Şahin;Ege;Boya;Satış;16938.22
23.06.2026;F002582;Burak Şahin;Ege;Hırdavat;Satış;5840.90
23.06.2026;F002583;Ece Yıldız;Ege;Yalıtım;Satış;20456.66
24.06.2026;F002584;Ali Demir;Marmara;Yalıtım;Satış;16377.21
24.06.2026;F002585;Selin Kaya;Marmara;Yalıtım;Satış;9703.52
24.06.2026;F002586;Selin Kaya;Marmara;Hırdavat;Satış;7478.04
24.06.2026;F002587;Burak Şahin;Ege;Yalıtım;Satış;13757.58
24.06.2026;F002588;Burak Şahin;Ege;Hırdavat;Satış;5144.96
24.06.2026;F002589;Ece Yıldız;Ege;Hırdavat;Satış;10810.53
25.06.2026;F002590;Ali Demir;Marmara;Boya;Satış;12184.07
25.06.2026;F002591;Ali Demir;Marmara;Hırdavat;Satış;10813.95
25.06.2026;F002592;Selin Kaya;Marmara;Yalıtım;Satış;21420.49
25.06.2026;F002593;Burak Şahin;Ege;Boya;Satış;16606.04
25.06.2026;F002594;Burak Şahin;Ege;Yalıtım;Satış;8884.31
26.06.2026;F002595;Selin Kaya;Marmara;Hırdavat;Satış;8415.77
26.06.2026;F002596;Ece Yıldız;Ege;Boya;Satış;10762.17
26.06.2026;F002597;Ece Yıldız;Ege;Hırdavat;Satış;11061.09
29.06.2026;F002598;Ali Demir;Marmara;Yalıtım;Satış;15869.47
29.06.2026;F002599;Ali Demir;Marmara;Hırdavat;Satış;9260.93
29.06.2026;F002600;Selin Kaya;Marmara;Boya;Satış;19033.68
29.06.2026;F002601;Selin Kaya;Marmara;Hırdavat;Satış;10453.41
29.06.2026;F002602;Burak Şahin;Ege;Boya;Satış;9009.19
29.06.2026;F002603;Burak Şahin;Ege;Yalıtım;Satış;12477.86
29.06.2026;F002604;Ece Yıldız;Ege;Boya;Satış;24092.05
29.06.2026;F002605;Ece Yıldız;Ege;Yalıtım;Satış;13510.50
29.06.2026;F002606;Ece Yıldız;Ege;Hırdavat;Satış;11059.06
30.06.2026;F002607;Ali Demir;Marmara;Boya;Satış;30189.43
30.06.2026;F002608;Ali Demir;Marmara;Hırdavat;Satış;5471.60
30.06.2026;F002609;Burak Şahin;Ege;Boya;Satış;14714.50
30.06.2026;F002610;Ece Yıldız;Ege;Boya;Satış;10544.08
30.06.2026;F002611;Ece Yıldız;Ege;Yalıtım;Satış;18428.89
01.07.2026;F002612;Ali Demir;Marmara;Yalıtım;Satış;13182.86
01.07.2026;F002613;Selin Kaya;Marmara;Yalıtım;Satış;18819.14
01.07.2026;F002614;Burak Şahin;Ege;Yalıtım;Satış;15326.74
01.07.2026;F002615;Burak Şahin;Ege;Hırdavat;Satış;6022.58
01.07.2026;F002616;Ece Yıldız;Ege;Boya;Satış;17291.18
01.07.2026;F002617;Ece Yıldız;Ege;Hırdavat;Satış;13143.66
02.07.2026;F002618;Ali Demir;Marmara;Boya;Satış;21905.35
02.07.2026;F002619;Ali Demir;Marmara;Yalıtım;Satış;12783.26
02.07.2026;F002620;Selin Kaya;Marmara;Yalıtım;Satış;15436.49
02.07.2026;F002621;Selin Kaya;Marmara;Hırdavat;Satış;11828.50
02.07.2026;F002622;Burak Şahin;Ege;Yalıtım;Satış;6969.88
02.07.2026;F002623;Burak Şahin;Ege;Hırdavat;Satış;8635.42
02.07.2026;F002624;Ece Yıldız;Ege;Boya;Satış;25539.38
02.07.2026;F002625;Ece Yıldız;Ege;Yalıtım;Satış;20616.95
02.07.2026;F002626;Ece Yıldız;Ege;Hırdavat;Satış;10462.72
03.07.2026;F002627;Ali Demir;Marmara;Boya;Satış;18965.83
03.07.2026;F002628;Ali Demir;Marmara;Yalıtım;Satış;11985.34
03.07.2026;F002629;Ali Demir;Marmara;Hırdavat;Satış;6324.28
03.07.2026;F002630;Selin Kaya;Marmara;Boya;İade;20029.30
03.07.2026;F002631;Burak Şahin;Ege;Boya;Satış;8867.12
03.07.2026;F002632;Burak Şahin;Ege;Hırdavat;Satış;5580.70
03.07.2026;F002633;Ece Yıldız;Ege;Hırdavat;Satış;13897.62
06.07.2026;F002634;Ali Demir;Marmara;Boya;Satış;27409.48
06.07.2026;F002635;Ali Demir;Marmara;Yalıtım;Satış;16697.39
06.07.2026;F002636;Ali Demir;Marmara;Hırdavat;Satış;8000.77
06.07.2026;F002637;Selin Kaya;Marmara;Yalıtım;Satış;14367.64
06.07.2026;F002638;Selin Kaya;Marmara;Hırdavat;Satış;10312.91
06.07.2026;F002639;Burak Şahin;Ege;Yalıtım;Satış;15415.54
06.07.2026;F002640;Burak Şahin;Ege;Hırdavat;Satış;3645.15
06.07.2026;F002641;Ece Yıldız;Ege;Boya;Satış;17628.54
06.07.2026;F002642;Ece Yıldız;Ege;Yalıtım;Satış;17704.33
07.07.2026;F002643;Ali Demir;Marmara;Boya;Satış;32415.43
07.07.2026;F002644;Ali Demir;Marmara;Yalıtım;Satış;19878.68
07.07.2026;F002645;Ali Demir;Marmara;Hırdavat;Satış;14175.37
07.07.2026;F002646;Selin Kaya;Marmara;Boya;Satış;23657.77
07.07.2026;F002647;Selin Kaya;Marmara;Hırdavat;Satış;10371.50
07.07.2026;F002648;Burak Şahin;Ege;Boya;Satış;13444.27
07.07.2026;F002649;Ece Yıldız;Ege;Boya;Satış;25984.32
08.07.2026;F002650;Ali Demir;Marmara;Yalıtım;Satış;7890.28
08.07.2026;F002651;Ali Demir;Marmara;Hırdavat;Satış;6773.98
08.07.2026;F002652;Burak Şahin;Ege;Boya;Satış;22156.79
08.07.2026;F002653;Ece Yıldız;Ege;Yalıtım;Satış;14957.40
09.07.2026;F002654;Ali Demir;Marmara;Yalıtım;Satış;8512.96
09.07.2026;F002655;Ali Demir;Marmara;Hırdavat;Satış;7660.54
09.07.2026;F002656;Selin Kaya;Marmara;Boya;Satış;15473.85
09.07.2026;F002657;Selin Kaya;Marmara;Yalıtım;Satış;9112.48
09.07.2026;F002658;Selin Kaya;Marmara;Hırdavat;Satış;4297.75
09.07.2026;F002659;Burak Şahin;Ege;Yalıtım;Satış;6704.81
09.07.2026;F002660;Burak Şahin;Ege;Hırdavat;Satış;3811.76
09.07.2026;F002661;Ece Yıldız;Ege;Boya;Satış;23780.56
09.07.2026;F002662;Ece Yıldız;Ege;Yalıtım;Satış;11544.61
09.07.2026;F002663;Ece Yıldız;Ege;Hırdavat;Satış;7831.77
10.07.2026;F002664;Ali Demir;Marmara;Boya;Satış;13531.13
10.07.2026;F002665;Selin Kaya;Marmara;Boya;Satış;9845.70
10.07.2026;F002666;Selin Kaya;Marmara;Hırdavat;Satış;6030.71
10.07.2026;F002667;Burak Şahin;Ege;Boya;Satış;20606.19
10.07.2026;F002668;Burak Şahin;Ege;Yalıtım;Satış;17726.94
10.07.2026;F002669;Ece Yıldız;Ege;Boya;Satış;20854.17
10.07.2026;F002670;Ece Yıldız;Ege;Hırdavat;Satış;7369.29
13.07.2026;F002671;Ali Demir;Marmara;Boya;Satış;23683.93
13.07.2026;F002672;Ali Demir;Marmara;Hırdavat;İade;6582.28
13.07.2026;F002673;Selin Kaya;Marmara;Yalıtım;Satış;6687.20
13.07.2026;F002674;Burak Şahin;Ege;Yalıtım;Satış;15464.07
13.07.2026;F002675;Burak Şahin;Ege;Hırdavat;Satış;6328.55
13.07.2026;F002676;Ece Yıldız;Ege;Boya;Satış;16733.47
13.07.2026;F002677;Ece Yıldız;Ege;Yalıtım;Satış;19701.54
14.07.2026;F002678;Ali Demir;Marmara;Boya;Satış;29964.49
14.07.2026;F002679;Selin Kaya;Marmara;Yalıtım;Satış;9014.37
14.07.2026;F002680;Burak Şahin;Ege;Yalıtım;Satış;10381.50
14.07.2026;F002681;Burak Şahin;Ege;Hırdavat;Satış;11226.02
14.07.2026;F002682;Ece Yıldız;Ege;Boya;Satış;14027.57
14.07.2026;F002683;Ece Yıldız;Ege;Yalıtım;Satış;18667.19
15.07.2026;F002684;Ali Demir;Marmara;Boya;Satış;32340.65
15.07.2026;F002685;Ali Demir;Marmara;Yalıtım;Satış;9672.79
15.07.2026;F002686;Ali Demir;Marmara;Hırdavat;Satış;14615.36
15.07.2026;F002687;Selin Kaya;Marmara;Boya;Satış;21477.78
15.07.2026;F002688;Selin Kaya;Marmara;Hırdavat;Satış;12461.26
15.07.2026;F002689;Burak Şahin;Ege;Boya;Satış;16085.01
15.07.2026;F002690;Burak Şahin;Ege;Hırdavat;Satış;11258.17
15.07.2026;F002691;Ece Yıldız;Ege;Hırdavat;Satış;12155.56
16.07.2026;F002692;Ali Demir;Marmara;Yalıtım;Satış;16295.56
16.07.2026;F002693;Ali Demir;Marmara;Hırdavat;Satış;10193.28
16.07.2026;F002694;Selin Kaya;Marmara;Hırdavat;Satış;7375.85
16.07.2026;F002695;Burak Şahin;Ege;Hırdavat;Satış;5682.43
16.07.2026;F002696;Ece Yıldız;Ege;Yalıtım;Satış;14129.68
17.07.2026;F002697;Ali Demir;Marmara;Boya;Satış;14671.05
17.07.2026;F002698;Selin Kaya;Marmara;Boya;Satış;25081.65
17.07.2026;F002699;Selin Kaya;Marmara;Yalıtım;Satış;6645.16
17.07.2026;F002700;Selin Kaya;Marmara;Hırdavat;Satış;9861.26
17.07.2026;F002701;Burak Şahin;Ege;Boya;Satış;13103.93
17.07.2026;F002702;Burak Şahin;Ege;Yalıtım;Satış;13700.31
17.07.2026;F002703;Ece Yıldız;Ege;Boya;Satış;26013.38
17.07.2026;F002704;Ece Yıldız;Ege;Yalıtım;Satış;20782.57
20.07.2026;F002705;Ali Demir;Marmara;Hırdavat;Satış;10964.02
20.07.2026;F002706;Selin Kaya;Marmara;Yalıtım;Satış;20422.05
20.07.2026;F002707;Selin Kaya;Marmara;Hırdavat;İade;6050.77
20.07.2026;F002708;Burak Şahin;Ege;Boya;Satış;19702.85
20.07.2026;F002709;Burak Şahin;Ege;Yalıtım;Satış;12368.56
20.07.2026;F002710;Burak Şahin;Ege;Hırdavat;Satış;3668.82
20.07.2026;F002711;Ece Yıldız;Ege;Yalıtım;Satış;15370.60
20.07.2026;F002712;Ece Yıldız;Ege;Hırdavat;Satış;10683.47
21.07.2026;F002713;Ali Demir;Marmara;Hırdavat;Satış;12374.51
21.07.2026;F002714;Burak Şahin;Ege;Boya;Satış;24842.75
21.07.2026;F002715;Burak Şahin;Ege;Yalıtım;Satış;7798.72
21.07.2026;F002716;Burak Şahin;Ege;Hırdavat;Satış;7220.68
21.07.2026;F002717;Ece Yıldız;Ege;Hırdavat;Satış;12783.38
22.07.2026;F002718;Ali Demir;Marmara;Yalıtım;Satış;18289.05
22.07.2026;F002719;Ali Demir;Marmara;Hırdavat;Satış;13154.20
22.07.2026;F002720;Selin Kaya;Marmara;Boya;Satış;30188.25
22.07.2026;F002721;Selin Kaya;Marmara;Yalıtım;Satış;16423.96
22.07.2026;F002722;Selin Kaya;Marmara;Hırdavat;Satış;6060.70
22.07.2026;F002723;Burak Şahin;Ege;Boya;İade;10270.57
22.07.2026;F002724;Burak Şahin;Ege;Hırdavat;Satış;3631.63
22.07.2026;F002725;Ece Yıldız;Ege;Hırdavat;Satış;4726.21
23.07.2026;F002726;Ali Demir;Marmara;Yalıtım;Satış;22906.07
23.07.2026;F002727;Ali Demir;Marmara;Hırdavat;Satış;10567.79
23.07.2026;F002728;Selin Kaya;Marmara;Boya;Satış;23428.51
23.07.2026;F002729;Selin Kaya;Marmara;Hırdavat;Satış;5528.51
23.07.2026;F002730;Burak Şahin;Ege;Yalıtım;Satış;13168.59
23.07.2026;F002731;Burak Şahin;Ege;Hırdavat;Satış;9068.78
23.07.2026;F002732;Ece Yıldız;Ege;Boya;Satış;31943.33
23.07.2026;F002733;Ece Yıldız;Ege;Yalıtım;Satış;11859.09
24.07.2026;F002734;Ali Demir;Marmara;Boya;Satış;17087.47
24.07.2026;F002735;Ali Demir;Marmara;Yalıtım;Satış;13463.47
24.07.2026;F002736;Ali Demir;Marmara;Hırdavat;Satış;14520.59
24.07.2026;F002737;Selin Kaya;Marmara;Yalıtım;Satış;12450.31
24.07.2026;F002738;Selin Kaya;Marmara;Hırdavat;Satış;9104.66
24.07.2026;F002739;Burak Şahin;Ege;Yalıtım;Satış;13074.39
24.07.2026;F002740;Ece Yıldız;Ege;Yalıtım;Satış;18627.09
27.07.2026;F002741;Ali Demir;Marmara;Boya;İade;12101.63
27.07.2026;F002742;Ali Demir;Marmara;Yalıtım;Satış;15753.67
27.07.2026;F002743;Selin Kaya;Marmara;Boya;Satış;17072.32
27.07.2026;F002744;Burak Şahin;Ege;Boya;Satış;16629.79
27.07.2026;F002745;Burak Şahin;Ege;Yalıtım;Satış;17969.29
27.07.2026;F002746;Burak Şahin;Ege;Hırdavat;Satış;7004.44
27.07.2026;F002747;Ece Yıldız;Ege;Yalıtım;Satış;7476.58
27.07.2026;F002748;Ece Yıldız;Ege;Hırdavat;Satış;11144.90
28.07.2026;F002749;Ali Demir;Marmara;Boya;Satış;35227.62
28.07.2026;F002750;Ali Demir;Marmara;Yalıtım;Satış;16852.55
28.07.2026;F002751;Selin Kaya;Marmara;Boya;Satış;14184.66
28.07.2026;F002752;Selin Kaya;Marmara;Yalıtım;Satış;11572.25
28.07.2026;F002753;Burak Şahin;Ege;Hırdavat;Satış;3662.90
28.07.2026;F002754;Ece Yıldız;Ege;Boya;Satış;14174.79
28.07.2026;F002755;Ece Yıldız;Ege;Hırdavat;Satış;8711.58
29.07.2026;F002756;Ali Demir;Marmara;Boya;Satış;31342.22
29.07.2026;F002757;Ali Demir;Marmara;Hırdavat;Satış;11840.76
29.07.2026;F002758;Selin Kaya;Marmara;Boya;Satış;23505.75
29.07.2026;F002759;Selin Kaya;Marmara;Yalıtım;Satış;7464.32
29.07.2026;F002760;Selin Kaya;Marmara;Hırdavat;Satış;9823.47
29.07.2026;F002761;Ece Yıldız;Ege;Yalıtım;Satış;14988.19
30.07.2026;F002762;Ali Demir;Marmara;Boya;Satış;30930.81
30.07.2026;F002763;Ali Demir;Marmara;Hırdavat;Satış;10671.94
30.07.2026;F002764;Selin Kaya;Marmara;Yalıtım;Satış;19450.35
30.07.2026;F002765;Burak Şahin;Ege;Yalıtım;Satış;10991.07
30.07.2026;F002766;Ece Yıldız;Ege;Boya;Satış;14563.02
30.07.2026;F002767;Ece Yıldız;Ege;Yalıtım;Satış;20251.47
30.07.2026;F002768;Ece Yıldız;Ege;Hırdavat;Satış;6759.55
31.07.2026;F002769;Ali Demir;Marmara;Boya;Satış;25387.27
31.07.2026;F002770;Selin Kaya;Marmara;Yalıtım;Satış;14243.66
31.07.2026;F002771;Selin Kaya;Marmara;Hırdavat;Satış;8821.45
31.07.2026;F002772;Burak Şahin;Ege;Yalıtım;Satış;14773.36
31.07.2026;F002773;Ece Yıldız;Ege;Yalıtım;Satış;15250.48
03.08.2026;F002774;Ali Demir;Marmara;Boya;Satış;21834.78
03.08.2026;F002775;Ali Demir;Marmara;Yalıtım;Satış;10138.82
03.08.2026;F002776;Ali Demir;Marmara;Hırdavat;Satış;9366.82
03.08.2026;F002777;Selin Kaya;Marmara;Hırdavat;Satış;9852.96
03.08.2026;F002778;Ece Yıldız;Ege;Boya;Satış;30608.07
04.08.2026;F002779;Ali Demir;Marmara;Boya;Satış;33755.70
04.08.2026;F002780;Ali Demir;Marmara;Yalıtım;Satış;19371.56
04.08.2026;F002781;Selin Kaya;Marmara;Boya;Satış;11805.37
04.08.2026;F002782;Selin Kaya;Marmara;Yalıtım;Satış;9709.52
04.08.2026;F002783;Burak Şahin;Ege;Boya;Satış;21019.11
04.08.2026;F002784;Burak Şahin;Ege;Yalıtım;Satış;9654.00
04.08.2026;F002785;Burak Şahin;Ege;Hırdavat;Satış;11565.16
04.08.2026;F002786;Ece Yıldız;Ege;Boya;Satış;23333.07
04.08.2026;F002787;Ece Yıldız;Ege;Yalıtım;Satış;18726.52
04.08.2026;F002788;Ece Yıldız;Ege;Hırdavat;Satış;7530.50
05.08.2026;F002789;Ali Demir;Marmara;Yalıtım;Satış;20861.27
05.08.2026;F002790;Ali Demir;Marmara;Hırdavat;Satış;13058.19
05.08.2026;F002791;Burak Şahin;Ege;Boya;Satış;10304.94
05.08.2026;F002792;Burak Şahin;Ege;Hırdavat;Satış;8156.43
05.08.2026;F002793;Ece Yıldız;Ege;Boya;Satış;16608.61
06.08.2026;F002794;Selin Kaya;Marmara;Yalıtım;Satış;16113.66
06.08.2026;F002795;Selin Kaya;Marmara;Hırdavat;Satış;4938.65
06.08.2026;F002796;Burak Şahin;Ege;Boya;Satış;9155.63
06.08.2026;F002797;Burak Şahin;Ege;Yalıtım;Satış;16743.07
06.08.2026;F002798;Ece Yıldız;Ege;Boya;Satış;24875.28
06.08.2026;F002799;Ece Yıldız;Ege;Hırdavat;Satış;7802.50
07.08.2026;F002800;Ali Demir;Marmara;Hırdavat;Satış;6538.61
07.08.2026;F002801;Selin Kaya;Marmara;Boya;Satış;14772.41
07.08.2026;F002802;Selin Kaya;Marmara;Hırdavat;Satış;10848.91
07.08.2026;F002803;Burak Şahin;Ege;Yalıtım;Satış;17519.33
07.08.2026;F002804;Burak Şahin;Ege;Hırdavat;Satış;7406.65
07.08.2026;F002805;Ece Yıldız;Ege;Yalıtım;Satış;13323.99
10.08.2026;F002806;Ali Demir;Marmara;Boya;Satış;12148.20
10.08.2026;F002807;Selin Kaya;Marmara;Boya;Satış;23384.64
10.08.2026;F002808;Selin Kaya;Marmara;Yalıtım;Satış;15712.11
10.08.2026;F002809;Selin Kaya;Marmara;Hırdavat;Satış;12087.25
10.08.2026;F002810;Burak Şahin;Ege;Yalıtım;Satış;17846.68
10.08.2026;F002811;Burak Şahin;Ege;Hırdavat;Satış;9082.68
10.08.2026;F002812;Ece Yıldız;Ege;Yalıtım;Satış;20373.82
11.08.2026;F002813;Ali Demir;Marmara;Yalıtım;Satış;8363.24
11.08.2026;F002814;Selin Kaya;Marmara;Boya;İade;23369.60
11.08.2026;F002815;Selin Kaya;Marmara;Hırdavat;Satış;13756.88
11.08.2026;F002816;Burak Şahin;Ege;Yalıtım;Satış;13499.96
11.08.2026;F002817;Burak Şahin;Ege;Hırdavat;Satış;11661.45
11.08.2026;F002818;Ece Yıldız;Ege;Hırdavat;Satış;7313.40
12.08.2026;F002819;Burak Şahin;Ege;Boya;Satış;18489.01
12.08.2026;F002820;Burak Şahin;Ege;Yalıtım;Satış;17944.41
12.08.2026;F002821;Burak Şahin;Ege;Hırdavat;Satış;7642.11
12.08.2026;F002822;Ece Yıldız;Ege;Yalıtım;Satış;18167.79
13.08.2026;F002823;Ali Demir;Marmara;Boya;Satış;17080.77
13.08.2026;F002824;Selin Kaya;Marmara;Boya;Satış;16969.51
13.08.2026;F002825;Selin Kaya;Marmara;Hırdavat;Satış;11659.99
13.08.2026;F002826;Ece Yıldız;Ege;Yalıtım;Satış;7646.25
14.08.2026;F002827;Ali Demir;Marmara;Boya;Satış;19998.04
14.08.2026;F002828;Ali Demir;Marmara;Yalıtım;Satış;17917.41
14.08.2026;F002829;Ali Demir;Marmara;Hırdavat;Satış;13916.76
14.08.2026;F002830;Burak Şahin;Ege;Yalıtım;Satış;10427.59
14.08.2026;F002831;Ece Yıldız;Ege;Boya;Satış;18537.83
17.08.2026;F002832;Ali Demir;Marmara;Yalıtım;Satış;13095.99
17.08.2026;F002833;Selin Kaya;Marmara;Boya;Satış;14497.91
17.08.2026;F002834;Selin Kaya;Marmara;Hırdavat;Satış;13442.39
17.08.2026;F002835;Burak Şahin;Ege;Boya;Satış;14051.35
18.08.2026;F002836;Ali Demir;Marmara;Hırdavat;Satış;12542.24
18.08.2026;F002837;Selin Kaya;Marmara;Hırdavat;Satış;4776.78
18.08.2026;F002838;Burak Şahin;Ege;Yalıtım;Satış;18035.51
18.08.2026;F002839;Ece Yıldız;Ege;Hırdavat;Satış;4994.37
19.08.2026;F002840;Ali Demir;Marmara;Boya;Satış;16393.99
19.08.2026;F002841;Ali Demir;Marmara;Hırdavat;Satış;5144.40
19.08.2026;F002842;Selin Kaya;Marmara;Boya;Satış;10479.08
19.08.2026;F002843;Selin Kaya;Marmara;Yalıtım;Satış;15551.42
19.08.2026;F002844;Burak Şahin;Ege;Boya;Satış;23177.56
19.08.2026;F002845;Ece Yıldız;Ege;Boya;Satış;22729.18
19.08.2026;F002846;Ece Yıldız;Ege;Yalıtım;Satış;13483.62
20.08.2026;F002847;Selin Kaya;Marmara;Boya;Satış;13189.37
20.08.2026;F002848;Selin Kaya;Marmara;Yalıtım;Satış;15754.01
20.08.2026;F002849;Burak Şahin;Ege;Boya;Satış;8493.73
20.08.2026;F002850;Burak Şahin;Ege;Hırdavat;Satış;8887.80
20.08.2026;F002851;Ece Yıldız;Ege;Yalıtım;Satış;20946.67
20.08.2026;F002852;Ece Yıldız;Ege;Hırdavat;Satış;10363.92
21.08.2026;F002853;Ali Demir;Marmara;Boya;Satış;20193.65
21.08.2026;F002854;Ali Demir;Marmara;Yalıtım;Satış;21692.85
21.08.2026;F002855;Burak Şahin;Ege;Boya;Satış;11188.37
21.08.2026;F002856;Burak Şahin;Ege;Yalıtım;Satış;8783.92
21.08.2026;F002857;Burak Şahin;Ege;Hırdavat;Satış;9542.22
21.08.2026;F002858;Ece Yıldız;Ege;Boya;Satış;16993.48
24.08.2026;F002859;Ali Demir;Marmara;Boya;Satış;17376.54
24.08.2026;F002860;Ali Demir;Marmara;Yalıtım;Satış;13406.16
24.08.2026;F002861;Ali Demir;Marmara;Hırdavat;İade;6394.42
24.08.2026;F002862;Selin Kaya;Marmara;Boya;Satış;26956.57
24.08.2026;F002863;Selin Kaya;Marmara;Yalıtım;Satış;13394.93
24.08.2026;F002864;Selin Kaya;Marmara;Hırdavat;Satış;11136.07
24.08.2026;F002865;Burak Şahin;Ege;Boya;Satış;20725.74
24.08.2026;F002866;Burak Şahin;Ege;Yalıtım;Satış;16142.65
24.08.2026;F002867;Ece Yıldız;Ege;Hırdavat;Satış;12797.44
25.08.2026;F002868;Ali Demir;Marmara;Hırdavat;Satış;10692.96
25.08.2026;F002869;Selin Kaya;Marmara;Hırdavat;Satış;11376.20
25.08.2026;F002870;Burak Şahin;Ege;Hırdavat;Satış;6647.93
25.08.2026;F002871;Ece Yıldız;Ege;Boya;Satış;25165.03
25.08.2026;F002872;Ece Yıldız;Ege;Yalıtım;Satış;13235.09
26.08.2026;F002873;Ali Demir;Marmara;Boya;Satış;29115.44
26.08.2026;F002874;Ali Demir;Marmara;Hırdavat;Satış;5874.08
26.08.2026;F002875;Selin Kaya;Marmara;Boya;Satış;30155.71
26.08.2026;F002876;Burak Şahin;Ege;Boya;Satış;8324.33
26.08.2026;F002877;Burak Şahin;Ege;Yalıtım;Satış;8531.62
26.08.2026;F002878;Burak Şahin;Ege;Hırdavat;Satış;7427.61
26.08.2026;F002879;Ece Yıldız;Ege;Boya;Satış;9971.96
26.08.2026;F002880;Ece Yıldız;Ege;Yalıtım;Satış;7878.29
26.08.2026;F002881;Ece Yıldız;Ege;Hırdavat;İade;8001.76
27.08.2026;F002882;Ali Demir;Marmara;Boya;Satış;26251.86
27.08.2026;F002883;Selin Kaya;Marmara;Yalıtım;Satış;12544.60
27.08.2026;F002884;Burak Şahin;Ege;Hırdavat;Satış;7346.45
27.08.2026;F002885;Ece Yıldız;Ege;Yalıtım;Satış;19866.88
27.08.2026;F002886;Ece Yıldız;Ege;Hırdavat;Satış;12337.21
28.08.2026;F002887;Ali Demir;Marmara;Boya;Satış;12859.98
28.08.2026;F002888;Ali Demir;Marmara;Hırdavat;Satış;15698.18
28.08.2026;F002889;Selin Kaya;Marmara;Yalıtım;Satış;6757.54
28.08.2026;F002890;Burak Şahin;Ege;Hırdavat;Satış;4771.49
28.08.2026;F002891;Ece Yıldız;Ege;Boya;Satış;20697.75
31.08.2026;F002892;Ali Demir;Marmara;Yalıtım;Satış;21887.24
31.08.2026;F002893;Ali Demir;Marmara;Hırdavat;Satış;13073.03
31.08.2026;F002894;Selin Kaya;Marmara;Boya;Satış;21834.58
31.08.2026;F002895;Selin Kaya;Marmara;Yalıtım;Satış;9970.60
31.08.2026;F002896;Burak Şahin;Ege;Boya;Satış;12553.61
31.08.2026;F002897;Burak Şahin;Ege;Hırdavat;Satış;3944.59
31.08.2026;F002898;Ece Yıldız;Ege;Hırdavat;Satış;7084.60
01.09.2026;F002899;Ali Demir;Marmara;Yalıtım;Satış;8125.29
01.09.2026;F002900;Ali Demir;Marmara;Hırdavat;Satış;8865.24
01.09.2026;F002901;Selin Kaya;Marmara;Hırdavat;Satış;13465.67
01.09.2026;F002902;Burak Şahin;Ege;Boya;Satış;13737.35
01.09.2026;F002903;Burak Şahin;Ege;Hırdavat;Satış;5245.96
01.09.2026;F002904;Ece Yıldız;Ege;Boya;Satış;20842.96
02.09.2026;F002905;Ali Demir;Marmara;Hırdavat;Satış;12753.86
02.09.2026;F002906;Selin Kaya;Marmara;Boya;Satış;27633.64
02.09.2026;F002907;Selin Kaya;Marmara;Yalıtım;Satış;14318.56
02.09.2026;F002908;Selin Kaya;Marmara;Hırdavat;Satış;5903.97
02.09.2026;F002909;Burak Şahin;Ege;Yalıtım;Satış;10299.89
03.09.2026;F002910;Selin Kaya;Marmara;Boya;Satış;17247.57
03.09.2026;F002911;Selin Kaya;Marmara;Yalıtım;Satış;11019.06
03.09.2026;F002912;Selin Kaya;Marmara;Hırdavat;Satış;12776.37
03.09.2026;F002913;Burak Şahin;Ege;Hırdavat;Satış;9120.00
03.09.2026;F002914;Ece Yıldız;Ege;Yalıtım;Satış;13529.15
03.09.2026;F002915;Ece Yıldız;Ege;Hırdavat;Satış;4823.09
04.09.2026;F002916;Ali Demir;Marmara;Boya;Satış;25172.17
04.09.2026;F002917;Ali Demir;Marmara;Hırdavat;Satış;14688.24
04.09.2026;F002918;Selin Kaya;Marmara;Yalıtım;Satış;16719.06
04.09.2026;F002919;Burak Şahin;Ege;Boya;Satış;9593.90
04.09.2026;F002920;Burak Şahin;Ege;Yalıtım;Satış;13731.01
04.09.2026;F002921;Burak Şahin;Ege;Hırdavat;Satış;8606.04
07.09.2026;F002922;Ali Demir;Marmara;Boya;Satış;32920.15
07.09.2026;F002923;Selin Kaya;Marmara;Boya;Satış;16234.77
07.09.2026;F002924;Selin Kaya;Marmara;Yalıtım;Satış;7880.52
07.09.2026;F002925;Burak Şahin;Ege;Yalıtım;Satış;14868.79
07.09.2026;F002926;Burak Şahin;Ege;Hırdavat;Satış;6633.51
07.09.2026;F002927;Ece Yıldız;Ege;Yalıtım;Satış;7663.97
07.09.2026;F002928;Ece Yıldız;Ege;Hırdavat;Satış;4787.13
08.09.2026;F002929;Selin Kaya;Marmara;Hırdavat;Satış;5214.72
08.09.2026;F002930;Burak Şahin;Ege;Yalıtım;Satış;10248.63
09.09.2026;F002931;Ali Demir;Marmara;Hırdavat;Satış;10221.37
09.09.2026;F002932;Burak Şahin;Ege;Boya;Satış;17631.26
09.09.2026;F002933;Burak Şahin;Ege;Hırdavat;Satış;8364.41
09.09.2026;F002934;Ece Yıldız;Ege;Boya;Satış;14725.29
09.09.2026;F002935;Ece Yıldız;Ege;Yalıtım;Satış;8033.66
09.09.2026;F002936;Ece Yıldız;Ege;Hırdavat;Satış;5487.69
10.09.2026;F002937;Ali Demir;Marmara;Boya;Satış;16592.46
10.09.2026;F002938;Selin Kaya;Marmara;Boya;Satış;23015.78
10.09.2026;F002939;Selin Kaya;Marmara;Yalıtım;Satış;13017.45
10.09.2026;F002940;Burak Şahin;Ege;Boya;Satış;25729.54
10.09.2026;F002941;Burak Şahin;Ege;Yalıtım;Satış;17165.27
10.09.2026;F002942;Burak Şahin;Ege;Hırdavat;Satış;9759.61
10.09.2026;F002943;Ece Yıldız;Ege;Yalıtım;Satış;13861.20
10.09.2026;F002944;Ece Yıldız;Ege;Hırdavat;Satış;5763.91
11.09.2026;F002945;Ali Demir;Marmara;Boya;Satış;29277.60
11.09.2026;F002946;Ali Demir;Marmara;Yalıtım;Satış;10653.18
11.09.2026;F002947;Ali Demir;Marmara;Hırdavat;Satış;12936.08
11.09.2026;F002948;Selin Kaya;Marmara;Yalıtım;Satış;20031.91
11.09.2026;F002949;Selin Kaya;Marmara;Hırdavat;Satış;6787.27
11.09.2026;F002950;Burak Şahin;Ege;Boya;Satış;15004.38
11.09.2026;F002951;Burak Şahin;Ege;Yalıtım;Satış;8354.90
11.09.2026;F002952;Ece Yıldız;Ege;Yalıtım;Satış;14487.41
14.09.2026;F002953;Ali Demir;Marmara;Boya;Satış;29013.28
14.09.2026;F002954;Ali Demir;Marmara;Yalıtım;Satış;22043.89
14.09.2026;F002955;Selin Kaya;Marmara;Yalıtım;Satış;12988.26
14.09.2026;F002956;Burak Şahin;Ege;Boya;Satış;11524.63
14.09.2026;F002957;Burak Şahin;Ege;Hırdavat;Satış;10277.22
14.09.2026;F002958;Ece Yıldız;Ege;Boya;Satış;14307.76
14.09.2026;F002959;Ece Yıldız;Ege;Yalıtım;Satış;10427.81
14.09.2026;F002960;Ece Yıldız;Ege;Hırdavat;Satış;6461.56
15.09.2026;F002961;Ali Demir;Marmara;Hırdavat;Satış;6962.81
15.09.2026;F002962;Selin Kaya;Marmara;Hırdavat;Satış;9117.33
15.09.2026;F002963;Burak Şahin;Ege;Yalıtım;Satış;9889.77
15.09.2026;F002964;Ece Yıldız;Ege;Boya;Satış;21129.77
15.09.2026;F002965;Ece Yıldız;Ege;Hırdavat;Satış;4746.98
16.09.2026;F002966;Ali Demir;Marmara;Boya;Satış;18762.13
16.09.2026;F002967;Selin Kaya;Marmara;Boya;Satış;13229.63
16.09.2026;F002968;Selin Kaya;Marmara;Hırdavat;Satış;5204.43
16.09.2026;F002969;Burak Şahin;Ege;Boya;Satış;10159.59
16.09.2026;F002970;Burak Şahin;Ege;Hırdavat;Satış;4558.71
16.09.2026;F002971;Ece Yıldız;Ege;Boya;Satış;25518.67
16.09.2026;F002972;Ece Yıldız;Ege;Hırdavat;Satış;9434.60
17.09.2026;F002973;Ali Demir;Marmara;Yalıtım;Satış;8346.69
17.09.2026;F002974;Ali Demir;Marmara;Hırdavat;Satış;5064.73
17.09.2026;F002975;Selin Kaya;Marmara;Boya;Satış;17264.47
17.09.2026;F002976;Selin Kaya;Marmara;Hırdavat;Satış;7514.62
17.09.2026;F002977;Burak Şahin;Ege;Yalıtım;Satış;14171.49
17.09.2026;F002978;Ece Yıldız;Ege;Yalıtım;Satış;14143.38
18.09.2026;F002979;Ali Demir;Marmara;Yalıtım;Satış;11121.07
18.09.2026;F002980;Ali Demir;Marmara;Hırdavat;Satış;7528.32
18.09.2026;F002981;Selin Kaya;Marmara;Yalıtım;Satış;18039.31
18.09.2026;F002982;Burak Şahin;Ege;Hırdavat;Satış;7756.41
18.09.2026;F002983;Ece Yıldız;Ege;Yalıtım;Satış;19139.01
21.09.2026;F002984;Ali Demir;Marmara;Yalıtım;Satış;18635.58
21.09.2026;F002985;Selin Kaya;Marmara;Yalıtım;Satış;18949.43
21.09.2026;F002986;Selin Kaya;Marmara;Hırdavat;Satış;9107.41
21.09.2026;F002987;Burak Şahin;Ege;Boya;Satış;20084.37
21.09.2026;F002988;Burak Şahin;Ege;Hırdavat;Satış;5971.84
21.09.2026;F002989;Ece Yıldız;Ege;Boya;Satış;13018.06
21.09.2026;F002990;Ece Yıldız;Ege;Yalıtım;Satış;10190.04
21.09.2026;F002991;Ece Yıldız;Ege;Hırdavat;Satış;10662.30
22.09.2026;F002992;Burak Şahin;Ege;Boya;Satış;10946.75
22.09.2026;F002993;Ece Yıldız;Ege;Boya;Satış;25231.49
23.09.2026;F002994;Ali Demir;Marmara;Boya;Satış;11678.38
23.09.2026;F002995;Ali Demir;Marmara;Yalıtım;Satış;22377.02
23.09.2026;F002996;Selin Kaya;Marmara;Boya;Satış;13399.30
23.09.2026;F002997;Burak Şahin;Ege;Hırdavat;Satış;9589.93
23.09.2026;F002998;Ece Yıldız;Ege;Hırdavat;Satış;13446.82
24.09.2026;F002999;Ali Demir;Marmara;Boya;Satış;28509.99
24.09.2026;F003000;Ali Demir;Marmara;Yalıtım;Satış;23952.30
24.09.2026;F003001;Selin Kaya;Marmara;Boya;Satış;20486.00
24.09.2026;F003002;Selin Kaya;Marmara;Hırdavat;Satış;13326.83
24.09.2026;F003003;Burak Şahin;Ege;Boya;Satış;24931.91
24.09.2026;F003004;Burak Şahin;Ege;Yalıtım;Satış;8231.48
24.09.2026;F003005;Burak Şahin;Ege;Hırdavat;Satış;8090.69
24.09.2026;F003006;Ece Yıldız;Ege;Boya;Satış;9941.28
24.09.2026;F003007;Ece Yıldız;Ege;Yalıtım;Satış;21515.62
25.09.2026;F003008;Ali Demir;Marmara;Boya;Satış;25236.19
25.09.2026;F003009;Selin Kaya;Marmara;Boya;Satış;11695.34
25.09.2026;F003010;Selin Kaya;Marmara;Hırdavat;Satış;10854.60
25.09.2026;F003011;Burak Şahin;Ege;Hırdavat;Satış;4920.02
25.09.2026;F003012;Ece Yıldız;Ege;Yalıtım;Satış;16232.07
25.09.2026;F003013;Ece Yıldız;Ege;Hırdavat;Satış;8083.98
28.09.2026;F003014;Ali Demir;Marmara;Boya;Satış;18702.58
28.09.2026;F003015;Ali Demir;Marmara;Yalıtım;Satış;8322.53
28.09.2026;F003016;Selin Kaya;Marmara;Boya;Satış;25078.18
28.09.2026;F003017;Selin Kaya;Marmara;Yalıtım;Satış;7561.04
28.09.2026;F003018;Burak Şahin;Ege;Yalıtım;Satış;13251.77
28.09.2026;F003019;Ece Yıldız;Ege;Boya;Satış;16140.54
29.09.2026;F003020;Ali Demir;Marmara;Hırdavat;Satış;9927.79
29.09.2026;F003021;Selin Kaya;Marmara;Boya;Satış;22068.38
29.09.2026;F003022;Selin Kaya;Marmara;Yalıtım;Satış;15114.22
29.09.2026;F003023;Selin Kaya;Marmara;Hırdavat;Satış;13059.72
29.09.2026;F003024;Burak Şahin;Ege;Boya;Satış;16422.05
29.09.2026;F003025;Ece Yıldız;Ege;Yalıtım;Satış;7019.04
29.09.2026;F003026;Ece Yıldız;Ege;Hırdavat;Satış;5413.62
30.09.2026;F003027;Ali Demir;Marmara;Boya;Satış;13025.09
30.09.2026;F003028;Ali Demir;Marmara;Yalıtım;Satış;9352.01
30.09.2026;F003029;Ali Demir;Marmara;Hırdavat;Satış;11557.08
30.09.2026;F003030;Selin Kaya;Marmara;Yalıtım;Satış;8536.09
30.09.2026;F003031;Selin Kaya;Marmara;Hırdavat;Satış;6427.35
30.09.2026;F003032;Burak Şahin;Ege;Boya;Satış;13135.35
30.09.2026;F003033;Ece Yıldız;Ege;Boya;Satış;18662.94
01.10.2026;F003034;Ali Demir;Marmara;Yalıtım;Satış;10077.32
01.10.2026;F003035;Ali Demir;Marmara;Hırdavat;İade;7256.17
01.10.2026;F003036;Selin Kaya;Marmara;Boya;Satış;11329.23
01.10.2026;F003037;Selin Kaya;Marmara;Yalıtım;Satış;8842.33
01.10.2026;F003038;Selin Kaya;Marmara;Hırdavat;Satış;13450.60
01.10.2026;F003039;Burak Şahin;Ege;Yalıtım;Satış;18238.79
01.10.2026;F003040;Burak Şahin;Ege;Hırdavat;Satış;11508.68
01.10.2026;F003041;Ece Yıldız;Ege;Boya;Satış;10221.07
01.10.2026;F003042;Ece Yıldız;Ege;Yalıtım;Satış;12784.07
02.10.2026;F003043;Ali Demir;Marmara;Boya;Satış;22695.13
02.10.2026;F003044;Ali Demir;Marmara;Yalıtım;Satış;19902.62
02.10.2026;F003045;Ali Demir;Marmara;Hırdavat;Satış;13617.25
02.10.2026;F003046;Selin Kaya;Marmara;Boya;Satış;15520.19
02.10.2026;F003047;Selin Kaya;Marmara;Yalıtım;Satış;11232.94
02.10.2026;F003048;Burak Şahin;Ege;Yalıtım;Satış;12923.64
02.10.2026;F003049;Ece Yıldız;Ege;Boya;Satış;14278.56
02.10.2026;F003050;Ece Yıldız;Ege;Yalıtım;Satış;18909.46
05.10.2026;F003051;Ali Demir;Marmara;Yalıtım;Satış;14207.13
05.10.2026;F003052;Ali Demir;Marmara;Hırdavat;Satış;7960.24
05.10.2026;F003053;Selin Kaya;Marmara;Boya;Satış;11331.53
05.10.2026;F003054;Selin Kaya;Marmara;Hırdavat;Satış;11239.31
05.10.2026;F003055;Burak Şahin;Ege;Hırdavat;Satış;8030.40
06.10.2026;F003056;Ali Demir;Marmara;Boya;İade;29911.42
06.10.2026;F003057;Ali Demir;Marmara;Hırdavat;Satış;14706.25
06.10.2026;F003058;Selin Kaya;Marmara;Hırdavat;Satış;5222.69
06.10.2026;F003059;Burak Şahin;Ege;Boya;Satış;20917.70
06.10.2026;F003060;Ece Yıldız;Ege;Boya;Satış;18597.75
06.10.2026;F003061;Ece Yıldız;Ege;Hırdavat;Satış;8371.48
07.10.2026;F003062;Ali Demir;Marmara;Boya;Satış;25815.73
07.10.2026;F003063;Selin Kaya;Marmara;Boya;Satış;13852.60
07.10.2026;F003064;Selin Kaya;Marmara;Yalıtım;Satış;10149.34
07.10.2026;F003065;Selin Kaya;Marmara;Hırdavat;Satış;11322.94
07.10.2026;F003066;Burak Şahin;Ege;Boya;Satış;22443.25
07.10.2026;F003067;Burak Şahin;Ege;Yalıtım;Satış;14586.47
07.10.2026;F003068;Burak Şahin;Ege;Hırdavat;Satış;10208.48
07.10.2026;F003069;Ece Yıldız;Ege;Boya;Satış;27650.39
07.10.2026;F003070;Ece Yıldız;Ege;Hırdavat;Satış;7559.93
08.10.2026;F003071;Ali Demir;Marmara;Hırdavat;Satış;15677.80
08.10.2026;F003072;Selin Kaya;Marmara;Boya;Satış;28708.90
08.10.2026;F003073;Selin Kaya;Marmara;Hırdavat;Satış;7385.25
08.10.2026;F003074;Burak Şahin;Ege;Hırdavat;Satış;6953.67
08.10.2026;F003075;Ece Yıldız;Ege;Boya;Satış;28209.48
08.10.2026;F003076;Ece Yıldız;Ege;Yalıtım;Satış;17379.04
09.10.2026;F003077;Ali Demir;Marmara;Hırdavat;Satış;5881.67
09.10.2026;F003078;Burak Şahin;Ege;Hırdavat;Satış;9996.09
09.10.2026;F003079;Ece Yıldız;Ege;Boya;Satış;25102.09
09.10.2026;F003080;Ece Yıldız;Ege;Yalıtım;Satış;21635.21
09.10.2026;F003081;Ece Yıldız;Ege;Hırdavat;Satış;9926.16
12.10.2026;F003082;Selin Kaya;Marmara;Yalıtım;Satış;20272.89
12.10.2026;F003083;Selin Kaya;Marmara;Hırdavat;Satış;4878.43
12.10.2026;F003084;Burak Şahin;Ege;Boya;Satış;10094.95
12.10.2026;F003085;Ece Yıldız;Ege;Yalıtım;Satış;7086.75
12.10.2026;F003086;Ece Yıldız;Ege;Hırdavat;Satış;12762.05
13.10.2026;F003087;Ali Demir;Marmara;Yalıtım;Satış;19883.69
13.10.2026;F003088;Selin Kaya;Marmara;Hırdavat;Satış;12493.26
13.10.2026;F003089;Burak Şahin;Ege;Yalıtım;Satış;12762.81
13.10.2026;F003090;Ece Yıldız;Ege;Boya;Satış;24960.78
13.10.2026;F003091;Ece Yıldız;Ege;Hırdavat;Satış;11960.61
14.10.2026;F003092;Ali Demir;Marmara;Boya;Satış;15316.28
14.10.2026;F003093;Ali Demir;Marmara;Yalıtım;Satış;11463.67
14.10.2026;F003094;Selin Kaya;Marmara;Boya;Satış;28677.31
14.10.2026;F003095;Ece Yıldız;Ege;Boya;Satış;30647.87
14.10.2026;F003096;Ece Yıldız;Ege;Hırdavat;Satış;8099.96
15.10.2026;F003097;Ali Demir;Marmara;Boya;Satış;21616.98
15.10.2026;F003098;Selin Kaya;Marmara;Boya;Satış;26214.46
15.10.2026;F003099;Burak Şahin;Ege;Boya;Satış;10583.18
15.10.2026;F003100;Burak Şahin;Ege;Yalıtım;Satış;14304.85
15.10.2026;F003101;Ece Yıldız;Ege;Boya;Satış;18514.28
15.10.2026;F003102;Ece Yıldız;Ege;Yalıtım;Satış;8590.29
15.10.2026;F003103;Ece Yıldız;Ege;Hırdavat;Satış;6450.47
