Tarih;Fatura No;Müşteri;Ürün;Kategori;Kanal;Adet;Net Tutar;Maliyet;Tür
01.01.2025;F000001;Müşteri 27;Deneme Kağıt Havlu 12'li;Kağıt;Zincir market;180;27329,21;20160,00;Satış
01.01.2025;F000001;Müşteri 27;Kurgu Yumuşatıcı 3 lt;Temizlik;Zincir market;150;18742,68;12150,00;Satış
01.01.2025;F000001;Müşteri 27;Deneme Tuvalet Kağıdı 32'li;Kağıt;Zincir market;57;13431,65;9849,60;Satış
01.01.2025;F000002;Müşteri 03;Hayali Bulaşık Tableti 60'lı;Temizlik;Online;11;3240,90;1977,80;Satış
01.01.2025;F000003;Müşteri 15;Hayali Bulaşık Tableti 60'lı;Temizlik;Bayi;28;8098,55;5034,40;Satış
01.01.2025;F000003;Müşteri 15;Örnek Sıvı Sabun 1,5 lt;Kişisel Bakım;Bayi;18;1489,63;841,50;Satış
01.01.2025;F000003;Müşteri 15;Deneme Tuvalet Kağıdı 32'li;Kağıt;Bayi;48;11195,63;8294,40;Satış
01.01.2025;F000004;Müşteri 20;Kurgu Yumuşatıcı 3 lt;Temizlik;Online;39;5150,91;3159,00;Satış
01.01.2025;F000004;Müşteri 20;Kurgu Yumuşatıcı 3 lt;Temizlik;Online;34;4362,14;2754,00;Satış
01.01.2025;F000004;Müşteri 20;Deneme Tuvalet Kağıdı 32'li;Kağıt;Online;49;11343,18;8467,20;Satış
02.01.2025;F000005;Müşteri 08;Hayali Bulaşık Tableti 60'lı;Temizlik;Bayi;25;7378,72;4495,00;Satış
02.01.2025;F000006;Müşteri 03;Deneme Kağıt Havlu 12'li;Kağıt;Online;50;7561,39;5600,00;Satış
03.01.2025;F000007;Müşteri 29;Örnek Şampuan 500 ml;Kişisel Bakım;Bayi;14;1251,78;665,00;Satış
03.01.2025;F000007;Müşteri 29;Kurgu Yumuşatıcı 3 lt;Temizlik;Bayi;52;6773,66;4212,00;Satış
03.01.2025;F000007;Müşteri 29;Örnek Sıvı Sabun 1,5 lt;Kişisel Bakım;Bayi;52;4273,11;2431,00;Satış
03.01.2025;F000008;Müşteri 29;Örnek Şampuan 500 ml;Kişisel Bakım;Bayi;28;2493,87;1330,00;Satış
03.01.2025;F000008;Müşteri 29;Kurgu Yumuşatıcı 3 lt;Temizlik;Bayi;37;4792,61;2997,00;Satış
03.01.2025;F000008;Müşteri 29;Hayali Bulaşık Tableti 60'lı;Temizlik;Bayi;8;2452,44;1438,40;Satış
03.01.2025;F000009;Müşteri 05;Kurgu Yumuşatıcı 3 lt;Temizlik;Zincir market;165;21705,62;13365,00;Satış
03.01.2025;F000009;Müşteri 05;Deneme Kağıt Havlu 12'li;Kağıt;Zincir market;27;4107,38;3024,00;Satış
03.01.2025;F000009;Müşteri 05;Deneme Kağıt Havlu 12'li;Kağıt;Zincir market;102;15705,21;11424,00;Satış
03.01.2025;F000010;Müşteri 18;Deneme Tuvalet Kağıdı 32'li;Kağıt;Zincir market;153;34118,91;26438,40;Satış
03.01.2025;F000011;Müşteri 29;Hayali Bulaşık Tableti 60'lı;Temizlik;Bayi;22;6693,75;3955,60;Satış
03.01.2025;F000011;Müşteri 29;Örnek Sıvı Sabun 1,5 lt;Kişisel Bakım;Bayi;12;962,35;561,00;Satış
03.01.2025;F000011;Müşteri 29;Kurgu Yumuşatıcı 3 lt;Temizlik;Bayi;34;4223,99;2754,00;Satış
04.01.2025;F000012;Müşteri 17;Deneme Kağıt Havlu 12'li;Kağıt;Kurumsal;33;5225,31;3696,00;Satış
04.01.2025;F000013;Müşteri 10;Deneme Kağıt Havlu 12'li;Kağıt;Bayi;43;6439,08;4816,00;Satış
04.01.2025;F000013;Müşteri 10;Örnek Sıvı Sabun 1,5 lt;Kişisel Bakım;Bayi;53;4202,82;2477,75;Satış
04.01.2025;F000013;Müşteri 10;Hayali Bulaşık Tableti 60'lı;Temizlik;Bayi;38;11703,19;6832,40;Satış
04.01.2025;F000014;Müşteri 20;Örnek Şampuan 500 ml;Kişisel Bakım;Online;6;529,50;285,00;Satış
04.01.2025;F000014;Müşteri 20;Örnek Sıvı Sabun 1,5 lt;Kişisel Bakım;Online;58;4853,79;2711,50;Satış
04.01.2025;F000015;Müşteri 08;Kurgu Yumuşatıcı 3 lt;Temizlik;Bayi;41;5511,51;3321,00;Satış
06.01.2025;F000016;Müşteri 27;Hayali Bulaşık Tableti 60'lı;Temizlik;Zincir market;117;35590,55;21036,60;Satış
06.01.2025;F000017;Müşteri 05;Örnek Şampuan 500 ml;Kişisel Bakım;Zincir market;120;10638,60;5700,00;Satış
06.01.2025;F000017;Müşteri 05;Deneme Kağıt Havlu 12'li;Kağıt;Zincir market;180;27893,59;20160,00;Satış
06.01.2025;F000017;Müşteri 05;Kurgu Yumuşatıcı 3 lt;Temizlik;Zincir market;117;15485,75;9477,00;Satış
06.01.2025;F000018;Müşteri 23;Deneme Tuvalet Kağıdı 32'li;Kağıt;Kurumsal;72;16449,17;12441,60;Satış
06.01.2025;F000019;Müşteri 22;Örnek Sıvı Sabun 1,5 lt;Kişisel Bakım;Zincir market;99;8347,42;4628,25;Satış
06.01.2025;F000019;Müşteri 22;Örnek Şampuan 500 ml;Kişisel Bakım;Zincir market;36;3214,23;1710,00;Satış
06.01.2025;F000019;Müşteri 22;Kurgu Deterjan 5 kg;Temizlik;Zincir market;78;15097,16;10155,60;Satış
06.01.2025;F000020;Müşteri 18;Deneme Kağıt Havlu 12'li;Kağıt;Zincir market;57;8395,65;6384,00;Satış
07.01.2025;F000021;Müşteri 08;Kurgu Deterjan 5 kg;Temizlik;Bayi;60;11925,07;7812,00;Satış
07.01.2025;F000022;Müşteri 17;Örnek Sıvı Sabun 1,5 lt;Kişisel Bakım;Kurumsal;141;11491,62;6591,75;Satış
08.01.2025;F000023;Müşteri 08;Hayali Bulaşık Tableti 60'lı;Temizlik;Bayi;31;8987,59;5573,80;Satış
08.01.2025;F000023;Müşteri 08;Kurgu Deterjan 5 kg;Temizlik;Bayi;47;9420,76;6119,40;Satış
08.01.2025;F000024;Müşteri 14;Örnek Şampuan 500 ml;Kişisel Bakım;Zincir market;180;16729,38;8550,00;Satış
08.01.2025;F000024;Müşteri 14;Deneme Tuvalet Kağıdı 32'li;Kağıt;Zincir market;138;33078,04;23846,40;Satış
08.01.2025;F000025;Müşteri 04;Örnek Şampuan 500 ml;Kişisel Bakım;Zincir market;153;13766,74;7267,50;Satış
08.01.2025;F000026;Müşteri 28;Kurgu Yumuşatıcı 3 lt;Temizlik;Online;17;2146,32;1377,00;Satış
08.01.2025;F000027;Müşteri 15;Örnek Şampuan 500 ml;Kişisel Bakım;Bayi;16;1432,27;760,00;Satış
09.01.2025;F000028;Müşteri 15;Kurgu Deterjan 5 kg;Temizlik;Bayi;8;1633,25;1041,60;Satış
09.01.2025;F000028;Müşteri 15;Deneme Kağıt Havlu 12'li;Kağıt;Bayi;58;8548,56;6496,00;Satış
09.01.2025;F000028;Müşteri 15;Kurgu Deterjan 5 kg;Temizlik;Bayi;53;10995,28;6900,60;Satış
09.01.2025;F000029;Müşteri 06;Örnek Şampuan 500 ml;Kişisel Bakım;Zincir market;105;9347,57;4987,50;Satış
09.01.2025;F000029;Müşteri 06;Örnek Şampuan 500 ml;Kişisel Bakım;Zincir market;24;2127,63;1140,00;Satış
09.01.2025;I000030;Müşteri 25;Örnek Sıvı Sabun 1,5 lt;Kişisel Bakım;Online;-9;-765,00;-420,75;İade
10.01.2025;F000031;Müşteri 14;Deneme Tuvalet Kağıdı 32'li;Kağıt;Zincir market;165;38192,67;28512,00;Satış
10.01.2025;F000031;Müşteri 14;Deneme Tuvalet Kağıdı 32'li;Kağıt;Zincir market;108;24167,39;18662,40;Satış
10.01.2025;F000031;Müşteri 14;Örnek Sıvı Sabun 1,5 lt;Kişisel Bakım;Zincir market;54;4578,51;2524,50;Satış
10.01.2025;F000032;Müşteri 19;Deneme Kağıt Havlu 12'li;Kağıt;Kurumsal;24;3762,58;2688,00;Satış
10.01.2025;F000032;Müşteri 19;Kurgu Deterjan 5 kg;Temizlik;Kurumsal;24;4872,34;3124,80;Satış
10.01.2025;F000032;Müşteri 19;Deneme Kağıt Havlu 12'li;Kağıt;Kurumsal;177;27257,72;19824,00;Satış
10.01.2025;F000033;Müşteri 02;Kurgu Deterjan 5 kg;Temizlik;Bayi;59;11582,99;7681,80;Satış
10.01.2025;F000033;Müşteri 02;Deneme Kağıt Havlu 12'li;Kağıt;Bayi;9;1402,58;1008,00;Satış
10.01.2025;F000033;Müşteri 02;Kurgu Yumuşatıcı 3 lt;Temizlik;Bayi;30;3764,84;2430,00;Satış
10.01.2025;F000034;Müşteri 29;Kurgu Yumuşatıcı 3 lt;Temizlik;Bayi;42;5486,07;3402,00;Satış
10.01.2025;F000034;Müşteri 29;Deneme Kağıt Havlu 12'li;Kağıt;Bayi;10;1525,66;1120,00;Satış
10.01.2025;F000034;Müşteri 29;Deneme Kağıt Havlu 12'li;Kağıt;Bayi;41;6309,56;4592,00;Satış
11.01.2025;F000035;Müşteri 22;Örnek Sıvı Sabun 1,5 lt;Kişisel Bakım;Zincir market;60;4800,37;2805,00;Satış
11.01.2025;F000035;Müşteri 22;Kurgu Yumuşatıcı 3 lt;Temizlik;Zincir market;141;18495,17;11421,00;Satış
11.01.2025;F000035;Müşteri 22;Örnek Şampuan 500 ml;Kişisel Bakım;Zincir market;75;7084,54;3562,50;Satış
11.01.2025;F000036;Müşteri 30;Kurgu Deterjan 5 kg;Temizlik;Bayi;34;6923,61;4426,80;Satış
11.01.2025;F000037;Müşteri 19;Kurgu Deterjan 5 kg;Temizlik;Kurumsal;117;23023,38;15233,40;Satış
13.01.2025;F000038;Müşteri 29;Kurgu Yumuşatıcı 3 lt;Temizlik;Bayi;28;3563,78;2268,00;Satış
13.01.2025;F000039;Müşteri 15;Deneme Tuvalet Kağıdı 32'li;Kağıt;Bayi;24;5581,06;4147,20;Satış
13.01.2025;F000039;Müşteri 15;Hayali Bulaşık Tableti 60'lı;Temizlik;Bayi;46;13722,62;8270,80;Satış
13.01.2025;F000039;Müşteri 15;Deneme Tuvalet Kağıdı 32'li;Kağıt;Bayi;57;13192,56;9849,60;Satış
13.01.2025;F000040;Müşteri 30;Kurgu Deterjan 5 kg;Temizlik;Bayi;13;2569,36;1692,60;Satış
13.01.2025;F000040;Müşteri 30;Kurgu Deterjan 5 kg;Temizlik;Bayi;52;10529,70;6770,40;Satış
13.01.2025;F000040;Müşteri 30;Örnek Sıvı Sabun 1,5 lt;Kişisel Bakım;Bayi;23;1893,20;1075,25;Satış
13.01.2025;F000041;Müşteri 23;Kurgu Yumuşatıcı 3 lt;Temizlik;Kurumsal;144;18871,17;11664,00;Satış
13.01.2025;F000041;Müşteri 23;Örnek Sıvı Sabun 1,5 lt;Kişisel Bakım;Kurumsal;111;9048,94;5189,25;Satış
14.01.2025;F000042;Müşteri 03;Örnek Şampuan 500 ml;Kişisel Bakım;Online;58;5191,16;2755,00;Satış
14.01.2025;F000042;Müşteri 03;Kurgu Deterjan 5 kg;Temizlik;Online;26;5360,02;3385,20;Satış
14.01.2025;F000042;Müşteri 03;Deneme Tuvalet Kağıdı 32'li;Kağıt;Online;21;4701,95;3628,80;Satış
14.01.2025;F000043;Müşteri 15;Deneme Tuvalet Kağıdı 32'li;Kağıt;Bayi;32;7410,22;5529,60;Satış
14.01.2025;F000043;Müşteri 15;Kurgu Deterjan 5 kg;Temizlik;Bayi;9;1881,69;1171,80;Satış
14.01.2025;F000043;Müşteri 15;Deneme Tuvalet Kağıdı 32'li;Kağıt;Bayi;14;3237,85;2419,20;Satış
15.01.2025;F000044;Müşteri 14;Kurgu Deterjan 5 kg;Temizlik;Zincir market;72;14351,48;9374,40;Satış
15.01.2025;F000045;Müşteri 30;Örnek Sıvı Sabun 1,5 lt;Kişisel Bakım;Bayi;18;1491,08;841,50;Satış
15.01.2025;F000046;Müşteri 22;Örnek Sıvı Sabun 1,5 lt;Kişisel Bakım;Zincir market;162;13285,17;7573,50;Satış
16.01.2025;F000047;Müşteri 30;Hayali Bulaşık Tableti 60'lı;Temizlik;Bayi;15;4641,15;2697,00;Satış
16.01.2025;F000048;Müşteri 26;Örnek Şampuan 500 ml;Kişisel Bakım;Zincir market;18;1597,74;855,00;Satış
16.01.2025;F000049;Müşteri 30;Hayali Bulaşık Tableti 60'lı;Temizlik;Bayi;31;9457,96;5573,80;Satış
16.01.2025;F000049;Müşteri 30;Hayali Bulaşık Tableti 60'lı;Temizlik;Bayi;52;15875,94;9349,60;Satış
17.01.2025;F000050;Müşteri 13;Hayali Bulaşık Tableti 60'lı;Temizlik;Zincir market;105;30525,22;18879,00;Satış
17.01.2025;F000051;Müşteri 27;Örnek Sıvı Sabun 1,5 lt;Kişisel Bakım;Zincir market;72;6032,13;3366,00;Satış
17.01.2025;F000051;Müşteri 27;Hayali Bulaşık Tableti 60'lı;Temizlik;Zincir market;57;16571,52;10248,60;Satış
18.01.2025;F000052;Müşteri 11;Hayali Bulaşık Tableti 60'lı;Temizlik;Bayi;9;2782,61;1618,20;Satış
18.01.2025;F000052;Müşteri 11;Örnek Sıvı Sabun 1,5 lt;Kişisel Bakım;Bayi;27;2229,18;1262,25;Satış
18.01.2025;F000053;Müşteri 13;Hayali Bulaşık Tableti 60'lı;Temizlik;Zincir market;117;34329,26;21036,60;Satış
18.01.2025;F000053;Müşteri 13;Kurgu Deterjan 5 kg;Temizlik;Zincir market;36;7485,63;4687,20;Satış
18.01.2025;F000053;Müşteri 13;Örnek Sıvı Sabun 1,5 lt;Kişisel Bakım;Zincir market;48;3943,10;2244,00;Satış
18.01.2025;F000054;Müşteri 09;Kurgu Deterjan 5 kg;Temizlik;Kurumsal;129;25864,59;16795,80;Satış
18.01.2025;F000055;Müşteri 24;Örnek Şampuan 500 ml;Kişisel Bakım;Online;43;4079,85;2042,50;Satış
18.01.2025;F000055;Müşteri 24;Kurgu Deterjan 5 kg;Temizlik;Online;29;6041,04;3775,80;Satış
18.01.2025;F000056;Müşteri 07;Kurgu Deterjan 5 kg;Temizlik;Bayi;50;10026,29;6510,00;Satış
18.01.2025;F000056;Müşteri 07;Deneme Kağıt Havlu 12'li;Kağıt;Bayi;56;8629,16;6272,00;Satış
20.01.2025;F000057;Müşteri 12;Kurgu Deterjan 5 kg;Temizlik;Bayi;47;9807,44;6119,40;Satış
20.01.2025;F000057;Müşteri 12;Deneme Kağıt Havlu 12'li;Kağıt;Bayi;25;3892,28;2800,00;Satış
20.01.2025;F000058;Müşteri 04;Örnek Sıvı Sabun 1,5 lt;Kişisel Bakım;Zincir market;111;8913,65;5189,25;Satış
20.01.2025;F000058;Müşteri 04;Örnek Şampuan 500 ml;Kişisel Bakım;Zincir market;75;6784,37;3562,50;Satış
20.01.2025;F000058;Müşteri 04;Örnek Sıvı Sabun 1,5 lt;Kişisel Bakım;Zincir market;120;9487,87;5610,00;Satış
20.01.2025;F000059;Müşteri 14;Örnek Şampuan 500 ml;Kişisel Bakım;Zincir market;144;13404,36;6840,00;Satış
20.01.2025;F000059;Müşteri 14;Kurgu Yumuşatıcı 3 lt;Temizlik;Zincir market;132;17205,72;10692,00;Satış
20.01.2025;F000059;Müşteri 14;Örnek Şampuan 500 ml;Kişisel Bakım;Zincir market;120;11248,36;5700,00;Satış
21.01.2025;F000060;Müşteri 14;Deneme Kağıt Havlu 12'li;Kağıt;Zincir market;138;20882,82;15456,00;Satış
21.01.2025;F000060;Müşteri 14;Örnek Şampuan 500 ml;Kişisel Bakım;Zincir market;99;9160,94;4702,50;Satış
21.01.2025;F000060;Müşteri 14;Deneme Kağıt Havlu 12'li;Kağıt;Zincir market;105;16522,78;11760,00;Satış
21.01.2025;F000061;Müşteri 26;Kurgu Yumuşatıcı 3 lt;Temizlik;Zincir market;141;17641,33;11421,00;Satış
21.01.2025;F000061;Müşteri 26;Deneme Kağıt Havlu 12'li;Kağıt;Zincir market;141;21897,53;15792,00;Satış
21.01.2025;F000061;Müşteri 26;Örnek Sıvı Sabun 1,5 lt;Kişisel Bakım;Zincir market;30;2512,96;1402,50;Satış
21.01.2025;F000062;Müşteri 25;Deneme Tuvalet Kağıdı 32'li;Kağıt;Online;24;5402,71;4147,20;Satış
22.01.2025;F000063;Müşteri 02;Örnek Şampuan 500 ml;Kişisel Bakım;Bayi;44;4129,75;2090,00;Satış
22.01.2025;F000064;Müşteri 03;Örnek Şampuan 500 ml;Kişisel Bakım;Online;45;4129,88;2137,50;Satış
22.01.2025;F000064;Müşteri 03;Deneme Tuvalet Kağıdı 32'li;Kağıt;Online;49;11180,45;8467,20;Satış
23.01.2025;F000065;Müşteri 21;Kurgu Deterjan 5 kg;Temizlik;Bayi;53;11005,74;6900,60;Satış
23.01.2025;F000065;Müşteri 21;Kurgu Deterjan 5 kg;Temizlik;Bayi;54;10818,49;7030,80;Satış
23.01.2025;F000065;Müşteri 21;Kurgu Yumuşatıcı 3 lt;Temizlik;Bayi;56;7534,58;4536,00;Satış
23.01.2025;F000066;Müşteri 17;Kurgu Deterjan 5 kg;Temizlik;Kurumsal;120;23686,38;15624,00;Satış
23.01.2025;F000066;Müşteri 17;Hayali Bulaşık Tableti 60'lı;Temizlik;Kurumsal;36;10674,73;6472,80;Satış
23.01.2025;F000067;Müşteri 26;Deneme Tuvalet Kağıdı 32'li;Kağıt;Zincir market;114;27333,50;19699,20;Satış
23.01.2025;F000067;Müşteri 26;Deneme Kağıt Havlu 12'li;Kağıt;Zincir market;75;11952,04;8400,00;Satış
24.01.2025;F000068;Müşteri 27;Örnek Şampuan 500 ml;Kişisel Bakım;Zincir market;45;4187,33;2137,50;Satış
24.01.2025;F000068;Müşteri 27;Örnek Şampuan 500 ml;Kişisel Bakım;Zincir market;99;8847,62;4702,50;Satış
24.01.2025;F000068;Müşteri 27;Kurgu Yumuşatıcı 3 lt;Temizlik;Zincir market;174;22809,09;14094,00;Satış
24.01.2025;F000069;Müşteri 25;Örnek Şampuan 500 ml;Kişisel Bakım;Online;45;4014,82;2137,50;Satış
24.01.2025;F000069;Müşteri 25;Örnek Şampuan 500 ml;Kişisel Bakım;Online;9;835,41;427,50;Satış
24.01.2025;F000069;Müşteri 25;Kurgu Yumuşatıcı 3 lt;Temizlik;Online;22;2812,20;1782,00;Satış
24.01.2025;F000070;Müşteri 29;Kurgu Deterjan 5 kg;Temizlik;Bayi;13;2544,54;1692,60;Satış
24.01.2025;F000070;Müşteri 29;Örnek Şampuan 500 ml;Kişisel Bakım;Bayi;49;4339,50;2327,50;Satış
24.01.2025;F000070;Müşteri 29;Kurgu Yumuşatıcı 3 lt;Temizlik;Bayi;9;1158,13;729,00;Satış
24.01.2025;F000071;Müşteri 11;Örnek Şampuan 500 ml;Kişisel Bakım;Bayi;31;2724,07;1472,50;Satış
24.01.2025;F000071;Müşteri 11;Hayali Bulaşık Tableti 60'lı;Temizlik;Bayi;31;9140,63;5573,80;Satış
24.01.2025;F000071;Müşteri 11;Hayali Bulaşık Tableti 60'lı;Temizlik;Bayi;42;12963,82;7551,60;Satış
24.01.2025;F000072;Müşteri 01;Örnek Şampuan 500 ml;Kişisel Bakım;Bayi;35;3060,57;1662,50;Satış
24.01.2025;F000072;Müşteri 01;Örnek Sıvı Sabun 1,5 lt;Kişisel Bakım;Bayi;24;1999,77;1122,00;Satış
24.01.2025;F000072;Müşteri 01;Hayali Bulaşık Tableti 60'lı;Temizlik;Bayi;58;17144,32;10428,40;Satış
25.01.2025;F000073;Müşteri 16;Örnek Sıvı Sabun 1,5 lt;Kişisel Bakım;Zincir market;96;7824,23;4488,00;Satış
25.01.2025;F000074;Müşteri 13;Deneme Tuvalet Kağıdı 32'li;Kağıt;Zincir market;144;34001,90;24883,20;Satış
25.01.2025;F000074;Müşteri 13;Deneme Tuvalet Kağıdı 32'li;Kağıt;Zincir market;45;10662,20;7776,00;Satış
25.01.2025;F000075;Müşteri 30;Deneme Kağıt Havlu 12'li;Kağıt;Bayi;39;5754,26;4368,00;Satış
27.01.2025;F000076;Müşteri 03;Örnek Şampuan 500 ml;Kişisel Bakım;Online;13;1221,84;617,50;Satış
27.01.2025;F000076;Müşteri 03;Kurgu Yumuşatıcı 3 lt;Temizlik;Online;8;1016,08;648,00;Satış
27.01.2025;F000076;Müşteri 03;Örnek Sıvı Sabun 1,5 lt;Kişisel Bakım;Online;18;1463,26;841,50;Satış
27.01.2025;F000077;Müşteri 11;Örnek Sıvı Sabun 1,5 lt;Kişisel Bakım;Bayi;53;4487,41;2477,75;Satış
27.01.2025;F000077;Müşteri 11;Örnek Şampuan 500 ml;Kişisel Bakım;Bayi;21;1968,65;997,50;Satış
28.01.2025;F000078;Müşteri 12;Deneme Tuvalet Kağıdı 32'li;Kağıt;Bayi;9;2122,20;1555,20;Satış
28.01.2025;F000079;Müşteri 21;Hayali Bulaşık Tableti 60'lı;Temizlik;Bayi;6;1852,50;1078,80;Satış
29.01.2025;F000080;Müşteri 20;Kurgu Yumuşatıcı 3 lt;Temizlik;Online;13;1681,09;1053,00;Satış
29.01.2025;F000081;Müşteri 04;Kurgu Yumuşatıcı 3 lt;Temizlik;Zincir market;102;13438,93;8262,00;Satış
29.01.2025;F000081;Müşteri 04;Hayali Bulaşık Tableti 60'lı;Temizlik;Zincir market;84;24306,34;15103,20;Satış
29.01.2025;F000081;Müşteri 04;Deneme Kağıt Havlu 12'li;Kağıt;Zincir market;156;24397,62;17472,00;Satış
30.01.2025;F000082;Müşteri 10;Deneme Kağıt Havlu 12'li;Kağıt;Bayi;6;954,54;672,00;Satış
30.01.2025;F000083;Müşteri 19;Örnek Şampuan 500 ml;Kişisel Bakım;Kurumsal;90;8509,97;4275,00;Satış
30.01.2025;F000083;Müşteri 19;Kurgu Yumuşatıcı 3 lt;Temizlik;Kurumsal;27;3526,06;2187,00;Satış
30.01.2025;F000083;Müşteri 19;Hayali Bulaşık Tableti 60'lı;Temizlik;Kurumsal;135;39315,06;24273,00;Satış
30.01.2025;F000084;Müşteri 23;Hayali Bulaşık Tableti 60'lı;Temizlik;Kurumsal;144;43212,99;25891,20;Satış
30.01.2025;F000084;Müşteri 23;Kurgu Deterjan 5 kg;Temizlik;Kurumsal;165;34605,22;21483,00;Satış
31.01.2025;F000085;Müşteri 18;Deneme Tuvalet Kağıdı 32'li;Kağıt;Zincir market;84;18658,41;14515,20;Satış
31.01.2025;F000085;Müşteri 18;Deneme Tuvalet Kağıdı 32'li;Kağıt;Zincir market;78;17241,35;13478,40;Satış
31.01.2025;F000086;Müşteri 14;Kurgu Deterjan 5 kg;Temizlik;Zincir market;96;20096,76;12499,20;Satış
31.01.2025;F000086;Müşteri 14;Deneme Tuvalet Kağıdı 32'li;Kağıt;Zincir market;174;39955,10;30067,20;Satış
31.01.2025;F000087;Müşteri 05;Kurgu Yumuşatıcı 3 lt;Temizlik;Zincir market;153;19864,73;12393,00;Satış
31.01.2025;F000087;Müşteri 05;Deneme Tuvalet Kağıdı 32'li;Kağıt;Zincir market;66;15353,28;11404,80;Satış
31.01.2025;F000088;Müşteri 30;Hayali Bulaşık Tableti 60'lı;Temizlik;Bayi;35;10385,51;6293,00;Satış
31.01.2025;F000088;Müşteri 30;Hayali Bulaşık Tableti 60'lı;Temizlik;Bayi;51;15294,56;9169,80;Satış
31.01.2025;F000088;Müşteri 30;Örnek Sıvı Sabun 1,5 lt;Kişisel Bakım;Bayi;59;4712,29;2758,25;Satış
01.02.2025;F000089;Müşteri 29;Kurgu Yumuşatıcı 3 lt;Temizlik;Bayi;53;6848,60;4293,00;Satış
01.02.2025;F000089;Müşteri 29;Deneme Kağıt Havlu 12'li;Kağıt;Bayi;47;7146,40;5264,00;Satış
01.02.2025;F000090;Müşteri 01;Hayali Bulaşık Tableti 60'lı;Temizlik;Bayi;25;7242,74;4495,00;Satış
01.02.2025;F000090;Müşteri 01;Kurgu Yumuşatıcı 3 lt;Temizlik;Bayi;27;3586,05;2187,00;Satış
01.02.2025;F000091;Müşteri 11;Deneme Kağıt Havlu 12'li;Kağıt;Bayi;49;7764,80;5488,00;Satış
01.02.2025;F000091;Müşteri 11;Deneme Kağıt Havlu 12'li;Kağıt;Bayi;5;769,06;560,00;Satış
01.02.2025;F000092;Müşteri 07;Kurgu Yumuşatıcı 3 lt;Temizlik;Bayi;51;6558,06;4131,00;Satış
03.02.2025;F000093;Müşteri 23;Deneme Tuvalet Kağıdı 32'li;Kağıt;Kurumsal;150;34533,57;25920,00;Satış
03.02.2025;F000093;Müşteri 23;Hayali Bulaşık Tableti 60'lı;Temizlik;Kurumsal;18;5175,14;3236,40;Satış
03.02.2025;F000094;Müşteri 08;Deneme Tuvalet Kağıdı 32'li;Kağıt;Bayi;20;4533,58;3456,00;Satış
03.02.2025;F000094;Müşteri 08;Deneme Kağıt Havlu 12'li;Kağıt;Bayi;28;4291,22;3136,00;Satış
03.02.2025;F000095;Müşteri 17;Örnek Şampuan 500 ml;Kişisel Bakım;Kurumsal;156;14286,94;7410,00;Satış
03.02.2025;F000095;Müşteri 17;Örnek Sıvı Sabun 1,5 lt;Kişisel Bakım;Kurumsal;147;11948,96;6872,25;Satış
04.02.2025;F000096;Müşteri 04;Kurgu Yumuşatıcı 3 lt;Temizlik;Zincir market;75;9411,84;6075,00;Satış
04.02.2025;F000096;Müşteri 04;Deneme Kağıt Havlu 12'li;Kağıt;Zincir market;159;24809,42;17808,00;Satış
04.02.2025;F000096;Müşteri 04;Kurgu Yumuşatıcı 3 lt;Temizlik;Zincir market;54;7137,55;4374,00;Satış
04.02.2025;F000097;Müşteri 09;Deneme Kağıt Havlu 12'li;Kağıt;Kurumsal;159;24472,54;17808,00;Satış
04.02.2025;F000097;Müşteri 09;Örnek Sıvı Sabun 1,5 lt;Kişisel Bakım;Kurumsal;33;2767,44;1542,75;Satış
04.02.2025;F000097;Müşteri 09;Örnek Sıvı Sabun 1,5 lt;Kişisel Bakım;Kurumsal;57;4597,28;2664,75;Satış
04.02.2025;F000098;Müşteri 10;Deneme Tuvalet Kağıdı 32'li;Kağıt;Bayi;39;8705,99;6739,20;Satış
05.02.2025;F000099;Müşteri 18;Deneme Tuvalet Kağıdı 32'li;Kağıt;Zincir market;39;9088,84;6739,20;Satış
05.02.2025;F000099;Müşteri 18;Hayali Bulaşık Tableti 60'lı;Temizlik;Zincir market;108;31076,37;19418,40;Satış
05.02.2025;F000100;Müşteri 01;Örnek Sıvı Sabun 1,5 lt;Kişisel Bakım;Bayi;35;2850,93;1636,25;Satış
05.02.2025;F000100;Müşteri 01;Örnek Sıvı Sabun 1,5 lt;Kişisel Bakım;Bayi;16;1356,25;748,00;Satış
05.02.2025;F000100;Müşteri 01;Örnek Sıvı Sabun 1,5 lt;Kişisel Bakım;Bayi;60;4886,91;2805,00;Satış
06.02.2025;F000101;Müşteri 16;Deneme Kağıt Havlu 12'li;Kağıt;Zincir market;135;21058,19;15120,00;Satış
06.02.2025;F000102;Müşteri 05;Hayali Bulaşık Tableti 60'lı;Temizlik;Zincir market;123;37974,81;22115,40;Satış
06.02.2025;F000103;Müşteri 03;Kurgu Deterjan 5 kg;Temizlik;Online;40;8241,71;5208,00;Satış
06.02.2025;F000104;Müşteri 20;Hayali Bulaşık Tableti 60'lı;Temizlik;Online;44;12795,07;7911,20;Satış
06.02.2025;F000104;Müşteri 20;Deneme Kağıt Havlu 12'li;Kağıt;Online;29;4436,03;3248,00;Satış
06.02.2025;F000104;Müşteri 20;Örnek Şampuan 500 ml;Kişisel Bakım;Online;24;2254,49;1140,00;Satış
06.02.2025;F000105;Müşteri 14;Deneme Kağıt Havlu 12'li;Kağıt;Zincir market;132;19532,17;14784,00;Satış
06.02.2025;F000105;Müşteri 14;Deneme Tuvalet Kağıdı 32'li;Kağıt;Zincir market;33;7886,79;5702,40;Satış
07.02.2025;F000106;Müşteri 09;Kurgu Deterjan 5 kg;Temizlik;Kurumsal;45;8875,34;5859,00;Satış
07.02.2025;F000106;Müşteri 09;Deneme Kağıt Havlu 12'li;Kağıt;Kurumsal;27;4028,50;3024,00;Satış
07.02.2025;F000106;Müşteri 09;Örnek Şampuan 500 ml;Kişisel Bakım;Kurumsal;99;9171,28;4702,50;Satış
07.02.2025;F000107;Müşteri 16;Kurgu Deterjan 5 kg;Temizlik;Zincir market;57;11288,29;7421,40;Satış
07.02.2025;F000107;Müşteri 16;Örnek Sıvı Sabun 1,5 lt;Kişisel Bakım;Zincir market;147;12354,66;6872,25;Satış
07.02.2025;F000108;Müşteri 03;Kurgu Yumuşatıcı 3 lt;Temizlik;Online;21;2786,88;1701,00;Satış
07.02.2025;F000108;Müşteri 03;Deneme Tuvalet Kağıdı 32'li;Kağıt;Online;42;9806,78;7257,60;Satış
07.02.2025;F000108;Müşteri 03;Kurgu Yumuşatıcı 3 lt;Temizlik;Online;32;4014,07;2592,00;Satış
08.02.2025;F000109;Müşteri 30;Hayali Bulaşık Tableti 60'lı;Temizlik;Bayi;14;4017,59;2517,20;Satış
08.02.2025;F000109;Müşteri 30;Kurgu Yumuşatıcı 3 lt;Temizlik;Bayi;55;7013,72;4455,00;Satış
08.02.2025;F000110;Müşteri 24;Örnek Sıvı Sabun 1,5 lt;Kişisel Bakım;Online;33;2608,50;1542,75;Satış
08.02.2025;F000110;Müşteri 24;Deneme Tuvalet Kağıdı 32'li;Kağıt;Online;24;5621,64;4147,20;Satış
08.02.2025;F000110;Müşteri 24;Örnek Sıvı Sabun 1,5 lt;Kişisel Bakım;Online;37;3029,26;1729,75;Satış
08.02.2025;F000111;Müşteri 15;Deneme Kağıt Havlu 12'li;Kağıt;Bayi;7;1110,09;784,00;Satış
10.02.2025;F000112;Müşteri 01;Kurgu Yumuşatıcı 3 lt;Temizlik;Bayi;48;6394,96;3888,00;Satış
10.02.2025;F000113;Müşteri 19;Kurgu Deterjan 5 kg;Temizlik;Kurumsal;159;32514,60;20701,80;Satış
10.02.2025;F000113;Müşteri 19;Örnek Sıvı Sabun 1,5 lt;Kişisel Bakım;Kurumsal;123;9652,25;5750,25;Satış
10.02.2025;F000113;Müşteri 19;Hayali Bulaşık Tableti 60'lı;Temizlik;Kurumsal;48;14249,68;8630,40;Satış
10.02.2025;F000114;Müşteri 21;Örnek Sıvı Sabun 1,5 lt;Kişisel Bakım;Bayi;16;1359,67;748,00;Satış
10.02.2025;F000114;Müşteri 21;Örnek Şampuan 500 ml;Kişisel Bakım;Bayi;45;4211,47;2137,50;Satış
10.02.2025;F000115;Müşteri 03;Örnek Sıvı Sabun 1,5 lt;Kişisel Bakım;Online;31;2494,46;1449,25;Satış
10.02.2025;F000115;Müşteri 03;Deneme Tuvalet Kağıdı 32'li;Kağıt;Online;11;2609,95;1900,80;Satış
11.02.2025;F000116;Müşteri 10;Örnek Şampuan 500 ml;Kişisel Bakım;Bayi;57;5311,25;2707,50;Satış
11.02.2025;F000116;Müşteri 10;Kurgu Deterjan 5 kg;Temizlik;Bayi;34;6619,10;4426,80;Satış
11.02.2025;F000116;Müşteri 10;Örnek Sıvı Sabun 1,5 lt;Kişisel Bakım;Bayi;25;1974,71;1168,75;Satış
11.02.2025;F000117;Müşteri 25;Hayali Bulaşık Tableti 60'lı;Temizlik;Online;37;11309,35;6652,60;Satış
11.02.2025;F000117;Müşteri 25;Kurgu Deterjan 5 kg;Temizlik;Online;47;9766,85;6119,40;Satış
11.02.2025;F000118;Müşteri 15;Kurgu Deterjan 5 kg;Temizlik;Bayi;17;3432,47;2213,40;Satış
11.02.2025;F000118;Müşteri 15;Deneme Kağıt Havlu 12'li;Kağıt;Bayi;53;8139,78;5936,00;Satış
11.02.2025;F000119;Müşteri 15;Kurgu Yumuşatıcı 3 lt;Temizlik;Bayi;22;2862,89;1782,00;Satış
11.02.2025;F000120;Müşteri 30;Örnek Şampuan 500 ml;Kişisel Bakım;Bayi;49;4463,11;2327,50;Satış
11.02.2025;F000120;Müşteri 30;Kurgu Deterjan 5 kg;Temizlik;Bayi;45;9154,31;5859,00;Satış
12.02.2025;F000121;Müşteri 10;Kurgu Deterjan 5 kg;Temizlik;Bayi;40;8002,17;5208,00;Satış
12.02.2025;F000121;Müşteri 10;Kurgu Yumuşatıcı 3 lt;Temizlik;Bayi;58;7775,46;4698,00;Satış
12.02.2025;F000121;Müşteri 10;Örnek Şampuan 500 ml;Kişisel Bakım;Bayi;12;1107,87;570,00;Satış
12.02.2025;F000122;Müşteri 05;Deneme Tuvalet Kağıdı 32'li;Kağıt;Zincir market;69;15909,35;11923,20;Satış
12.02.2025;F000122;Müşteri 05;Örnek Sıvı Sabun 1,5 lt;Kişisel Bakım;Zincir market;93;7800,48;4347,75;Satış
12.02.2025;F000123;Müşteri 16;Örnek Şampuan 500 ml;Kişisel Bakım;Zincir market;120;10619,91;5700,00;Satış
13.02.2025;F000124;Müşteri 28;Örnek Sıvı Sabun 1,5 lt;Kişisel Bakım;Online;54;4512,89;2524,50;Satış
13.02.2025;F000125;Müşteri 14;Hayali Bulaşık Tableti 60'lı;Temizlik;Zincir market;111;32392,67;19957,80;Satış
13.02.2025;F000125;Müşteri 14;Kurgu Deterjan 5 kg;Temizlik;Zincir market;69;14172,44;8983,80;Satış
13.02.2025;F000126;Müşteri 27;Deneme Kağıt Havlu 12'li;Kağıt;Zincir market;141;21638,90;15792,00;Satış
13.02.2025;F000126;Müşteri 27;Kurgu Yumuşatıcı 3 lt;Temizlik;Zincir market;99;12871,65;8019,00;Satış
13.02.2025;F000126;Müşteri 27;Örnek Sıvı Sabun 1,5 lt;Kişisel Bakım;Zincir market;78;6392,34;3646,50;Satış
14.02.2025;F000127;Müşteri 30;Hayali Bulaşık Tableti 60'lı;Temizlik;Bayi;17;5261,89;3056,60;Satış
14.02.2025;F000127;Müşteri 30;Kurgu Yumuşatıcı 3 lt;Temizlik;Bayi;41;5261,78;3321,00;Satış
14.02.2025;F000128;Müşteri 28;Kurgu Deterjan 5 kg;Temizlik;Online;25;5142,78;3255,00;Satış
14.02.2025;F000128;Müşteri 28;Deneme Tuvalet Kağıdı 32'li;Kağıt;Online;56;12774,70;9676,80;Satış
14.02.2025;F000129;Müşteri 22;Kurgu Yumuşatıcı 3 lt;Temizlik;Zincir market;108;14538,97;8748,00;Satış
14.02.2025;F000129;Müşteri 22;Kurgu Yumuşatıcı 3 lt;Temizlik;Zincir market;111;14943,47;8991,00;Satış
14.02.2025;F000129;Müşteri 22;Örnek Sıvı Sabun 1,5 lt;Kişisel Bakım;Zincir market;180;14198,85;8415,00;Satış
14.02.2025;F000130;Müşteri 28;Kurgu Deterjan 5 kg;Temizlik;Online;38;7922,83;4947,60;Satış
14.02.2025;F000130;Müşteri 28;Kurgu Deterjan 5 kg;Temizlik;Online;51;9976,71;6640,20;Satış
14.02.2025;F000131;Müşteri 28;Kurgu Yumuşatıcı 3 lt;Temizlik;Online;9;1163,43;729,00;Satış
14.02.2025;F000131;Müşteri 28;Örnek Sıvı Sabun 1,5 lt;Kişisel Bakım;Online;26;2143,39;1215,50;Satış
14.02.2025;F000131;Müşteri 28;Örnek Şampuan 500 ml;Kişisel Bakım;Online;46;4048,48;2185,00;Satış
15.02.2025;F000132;Müşteri 11;Deneme Tuvalet Kağıdı 32'li;Kağıt;Bayi;53;12198,94;9158,40;Satış
15.02.2025;F000132;Müşteri 11;Deneme Kağıt Havlu 12'li;Kağıt;Bayi;7;1085,72;784,00;Satış
15.02.2025;F000132;Müşteri 11;Kurgu Yumuşatıcı 3 lt;Temizlik;Bayi;45;5921,62;3645,00;Satış
15.02.2025;F000133;Müşteri 10;Deneme Tuvalet Kağıdı 32'li;Kağıt;Bayi;10;2291,32;1728,00;Satış
15.02.2025;F000134;Müşteri 04;Deneme Tuvalet Kağıdı 32'li;Kağıt;Zincir market;180;40091,35;31104,00;Satış
15.02.2025;F000134;Müşteri 04;Kurgu Yumuşatıcı 3 lt;Temizlik;Zincir market;147;18732,83;11907,00;Satış
15.02.2025;F000134;Müşteri 04;Kurgu Deterjan 5 kg;Temizlik;Zincir market;21;4171,64;2734,20;Satış
15.02.2025;F000135;Müşteri 02;Örnek Sıvı Sabun 1,5 lt;Kişisel Bakım;Bayi;28;2271,60;1309,00;Satış
15.02.2025;F000135;Müşteri 02;Kurgu Yumuşatıcı 3 lt;Temizlik;Bayi;38;4888,71;3078,00;Satış
15.02.2025;F000136;Müşteri 22;Kurgu Yumuşatıcı 3 lt;Temizlik;Zincir market;48;6002,54;3888,00;Satış
17.02.2025;F000137;Müşteri 16;Kurgu Yumuşatıcı 3 lt;Temizlik;Zincir market;57;7363,28;4617,00;Satış
17.02.2025;F000137;Müşteri 16;Örnek Sıvı Sabun 1,5 lt;Kişisel Bakım;Zincir market;102;8153,49;4768,50;Satış
17.02.2025;F000137;Müşteri 16;Kurgu Deterjan 5 kg;Temizlik;Zincir market;168;33770,73;21873,60;Satış
17.02.2025;F000138;Müşteri 10;Deneme Kağıt Havlu 12'li;Kağıt;Bayi;15;2222,18;1680,00;Satış
17.02.2025;F000138;Müşteri 10;Örnek Sıvı Sabun 1,5 lt;Kişisel Bakım;Bayi;42;3369,84;1963,50;Satış
17.02.2025;F000138;Müşteri 10;Örnek Şampuan 500 ml;Kişisel Bakım;Bayi;49;4375,74;2327,50;Satış
17.02.2025;F000139;Müşteri 28;Kurgu Yumuşatıcı 3 lt;Temizlik;Online;29;3869,06;2349,00;Satış
17.02.2025;F000139;Müşteri 28;Kurgu Deterjan 5 kg;Temizlik;Online;20;3992,14;2604,00;Satış
18.02.2025;F000140;Müşteri 23;Kurgu Deterjan 5 kg;Temizlik;Kurumsal;174;35540,94;22654,80;Satış
18.02.2025;F000140;Müşteri 23;Örnek Sıvı Sabun 1,5 lt;Kişisel Bakım;Kurumsal;15;1230,72;701,25;Satış
18.02.2025;F000141;Müşteri 22;Kurgu Deterjan 5 kg;Temizlik;Zincir market;129;26537,74;16795,80;Satış
18.02.2025;F000141;Müşteri 22;Hayali Bulaşık Tableti 60'lı;Temizlik;Zincir market;69;21006,25;12406,20;Satış
18.02.2025;F000141;Müşteri 22;Kurgu Yumuşatıcı 3 lt;Temizlik;Zincir market;129;17139,05;10449,00;Satış
18.02.2025;F000142;Müşteri 08;Kurgu Yumuşatıcı 3 lt;Temizlik;Bayi;44;5583,90;3564,00;Satış
18.02.2025;F000142;Müşteri 08;Hayali Bulaşık Tableti 60'lı;Temizlik;Bayi;51;15515,90;9169,80;Satış
18.02.2025;F000142;Müşteri 08;Deneme Tuvalet Kağıdı 32'li;Kağıt;Bayi;58;12958,72;10022,40;Satış
18.02.2025;F000143;Müşteri 04;Deneme Tuvalet Kağıdı 32'li;Kağıt;Zincir market;21;4761,36;3628,80;Satış
18.02.2025;F000143;Müşteri 04;Örnek Şampuan 500 ml;Kişisel Bakım;Zincir market;21;1927,90;997,50;Satış
18.02.2025;F000143;Müşteri 04;Deneme Tuvalet Kağıdı 32'li;Kağıt;Zincir market;39;8678,69;6739,20;Satış
19.02.2025;F000144;Müşteri 06;Kurgu Yumuşatıcı 3 lt;Temizlik;Zincir market;165;21454,22;13365,00;Satış
19.02.2025;F000145;Müşteri 12;Deneme Kağıt Havlu 12'li;Kağıt;Bayi;22;3472,26;2464,00;Satış
19.02.2025;F000145;Müşteri 12;Örnek Sıvı Sabun 1,5 lt;Kişisel Bakım;Bayi;57;4823,37;2664,75;Satış
19.02.2025;F000145;Müşteri 12;Hayali Bulaşık Tableti 60'lı;Temizlik;Bayi;23;6985,44;4135,40;Satış
19.02.2025;F000146;Müşteri 11;Örnek Şampuan 500 ml;Kişisel Bakım;Bayi;9;796,23;427,50;Satış
19.02.2025;F000147;Müşteri 08;Deneme Tuvalet Kağıdı 32'li;Kağıt;Bayi;48;11501,51;8294,40;Satış
19.02.2025;F000147;Müşteri 08;Hayali Bulaşık Tableti 60'lı;Temizlik;Bayi;56;16745,20;10068,80;Satış
19.02.2025;F000147;Müşteri 08;Kurgu Deterjan 5 kg;Temizlik;Bayi;55;10990,59;7161,00;Satış
19.02.2025;F000148;Müşteri 09;Kurgu Deterjan 5 kg;Temizlik;Kurumsal;102;20338,01;13280,40;Satış
19.02.2025;F000148;Müşteri 09;Deneme Tuvalet Kağıdı 32'li;Kağıt;Kurumsal;144;32520,02;24883,20;Satış
19.02.2025;F000148;Müşteri 09;Örnek Şampuan 500 ml;Kişisel Bakım;Kurumsal;171;15775,26;8122,50;Satış
20.02.2025;F000149;Müşteri 16;Deneme Kağıt Havlu 12'li;Kağıt;Zincir market;120;18167,82;13440,00;Satış
20.02.2025;F000150;Müşteri 20;Deneme Tuvalet Kağıdı 32'li;Kağıt;Online;9;2097,00;1555,20;Satış
20.02.2025;F000151;Müşteri 15;Örnek Sıvı Sabun 1,5 lt;Kişisel Bakım;Bayi;46;3724,91;2150,50;Satış
20.02.2025;F000151;Müşteri 15;Kurgu Yumuşatıcı 3 lt;Temizlik;Bayi;7;940,94;567,00;Satış
20.02.2025;F000151;Müşteri 15;Örnek Sıvı Sabun 1,5 lt;Kişisel Bakım;Bayi;36;2843,63;1683,00;Satış
21.02.2025;F000152;Müşteri 13;Örnek Sıvı Sabun 1,5 lt;Kişisel Bakım;Zincir market;141;11936,47;6591,75;Satış
21.02.2025;F000152;Müşteri 13;Deneme Tuvalet Kağıdı 32'li;Kağıt;Zincir market;117;26775,13;20217,60;Satış
21.02.2025;F000153;Müşteri 24;Kurgu Yumuşatıcı 3 lt;Temizlik;Online;31;4069,47;2511,00;Satış
21.02.2025;F000153;Müşteri 24;Hayali Bulaşık Tableti 60'lı;Temizlik;Online;36;10816,85;6472,80;Satış
21.02.2025;F000153;Müşteri 24;Örnek Sıvı Sabun 1,5 lt;Kişisel Bakım;Online;7;580,26;327,25;Satış
21.02.2025;F000154;Müşteri 07;Örnek Şampuan 500 ml;Kişisel Bakım;Bayi;20;1878,03;950,00;Satış
21.02.2025;F000154;Müşteri 07;Kurgu Deterjan 5 kg;Temizlik;Bayi;48;9569,82;6249,60;Satış
22.02.2025;F000155;Müşteri 02;Örnek Sıvı Sabun 1,5 lt;Kişisel Bakım;Bayi;17;1441,32;794,75;Satış
22.02.2025;F000155;Müşteri 02;Hayali Bulaşık Tableti 60'lı;Temizlik;Bayi;57;16899,19;10248,60;Satış
22.02.2025;F000156;Müşteri 22;Deneme Tuvalet Kağıdı 32'li;Kağıt;Zincir market;135;31355,80;23328,00;Satış
22.02.2025;F000157;Müşteri 01;Hayali Bulaşık Tableti 60'lı;Temizlik;Bayi;26;7572,25;4674,80;Satış
22.02.2025;F000158;Müşteri 05;Kurgu Yumuşatıcı 3 lt;Temizlik;Zincir market;27;3595,37;2187,00;Satış
22.02.2025;F000158;Müşteri 05;Deneme Kağıt Havlu 12'li;Kağıt;Zincir market;54;8354,11;6048,00;Satış
22.02.2025;F000158;Müşteri 05;Hayali Bulaşık Tableti 60'lı;Temizlik;Zincir market;180;52376,11;32364,00;Satış
24.02.2025;F000159;Müşteri 09;Kurgu Yumuşatıcı 3 lt;Temizlik;Kurumsal;117;14848,13;9477,00;Satış
24.02.2025;F000160;Müşteri 06;Deneme Tuvalet Kağıdı 32'li;Kağıt;Zincir market;180;39833,10;31104,00;Satış
24.02.2025;I000161;Müşteri 16;Deneme Kağıt Havlu 12'li;Kağıt;Zincir market;-7;-1120,00;-784,00;İade
25.02.2025;F000162;Müşteri 06;Kurgu Deterjan 5 kg;Temizlik;Zincir market;39;8020,77;5077,80;Satış
25.02.2025;F000162;Müşteri 06;Deneme Kağıt Havlu 12'li;Kağıt;Zincir market;36;5642,80;4032,00;Satış
25.02.2025;F000163;Müşteri 16;Hayali Bulaşık Tableti 60'lı;Temizlik;Zincir market;84;25025,98;15103,20;Satış
25.02.2025;F000163;Müşteri 16;Kurgu Deterjan 5 kg;Temizlik;Zincir market;99;19964,78;12889,80;Satış
26.02.2025;F000164;Müşteri 24;Deneme Kağıt Havlu 12'li;Kağıt;Online;24;3673,51;2688,00;Satış
26.02.2025;F000164;Müşteri 24;Kurgu Deterjan 5 kg;Temizlik;Online;8;1679,81;1041,60;Satış
26.02.2025;F000164;Müşteri 24;Hayali Bulaşık Tableti 60'lı;Temizlik;Online;30;8873,15;5394,00;Satış
26.02.2025;F000165;Müşteri 04;Deneme Tuvalet Kağıdı 32'li;Kağıt;Zincir market;99;21998,89;17107,20;Satış
26.02.2025;F000165;Müşteri 04;Kurgu Deterjan 5 kg;Temizlik;Zincir market;75;15256,45;9765,00;Satış
27.02.2025;F000166;Müşteri 20;Deneme Kağıt Havlu 12'li;Kağıt;Online;40;6252,62;4480,00;Satış
27.02.2025;F000166;Müşteri 20;Örnek Şampuan 500 ml;Kişisel Bakım;Online;43;3931,59;2042,50;Satış
27.02.2025;F000166;Müşteri 20;Örnek Şampuan 500 ml;Kişisel Bakım;Online;37;3404,05;1757,50;Satış
27.02.2025;F000167;Müşteri 04;Kurgu Deterjan 5 kg;Temizlik;Zincir market;177;36143,25;23045,40;Satış
27.02.2025;F000167;Müşteri 04;Hayali Bulaşık Tableti 60'lı;Temizlik;Zincir market;120;36369,22;21576,00;Satış
27.02.2025;F000167;Müşteri 04;Kurgu Yumuşatıcı 3 lt;Temizlik;Zincir market;96;12391,37;7776,00;Satış
27.02.2025;F000168;Müşteri 08;Örnek Sıvı Sabun 1,5 lt;Kişisel Bakım;Bayi;57;4633,18;2664,75;Satış
27.02.2025;F000168;Müşteri 08;Örnek Şampuan 500 ml;Kişisel Bakım;Bayi;51;4494,26;2422,50;Satış
27.02.2025;F000169;Müşteri 14;Deneme Tuvalet Kağıdı 32'li;Kağıt;Zincir market;63;14363,15;10886,40;Satış
27.02.2025;F000169;Müşteri 14;Kurgu Yumuşatıcı 3 lt;Temizlik;Zincir market;144;19320,23;11664,00;Satış
28.02.2025;F000170;Müşteri 03;Kurgu Deterjan 5 kg;Temizlik;Online;52;10691,81;6770,40;Satış
28.02.2025;F000170;Müşteri 03;Hayali Bulaşık Tableti 60'lı;Temizlik;Online;13;3886,97;2337,40;Satış
28.02.2025;F000171;Müşteri 19;Deneme Kağıt Havlu 12'li;Kağıt;Kurumsal;78;12150,54;8736,00;Satış
28.02.2025;F000171;Müşteri 19;Örnek Şampuan 500 ml;Kişisel Bakım;Kurumsal;81;7617,19;3847,50;Satış
28.02.2025;F000171;Müşteri 19;Hayali Bulaşık Tableti 60'lı;Temizlik;Kurumsal;96;29445,95;17260,80;Satış
01.03.2025;F000172;Müşteri 20;Örnek Sıvı Sabun 1,5 lt;Kişisel Bakım;Online;11;903,43;514,25;Satış
01.03.2025;F000172;Müşteri 20;Kurgu Yumuşatıcı 3 lt;Temizlik;Online;14;1838,10;1134,00;Satış
01.03.2025;F000173;Müşteri 08;Örnek Sıvı Sabun 1,5 lt;Kişisel Bakım;Bayi;59;4836,97;2758,25;Satış
01.03.2025;F000174;Müşteri 04;Deneme Kağıt Havlu 12'li;Kağıt;Zincir market;57;8979,35;6384,00;Satış
01.03.2025;F000174;Müşteri 04;Hayali Bulaşık Tableti 60'lı;Temizlik;Zincir market;120;37124,25;21576,00;Satış
01.03.2025;F000175;Müşteri 27;Deneme Kağıt Havlu 12'li;Kağıt;Zincir market;144;22381,42;16128,00;Satış
01.03.2025;F000175;Müşteri 27;Kurgu Deterjan 5 kg;Temizlik;Zincir market;129;26936,31;16795,80;Satış
01.03.2025;F000175;Müşteri 27;Hayali Bulaşık Tableti 60'lı;Temizlik;Zincir market;147;42899,41;26430,60;Satış
03.03.2025;F000176;Müşteri 30;Örnek Sıvı Sabun 1,5 lt;Kişisel Bakım;Bayi;5;397,17;233,75;Satış
03.03.2025;F000176;Müşteri 30;Kurgu Yumuşatıcı 3 lt;Temizlik;Bayi;41;5383,27;3321,00;Satış
03.03.2025;F000177;Müşteri 03;Deneme Tuvalet Kağıdı 32'li;Kağıt;Online;45;10775,64;7776,00;Satış
03.03.2025;F000178;Müşteri 03;Deneme Kağıt Havlu 12'li;Kağıt;Online;18;2736,28;2016,00;Satış
03.03.2025;F000178;Müşteri 03;Örnek Şampuan 500 ml;Kişisel Bakım;Online;26;2303,50;1235,00;Satış
03.03.2025;F000178;Müşteri 03;Örnek Sıvı Sabun 1,5 lt;Kişisel Bakım;Online;51;4100,70;2384,25;Satış
03.03.2025;F000179;Müşteri 19;Kurgu Deterjan 5 kg;Temizlik;Kurumsal;24;4699,53;3124,80;Satış
03.03.2025;F000179;Müşteri 19;Hayali Bulaşık Tableti 60'lı;Temizlik;Kurumsal;132;37809,30;23733,60;Satış
03.03.2025;F000179;Müşteri 19;Kurgu Deterjan 5 kg;Temizlik;Kurumsal;66;13242,52;8593,20;Satış
04.03.2025;F000180;Müşteri 14;Kurgu Yumuşatıcı 3 lt;Temizlik;Zincir market;159;20627,60;12879,00;Satış
04.03.2025;F000180;Müşteri 14;Örnek Sıvı Sabun 1,5 lt;Kişisel Bakım;Zincir market;96;7579,59;4488,00;Satış
04.03.2025;F000181;Müşteri 22;Deneme Kağıt Havlu 12'li;Kağıt;Zincir market;108;16626,03;12096,00;Satış
04.03.2025;F000181;Müşteri 22;Örnek Sıvı Sabun 1,5 lt;Kişisel Bakım;Zincir market;21;1673,69;981,75;Satış
04.03.2025;F000181;Müşteri 22;Deneme Kağıt Havlu 12'li;Kağıt;Zincir market;24;3535,16;2688,00;Satış
04.03.2025;F000182;Müşteri 10;Hayali Bulaşık Tableti 60'lı;Temizlik;Bayi;13;3953,97;2337,40;Satış
04.03.2025;F000183;Müşteri 10;Kurgu Deterjan 5 kg;Temizlik;Bayi;5;1007,78;651,00;Satış
04.03.2025;F000183;Müşteri 10;Örnek Şampuan 500 ml;Kişisel Bakım;Bayi;16;1414,11;760,00;Satış
04.03.2025;F000184;Müşteri 18;Kurgu Yumuşatıcı 3 lt;Temizlik;Zincir market;111;14456,00;8991,00;Satış
04.03.2025;F000184;Müşteri 18;Deneme Tuvalet Kağıdı 32'li;Kağıt;Zincir market;168;38236,80;29030,40;Satış
04.03.2025;F000184;Müşteri 18;Örnek Şampuan 500 ml;Kişisel Bakım;Zincir market;180;16747,11;8550,00;Satış
05.03.2025;F000185;Müşteri 30;Hayali Bulaşık Tableti 60'lı;Temizlik;Bayi;25;7486,97;4495,00;Satış
05.03.2025;F000186;Müşteri 19;Deneme Tuvalet Kağıdı 32'li;Kağıt;Kurumsal;135;30890,66;23328,00;Satış
05.03.2025;F000186;Müşteri 19;Kurgu Deterjan 5 kg;Temizlik;Kurumsal;90;17419,54;11718,00;Satış
05.03.2025;F000187;Müşteri 11;Hayali Bulaşık Tableti 60'lı;Temizlik;Bayi;44;13050,86;7911,20;Satış
05.03.2025;F000188;Müşteri 23;Kurgu Deterjan 5 kg;Temizlik;Kurumsal;96;19909,18;12499,20;Satış
05.03.2025;F000188;Müşteri 23;Kurgu Yumuşatıcı 3 lt;Temizlik;Kurumsal;96;12533,74;7776,00;Satış
05.03.2025;F000189;Müşteri 17;Örnek Şampuan 500 ml;Kişisel Bakım;Kurumsal;180;16156,46;8550,00;Satış
06.03.2025;F000190;Müşteri 25;Kurgu Deterjan 5 kg;Temizlik;Online;37;7542,01;4817,40;Satış
06.03.2025;F000191;Müşteri 17;Kurgu Yumuşatıcı 3 lt;Temizlik;Kurumsal;162;20731,67;13122,00;Satış
06.03.2025;F000191;Müşteri 17;Deneme Tuvalet Kağıdı 32'li;Kağıt;Kurumsal;171;39875,92;29548,80;Satış
06.03.2025;F000191;Müşteri 17;Kurgu Yumuşatıcı 3 lt;Temizlik;Kurumsal;60;7518,62;4860,00;Satış
06.03.2025;F000192;Müşteri 09;Kurgu Yumuşatıcı 3 lt;Temizlik;Kurumsal;129;16234,78;10449,00;Satış
06.03.2025;F000193;Müşteri 25;Kurgu Deterjan 5 kg;Temizlik;Online;16;3346,91;2083,20;Satış
06.03.2025;F000193;Müşteri 25;Deneme Tuvalet Kağıdı 32'li;Kağıt;Online;36;8269,48;6220,80;Satış
06.03.2025;F000193;Müşteri 25;Deneme Kağıt Havlu 12'li;Kağıt;Online;53;8194,71;5936,00;Satış
07.03.2025;F000194;Müşteri 28;Örnek Sıvı Sabun 1,5 lt;Kişisel Bakım;Online;14;1136,67;654,50;Satış
07.03.2025;F000194;Müşteri 28;Örnek Şampuan 500 ml;Kişisel Bakım;Online;33;3042,55;1567,50;Satış
07.03.2025;F000194;Müşteri 28;Hayali Bulaşık Tableti 60'lı;Temizlik;Online;22;6597,08;3955,60;Satış
07.03.2025;F000195;Müşteri 12;Kurgu Deterjan 5 kg;Temizlik;Bayi;24;4822,97;3124,80;Satış
07.03.2025;F000195;Müşteri 12;Kurgu Deterjan 5 kg;Temizlik;Bayi;8;1595,16;1041,60;Satış
07.03.2025;F000195;Müşteri 12;Örnek Sıvı Sabun 1,5 lt;Kişisel Bakım;Bayi;9;743,25;420,75;Satış
07.03.2025;F000196;Müşteri 28;Deneme Kağıt Havlu 12'li;Kağıt;Online;43;6608,69;4816,00;Satış
07.03.2025;F000197;Müşteri 15;Deneme Kağıt Havlu 12'li;Kağıt;Bayi;55;8616,20;6160,00;Satış
07.03.2025;F000197;Müşteri 15;Kurgu Deterjan 5 kg;Temizlik;Bayi;33;6879,58;4296,60;Satış
07.03.2025;F000197;Müşteri 15;Deneme Kağıt Havlu 12'li;Kağıt;Bayi;46;6882,04;5152,00;Satış
08.03.2025;F000198;Müşteri 02;Kurgu Deterjan 5 kg;Temizlik;Bayi;56;11665,10;7291,20;Satış
08.03.2025;F000198;Müşteri 02;Örnek Sıvı Sabun 1,5 lt;Kişisel Bakım;Bayi;50;3938,67;2337,50;Satış
08.03.2025;F000199;Müşteri 21;Kurgu Deterjan 5 kg;Temizlik;Bayi;20;4101,76;2604,00;Satış
08.03.2025;F000200;Müşteri 15;Deneme Kağıt Havlu 12'li;Kağıt;Bayi;44;6566,21;4928,00;Satış
08.03.2025;F000200;Müşteri 15;Örnek Sıvı Sabun 1,5 lt;Kişisel Bakım;Bayi;23;1859,19;1075,25;Satış
08.03.2025;F000200;Müşteri 15;Hayali Bulaşık Tableti 60'lı;Temizlik;Bayi;26;7852,95;4674,80;Satış
10.03.2025;F000201;Müşteri 03;Kurgu Deterjan 5 kg;Temizlik;Online;40;8183,87;5208,00;Satış
10.03.2025;F000201;Müşteri 03;Örnek Sıvı Sabun 1,5 lt;Kişisel Bakım;Online;21;1745,55;981,75;Satış
10.03.2025;F000202;Müşteri 22;Hayali Bulaşık Tableti 60'lı;Temizlik;Zincir market;42;12325,63;7551,60;Satış
10.03.2025;F000202;Müşteri 22;Deneme Kağıt Havlu 12'li;Kağıt;Zincir market;141;21010,45;15792,00;Satış
10.03.2025;F000202;Müşteri 22;Örnek Sıvı Sabun 1,5 lt;Kişisel Bakım;Zincir market;72;6104,18;3366,00;Satış
10.03.2025;F000203;Müşteri 23;Örnek Şampuan 500 ml;Kişisel Bakım;Kurumsal;39;3584,97;1852,50;Satış
10.03.2025;F000203;Müşteri 23;Kurgu Deterjan 5 kg;Temizlik;Kurumsal;72;14586,47;9374,40;Satış
10.03.2025;F000203;Müşteri 23;Deneme Tuvalet Kağıdı 32'li;Kağıt;Kurumsal;165;37472,61;28512,00;Satış
10.03.2025;F000204;Müşteri 05;Deneme Tuvalet Kağıdı 32'li;Kağıt;Zincir market;174;41583,30;30067,20;Satış
10.03.2025;F000204;Müşteri 05;Deneme Tuvalet Kağıdı 32'li;Kağıt;Zincir market;114;25375,75;19699,20;Satış
10.03.2025;F000204;Müşteri 05;Deneme Tuvalet Kağıdı 32'li;Kağıt;Zincir market;96;22134,05;16588,80;Satış
10.03.2025;I000205;Müşteri 20;Kurgu Yumuşatıcı 3 lt;Temizlik;Online;-5;-675,00;-405,00;İade
11.03.2025;F000206;Müşteri 25;Kurgu Yumuşatıcı 3 lt;Temizlik;Online;19;2565,00;1539,00;Satış
11.03.2025;F000206;Müşteri 25;Kurgu Yumuşatıcı 3 lt;Temizlik;Online;9;1146,55;729,00;Satış
11.03.2025;F000207;Müşteri 26;Deneme Kağıt Havlu 12'li;Kağıt;Zincir market;162;24965,67;18144,00;Satış
11.03.2025;F000208;Müşteri 24;Kurgu Deterjan 5 kg;Temizlik;Online;47;9346,31;6119,40;Satış
11.03.2025;F000208;Müşteri 24;Hayali Bulaşık Tableti 60'lı;Temizlik;Online;44;12691,80;7911,20;Satış
11.03.2025;F000208;Müşteri 24;Örnek Şampuan 500 ml;Kişisel Bakım;Online;14;1240,86;665,00;Satış
11.03.2025;F000209;Müşteri 27;Hayali Bulaşık Tableti 60'lı;Temizlik;Zincir market;132;40294,89;23733,60;Satış
11.03.2025;F000209;Müşteri 27;Kurgu Yumuşatıcı 3 lt;Temizlik;Zincir market;153;19725,81;12393,00;Satış
11.03.2025;F000209;Müşteri 27;Örnek Şampuan 500 ml;Kişisel Bakım;Zincir market;84;7773,39;3990,00;Satış
12.03.2025;F000210;Müşteri 20;Hayali Bulaşık Tableti 60'lı;Temizlik;Online;52;15841,19;9349,60;Satış
12.03.2025;F000210;Müşteri 20;Kurgu Yumuşatıcı 3 lt;Temizlik;Online;39;4944,54;3159,00;Satış
12.03.2025;F000211;Müşteri 26;Hayali Bulaşık Tableti 60'lı;Temizlik;Zincir market;51;15010,45;9169,80;Satış
12.03.2025;F000211;Müşteri 26;Deneme Kağıt Havlu 12'li;Kağıt;Zincir market;99;15157,84;11088,00;Satış
12.03.2025;F000212;Müşteri 10;Deneme Kağıt Havlu 12'li;Kağıt;Bayi;38;5797,24;4256,00;Satış
12.03.2025;F000212;Müşteri 10;Kurgu Yumuşatıcı 3 lt;Temizlik;Bayi;57;7202,33;4617,00;Satış
12.03.2025;F000213;Müşteri 20;Hayali Bulaşık Tableti 60'lı;Temizlik;Online;21;6016,38;3775,80;Satış
12.03.2025;F000214;Müşteri 16;Deneme Kağıt Havlu 12'li;Kağıt;Zincir market;33;5158,10;3696,00;Satış
12.03.2025;F000214;Müşteri 16;Deneme Kağıt Havlu 12'li;Kağıt;Zincir market;177;26336,87;19824,00;Satış
13.03.2025;F000215;Müşteri 09;Deneme Kağıt Havlu 12'li;Kağıt;Kurumsal;42;6629,17;4704,00;Satış
13.03.2025;F000215;Müşteri 09;Kurgu Deterjan 5 kg;Temizlik;Kurumsal;57;11794,48;7421,40;Satış
13.03.2025;F000216;Müşteri 29;Kurgu Deterjan 5 kg;Temizlik;Bayi;31;6016,94;4036,20;Satış
13.03.2025;F000216;Müşteri 29;Deneme Kağıt Havlu 12'li;Kağıt;Bayi;28;4206,10;3136,00;Satış
13.03.2025;F000217;Müşteri 03;Kurgu Yumuşatıcı 3 lt;Temizlik;Online;6;765,85;486,00;Satış
13.03.2025;F000217;Müşteri 03;Kurgu Deterjan 5 kg;Temizlik;Online;58;11902,01;7551,60;Satış
14.03.2025;F000218;Müşteri 05;Örnek Sıvı Sabun 1,5 lt;Kişisel Bakım;Zincir market;174;14165,81;8134,50;Satış
14.03.2025;F000219;Müşteri 27;Hayali Bulaşık Tableti 60'lı;Temizlik;Zincir market;150;44525,09;26970,00;Satış
14.03.2025;F000220;Müşteri 20;Kurgu Deterjan 5 kg;Temizlik;Online;6;1185,00;781,20;Satış
15.03.2025;F000221;Müşteri 04;Kurgu Yumuşatıcı 3 lt;Temizlik;Zincir market;72;9037,15;5832,00;Satış
15.03.2025;F000221;Müşteri 04;Kurgu Yumuşatıcı 3 lt;Temizlik;Zincir market;93;12192,36;7533,00;Satış
15.03.2025;F000222;Müşteri 20;Kurgu Deterjan 5 kg;Temizlik;Online;12;2487,08;1562,40;Satış
15.03.2025;F000222;Müşteri 20;Örnek Şampuan 500 ml;Kişisel Bakım;Online;43;3933,38;2042,50;Satış
15.03.2025;F000223;Müşteri 21;Deneme Kağıt Havlu 12'li;Kağıt;Bayi;20;3127,95;2240,00;Satış
15.03.2025;F000223;Müşteri 21;Örnek Sıvı Sabun 1,5 lt;Kişisel Bakım;Bayi;32;2502,74;1496,00;Satış
15.03.2025;F000223;Müşteri 21;Örnek Sıvı Sabun 1,5 lt;Kişisel Bakım;Bayi;20;1641,61;935,00;Satış
15.03.2025;F000224;Müşteri 06;Deneme Tuvalet Kağıdı 32'li;Kağıt;Zincir market;30;6925,53;5184,00;Satış
15.03.2025;F000224;Müşteri 06;Örnek Sıvı Sabun 1,5 lt;Kişisel Bakım;Zincir market;27;2286,44;1262,25;Satış
15.03.2025;F000224;Müşteri 06;Deneme Kağıt Havlu 12'li;Kağıt;Zincir market;111;17456,53;12432,00;Satış
15.03.2025;F000225;Müşteri 17;Kurgu Deterjan 5 kg;Temizlik;Kurumsal;87;18084,86;11327,40;Satış
15.03.2025;F000225;Müşteri 17;Kurgu Deterjan 5 kg;Temizlik;Kurumsal;135;26959,45;17577,00;Satış
15.03.2025;F000225;Müşteri 17;Örnek Sıvı Sabun 1,5 lt;Kişisel Bakım;Kurumsal;63;5246,75;2945,25;Satış
17.03.2025;F000226;Müşteri 12;Deneme Tuvalet Kağıdı 32'li;Kağıt;Bayi;47;10944,54;8121,60;Satış
17.03.2025;F000227;Müşteri 25;Deneme Tuvalet Kağıdı 32'li;Kağıt;Online;53;12040,77;9158,40;Satış
17.03.2025;F000227;Müşteri 25;Kurgu Deterjan 5 kg;Temizlik;Online;27;5464,07;3515,40;Satış
17.03.2025;F000227;Müşteri 25;Hayali Bulaşık Tableti 60'lı;Temizlik;Online;46;13318,94;8270,80;Satış
18.03.2025;F000228;Müşteri 23;Deneme Tuvalet Kağıdı 32'li;Kağıt;Kurumsal;48;11346,28;8294,40;Satış
18.03.2025;F000228;Müşteri 23;Kurgu Deterjan 5 kg;Temizlik;Kurumsal;150;30936,00;19530,00;Satış
18.03.2025;F000229;Müşteri 15;Örnek Sıvı Sabun 1,5 lt;Kişisel Bakım;Bayi;17;1334,46;794,75;Satış
18.03.2025;F000230;Müşteri 07;Örnek Sıvı Sabun 1,5 lt;Kişisel Bakım;Bayi;24;1960,91;1122,00;Satış
18.03.2025;F000231;Müşteri 27;Örnek Şampuan 500 ml;Kişisel Bakım;Zincir market;63;5523,73;2992,50;Satış
18.03.2025;F000231;Müşteri 27;Deneme Tuvalet Kağıdı 32'li;Kağıt;Zincir market;51;11540,96;8812,80;Satış
18.03.2025;F000231;Müşteri 27;Hayali Bulaşık Tableti 60'lı;Temizlik;Zincir market;162;46394,46;29127,60;Satış
18.03.2025;F000232;Müşteri 21;Örnek Sıvı Sabun 1,5 lt;Kişisel Bakım;Bayi;12;1003,63;561,00;Satış
18.03.2025;F000232;Müşteri 21;Örnek Şampuan 500 ml;Kişisel Bakım;Bayi;30;2791,47;1425,00;Satış
19.03.2025;F000233;Müşteri 11;Örnek Şampuan 500 ml;Kişisel Bakım;Bayi;49;4467,88;2327,50;Satış
19.03.2025;F000234;Müşteri 30;Örnek Sıvı Sabun 1,5 lt;Kişisel Bakım;Bayi;56;4410,66;2618,00;Satış
19.03.2025;F000234;Müşteri 30;Örnek Şampuan 500 ml;Kişisel Bakım;Bayi;10;906,73;475,00;Satış
19.03.2025;F000234;Müşteri 30;Hayali Bulaşık Tableti 60'lı;Temizlik;Bayi;16;4779,64;2876,80;Satış
19.03.2025;F000235;Müşteri 11;Kurgu Deterjan 5 kg;Temizlik;Bayi;25;5107,59;3255,00;Satış
19.03.2025;F000236;Müşteri 10;Deneme Kağıt Havlu 12'li;Kağıt;Bayi;50;7632,71;5600,00;Satış
19.03.2025;F000236;Müşteri 10;Deneme Tuvalet Kağıdı 32'li;Kağıt;Bayi;33;7509,14;5702,40;Satış
19.03.2025;F000237;Müşteri 02;Hayali Bulaşık Tableti 60'lı;Temizlik;Bayi;27;8112,10;4854,60;Satış
19.03.2025;F000237;Müşteri 02;Örnek Şampuan 500 ml;Kişisel Bakım;Bayi;22;2029,72;1045,00;Satış
19.03.2025;F000237;Müşteri 02;Hayali Bulaşık Tableti 60'lı;Temizlik;Bayi;8;2296,49;1438,40;Satış
20.03.2025;F000238;Müşteri 17;Deneme Tuvalet Kağıdı 32'li;Kağıt;Kurumsal;45;10759,21;7776,00;Satış
20.03.2025;F000238;Müşteri 17;Kurgu Yumuşatıcı 3 lt;Temizlik;Kurumsal;177;23144,84;14337,00;Satış
20.03.2025;F000238;Müşteri 17;Hayali Bulaşık Tableti 60'lı;Temizlik;Kurumsal;99;28320,24;17800,20;Satış
20.03.2025;F000239;Müşteri 03;Hayali Bulaşık Tableti 60'lı;Temizlik;Online;46;13537,11;8270,80;Satış
20.03.2025;F000240;Müşteri 13;Kurgu Deterjan 5 kg;Temizlik;Zincir market;129;25255,33;16795,80;Satış
20.03.2025;F000240;Müşteri 13;Örnek Şampuan 500 ml;Kişisel Bakım;Zincir market;84;7579,09;3990,00;Satış
20.03.2025;F000240;Müşteri 13;Hayali Bulaşık Tableti 60'lı;Temizlik;Zincir market;27;8084,70;4854,60;Satış
20.03.2025;F000241;Müşteri 17;Örnek Şampuan 500 ml;Kişisel Bakım;Kurumsal;75;6925,25;3562,50;Satış
20.03.2025;F000241;Müşteri 17;Kurgu Yumuşatıcı 3 lt;Temizlik;Kurumsal;36;4481,28;2916,00;Satış
21.03.2025;F000242;Müşteri 30;Kurgu Deterjan 5 kg;Temizlik;Bayi;21;4330,61;2734,20;Satış
21.03.2025;F000242;Müşteri 30;Deneme Tuvalet Kağıdı 32'li;Kağıt;Bayi;33;7422,35;5702,40;Satış
21.03.2025;F000242;Müşteri 30;Deneme Kağıt Havlu 12'li;Kağıt;Bayi;23;3589,91;2576,00;Satış
21.03.2025;F000243;Müşteri 16;Kurgu Deterjan 5 kg;Temizlik;Zincir market;39;8093,57;5077,80;Satış
21.03.2025;F000244;Müşteri 15;Deneme Tuvalet Kağıdı 32'li;Kağıt;Bayi;33;7918,27;5702,40;Satış
21.03.2025;F000245;Müşteri 26;Hayali Bulaşık Tableti 60'lı;Temizlik;Zincir market;75;22632,18;13485,00;Satış
21.03.2025;F000245;Müşteri 26;Deneme Tuvalet Kağıdı 32'li;Kağıt;Zincir market;27;6246,72;4665,60;Satış
21.03.2025;F000245;Müşteri 26;Örnek Sıvı Sabun 1,5 lt;Kişisel Bakım;Zincir market;72;6047,23;3366,00;Satış
21.03.2025;F000246;Müşteri 23;Deneme Tuvalet Kağıdı 32'li;Kağıt;Kurumsal;135;30259,24;23328,00;Satış
21.03.2025;F000246;Müşteri 23;Örnek Sıvı Sabun 1,5 lt;Kişisel Bakım;Kurumsal;111;8849,46;5189,25;Satış
21.03.2025;F000246;Müşteri 23;Kurgu Yumuşatıcı 3 lt;Temizlik;Kurumsal;165;20740,48;13365,00;Satış
22.03.2025;F000247;Müşteri 12;Deneme Kağıt Havlu 12'li;Kağıt;Bayi;28;4289,12;3136,00;Satış
22.03.2025;F000247;Müşteri 12;Deneme Kağıt Havlu 12'li;Kağıt;Bayi;13;2015,43;1456,00;Satış
22.03.2025;F000247;Müşteri 12;Kurgu Deterjan 5 kg;Temizlik;Bayi;9;1785,56;1171,80;Satış
22.03.2025;F000248;Müşteri 23;Örnek Şampuan 500 ml;Kişisel Bakım;Kurumsal;114;10319,51;5415,00;Satış
22.03.2025;F000248;Müşteri 23;Örnek Şampuan 500 ml;Kişisel Bakım;Kurumsal;171;15692,54;8122,50;Satış
22.03.2025;F000248;Müşteri 23;Kurgu Yumuşatıcı 3 lt;Temizlik;Kurumsal;75;9835,29;6075,00;Satış
24.03.2025;F000249;Müşteri 05;Deneme Tuvalet Kağıdı 32'li;Kağıt;Zincir market;126;28261,01;21772,80;Satış
24.03.2025;F000249;Müşteri 05;Kurgu Yumuşatıcı 3 lt;Temizlik;Zincir market;96;12444,57;7776,00;Satış
24.03.2025;F000249;Müşteri 05;Hayali Bulaşık Tableti 60'lı;Temizlik;Zincir market;24;7339,64;4315,20;Satış
24.03.2025;F000250;Müşteri 17;Örnek Sıvı Sabun 1,5 lt;Kişisel Bakım;Kurumsal;45;3568,56;2103,75;Satış
24.03.2025;F000251;Müşteri 30;Kurgu Yumuşatıcı 3 lt;Temizlik;Bayi;27;3629,69;2187,00;Satış
24.03.2025;F000251;Müşteri 30;Deneme Kağıt Havlu 12'li;Kağıt;Bayi;23;3634,64;2576,00;Satış
24.03.2025;F000251;Müşteri 30;Örnek Sıvı Sabun 1,5 lt;Kişisel Bakım;Bayi;17;1402,81;794,75;Satış
24.03.2025;F000252;Müşteri 18;Kurgu Yumuşatıcı 3 lt;Temizlik;Zincir market;135;17208,52;10935,00;Satış
24.03.2025;F000252;Müşteri 18;Deneme Kağıt Havlu 12'li;Kağıt;Zincir market;30;4608,99;3360,00;Satış
25.03.2025;F000253;Müşteri 06;Deneme Kağıt Havlu 12'li;Kağıt;Zincir market;153;24288,08;17136,00;Satış
25.03.2025;F000253;Müşteri 06;Örnek Sıvı Sabun 1,5 lt;Kişisel Bakım;Zincir market;174;14699,99;8134,50;Satış
25.03.2025;F000253;Müşteri 06;Kurgu Deterjan 5 kg;Temizlik;Zincir market;171;35518,67;22264,20;Satış
25.03.2025;F000254;Müşteri 03;Deneme Tuvalet Kağıdı 32'li;Kağıt;Online;54;12521,20;9331,20;Satış
25.03.2025;F000255;Müşteri 21;Hayali Bulaşık Tableti 60'lı;Temizlik;Bayi;41;12116,79;7371,80;Satış
26.03.2025;F000256;Müşteri 29;Deneme Kağıt Havlu 12'li;Kağıt;Bayi;23;3574,58;2576,00;Satış
26.03.2025;F000256;Müşteri 29;Örnek Sıvı Sabun 1,5 lt;Kişisel Bakım;Bayi;35;2795,28;1636,25;Satış
26.03.2025;F000256;Müşteri 29;Hayali Bulaşık Tableti 60'lı;Temizlik;Bayi;48;14173,01;8630,40;Satış
26.03.2025;F000257;Müşteri 15;Deneme Tuvalet Kağıdı 32'li;Kağıt;Bayi;8;1790,68;1382,40;Satış
26.03.2025;F000258;Müşteri 14;Örnek Şampuan 500 ml;Kişisel Bakım;Zincir market;54;4859,22;2565,00;Satış
26.03.2025;F000258;Müşteri 14;Kurgu Yumuşatıcı 3 lt;Temizlik;Zincir market;75;10012,80;6075,00;Satış
26.03.2025;F000259;Müşteri 11;Hayali Bulaşık Tableti 60'lı;Temizlik;Bayi;27;8353,51;4854,60;Satış
26.03.2025;F000259;Müşteri 11;Kurgu Yumuşatıcı 3 lt;Temizlik;Bayi;53;6794,70;4293,00;Satış
26.03.2025;F000259;Müşteri 11;Deneme Kağıt Havlu 12'li;Kağıt;Bayi;11;1664,13;1232,00;Satış
26.03.2025;F000260;Müşteri 15;Örnek Sıvı Sabun 1,5 lt;Kişisel Bakım;Bayi;33;2636,23;1542,75;Satış
27.03.2025;F000261;Müşteri 13;Örnek Şampuan 500 ml;Kişisel Bakım;Zincir market;60;5682,98;2850,00;Satış
27.03.2025;F000261;Müşteri 13;Kurgu Yumuşatıcı 3 lt;Temizlik;Zincir market;171;21842,91;13851,00;Satış
27.03.2025;F000261;Müşteri 13;Deneme Kağıt Havlu 12'li;Kağıt;Zincir market;153;23134,02;17136,00;Satış
27.03.2025;F000262;Müşteri 25;Örnek Şampuan 500 ml;Kişisel Bakım;Online;37;3365,07;1757,50;Satış
27.03.2025;F000263;Müşteri 29;Örnek Şampuan 500 ml;Kişisel Bakım;Bayi;6;528,51;285,00;Satış
27.03.2025;F000263;Müşteri 29;Örnek Şampuan 500 ml;Kişisel Bakım;Bayi;37;3362,37;1757,50;Satış
27.03.2025;F000264;Müşteri 08;Deneme Kağıt Havlu 12'li;Kağıt;Bayi;27;3991,22;3024,00;Satış
28.03.2025;F000265;Müşteri 10;Kurgu Deterjan 5 kg;Temizlik;Bayi;59;11505,35;7681,80;Satış
28.03.2025;F000265;Müşteri 10;Kurgu Yumuşatıcı 3 lt;Temizlik;Bayi;21;2773,20;1701,00;Satış
28.03.2025;F000265;Müşteri 10;Hayali Bulaşık Tableti 60'lı;Temizlik;Bayi;30;8828,26;5394,00;Satış
28.03.2025;F000266;Müşteri 13;Deneme Kağıt Havlu 12'li;Kağıt;Zincir market;120;17962,99;13440,00;Satış
28.03.2025;F000267;Müşteri 18;Kurgu Deterjan 5 kg;Temizlik;Zincir market;87;17545,42;11327,40;Satış
28.03.2025;F000267;Müşteri 18;Hayali Bulaşık Tableti 60'lı;Temizlik;Zincir market;120;35056,45;21576,00;Satış
28.03.2025;F000268;Müşteri 20;Deneme Kağıt Havlu 12'li;Kağıt;Online;12;1786,16;1344,00;Satış
28.03.2025;F000268;Müşteri 20;Kurgu Deterjan 5 kg;Temizlik;Online;30;5984,09;3906,00;Satış
28.03.2025;F000268;Müşteri 20;Örnek Sıvı Sabun 1,5 lt;Kişisel Bakım;Online;40;3383,39;1870,00;Satış
28.03.2025;F000269;Müşteri 25;Kurgu Yumuşatıcı 3 lt;Temizlik;Online;43;5577,04;3483,00;Satış
29.03.2025;F000270;Müşteri 02;Deneme Tuvalet Kağıdı 32'li;Kağıt;Bayi;26;6142,14;4492,80;Satış
29.03.2025;F000271;Müşteri 17;Kurgu Yumuşatıcı 3 lt;Temizlik;Kurumsal;129;17266,11;10449,00;Satış
29.03.2025;F000271;Müşteri 17;Kurgu Yumuşatıcı 3 lt;Temizlik;Kurumsal;75;10069,41;6075,00;Satış
31.03.2025;F000272;Müşteri 20;Hayali Bulaşık Tableti 60'lı;Temizlik;Online;24;7198,18;4315,20;Satış
31.03.2025;F000272;Müşteri 20;Deneme Kağıt Havlu 12'li;Kağıt;Online;58;8916,01;6496,00;Satış
31.03.2025;F000272;Müşteri 20;Örnek Şampuan 500 ml;Kişisel Bakım;Online;50;4583,91;2375,00;Satış
31.03.2025;F000273;Müşteri 16;Örnek Sıvı Sabun 1,5 lt;Kişisel Bakım;Zincir market;78;6456,99;3646,50;Satış
31.03.2025;F000274;Müşteri 14;Örnek Sıvı Sabun 1,5 lt;Kişisel Bakım;Zincir market;165;13911,42;7713,75;Satış
31.03.2025;F000274;Müşteri 14;Hayali Bulaşık Tableti 60'lı;Temizlik;Zincir market;147;44218,43;26430,60;Satış
31.03.2025;F000274;Müşteri 14;Deneme Kağıt Havlu 12'li;Kağıt;Zincir market;105;15812,87;11760,00;Satış
31.03.2025;F000275;Müşteri 21;Deneme Kağıt Havlu 12'li;Kağıt;Bayi;19;2972,24;2128,00;Satış
31.03.2025;F000275;Müşteri 21;Deneme Kağıt Havlu 12'li;Kağıt;Bayi;35;5228,39;3920,00;Satış
31.03.2025;F000275;Müşteri 21;Deneme Tuvalet Kağıdı 32'li;Kağıt;Bayi;51;11867,65;8812,80;Satış
31.03.2025;F000276;Müşteri 27;Kurgu Yumuşatıcı 3 lt;Temizlik;Zincir market;171;22495,37;13851,00;Satış
31.03.2025;F000276;Müşteri 27;Kurgu Deterjan 5 kg;Temizlik;Zincir market;123;25722,97;16014,60;Satış
01.04.2025;F000277;Müşteri 15;Örnek Şampuan 500 ml;Kişisel Bakım;Bayi;14;1267,54;665,00;Satış
01.04.2025;F000277;Müşteri 15;Kurgu Yumuşatıcı 3 lt;Temizlik;Bayi;31;4018,21;2511,00;Satış
01.04.2025;F000278;Müşteri 20;Hayali Bulaşık Tableti 60'lı;Temizlik;Online;59;17903,48;10608,20;Satış
01.04.2025;F000278;Müşteri 20;Kurgu Deterjan 5 kg;Temizlik;Online;50;9775,99;6510,00;Satış
02.04.2025;F000279;Müşteri 22;Deneme Kağıt Havlu 12'li;Kağıt;Zincir market;87;13155,79;9744,00;Satış
02.04.2025;F000279;Müşteri 22;Kurgu Yumuşatıcı 3 lt;Temizlik;Zincir market;102;13673,20;8262,00;Satış
02.04.2025;F000280;Müşteri 11;Örnek Sıvı Sabun 1,5 lt;Kişisel Bakım;Bayi;48;4005,58;2244,00;Satış
02.04.2025;F000280;Müşteri 11;Deneme Tuvalet Kağıdı 32'li;Kağıt;Bayi;48;11191,27;8294,40;Satış
02.04.2025;F000280;Müşteri 11;Deneme Tuvalet Kağıdı 32'li;Kağıt;Bayi;21;4882,78;3628,80;Satış
02.04.2025;F000281;Müşteri 07;Örnek Sıvı Sabun 1,5 lt;Kişisel Bakım;Bayi;40;3209,19;1870,00;Satış
02.04.2025;F000282;Müşteri 10;Deneme Tuvalet Kağıdı 32'li;Kağıt;Bayi;18;4212,95;3110,40;Satış
02.04.2025;F000282;Müşteri 10;Örnek Şampuan 500 ml;Kişisel Bakım;Bayi;25;2276,16;1187,50;Satış
03.04.2025;F000283;Müşteri 10;Deneme Kağıt Havlu 12'li;Kağıt;Bayi;48;7399,34;5376,00;Satış
03.04.2025;F000284;Müşteri 29;Hayali Bulaşık Tableti 60'lı;Temizlik;Bayi;27;8339,61;4854,60;Satış
03.04.2025;F000284;Müşteri 29;Hayali Bulaşık Tableti 60'lı;Temizlik;Bayi;14;4093,65;2517,20;Satış
03.04.2025;F000285;Müşteri 10;Kurgu Deterjan 5 kg;Temizlik;Bayi;27;5635,53;3515,40;Satış
03.04.2025;F000285;Müşteri 10;Deneme Tuvalet Kağıdı 32'li;Kağıt;Bayi;21;4938,13;3628,80;Satış
03.04.2025;F000285;Müşteri 10;Kurgu Yumuşatıcı 3 lt;Temizlik;Bayi;17;2263,41;1377,00;Satış
03.04.2025;F000286;Müşteri 09;Deneme Tuvalet Kağıdı 32'li;Kağıt;Kurumsal;66;14746,75;11404,80;Satış
03.04.2025;F000286;Müşteri 09;Deneme Kağıt Havlu 12'li;Kağıt;Kurumsal;156;24134,98;17472,00;Satış
03.04.2025;F000286;Müşteri 09;Kurgu Yumuşatıcı 3 lt;Temizlik;Kurumsal;24;3154,42;1944,00;Satış
04.04.2025;F000287;Müşteri 02;Örnek Şampuan 500 ml;Kişisel Bakım;Bayi;26;2414,15;1235,00;Satış
04.04.2025;F000288;Müşteri 04;Hayali Bulaşık Tableti 60'lı;Temizlik;Zincir market;39;11127,81;7012,20;Satış
04.04.2025;F000288;Müşteri 04;Deneme Kağıt Havlu 12'li;Kağıt;Zincir market;45;6858,38;5040,00;Satış
04.04.2025;F000288;Müşteri 04;Örnek Şampuan 500 ml;Kişisel Bakım;Zincir market;105;9696,13;4987,50;Satış
04.04.2025;F000289;Müşteri 25;Örnek Sıvı Sabun 1,5 lt;Kişisel Bakım;Online;23;1899,62;1075,25;Satış
04.04.2025;F000289;Müşteri 25;Hayali Bulaşık Tableti 60'lı;Temizlik;Online;10;3013,77;1798,00;Satış
05.04.2025;F000290;Müşteri 30;Örnek Şampuan 500 ml;Kişisel Bakım;Bayi;58;5146,69;2755,00;Satış
05.04.2025;F000291;Müşteri 30;Hayali Bulaşık Tableti 60'lı;Temizlik;Bayi;30;9142,24;5394,00;Satış
07.04.2025;F000292;Müşteri 29;Kurgu Deterjan 5 kg;Temizlik;Bayi;24;4865,80;3124,80;Satış
07.04.2025;F000293;Müşteri 04;Örnek Sıvı Sabun 1,5 lt;Kişisel Bakım;Zincir market;102;8662,44;4768,50;Satış
07.04.2025;F000293;Müşteri 04;Deneme Kağıt Havlu 12'li;Kağıt;Zincir market;114;17501,52;12768,00;Satış
07.04.2025;F000294;Müşteri 05;Örnek Şampuan 500 ml;Kişisel Bakım;Zincir market;66;5865,11;3135,00;Satış
07.04.2025;F000294;Müşteri 05;Kurgu Deterjan 5 kg;Temizlik;Zincir market;78;15282,53;10155,60;Satış
07.04.2025;F000294;Müşteri 05;Örnek Şampuan 500 ml;Kişisel Bakım;Zincir market;138;12331,02;6555,00;Satış
07.04.2025;F000295;Müşteri 06;Deneme Tuvalet Kağıdı 32'li;Kağıt;Zincir market;78;18406,65;13478,40;Satış
08.04.2025;F000296;Müşteri 06;Hayali Bulaşık Tableti 60'lı;Temizlik;Zincir market;135;41505,30;24273,00;Satış
08.04.2025;F000296;Müşteri 06;Hayali Bulaşık Tableti 60'lı;Temizlik;Zincir market;96;28605,98;17260,80;Satış
08.04.2025;F000296;Müşteri 06;Kurgu Deterjan 5 kg;Temizlik;Zincir market;90;18399,91;11718,00;Satış
08.04.2025;F000297;Müşteri 06;Örnek Şampuan 500 ml;Kişisel Bakım;Zincir market;75;7088,42;3562,50;Satış
08.04.2025;F000298;Müşteri 01;Örnek Şampuan 500 ml;Kişisel Bakım;Bayi;20;1815,90;950,00;Satış
08.04.2025;F000298;Müşteri 01;Örnek Sıvı Sabun 1,5 lt;Kişisel Bakım;Bayi;26;2086,58;1215,50;Satış
09.04.2025;F000299;Müşteri 09;Örnek Sıvı Sabun 1,5 lt;Kişisel Bakım;Kurumsal;147;11731,61;6872,25;Satış
09.04.2025;F000299;Müşteri 09;Deneme Tuvalet Kağıdı 32'li;Kağıt;Kurumsal;36;8270,48;6220,80;Satış
09.04.2025;F000299;Müşteri 09;Kurgu Yumuşatıcı 3 lt;Temizlik;Kurumsal;90;11844,86;7290,00;Satış
09.04.2025;F000300;Müşteri 30;Hayali Bulaşık Tableti 60'lı;Temizlik;Bayi;24;7255,66;4315,20;Satış
09.04.2025;F000300;Müşteri 30;Deneme Tuvalet Kağıdı 32'li;Kağıt;Bayi;23;5240,71;3974,40;Satış
09.04.2025;F000300;Müşteri 30;Kurgu Yumuşatıcı 3 lt;Temizlik;Bayi;19;2556,25;1539,00;Satış
10.04.2025;F000301;Müşteri 24;Örnek Sıvı Sabun 1,5 lt;Kişisel Bakım;Online;31;2572,17;1449,25;Satış
10.04.2025;F000301;Müşteri 24;Örnek Şampuan 500 ml;Kişisel Bakım;Online;53;4848,71;2517,50;Satış
10.04.2025;F000301;Müşteri 24;Deneme Tuvalet Kağıdı 32'li;Kağıt;Online;57;12824,63;9849,60;Satış
10.04.2025;F000302;Müşteri 08;Hayali Bulaşık Tableti 60'lı;Temizlik;Bayi;43;13194,71;7731,40;Satış
10.04.2025;F000302;Müşteri 08;Kurgu Deterjan 5 kg;Temizlik;Bayi;38;7626,80;4947,60;Satış
10.04.2025;F000302;Müşteri 08;Deneme Tuvalet Kağıdı 32'li;Kağıt;Bayi;28;6224,39;4838,40;Satış
10.04.2025;F000303;Müşteri 19;Kurgu Deterjan 5 kg;Temizlik;Kurumsal;174;35217,69;22654,80;Satış
10.04.2025;F000304;Müşteri 17;Deneme Kağıt Havlu 12'li;Kağıt;Kurumsal;117;17446,82;13104,00;Satış
10.04.2025;F000305;Müşteri 11;Örnek Şampuan 500 ml;Kişisel Bakım;Bayi;12;1110,84;570,00;Satış
10.04.2025;F000305;Müşteri 11;Deneme Tuvalet Kağıdı 32'li;Kağıt;Bayi;42;9667,79;7257,60;Satış
10.04.2025;F000305;Müşteri 11;Deneme Kağıt Havlu 12'li;Kağıt;Bayi;33;5199,19;3696,00;Satış
11.04.2025;F000306;Müşteri 15;Kurgu Deterjan 5 kg;Temizlik;Bayi;40;8038,72;5208,00;Satış
11.04.2025;F000306;Müşteri 15;Hayali Bulaşık Tableti 60'lı;Temizlik;Bayi;24;7275,30;4315,20;Satış
11.04.2025;F000306;Müşteri 15;Örnek Şampuan 500 ml;Kişisel Bakım;Bayi;21;1965,71;997,50;Satış
11.04.2025;F000307;Müşteri 24;Deneme Kağıt Havlu 12'li;Kağıt;Online;9;1330,02;1008,00;Satış
11.04.2025;F000308;Müşteri 12;Kurgu Deterjan 5 kg;Temizlik;Bayi;39;8186,15;5077,80;Satış
11.04.2025;F000308;Müşteri 12;Kurgu Deterjan 5 kg;Temizlik;Bayi;35;6780,66;4557,00;Satış
11.04.2025;F000308;Müşteri 12;Örnek Şampuan 500 ml;Kişisel Bakım;Bayi;16;1491,91;760,00;Satış
11.04.2025;F000309;Müşteri 25;Deneme Tuvalet Kağıdı 32'li;Kağıt;Online;46;11008,01;7948,80;Satış
11.04.2025;F000309;Müşteri 25;Örnek Sıvı Sabun 1,5 lt;Kişisel Bakım;Online;29;2356,25;1355,75;Satış
11.04.2025;F000309;Müşteri 25;Örnek Şampuan 500 ml;Kişisel Bakım;Online;29;2552,29;1377,50;Satış
11.04.2025;F000310;Müşteri 22;Kurgu Yumuşatıcı 3 lt;Temizlik;Zincir market;138;18421,77;11178,00;Satış
11.04.2025;F000310;Müşteri 22;Kurgu Deterjan 5 kg;Temizlik;Zincir market;48;10074,23;6249,60;Satış
11.04.2025;F000310;Müşteri 22;Örnek Şampuan 500 ml;Kişisel Bakım;Zincir market;114;10073,93;5415,00;Satış
12.04.2025;F000311;Müşteri 25;Örnek Sıvı Sabun 1,5 lt;Kişisel Bakım;Online;34;2814,51;1589,50;Satış
12.04.2025;F000312;Müşteri 18;Deneme Kağıt Havlu 12'li;Kağıt;Zincir market;87;13723,29;9744,00;Satış
12.04.2025;F000312;Müşteri 18;Kurgu Yumuşatıcı 3 lt;Temizlik;Zincir market;102;13049,73;8262,00;Satış
14.04.2025;F000313;Müşteri 02;Örnek Şampuan 500 ml;Kişisel Bakım;Bayi;44;4101,77;2090,00;Satış
14.04.2025;F000313;Müşteri 02;Kurgu Deterjan 5 kg;Temizlik;Bayi;20;3933,24;2604,00;Satış
14.04.2025;F000313;Müşteri 02;Kurgu Deterjan 5 kg;Temizlik;Bayi;43;8331,86;5598,60;Satış
14.04.2025;F000314;Müşteri 20;Deneme Tuvalet Kağıdı 32'li;Kağıt;Online;60;13304,08;10368,00;Satış
14.04.2025;F000314;Müşteri 20;Deneme Tuvalet Kağıdı 32'li;Kağıt;Online;7;1599,66;1209,60;Satış
14.04.2025;F000314;Müşteri 20;Kurgu Yumuşatıcı 3 lt;Temizlik;Online;39;4935,31;3159,00;Satış
15.04.2025;F000315;Müşteri 05;Örnek Sıvı Sabun 1,5 lt;Kişisel Bakım;Zincir market;57;4773,60;2664,75;Satış
15.04.2025;F000315;Müşteri 05;Deneme Tuvalet Kağıdı 32'li;Kağıt;Zincir market;123;27911,52;21254,40;Satış
15.04.2025;F000315;Müşteri 05;Deneme Kağıt Havlu 12'li;Kağıt;Zincir market;162;25240,96;18144,00;Satış
15.04.2025;F000316;Müşteri 11;Örnek Sıvı Sabun 1,5 lt;Kişisel Bakım;Bayi;14;1188,64;654,50;Satış
16.04.2025;F000317;Müşteri 10;Kurgu Deterjan 5 kg;Temizlik;Bayi;40;8365,41;5208,00;Satış
16.04.2025;F000317;Müşteri 10;Deneme Tuvalet Kağıdı 32'li;Kağıt;Bayi;16;3725,11;2764,80;Satış
16.04.2025;F000318;Müşteri 14;Örnek Şampuan 500 ml;Kişisel Bakım;Zincir market;24;2274,95;1140,00;Satış
16.04.2025;F000318;Müşteri 14;Deneme Tuvalet Kağıdı 32'li;Kağıt;Zincir market;141;32164,66;24364,80;Satış
16.04.2025;F000318;Müşteri 14;Deneme Kağıt Havlu 12'li;Kağıt;Zincir market;75;11708,46;8400,00;Satış
16.04.2025;F000319;Müşteri 14;Örnek Sıvı Sabun 1,5 lt;Kişisel Bakım;Zincir market;87;6912,18;4067,25;Satış
16.04.2025;F000320;Müşteri 18;Kurgu Yumuşatıcı 3 lt;Temizlik;Zincir market;177;22414,17;14337,00;Satış
16.04.2025;F000320;Müşteri 18;Hayali Bulaşık Tableti 60'lı;Temizlik;Zincir market;150;43316,99;26970,00;Satış
16.04.2025;F000321;Müşteri 15;Deneme Kağıt Havlu 12'li;Kağıt;Bayi;31;4947,22;3472,00;Satış
17.04.2025;F000322;Müşteri 13;Örnek Sıvı Sabun 1,5 lt;Kişisel Bakım;Zincir market;54;4344,07;2524,50;Satış
17.04.2025;F000323;Müşteri 03;Hayali Bulaşık Tableti 60'lı;Temizlik;Online;28;8049,81;5034,40;Satış
17.04.2025;F000323;Müşteri 03;Deneme Tuvalet Kağıdı 32'li;Kağıt;Online;58;13018,52;10022,40;Satış
17.04.2025;F000324;Müşteri 09;Deneme Tuvalet Kağıdı 32'li;Kağıt;Kurumsal;129;29976,52;22291,20;Satış
17.04.2025;F000324;Müşteri 09;Hayali Bulaşık Tableti 60'lı;Temizlik;Kurumsal;27;7826,39;4854,60;Satış
18.04.2025;F000325;Müşteri 16;Hayali Bulaşık Tableti 60'lı;Temizlik;Zincir market;78;22832,09;14024,40;Satış
18.04.2025;F000326;Müşteri 30;Kurgu Yumuşatıcı 3 lt;Temizlik;Bayi;17;2288,04;1377,00;Satış
18.04.2025;F000327;Müşteri 04;Hayali Bulaşık Tableti 60'lı;Temizlik;Zincir market;105;32327,21;18879,00;Satış
18.04.2025;F000327;Müşteri 04;Deneme Tuvalet Kağıdı 32'li;Kağıt;Zincir market;129;30226,29;22291,20;Satış
18.04.2025;F000327;Müşteri 04;Örnek Şampuan 500 ml;Kişisel Bakım;Zincir market;60;5495,75;2850,00;Satış
19.04.2025;F000328;Müşteri 15;Deneme Tuvalet Kağıdı 32'li;Kağıt;Bayi;27;6121,49;4665,60;Satış
19.04.2025;F000328;Müşteri 15;Örnek Sıvı Sabun 1,5 lt;Kişisel Bakım;Bayi;37;3115,52;1729,75;Satış
19.04.2025;F000328;Müşteri 15;Örnek Şampuan 500 ml;Kişisel Bakım;Bayi;11;1028,52;522,50;Satış
19.04.2025;F000329;Müşteri 24;Hayali Bulaşık Tableti 60'lı;Temizlik;Online;58;17002,22;10428,40;Satış
19.04.2025;F000329;Müşteri 24;Kurgu Yumuşatıcı 3 lt;Temizlik;Online;28;3572,23;2268,00;Satış
19.04.2025;F000330;Müşteri 02;Hayali Bulaşık Tableti 60'lı;Temizlik;Bayi;19;5768,08;3416,20;Satış
19.04.2025;F000330;Müşteri 02;Kurgu Deterjan 5 kg;Temizlik;Bayi;21;4252,41;2734,20;Satış
19.04.2025;F000330;Müşteri 02;Deneme Kağıt Havlu 12'li;Kağıt;Bayi;42;6569,48;4704,00;Satış
19.04.2025;F000331;Müşteri 10;Kurgu Yumuşatıcı 3 lt;Temizlik;Bayi;26;3293,79;2106,00;Satış
19.04.2025;F000332;Müşteri 19;Örnek Şampuan 500 ml;Kişisel Bakım;Kurumsal;120;11085,00;5700,00;Satış
21.04.2025;F000333;Müşteri 25;Deneme Tuvalet Kağıdı 32'li;Kağıt;Online;46;10810,01;7948,80;Satış
21.04.2025;F000333;Müşteri 25;Örnek Şampuan 500 ml;Kişisel Bakım;Online;15;1394,54;712,50;Satış
21.04.2025;F000334;Müşteri 12;Kurgu Yumuşatıcı 3 lt;Temizlik;Bayi;51;6635,24;4131,00;Satış
21.04.2025;F000335;Müşteri 06;Deneme Tuvalet Kağıdı 32'li;Kağıt;Zincir market;24;5540,63;4147,20;Satış
21.04.2025;F000335;Müşteri 06;Hayali Bulaşık Tableti 60'lı;Temizlik;Zincir market;177;50806,68;31824,60;Satış
21.04.2025;F000335;Müşteri 06;Hayali Bulaşık Tableti 60'lı;Temizlik;Zincir market;141;40382,85;25351,80;Satış
21.04.2025;F000336;Müşteri 01;Kurgu Yumuşatıcı 3 lt;Temizlik;Bayi;58;7598,67;4698,00;Satış
21.04.2025;F000336;Müşteri 01;Kurgu Deterjan 5 kg;Temizlik;Bayi;50;9786,86;6510,00;Satış
22.04.2025;F000337;Müşteri 12;Deneme Kağıt Havlu 12'li;Kağıt;Bayi;45;7008,05;5040,00;Satış
22.04.2025;F000338;Müşteri 20;Deneme Tuvalet Kağıdı 32'li;Kağıt;Online;36;7959,67;6220,80;Satış
22.04.2025;F000338;Müşteri 20;Deneme Kağıt Havlu 12'li;Kağıt;Online;40;6098,61;4480,00;Satış
22.04.2025;F000339;Müşteri 01;Deneme Tuvalet Kağıdı 32'li;Kağıt;Bayi;22;5083,90;3801,60;Satış
22.04.2025;F000339;Müşteri 01;Örnek Sıvı Sabun 1,5 lt;Kişisel Bakım;Bayi;6;489,69;280,50;Satış
22.04.2025;F000339;Müşteri 01;Deneme Tuvalet Kağıdı 32'li;Kağıt;Bayi;48;10995,22;8294,40;Satış
22.04.2025;F000340;Müşteri 30;Kurgu Deterjan 5 kg;Temizlik;Bayi;11;2222,11;1432,20;Satış
22.04.2025;F000341;Müşteri 08;Deneme Kağıt Havlu 12'li;Kağıt;Bayi;38;5716,38;4256,00;Satış
23.04.2025;F000342;Müşteri 03;Örnek Şampuan 500 ml;Kişisel Bakım;Online;34;3117,60;1615,00;Satış
23.04.2025;F000342;Müşteri 03;Deneme Tuvalet Kağıdı 32'li;Kağıt;Online;19;4304,63;3283,20;Satış
23.04.2025;F000343;Müşteri 27;Deneme Tuvalet Kağıdı 32'li;Kağıt;Zincir market;177;41290,20;30585,60;Satış
23.04.2025;F000344;Müşteri 02;Örnek Şampuan 500 ml;Kişisel Bakım;Bayi;29;2617,73;1377,50;Satış
23.04.2025;F000345;Müşteri 16;Deneme Tuvalet Kağıdı 32'li;Kağıt;Zincir market;15;3514,42;2592,00;Satış
23.04.2025;F000346;Müşteri 03;Hayali Bulaşık Tableti 60'lı;Temizlik;Online;32;9638,20;5753,60;Satış
23.04.2025;F000346;Müşteri 03;Örnek Sıvı Sabun 1,5 lt;Kişisel Bakım;Online;41;3478,68;1916,75;Satış
24.04.2025;F000347;Müşteri 08;Hayali Bulaşık Tableti 60'lı;Temizlik;Bayi;49;15053,36;8810,20;Satış
24.04.2025;F000348;Müşteri 16;Kurgu Deterjan 5 kg;Temizlik;Zincir market;27;5526,86;3515,40;Satış
24.04.2025;F000348;Müşteri 16;Örnek Sıvı Sabun 1,5 lt;Kişisel Bakım;Zincir market;117;9597,73;5469,75;Satış
25.04.2025;F000349;Müşteri 01;Deneme Kağıt Havlu 12'li;Kağıt;Bayi;14;2195,60;1568,00;Satış
25.04.2025;F000350;Müşteri 23;Kurgu Deterjan 5 kg;Temizlik;Kurumsal;72;14106,90;9374,40;Satış
25.04.2025;F000350;Müşteri 23;Kurgu Yumuşatıcı 3 lt;Temizlik;Kurumsal;123;16385,35;9963,00;Satış
25.04.2025;F000351;Müşteri 13;Deneme Kağıt Havlu 12'li;Kağıt;Zincir market;78;11864,83;8736,00;Satış
25.04.2025;F000351;Müşteri 13;Deneme Tuvalet Kağıdı 32'li;Kağıt;Zincir market;39;9203,12;6739,20;Satış
25.04.2025;F000351;Müşteri 13;Deneme Tuvalet Kağıdı 32'li;Kağıt;Zincir market;153;34012,79;26438,40;Satış
25.04.2025;F000352;Müşteri 24;Kurgu Deterjan 5 kg;Temizlik;Online;11;2205,97;1432,20;Satış
25.04.2025;F000352;Müşteri 24;Hayali Bulaşık Tableti 60'lı;Temizlik;Online;9;2642,82;1618,20;Satış
26.04.2025;F000353;Müşteri 25;Kurgu Deterjan 5 kg;Temizlik;Online;45;8900,64;5859,00;Satış
26.04.2025;F000353;Müşteri 25;Örnek Şampuan 500 ml;Kişisel Bakım;Online;36;3208,82;1710,00;Satış
26.04.2025;F000354;Müşteri 18;Örnek Şampuan 500 ml;Kişisel Bakım;Zincir market;48;4443,15;2280,00;Satış
26.04.2025;F000354;Müşteri 18;Deneme Tuvalet Kağıdı 32'li;Kağıt;Zincir market;87;19352,74;15033,60;Satış
26.04.2025;F000355;Müşteri 20;Hayali Bulaşık Tableti 60'lı;Temizlik;Online;20;6057,70;3596,00;Satış
26.04.2025;F000355;Müşteri 20;Kurgu Deterjan 5 kg;Temizlik;Online;22;4307,40;2864,40;Satış
26.04.2025;F000356;Müşteri 23;Kurgu Yumuşatıcı 3 lt;Temizlik;Kurumsal;156;20031,64;12636,00;Satış
26.04.2025;F000356;Müşteri 23;Örnek Sıvı Sabun 1,5 lt;Kişisel Bakım;Kurumsal;33;2601,14;1542,75;Satış
26.04.2025;F000356;Müşteri 23;Örnek Sıvı Sabun 1,5 lt;Kişisel Bakım;Kurumsal;99;7984,10;4628,25;Satış
26.04.2025;F000357;Müşteri 09;Kurgu Yumuşatıcı 3 lt;Temizlik;Kurumsal;30;3786,71;2430,00;Satış
28.04.2025;F000358;Müşteri 04;Kurgu Deterjan 5 kg;Temizlik;Zincir market;81;16403,38;10546,20;Satış
28.04.2025;F000359;Müşteri 20;Hayali Bulaşık Tableti 60'lı;Temizlik;Online;25;7665,51;4495,00;Satış
28.04.2025;F000359;Müşteri 20;Kurgu Deterjan 5 kg;Temizlik;Online;23;4603,50;2994,60;Satış
28.04.2025;F000359;Müşteri 20;Hayali Bulaşık Tableti 60'lı;Temizlik;Online;10;3031,76;1798,00;Satış
28.04.2025;F000360;Müşteri 18;Deneme Kağıt Havlu 12'li;Kağıt;Zincir market;114;17028,26;12768,00;Satış
28.04.2025;F000361;Müşteri 13;Kurgu Yumuşatıcı 3 lt;Temizlik;Zincir market;66;8411,85;5346,00;Satış
28.04.2025;F000362;Müşteri 16;Kurgu Deterjan 5 kg;Temizlik;Zincir market;45;9022,62;5859,00;Satış
29.04.2025;F000363;Müşteri 26;Örnek Sıvı Sabun 1,5 lt;Kişisel Bakım;Zincir market;63;5331,10;2945,25;Satış
29.04.2025;F000364;Müşteri 24;Örnek Şampuan 500 ml;Kişisel Bakım;Online;43;3959,73;2042,50;Satış
29.04.2025;F000364;Müşteri 24;Örnek Şampuan 500 ml;Kişisel Bakım;Online;11;972,73;522,50;Satış
29.04.2025;F000364;Müşteri 24;Kurgu Deterjan 5 kg;Temizlik;Online;30;5963,44;3906,00;Satış
29.04.2025;F000365;Müşteri 20;Hayali Bulaşık Tableti 60'lı;Temizlik;Online;60;17602,36;10788,00;Satış
29.04.2025;F000365;Müşteri 20;Örnek Sıvı Sabun 1,5 lt;Kişisel Bakım;Online;32;2679,85;1496,00;Satış
29.04.2025;F000366;Müşteri 28;Deneme Kağıt Havlu 12'li;Kağıt;Online;13;1963,59;1456,00;Satış
29.04.2025;F000366;Müşteri 28;Deneme Kağıt Havlu 12'li;Kağıt;Online;49;7338,77;5488,00;Satış
29.04.2025;F000366;Müşteri 28;Örnek Sıvı Sabun 1,5 lt;Kişisel Bakım;Online;16;1356,15;748,00;Satış
29.04.2025;F000367;Müşteri 11;Deneme Tuvalet Kağıdı 32'li;Kağıt;Bayi;49;11414,63;8467,20;Satış
29.04.2025;F000367;Müşteri 11;Deneme Kağıt Havlu 12'li;Kağıt;Bayi;55;8266,67;6160,00;Satış
30.04.2025;F000368;Müşteri 12;Deneme Kağıt Havlu 12'li;Kağıt;Bayi;17;2631,27;1904,00;Satış
30.04.2025;F000369;Müşteri 18;Deneme Tuvalet Kağıdı 32'li;Kağıt;Zincir market;162;37480,63;27993,60;Satış
30.04.2025;F000370;Müşteri 24;Deneme Tuvalet Kağıdı 32'li;Kağıt;Online;18;4125,93;3110,40;Satış
30.04.2025;F000370;Müşteri 24;Örnek Sıvı Sabun 1,5 lt;Kişisel Bakım;Online;58;4808,85;2711,50;Satış
30.04.2025;F000371;Müşteri 27;Deneme Tuvalet Kağıdı 32'li;Kağıt;Zincir market;108;24135,00;18662,40;Satış
30.04.2025;F000371;Müşteri 27;Örnek Sıvı Sabun 1,5 lt;Kişisel Bakım;Zincir market;60;4795,09;2805,00;Satış
30.04.2025;F000372;Müşteri 05;Örnek Şampuan 500 ml;Kişisel Bakım;Zincir market;165;14893,75;7837,50;Satış
30.04.2025;F000372;Müşteri 05;Örnek Şampuan 500 ml;Kişisel Bakım;Zincir market;129;11744,44;6127,50;Satış
30.04.2025;F000372;Müşteri 05;Örnek Şampuan 500 ml;Kişisel Bakım;Zincir market;117;10676,28;5557,50;Satış
01.05.2025;F000373;Müşteri 18;Hayali Bulaşık Tableti 60'lı;Temizlik;Zincir market;84;25418,44;15103,20;Satış
01.05.2025;F000374;Müşteri 26;Deneme Kağıt Havlu 12'li;Kağıt;Zincir market;135;21452,09;15120,00;Satış
01.05.2025;F000374;Müşteri 26;Kurgu Deterjan 5 kg;Temizlik;Zincir market;162;31973,99;21092,40;Satış
01.05.2025;F000374;Müşteri 26;Deneme Tuvalet Kağıdı 32'li;Kağıt;Zincir market;81;18143,49;13996,80;Satış
01.05.2025;F000375;Müşteri 20;Deneme Kağıt Havlu 12'li;Kağıt;Online;46;7170,10;5152,00;Satış
01.05.2025;F000376;Müşteri 13;Hayali Bulaşık Tableti 60'lı;Temizlik;Zincir market;96;27631,43;17260,80;Satış
01.05.2025;F000376;Müşteri 13;Kurgu Deterjan 5 kg;Temizlik;Zincir market;63;12406,57;8202,60;Satış
01.05.2025;F000377;Müşteri 24;Deneme Kağıt Havlu 12'li;Kağıt;Online;42;6552,09;4704,00;Satış
01.05.2025;F000377;Müşteri 24;Kurgu Yumuşatıcı 3 lt;Temizlik;Online;33;4231,94;2673,00;Satış
01.05.2025;F000377;Müşteri 24;Örnek Şampuan 500 ml;Kişisel Bakım;Online;54;4998,49;2565,00;Satış
02.05.2025;F000378;Müşteri 12;Örnek Şampuan 500 ml;Kişisel Bakım;Bayi;11;986,10;522,50;Satış
02.05.2025;F000379;Müşteri 30;Kurgu Deterjan 5 kg;Temizlik;Bayi;58;12122,19;7551,60;Satış
02.05.2025;F000380;Müşteri 05;Örnek Sıvı Sabun 1,5 lt;Kişisel Bakım;Zincir market;78;6341,11;3646,50;Satış
02.05.2025;F000380;Müşteri 05;Kurgu Yumuşatıcı 3 lt;Temizlik;Zincir market;114;14753,38;9234,00;Satış
03.05.2025;F000381;Müşteri 24;Örnek Şampuan 500 ml;Kişisel Bakım;Online;25;2197,76;1187,50;Satış
03.05.2025;F000381;Müşteri 24;Kurgu Deterjan 5 kg;Temizlik;Online;56;11487,90;7291,20;Satış
03.05.2025;F000381;Müşteri 24;Kurgu Deterjan 5 kg;Temizlik;Online;59;11738,86;7681,80;Satış
03.05.2025;F000382;Müşteri 04;Hayali Bulaşık Tableti 60'lı;Temizlik;Zincir market;45;13871,79;8091,00;Satış
03.05.2025;F000382;Müşteri 04;Deneme Tuvalet Kağıdı 32'li;Kağıt;Zincir market;60;13842,42;10368,00;Satış
03.05.2025;F000382;Müşteri 04;Deneme Kağıt Havlu 12'li;Kağıt;Zincir market;45;6814,65;5040,00;Satış
03.05.2025;F000383;Müşteri 14;Kurgu Yumuşatıcı 3 lt;Temizlik;Zincir market;168;21600,52;13608,00;Satış
03.05.2025;F000383;Müşteri 14;Kurgu Yumuşatıcı 3 lt;Temizlik;Zincir market;48;6293,62;3888,00;Satış
03.05.2025;F000384;Müşteri 14;Kurgu Deterjan 5 kg;Temizlik;Zincir market;156;31748,65;20311,20;Satış
03.05.2025;F000384;Müşteri 14;Kurgu Yumuşatıcı 3 lt;Temizlik;Zincir market;99;12928,98;8019,00;Satış
03.05.2025;F000385;Müşteri 13;Deneme Tuvalet Kağıdı 32'li;Kağıt;Zincir market;54;12136,56;9331,20;Satış
05.05.2025;F000386;Müşteri 19;Hayali Bulaşık Tableti 60'lı;Temizlik;Kurumsal;180;53732,67;32364,00;Satış
05.05.2025;F000387;Müşteri 12;Kurgu Yumuşatıcı 3 lt;Temizlik;Bayi;34;4264,64;2754,00;Satış
05.05.2025;F000387;Müşteri 12;Deneme Tuvalet Kağıdı 32'li;Kağıt;Bayi;60;13811,89;10368,00;Satış
06.05.2025;F000388;Müşteri 20;Deneme Kağıt Havlu 12'li;Kağıt;Online;30;4641,41;3360,00;Satış
06.05.2025;F000388;Müşteri 20;Örnek Sıvı Sabun 1,5 lt;Kişisel Bakım;Online;27;2266,64;1262,25;Satış
06.05.2025;F000389;Müşteri 20;Hayali Bulaşık Tableti 60'lı;Temizlik;Online;48;14530,01;8630,40;Satış
06.05.2025;F000390;Müşteri 10;Deneme Kağıt Havlu 12'li;Kağıt;Bayi;10;1558,03;1120,00;Satış
06.05.2025;F000390;Müşteri 10;Örnek Sıvı Sabun 1,5 lt;Kişisel Bakım;Bayi;12;957,87;561,00;Satış
06.05.2025;F000390;Müşteri 10;Kurgu Deterjan 5 kg;Temizlik;Bayi;16;3191,54;2083,20;Satış
06.05.2025;F000391;Müşteri 05;Örnek Şampuan 500 ml;Kişisel Bakım;Zincir market;93;8549,75;4417,50;Satış
06.05.2025;F000391;Müşteri 05;Deneme Kağıt Havlu 12'li;Kağıt;Zincir market;87;13277,50;9744,00;Satış
06.05.2025;F000391;Müşteri 05;Örnek Şampuan 500 ml;Kişisel Bakım;Zincir market;135;12350,35;6412,50;Satış
07.05.2025;F000392;Müşteri 18;Örnek Şampuan 500 ml;Kişisel Bakım;Zincir market;69;6104,17;3277,50;Satış
07.05.2025;F000393;Müşteri 11;Deneme Kağıt Havlu 12'li;Kağıt;Bayi;8;1266,23;896,00;Satış
07.05.2025;F000393;Müşteri 11;Kurgu Deterjan 5 kg;Temizlik;Bayi;36;7037,78;4687,20;Satış
07.05.2025;F000394;Müşteri 27;Deneme Kağıt Havlu 12'li;Kağıt;Zincir market;111;17267,08;12432,00;Satış
07.05.2025;F000394;Müşteri 27;Örnek Şampuan 500 ml;Kişisel Bakım;Zincir market;144;13123,74;6840,00;Satış
08.05.2025;F000395;Müşteri 16;Kurgu Deterjan 5 kg;Temizlik;Zincir market;123;23827,37;16014,60;Satış
08.05.2025;F000396;Müşteri 25;Örnek Sıvı Sabun 1,5 lt;Kişisel Bakım;Online;7;560,48;327,25;Satış
08.05.2025;F000397;Müşteri 18;Kurgu Yumuşatıcı 3 lt;Temizlik;Zincir market;162;20920,53;13122,00;Satış
08.05.2025;F000397;Müşteri 18;Deneme Tuvalet Kağıdı 32'li;Kağıt;Zincir market;162;38151,92;27993,60;Satış
08.05.2025;F000398;Müşteri 18;Kurgu Deterjan 5 kg;Temizlik;Zincir market;123;23999,60;16014,60;Satış
08.05.2025;F000398;Müşteri 18;Hayali Bulaşık Tableti 60'lı;Temizlik;Zincir market;117;35757,24;21036,60;Satış
08.05.2025;F000398;Müşteri 18;Örnek Sıvı Sabun 1,5 lt;Kişisel Bakım;Zincir market;117;9803,87;5469,75;Satış
08.05.2025;F000399;Müşteri 02;Örnek Şampuan 500 ml;Kişisel Bakım;Bayi;39;3473,38;1852,50;Satış
08.05.2025;F000399;Müşteri 02;Örnek Şampuan 500 ml;Kişisel Bakım;Bayi;11;1022,93;522,50;Satış
08.05.2025;F000399;Müşteri 02;Deneme Tuvalet Kağıdı 32'li;Kağıt;Bayi;53;11954,29;9158,40;Satış
09.05.2025;F000400;Müşteri 15;Örnek Sıvı Sabun 1,5 lt;Kişisel Bakım;Bayi;60;5025,23;2805,00;Satış
09.05.2025;F000400;Müşteri 15;Örnek Şampuan 500 ml;Kişisel Bakım;Bayi;60;5697,24;2850,00;Satış
09.05.2025;F000401;Müşteri 25;Kurgu Yumuşatıcı 3 lt;Temizlik;Online;56;7401,31;4536,00;Satış
10.05.2025;F000402;Müşteri 06;Kurgu Yumuşatıcı 3 lt;Temizlik;Zincir market;165;20861,20;13365,00;Satış
10.05.2025;F000402;Müşteri 06;Kurgu Yumuşatıcı 3 lt;Temizlik;Zincir market;168;20973,30;13608,00;Satış
10.05.2025;F000402;Müşteri 06;Örnek Sıvı Sabun 1,5 lt;Kişisel Bakım;Zincir market;117;9373,03;5469,75;Satış
10.05.2025;F000403;Müşteri 18;Örnek Sıvı Sabun 1,5 lt;Kişisel Bakım;Zincir market;150;12028,49;7012,50;Satış
10.05.2025;F000404;Müşteri 19;Hayali Bulaşık Tableti 60'lı;Temizlik;Kurumsal;111;34370,05;19957,80;Satış
10.05.2025;F000404;Müşteri 19;Deneme Tuvalet Kağıdı 32'li;Kağıt;Kurumsal;171;38069,44;29548,80;Satış
10.05.2025;F000405;Müşteri 25;Kurgu Deterjan 5 kg;Temizlik;Online;22;4570,86;2864,40;Satış
10.05.2025;F000405;Müşteri 25;Kurgu Yumuşatıcı 3 lt;Temizlik;Online;49;6544,13;3969,00;Satış
10.05.2025;F000406;Müşteri 08;Deneme Tuvalet Kağıdı 32'li;Kağıt;Bayi;25;5917,67;4320,00;Satış
12.05.2025;F000407;Müşteri 16;Deneme Kağıt Havlu 12'li;Kağıt;Zincir market;135;20336,34;15120,00;Satış
12.05.2025;F000408;Müşteri 14;Örnek Şampuan 500 ml;Kişisel Bakım;Zincir market;27;2489,82;1282,50;Satış
12.05.2025;F000408;Müşteri 14;Hayali Bulaşık Tableti 60'lı;Temizlik;Zincir market;30;8855,72;5394,00;Satış
12.05.2025;F000409;Müşteri 24;Deneme Tuvalet Kağıdı 32'li;Kağıt;Online;28;6426,84;4838,40;Satış
12.05.2025;F000409;Müşteri 24;Örnek Şampuan 500 ml;Kişisel Bakım;Online;25;2295,57;1187,50;Satış
12.05.2025;F000410;Müşteri 28;Kurgu Deterjan 5 kg;Temizlik;Online;51;10686,14;6640,20;Satış
12.05.2025;F000410;Müşteri 28;Deneme Tuvalet Kağıdı 32'li;Kağıt;Online;47;11006,83;8121,60;Satış
12.05.2025;F000410;Müşteri 28;Hayali Bulaşık Tableti 60'lı;Temizlik;Online;9;2744,40;1618,20;Satış
12.05.2025;F000411;Müşteri 13;Örnek Şampuan 500 ml;Kişisel Bakım;Zincir market;171;15220,72;8122,50;Satış
13.05.2025;F000412;Müşteri 11;Deneme Kağıt Havlu 12'li;Kağıt;Bayi;13;2007,81;1456,00;Satış
13.05.2025;F000412;Müşteri 11;Örnek Şampuan 500 ml;Kişisel Bakım;Bayi;55;4950,68;2612,50;Satış
13.05.2025;F000412;Müşteri 11;Deneme Tuvalet Kağıdı 32'li;Kağıt;Bayi;53;11751,66;9158,40;Satış
13.05.2025;F000413;Müşteri 04;Hayali Bulaşık Tableti 60'lı;Temizlik;Zincir market;174;51607,99;31285,20;Satış
13.05.2025;F000413;Müşteri 04;Kurgu Deterjan 5 kg;Temizlik;Zincir market;177;34666,18;23045,40;Satış
13.05.2025;F000413;Müşteri 04;Örnek Şampuan 500 ml;Kişisel Bakım;Zincir market;15;1424,07;712,50;Satış
13.05.2025;F000414;Müşteri 14;Deneme Tuvalet Kağıdı 32'li;Kağıt;Zincir market;39;9271,75;6739,20;Satış
13.05.2025;F000415;Müşteri 10;Hayali Bulaşık Tableti 60'lı;Temizlik;Bayi;22;6325,33;3955,60;Satış
14.05.2025;F000416;Müşteri 12;Deneme Tuvalet Kağıdı 32'li;Kağıt;Bayi;15;3326,91;2592,00;Satış
14.05.2025;F000416;Müşteri 12;Deneme Tuvalet Kağıdı 32'li;Kağıt;Bayi;24;5633,74;4147,20;Satış
14.05.2025;F000416;Müşteri 12;Hayali Bulaşık Tableti 60'lı;Temizlik;Bayi;19;5621,05;3416,20;Satış
14.05.2025;F000417;Müşteri 03;Kurgu Deterjan 5 kg;Temizlik;Online;5;983,93;651,00;Satış
14.05.2025;F000417;Müşteri 03;Kurgu Deterjan 5 kg;Temizlik;Online;13;2641,26;1692,60;Satış
14.05.2025;F000417;Müşteri 03;Deneme Kağıt Havlu 12'li;Kağıt;Online;48;7339,05;5376,00;Satış
14.05.2025;I000418;Müşteri 22;Hayali Bulaşık Tableti 60'lı;Temizlik;Zincir market;-3;-930,00;-539,40;İade
15.05.2025;F000419;Müşteri 23;Örnek Şampuan 500 ml;Kişisel Bakım;Kurumsal;27;2406,78;1282,50;Satış
15.05.2025;F000420;Müşteri 03;Hayali Bulaşık Tableti 60'lı;Temizlik;Online;11;3165,35;1977,80;Satış
15.05.2025;F000420;Müşteri 03;Örnek Sıvı Sabun 1,5 lt;Kişisel Bakım;Online;24;1899,18;1122,00;Satış
15.05.2025;F000420;Müşteri 03;Hayali Bulaşık Tableti 60'lı;Temizlik;Online;57;17321,06;10248,60;Satış
15.05.2025;F000421;Müşteri 05;Deneme Tuvalet Kağıdı 32'li;Kağıt;Zincir market;42;9328,77;7257,60;Satış
15.05.2025;F000421;Müşteri 05;Deneme Kağıt Havlu 12'li;Kağıt;Zincir market;15;2325,18;1680,00;Satış
15.05.2025;F000421;Müşteri 05;Kurgu Yumuşatıcı 3 lt;Temizlik;Zincir market;99;12671,29;8019,00;Satış
15.05.2025;F000422;Müşteri 07;Deneme Tuvalet Kağıdı 32'li;Kağıt;Bayi;14;3338,47;2419,20;Satış
15.05.2025;F000422;Müşteri 07;Deneme Kağıt Havlu 12'li;Kağıt;Bayi;48;7337,40;5376,00;Satış
15.05.2025;F000422;Müşteri 07;Kurgu Yumuşatıcı 3 lt;Temizlik;Bayi;10;1338,83;810,00;Satış
15.05.2025;F000423;Müşteri 05;Deneme Kağıt Havlu 12'li;Kağıt;Zincir market;153;23273,69;17136,00;Satış
16.05.2025;F000424;Müşteri 26;Kurgu Yumuşatıcı 3 lt;Temizlik;Zincir market;66;8656,69;5346,00;Satış
16.05.2025;F000425;Müşteri 08;Deneme Kağıt Havlu 12'li;Kağıt;Bayi;43;6726,54;4816,00;Satış
16.05.2025;F000425;Müşteri 08;Örnek Sıvı Sabun 1,5 lt;Kişisel Bakım;Bayi;54;4568,44;2524,50;Satış
16.05.2025;F000425;Müşteri 08;Kurgu Deterjan 5 kg;Temizlik;Bayi;59;12238,42;7681,80;Satış
16.05.2025;F000426;Müşteri 29;Kurgu Yumuşatıcı 3 lt;Temizlik;Bayi;38;4968,68;3078,00;Satış
16.05.2025;F000426;Müşteri 29;Kurgu Yumuşatıcı 3 lt;Temizlik;Bayi;52;6678,41;4212,00;Satış
16.05.2025;F000427;Müşteri 21;Hayali Bulaşık Tableti 60'lı;Temizlik;Bayi;55;16988,17;9889,00;Satış
17.05.2025;F000428;Müşteri 08;Deneme Tuvalet Kağıdı 32'li;Kağıt;Bayi;43;9553,03;7430,40;Satış
17.05.2025;F000428;Müşteri 08;Kurgu Deterjan 5 kg;Temizlik;Bayi;28;5848,92;3645,60;Satış
17.05.2025;F000429;Müşteri 05;Hayali Bulaşık Tableti 60'lı;Temizlik;Zincir market;174;52077,48;31285,20;Satış
17.05.2025;F000429;Müşteri 05;Örnek Sıvı Sabun 1,5 lt;Kişisel Bakım;Zincir market;117;9692,75;5469,75;Satış
19.05.2025;F000430;Müşteri 01;Kurgu Deterjan 5 kg;Temizlik;Bayi;5;988,02;651,00;Satış
19.05.2025;F000430;Müşteri 01;Kurgu Deterjan 5 kg;Temizlik;Bayi;8;1673,10;1041,60;Satış
19.05.2025;F000430;Müşteri 01;Örnek Şampuan 500 ml;Kişisel Bakım;Bayi;37;3314,36;1757,50;Satış
19.05.2025;F000431;Müşteri 23;Hayali Bulaşık Tableti 60'lı;Temizlik;Kurumsal;93;27500,53;16721,40;Satış
19.05.2025;F000431;Müşteri 23;Örnek Şampuan 500 ml;Kişisel Bakım;Kurumsal;30;2768,04;1425,00;Satış
19.05.2025;F000431;Müşteri 23;Deneme Kağıt Havlu 12'li;Kağıt;Kurumsal;132;19688,37;14784,00;Satış
20.05.2025;F000432;Müşteri 17;Hayali Bulaşık Tableti 60'lı;Temizlik;Kurumsal;42;12537,10;7551,60;Satış
20.05.2025;F000433;Müşteri 13;Deneme Tuvalet Kağıdı 32'li;Kağıt;Zincir market;159;37654,84;27475,20;Satış
20.05.2025;F000433;Müşteri 13;Deneme Tuvalet Kağıdı 32'li;Kağıt;Zincir market;138;30645,58;23846,40;Satış
20.05.2025;F000433;Müşteri 13;Deneme Tuvalet Kağıdı 32'li;Kağıt;Zincir market;96;22542,26;16588,80;Satış
21.05.2025;F000434;Müşteri 08;Örnek Şampuan 500 ml;Kişisel Bakım;Bayi;12;1090,15;570,00;Satış
21.05.2025;F000435;Müşteri 20;Örnek Sıvı Sabun 1,5 lt;Kişisel Bakım;Online;47;3912,45;2197,25;Satış
22.05.2025;F000436;Müşteri 01;Kurgu Yumuşatıcı 3 lt;Temizlik;Bayi;49;6091,81;3969,00;Satış
22.05.2025;F000436;Müşteri 01;Örnek Şampuan 500 ml;Kişisel Bakım;Bayi;27;2467,12;1282,50;Satış
22.05.2025;F000436;Müşteri 01;Hayali Bulaşık Tableti 60'lı;Temizlik;Bayi;57;17275,27;10248,60;Satış
22.05.2025;F000437;Müşteri 06;Kurgu Yumuşatıcı 3 lt;Temizlik;Zincir market;156;20691,24;12636,00;Satış
22.05.2025;F000437;Müşteri 06;Örnek Sıvı Sabun 1,5 lt;Kişisel Bakım;Zincir market;153;12886,83;7152,75;Satış
23.05.2025;F000438;Müşteri 11;Örnek Sıvı Sabun 1,5 lt;Kişisel Bakım;Bayi;38;2988,10;1776,50;Satış
23.05.2025;F000438;Müşteri 11;Deneme Tuvalet Kağıdı 32'li;Kağıt;Bayi;41;9546,79;7084,80;Satış
23.05.2025;F000439;Müşteri 16;Deneme Kağıt Havlu 12'li;Kağıt;Zincir market;84;12424,41;9408,00;Satış
23.05.2025;F000439;Müşteri 16;Hayali Bulaşık Tableti 60'lı;Temizlik;Zincir market;123;35588,66;22115,40;Satış
24.05.2025;F000440;Müşteri 29;Deneme Tuvalet Kağıdı 32'li;Kağıt;Bayi;51;11373,73;8812,80;Satış
24.05.2025;F000440;Müşteri 29;Deneme Tuvalet Kağıdı 32'li;Kağıt;Bayi;37;8171,42;6393,60;Satış
24.05.2025;F000440;Müşteri 29;Hayali Bulaşık Tableti 60'lı;Temizlik;Bayi;60;17130,28;10788,00;Satış
24.05.2025;F000441;Müşteri 02;Örnek Sıvı Sabun 1,5 lt;Kişisel Bakım;Bayi;29;2449,27;1355,75;Satış
24.05.2025;F000441;Müşteri 02;Kurgu Yumuşatıcı 3 lt;Temizlik;Bayi;59;7350,33;4779,00;Satış
26.05.2025;F000442;Müşteri 08;Kurgu Yumuşatıcı 3 lt;Temizlik;Bayi;31;4156,83;2511,00;Satış
26.05.2025;F000442;Müşteri 08;Örnek Sıvı Sabun 1,5 lt;Kişisel Bakım;Bayi;22;1843,97;1028,50;Satış
26.05.2025;F000443;Müşteri 19;Kurgu Deterjan 5 kg;Temizlik;Kurumsal;111;22700,82;14452,20;Satış
26.05.2025;F000443;Müşteri 19;Kurgu Deterjan 5 kg;Temizlik;Kurumsal;48;9453,58;6249,60;Satış
26.05.2025;F000444;Müşteri 17;Örnek Şampuan 500 ml;Kişisel Bakım;Kurumsal;27;2539,76;1282,50;Satış
26.05.2025;F000445;Müşteri 28;Hayali Bulaşık Tableti 60'lı;Temizlik;Online;59;17281,41;10608,20;Satış
26.05.2025;F000445;Müşteri 28;Kurgu Deterjan 5 kg;Temizlik;Online;40;8034,93;5208,00;Satış
26.05.2025;F000446;Müşteri 12;Örnek Sıvı Sabun 1,5 lt;Kişisel Bakım;Bayi;41;3424,92;1916,75;Satış
27.05.2025;F000447;Müşteri 15;Deneme Kağıt Havlu 12'li;Kağıt;Bayi;36;5758,98;4032,00;Satış
27.05.2025;F000447;Müşteri 15;Hayali Bulaşık Tableti 60'lı;Temizlik;Bayi;17;5157,21;3056,60;Satış
27.05.2025;F000448;Müşteri 18;Kurgu Yumuşatıcı 3 lt;Temizlik;Zincir market;15;2014,05;1215,00;Satış
27.05.2025;F000449;Müşteri 01;Deneme Kağıt Havlu 12'li;Kağıt;Bayi;27;4194,18;3024,00;Satış
28.05.2025;F000450;Müşteri 11;Hayali Bulaşık Tableti 60'lı;Temizlik;Bayi;47;13842,99;8450,60;Satış
28.05.2025;F000451;Müşteri 24;Örnek Sıvı Sabun 1,5 lt;Kişisel Bakım;Online;11;875,55;514,25;Satış
28.05.2025;F000451;Müşteri 24;Kurgu Yumuşatıcı 3 lt;Temizlik;Online;31;4014,93;2511,00;Satış
28.05.2025;F000451;Müşteri 24;Kurgu Deterjan 5 kg;Temizlik;Online;14;2872,18;1822,80;Satış
29.05.2025;F000452;Müşteri 29;Örnek Şampuan 500 ml;Kişisel Bakım;Bayi;49;4616,11;2327,50;Satış
29.05.2025;F000452;Müşteri 29;Örnek Şampuan 500 ml;Kişisel Bakım;Bayi;52;4578,35;2470,00;Satış
29.05.2025;F000452;Müşteri 29;Kurgu Deterjan 5 kg;Temizlik;Bayi;37;7231,39;4817,40;Satış
29.05.2025;F000453;Müşteri 27;Kurgu Deterjan 5 kg;Temizlik;Zincir market;126;25545,16;16405,20;Satış
29.05.2025;F000453;Müşteri 27;Örnek Şampuan 500 ml;Kişisel Bakım;Zincir market;141;13356,66;6697,50;Satış
29.05.2025;F000454;Müşteri 08;Örnek Sıvı Sabun 1,5 lt;Kişisel Bakım;Bayi;59;4740,18;2758,25;Satış
29.05.2025;F000454;Müşteri 08;Hayali Bulaşık Tableti 60'lı;Temizlik;Bayi;30;9077,34;5394,00;Satış
30.05.2025;F000455;Müşteri 15;Kurgu Yumuşatıcı 3 lt;Temizlik;Bayi;9;1209,51;729,00;Satış
30.05.2025;F000455;Müşteri 15;Kurgu Yumuşatıcı 3 lt;Temizlik;Bayi;54;7155,95;4374,00;Satış
30.05.2025;F000456;Müşteri 04;Kurgu Deterjan 5 kg;Temizlik;Zincir market;45;9033,87;5859,00;Satış
30.05.2025;F000457;Müşteri 11;Kurgu Deterjan 5 kg;Temizlik;Bayi;39;7769,55;5077,80;Satış
30.05.2025;F000457;Müşteri 11;Hayali Bulaşık Tableti 60'lı;Temizlik;Bayi;18;5335,34;3236,40;Satış
30.05.2025;F000458;Müşteri 15;Hayali Bulaşık Tableti 60'lı;Temizlik;Bayi;12;3449,31;2157,60;Satış
30.05.2025;F000458;Müşteri 15;Hayali Bulaşık Tableti 60'lı;Temizlik;Bayi;48;14051,74;8630,40;Satış
31.05.2025;F000459;Müşteri 07;Kurgu Yumuşatıcı 3 lt;Temizlik;Bayi;10;1318,80;810,00;Satış
31.05.2025;F000459;Müşteri 07;Örnek Sıvı Sabun 1,5 lt;Kişisel Bakım;Bayi;30;2450,75;1402,50;Satış
31.05.2025;F000460;Müşteri 22;Örnek Sıvı Sabun 1,5 lt;Kişisel Bakım;Zincir market;171;14524,16;7994,25;Satış
31.05.2025;F000460;Müşteri 22;Kurgu Deterjan 5 kg;Temizlik;Zincir market;90;18680,16;11718,00;Satış
02.06.2025;F000461;Müşteri 04;Kurgu Deterjan 5 kg;Temizlik;Zincir market;168;34698,05;21873,60;Satış
02.06.2025;F000461;Müşteri 04;Kurgu Deterjan 5 kg;Temizlik;Zincir market;15;2913,54;1953,00;Satış
02.06.2025;F000462;Müşteri 25;Kurgu Yumuşatıcı 3 lt;Temizlik;Online;17;2262,63;1377,00;Satış
02.06.2025;F000463;Müşteri 12;Deneme Tuvalet Kağıdı 32'li;Kağıt;Bayi;46;10231,02;7948,80;Satış
02.06.2025;F000463;Müşteri 12;Deneme Kağıt Havlu 12'li;Kağıt;Bayi;21;3337,80;2352,00;Satış
02.06.2025;F000463;Müşteri 12;Kurgu Deterjan 5 kg;Temizlik;Bayi;6;1259,71;781,20;Satış
03.06.2025;F000464;Müşteri 26;Kurgu Deterjan 5 kg;Temizlik;Zincir market;177;36662,57;23045,40;Satış
03.06.2025;F000465;Müşteri 11;Kurgu Deterjan 5 kg;Temizlik;Bayi;34;6597,72;4426,80;Satış
03.06.2025;F000466;Müşteri 30;Örnek Şampuan 500 ml;Kişisel Bakım;Bayi;57;5295,62;2707,50;Satış
03.06.2025;F000466;Müşteri 30;Örnek Şampuan 500 ml;Kişisel Bakım;Bayi;6;541,85;285,00;Satış
03.06.2025;F000466;Müşteri 30;Örnek Şampuan 500 ml;Kişisel Bakım;Bayi;16;1441,44;760,00;Satış
03.06.2025;F000467;Müşteri 30;Örnek Sıvı Sabun 1,5 lt;Kişisel Bakım;Bayi;22;1787,12;1028,50;Satış
03.06.2025;F000468;Müşteri 05;Deneme Kağıt Havlu 12'li;Kağıt;Zincir market;132;20472,84;14784,00;Satış
04.06.2025;F000469;Müşteri 14;Örnek Şampuan 500 ml;Kişisel Bakım;Zincir market;24;2113,60;1140,00;Satış
04.06.2025;F000469;Müşteri 14;Örnek Şampuan 500 ml;Kişisel Bakım;Zincir market;39;3532,86;1852,50;Satış
04.06.2025;F000469;Müşteri 14;Deneme Tuvalet Kağıdı 32'li;Kağıt;Zincir market;168;38790,47;29030,40;Satış
04.06.2025;F000470;Müşteri 21;Hayali Bulaşık Tableti 60'lı;Temizlik;Bayi;6;1858,42;1078,80;Satış
04.06.2025;F000470;Müşteri 21;Hayali Bulaşık Tableti 60'lı;Temizlik;Bayi;50;14705,30;8990,00;Satış
04.06.2025;F000470;Müşteri 21;Deneme Kağıt Havlu 12'li;Kağıt;Bayi;55;8437,21;6160,00;Satış
04.06.2025;F000471;Müşteri 30;Deneme Kağıt Havlu 12'li;Kağıt;Bayi;25;3804,28;2800,00;Satış
04.06.2025;F000471;Müşteri 30;Kurgu Yumuşatıcı 3 lt;Temizlik;Bayi;6;765,86;486,00;Satış
04.06.2025;F000471;Müşteri 30;Kurgu Yumuşatıcı 3 lt;Temizlik;Bayi;6;803,25;486,00;Satış
04.06.2025;F000472;Müşteri 25;Kurgu Deterjan 5 kg;Temizlik;Online;56;11752,03;7291,20;Satış
04.06.2025;F000472;Müşteri 25;Deneme Kağıt Havlu 12'li;Kağıt;Online;27;4239,42;3024,00;Satış
04.06.2025;F000473;Müşteri 08;Kurgu Deterjan 5 kg;Temizlik;Bayi;20;4084,71;2604,00;Satış
05.06.2025;F000474;Müşteri 25;Deneme Kağıt Havlu 12'li;Kağıt;Online;59;9426,91;6608,00;Satış
05.06.2025;F000475;Müşteri 13;Hayali Bulaşık Tableti 60'lı;Temizlik;Zincir market;177;51242,93;31824,60;Satış
05.06.2025;F000475;Müşteri 13;Kurgu Yumuşatıcı 3 lt;Temizlik;Zincir market;126;16081,94;10206,00;Satış
06.06.2025;F000476;Müşteri 30;Kurgu Deterjan 5 kg;Temizlik;Bayi;50;10248,47;6510,00;Satış
06.06.2025;F000476;Müşteri 30;Deneme Kağıt Havlu 12'li;Kağıt;Bayi;41;6109,78;4592,00;Satış
06.06.2025;F000476;Müşteri 30;Kurgu Yumuşatıcı 3 lt;Temizlik;Bayi;58;7822,49;4698,00;Satış
06.06.2025;F000477;Müşteri 29;Deneme Kağıt Havlu 12'li;Kağıt;Bayi;24;3586,73;2688,00;Satış
06.06.2025;F000477;Müşteri 29;Kurgu Deterjan 5 kg;Temizlik;Bayi;10;1941,44;1302,00;Satış
06.06.2025;F000478;Müşteri 20;Kurgu Deterjan 5 kg;Temizlik;Online;38;7646,75;4947,60;Satış
06.06.2025;F000479;Müşteri 11;Kurgu Yumuşatıcı 3 lt;Temizlik;Bayi;56;7034,12;4536,00;Satış
06.06.2025;F000479;Müşteri 11;Deneme Tuvalet Kağıdı 32'li;Kağıt;Bayi;16;3815,05;2764,80;Satış
06.06.2025;F000479;Müşteri 11;Hayali Bulaşık Tableti 60'lı;Temizlik;Bayi;60;17593,50;10788,00;Satış
06.06.2025;I000480;Müşteri 38;Deneme Tuvalet Kağıdı 32'li;Kağıt;Bayi;-4;-960,00;-691,20;İade
07.06.2025;F000481;Müşteri 28;Hayali Bulaşık Tableti 60'lı;Temizlik;Online;28;8652,61;5034,40;Satış
07.06.2025;F000481;Müşteri 28;Örnek Sıvı Sabun 1,5 lt;Kişisel Bakım;Online;50;4230,25;2337,50;Satış
07.06.2025;F000481;Müşteri 28;Örnek Şampuan 500 ml;Kişisel Bakım;Online;42;3703,05;1995,00;Satış
07.06.2025;F000482;Müşteri 10;Kurgu Yumuşatıcı 3 lt;Temizlik;Bayi;15;1981,64;1215,00;Satış
07.06.2025;F000482;Müşteri 10;Örnek Şampuan 500 ml;Kişisel Bakım;Bayi;55;5074,21;2612,50;Satış
09.06.2025;F000483;Müşteri 06;Deneme Kağıt Havlu 12'li;Kağıt;Zincir market;147;23312,27;16464,00;Satış
09.06.2025;F000483;Müşteri 06;Deneme Kağıt Havlu 12'li;Kağıt;Zincir market;165;25041,62;18480,00;Satış
09.06.2025;F000483;Müşteri 06;Deneme Tuvalet Kağıdı 32'li;Kağıt;Zincir market;126;29791,13;21772,80;Satış
09.06.2025;F000484;Müşteri 13;Deneme Tuvalet Kağıdı 32'li;Kağıt;Zincir market;147;33288,85;25401,60;Satış
09.06.2025;F000484;Müşteri 13;Kurgu Yumuşatıcı 3 lt;Temizlik;Zincir market;153;19005,57;12393,00;Satış
09.06.2025;F000485;Müşteri 23;Örnek Şampuan 500 ml;Kişisel Bakım;Kurumsal;177;16807,31;8407,50;Satış
09.06.2025;F000485;Müşteri 23;Deneme Kağıt Havlu 12'li;Kağıt;Kurumsal;21;3140,14;2352,00;Satış
09.06.2025;F000485;Müşteri 23;Örnek Sıvı Sabun 1,5 lt;Kişisel Bakım;Kurumsal;168;14242,91;7854,00;Satış
09.06.2025;F000486;Müşteri 08;Deneme Kağıt Havlu 12'li;Kağıt;Bayi;11;1751,09;1232,00;Satış
09.06.2025;F000486;Müşteri 08;Kurgu Yumuşatıcı 3 lt;Temizlik;Bayi;26;3438,49;2106,00;Satış
09.06.2025;F000486;Müşteri 08;Kurgu Yumuşatıcı 3 lt;Temizlik;Bayi;27;3639,86;2187,00;Satış
10.06.2025;F000487;Müşteri 27;Deneme Tuvalet Kağıdı 32'li;Kağıt;Zincir market;135;31698,31;23328,00;Satış
10.06.2025;F000487;Müşteri 27;Örnek Sıvı Sabun 1,5 lt;Kişisel Bakım;Zincir market;99;7749,47;4628,25;Satış
10.06.2025;F000487;Müşteri 27;Kurgu Yumuşatıcı 3 lt;Temizlik;Zincir market;60;7901,18;4860,00;Satış
10.06.2025;F000488;Müşteri 12;Hayali Bulaşık Tableti 60'lı;Temizlik;Bayi;11;3333,73;1977,80;Satış
10.06.2025;F000488;Müşteri 12;Kurgu Deterjan 5 kg;Temizlik;Bayi;29;5816,30;3775,80;Satış
11.06.2025;F000489;Müşteri 29;Örnek Şampuan 500 ml;Kişisel Bakım;Bayi;29;2612,01;1377,50;Satış
11.06.2025;F000489;Müşteri 29;Örnek Şampuan 500 ml;Kişisel Bakım;Bayi;11;1030,69;522,50;Satış
11.06.2025;F000490;Müşteri 26;Deneme Tuvalet Kağıdı 32'li;Kağıt;Zincir market;159;37204,96;27475,20;Satış
11.06.2025;F000490;Müşteri 26;Kurgu Yumuşatıcı 3 lt;Temizlik;Zincir market;99;12374,61;8019,00;Satış
11.06.2025;F000490;Müşteri 26;Hayali Bulaşık Tableti 60'lı;Temizlik;Zincir market;21;6142,79;3775,80;Satış
11.06.2025;F000491;Müşteri 11;Kurgu Deterjan 5 kg;Temizlik;Bayi;9;1790,48;1171,80;Satış
11.06.2025;F000491;Müşteri 11;Örnek Şampuan 500 ml;Kişisel Bakım;Bayi;15;1394,45;712,50;Satış
12.06.2025;F000492;Müşteri 11;Deneme Kağıt Havlu 12'li;Kağıt;Bayi;35;5467,62;3920,00;Satış
12.06.2025;F000492;Müşteri 11;Örnek Şampuan 500 ml;Kişisel Bakım;Bayi;46;4078,08;2185,00;Satış
12.06.2025;F000492;Müşteri 11;Örnek Şampuan 500 ml;Kişisel Bakım;Bayi;15;1317,11;712,50;Satış
12.06.2025;F000493;Müşteri 11;Kurgu Yumuşatıcı 3 lt;Temizlik;Bayi;31;4083,62;2511,00;Satış
13.06.2025;F000494;Müşteri 22;Örnek Sıvı Sabun 1,5 lt;Kişisel Bakım;Zincir market;60;4731,13;2805,00;Satış
13.06.2025;F000494;Müşteri 22;Örnek Şampuan 500 ml;Kişisel Bakım;Zincir market;123;11264,02;5842,50;Satış
13.06.2025;F000495;Müşteri 16;Kurgu Deterjan 5 kg;Temizlik;Zincir market;84;16234,18;10936,80;Satış
13.06.2025;F000496;Müşteri 03;Hayali Bulaşık Tableti 60'lı;Temizlik;Online;47;14133,01;8450,60;Satış
13.06.2025;F000496;Müşteri 03;Örnek Şampuan 500 ml;Kişisel Bakım;Online;17;1498,33;807,50;Satış
13.06.2025;F000497;Müşteri 07;Deneme Tuvalet Kağıdı 32'li;Kağıt;Bayi;23;5509,87;3974,40;Satış
14.06.2025;F000498;Müşteri 10;Örnek Şampuan 500 ml;Kişisel Bakım;Bayi;36;3391,24;1710,00;Satış
14.06.2025;F000498;Müşteri 10;Örnek Sıvı Sabun 1,5 lt;Kişisel Bakım;Bayi;10;825,65;467,50;Satış
14.06.2025;F000499;Müşteri 13;Örnek Sıvı Sabun 1,5 lt;Kişisel Bakım;Zincir market;87;7021,94;4067,25;Satış
16.06.2025;F000500;Müşteri 15;Örnek Sıvı Sabun 1,5 lt;Kişisel Bakım;Bayi;19;1593,95;888,25;Satış
16.06.2025;F000500;Müşteri 15;Deneme Kağıt Havlu 12'li;Kağıt;Bayi;8;1193,08;896,00;Satış
16.06.2025;F000501;Müşteri 23;Kurgu Deterjan 5 kg;Temizlik;Kurumsal;30;6132,74;3906,00;Satış
16.06.2025;F000501;Müşteri 23;Hayali Bulaşık Tableti 60'lı;Temizlik;Kurumsal;117;34569,62;21036,60;Satış
16.06.2025;F000501;Müşteri 23;Hayali Bulaşık Tableti 60'lı;Temizlik;Kurumsal;126;36646,13;22654,80;Satış
16.06.2025;F000502;Müşteri 02;Hayali Bulaşık Tableti 60'lı;Temizlik;Bayi;38;11232,12;6832,40;Satış
16.06.2025;F000502;Müşteri 02;Deneme Kağıt Havlu 12'li;Kağıt;Bayi;48;7598,22;5376,00;Satış
16.06.2025;F000503;Müşteri 16;Kurgu Yumuşatıcı 3 lt;Temizlik;Zincir market;105;13379,90;8505,00;Satış
16.06.2025;F000503;Müşteri 16;Örnek Şampuan 500 ml;Kişisel Bakım;Zincir market;177;16430,68;8407,50;Satış
16.06.2025;F000503;Müşteri 16;Deneme Kağıt Havlu 12'li;Kağıt;Zincir market;123;19523,28;13776,00;Satış
17.06.2025;F000504;Müşteri 04;Kurgu Yumuşatıcı 3 lt;Temizlik;Zincir market;45;6061,47;3645,00;Satış
17.06.2025;F000504;Müşteri 04;Hayali Bulaşık Tableti 60'lı;Temizlik;Zincir market;51;14704,80;9169,80;Satış
17.06.2025;F000505;Müşteri 14;Deneme Tuvalet Kağıdı 32'li;Kağıt;Zincir market;96;21568,98;16588,80;Satış
17.06.2025;F000506;Müşteri 27;Kurgu Yumuşatıcı 3 lt;Temizlik;Zincir market;174;22729,01;14094,00;Satış
17.06.2025;F000506;Müşteri 27;Örnek Sıvı Sabun 1,5 lt;Kişisel Bakım;Zincir market;153;12915,71;7152,75;Satış
17.06.2025;F000506;Müşteri 27;Kurgu Deterjan 5 kg;Temizlik;Zincir market;30;5991,60;3906,00;Satış
18.06.2025;F000507;Müşteri 28;Deneme Kağıt Havlu 12'li;Kağıt;Online;34;5403,95;3808,00;Satış
18.06.2025;F000507;Müşteri 28;Kurgu Deterjan 5 kg;Temizlik;Online;55;11273,18;7161,00;Satış
18.06.2025;F000508;Müşteri 19;Hayali Bulaşık Tableti 60'lı;Temizlik;Kurumsal;93;26783,11;16721,40;Satış
18.06.2025;F000508;Müşteri 19;Kurgu Yumuşatıcı 3 lt;Temizlik;Kurumsal;42;5473,41;3402,00;Satış
18.06.2025;F000508;Müşteri 19;Deneme Kağıt Havlu 12'li;Kağıt;Kurumsal;159;25368,43;17808,00;Satış
18.06.2025;F000509;Müşteri 04;Deneme Kağıt Havlu 12'li;Kağıt;Zincir market;162;24055,81;18144,00;Satış
18.06.2025;F000510;Müşteri 10;Örnek Sıvı Sabun 1,5 lt;Kişisel Bakım;Bayi;31;2479,88;1449,25;Satış
18.06.2025;F000510;Müşteri 10;Deneme Tuvalet Kağıdı 32'li;Kağıt;Bayi;36;8344,18;6220,80;Satış
18.06.2025;F000510;Müşteri 10;Örnek Şampuan 500 ml;Kişisel Bakım;Bayi;7;620,96;332,50;Satış
19.06.2025;F000511;Müşteri 02;Örnek Sıvı Sabun 1,5 lt;Kişisel Bakım;Bayi;49;3910,96;2290,75;Satış
19.06.2025;F000511;Müşteri 02;Deneme Tuvalet Kağıdı 32'li;Kağıt;Bayi;35;8346,80;6048,00;Satış
19.06.2025;F000512;Müşteri 29;Kurgu Deterjan 5 kg;Temizlik;Bayi;26;5380,23;3385,20;Satış
19.06.2025;F000512;Müşteri 29;Örnek Sıvı Sabun 1,5 lt;Kişisel Bakım;Bayi;24;1922,55;1122,00;Satış
19.06.2025;F000513;Müşteri 16;Deneme Tuvalet Kağıdı 32'li;Kağıt;Zincir market;33;7902,57;5702,40;Satış
19.06.2025;F000513;Müşteri 16;Kurgu Yumuşatıcı 3 lt;Temizlik;Zincir market;39;4970,36;3159,00;Satış
19.06.2025;F000513;Müşteri 16;Deneme Tuvalet Kağıdı 32'li;Kağıt;Zincir market;99;23330,48;17107,20;Satış
19.06.2025;F000514;Müşteri 11;Deneme Tuvalet Kağıdı 32'li;Kağıt;Bayi;31;7204,88;5356,80;Satış
19.06.2025;F000514;Müşteri 11;Kurgu Deterjan 5 kg;Temizlik;Bayi;17;3410,55;2213,40;Satış
19.06.2025;F000515;Müşteri 30;Deneme Tuvalet Kağıdı 32'li;Kağıt;Bayi;36;8473,76;6220,80;Satış
19.06.2025;F000515;Müşteri 30;Hayali Bulaşık Tableti 60'lı;Temizlik;Bayi;28;8555,71;5034,40;Satış
20.06.2025;F000516;Müşteri 03;Deneme Tuvalet Kağıdı 32'li;Kağıt;Online;37;8456,16;6393,60;Satış
20.06.2025;F000516;Müşteri 03;Hayali Bulaşık Tableti 60'lı;Temizlik;Online;59;17593,94;10608,20;Satış
20.06.2025;F000517;Müşteri 19;Kurgu Yumuşatıcı 3 lt;Temizlik;Kurumsal;51;6816,25;4131,00;Satış
20.06.2025;F000518;Müşteri 07;Kurgu Yumuşatıcı 3 lt;Temizlik;Bayi;7;903,91;567,00;Satış
21.06.2025;F000519;Müşteri 09;Hayali Bulaşık Tableti 60'lı;Temizlik;Kurumsal;102;30368,17;18339,60;Satış
21.06.2025;F000519;Müşteri 09;Deneme Tuvalet Kağıdı 32'li;Kağıt;Kurumsal;36;8419,63;6220,80;Satış
21.06.2025;F000520;Müşteri 08;Örnek Şampuan 500 ml;Kişisel Bakım;Bayi;43;3903,99;2042,50;Satış
21.06.2025;F000520;Müşteri 08;Hayali Bulaşık Tableti 60'lı;Temizlik;Bayi;35;10491,41;6293,00;Satış
21.06.2025;F000521;Müşteri 12;Kurgu Yumuşatıcı 3 lt;Temizlik;Bayi;58;7763,91;4698,00;Satış
21.06.2025;F000521;Müşteri 12;Deneme Tuvalet Kağıdı 32'li;Kağıt;Bayi;58;13573,50;10022,40;Satış
23.06.2025;F000522;Müşteri 02;Hayali Bulaşık Tableti 60'lı;Temizlik;Bayi;41;12486,13;7371,80;Satış
23.06.2025;F000523;Müşteri 07;Deneme Tuvalet Kağıdı 32'li;Kağıt;Bayi;19;4442,42;3283,20;Satış
23.06.2025;F000524;Müşteri 09;Örnek Şampuan 500 ml;Kişisel Bakım;Kurumsal;111;9718,32;5272,50;Satış
23.06.2025;F000524;Müşteri 09;Hayali Bulaşık Tableti 60'lı;Temizlik;Kurumsal;162;48943,21;29127,60;Satış
23.06.2025;F000524;Müşteri 09;Örnek Şampuan 500 ml;Kişisel Bakım;Kurumsal;39;3600,48;1852,50;Satış
23.06.2025;F000525;Müşteri 20;Kurgu Yumuşatıcı 3 lt;Temizlik;Online;21;2746,17;1701,00;Satış
23.06.2025;F000526;Müşteri 10;Deneme Tuvalet Kağıdı 32'li;Kağıt;Bayi;46;10400,01;7948,80;Satış
23.06.2025;F000526;Müşteri 10;Örnek Şampuan 500 ml;Kişisel Bakım;Bayi;59;5312,96;2802,50;Satış
23.06.2025;F000526;Müşteri 10;Örnek Sıvı Sabun 1,5 lt;Kişisel Bakım;Bayi;18;1464,72;841,50;Satış
24.06.2025;F000527;Müşteri 19;Kurgu Deterjan 5 kg;Temizlik;Kurumsal;111;23308,94;14452,20;Satış
24.06.2025;F000528;Müşteri 27;Deneme Kağıt Havlu 12'li;Kağıt;Zincir market;138;21362,44;15456,00;Satış
24.06.2025;F000528;Müşteri 27;Örnek Sıvı Sabun 1,5 lt;Kişisel Bakım;Zincir market;72;5965,49;3366,00;Satış
24.06.2025;F000529;Müşteri 16;Örnek Sıvı Sabun 1,5 lt;Kişisel Bakım;Zincir market;66;5448,70;3085,50;Satış
24.06.2025;F000530;Müşteri 28;Örnek Sıvı Sabun 1,5 lt;Kişisel Bakım;Online;46;3819,63;2150,50;Satış
24.06.2025;F000530;Müşteri 28;Deneme Tuvalet Kağıdı 32'li;Kağıt;Online;24;5386,00;4147,20;Satış
24.06.2025;F000531;Müşteri 17;Kurgu Deterjan 5 kg;Temizlik;Kurumsal;168;34877,29;21873,60;Satış
25.06.2025;F000532;Müşteri 22;Deneme Tuvalet Kağıdı 32'li;Kağıt;Zincir market;39;9151,30;6739,20;Satış
25.06.2025;F000532;Müşteri 22;Deneme Tuvalet Kağıdı 32'li;Kağıt;Zincir market;108;25914,75;18662,40;Satış
25.06.2025;F000533;Müşteri 09;Örnek Şampuan 500 ml;Kişisel Bakım;Kurumsal;87;8090,93;4132,50;Satış
25.06.2025;F000533;Müşteri 09;Deneme Kağıt Havlu 12'li;Kağıt;Kurumsal;150;23989,93;16800,00;Satış
25.06.2025;F000534;Müşteri 27;Örnek Sıvı Sabun 1,5 lt;Kişisel Bakım;Zincir market;153;12706,79;7152,75;Satış
25.06.2025;F000535;Müşteri 22;Deneme Tuvalet Kağıdı 32'li;Kağıt;Zincir market;165;37939,13;28512,00;Satış
25.06.2025;F000535;Müşteri 22;Deneme Tuvalet Kağıdı 32'li;Kağıt;Zincir market;81;18673,78;13996,80;Satış
25.06.2025;F000535;Müşteri 22;Hayali Bulaşık Tableti 60'lı;Temizlik;Zincir market;45;13772,15;8091,00;Satış
25.06.2025;F000536;Müşteri 29;Kurgu Yumuşatıcı 3 lt;Temizlik;Bayi;23;2880,84;1863,00;Satış
25.06.2025;F000536;Müşteri 29;Kurgu Yumuşatıcı 3 lt;Temizlik;Bayi;52;6603,66;4212,00;Satış
25.06.2025;F000536;Müşteri 29;Hayali Bulaşık Tableti 60'lı;Temizlik;Bayi;40;12164,81;7192,00;Satış
26.06.2025;F000537;Müşteri 21;Kurgu Yumuşatıcı 3 lt;Temizlik;Bayi;27;3418,52;2187,00;Satış
26.06.2025;F000538;Müşteri 28;Örnek Şampuan 500 ml;Kişisel Bakım;Online;55;5177,70;2612,50;Satış
26.06.2025;F000538;Müşteri 28;Örnek Sıvı Sabun 1,5 lt;Kişisel Bakım;Online;21;1725,82;981,75;Satış
26.06.2025;F000539;Müşteri 15;Örnek Şampuan 500 ml;Kişisel Bakım;Bayi;8;751,88;380,00;Satış
26.06.2025;F000540;Müşteri 19;Deneme Kağıt Havlu 12'li;Kağıt;Kurumsal;27;4137,60;3024,00;Satış
26.06.2025;F000540;Müşteri 19;Kurgu Yumuşatıcı 3 lt;Temizlik;Kurumsal;111;13929,84;8991,00;Satış
26.06.2025;F000540;Müşteri 19;Deneme Tuvalet Kağıdı 32'li;Kağıt;Kurumsal;87;20094,64;15033,60;Satış
27.06.2025;F000541;Müşteri 05;Örnek Sıvı Sabun 1,5 lt;Kişisel Bakım;Zincir market;93;7896,90;4347,75;Satış
27.06.2025;F000542;Müşteri 29;Kurgu Yumuşatıcı 3 lt;Temizlik;Bayi;25;3337,85;2025,00;Satış
27.06.2025;F000542;Müşteri 29;Kurgu Yumuşatıcı 3 lt;Temizlik;Bayi;54;6753,93;4374,00;Satış
27.06.2025;F000543;Müşteri 11;Kurgu Yumuşatıcı 3 lt;Temizlik;Bayi;25;3276,31;2025,00;Satış
27.06.2025;F000543;Müşteri 11;Kurgu Deterjan 5 kg;Temizlik;Bayi;33;6527,24;4296,60;Satış
27.06.2025;F000543;Müşteri 11;Hayali Bulaşık Tableti 60'lı;Temizlik;Bayi;54;15626,60;9709,20;Satış
28.06.2025;F000544;Müşteri 26;Kurgu Yumuşatıcı 3 lt;Temizlik;Zincir market;132;17012,70;10692,00;Satış
28.06.2025;F000545;Müşteri 14;Örnek Şampuan 500 ml;Kişisel Bakım;Zincir market;105;9482,89;4987,50;Satış
28.06.2025;F000545;Müşteri 14;Kurgu Deterjan 5 kg;Temizlik;Zincir market;117;22996,37;15233,40;Satış
28.06.2025;F000546;Müşteri 12;Örnek Sıvı Sabun 1,5 lt;Kişisel Bakım;Bayi;53;4444,90;2477,75;Satış
28.06.2025;F000547;Müşteri 07;Deneme Tuvalet Kağıdı 32'li;Kağıt;Bayi;5;1164,16;864,00;Satış
28.06.2025;F000548;Müşteri 08;Deneme Tuvalet Kağıdı 32'li;Kağıt;Bayi;27;6123,39;4665,60;Satış
30.06.2025;F000549;Müşteri 06;Hayali Bulaşık Tableti 60'lı;Temizlik;Zincir market;21;6144,50;3775,80;Satış
30.06.2025;F000550;Müşteri 10;Deneme Tuvalet Kağıdı 32'li;Kağıt;Bayi;38;8825,51;6566,40;Satış
30.06.2025;F000550;Müşteri 10;Örnek Sıvı Sabun 1,5 lt;Kişisel Bakım;Bayi;32;2695,62;1496,00;Satış
30.06.2025;F000551;Müşteri 05;Örnek Şampuan 500 ml;Kişisel Bakım;Zincir market;81;7541,17;3847,50;Satış
30.06.2025;F000551;Müşteri 05;Kurgu Yumuşatıcı 3 lt;Temizlik;Zincir market;168;21597,51;13608,00;Satış
30.06.2025;F000552;Müşteri 08;Deneme Tuvalet Kağıdı 32'li;Kağıt;Bayi;13;2923,11;2246,40;Satış
30.06.2025;I000553;Müşteri 33;Kurgu Yumuşatıcı 3 lt;Temizlik;Online;-3;-405,00;-243,00;İade
01.07.2025;F000554;Müşteri 23;Hayali Bulaşık Tableti 60'lı;Temizlik;Kurumsal;21;6184,60;3775,80;Satış
01.07.2025;F000554;Müşteri 23;Deneme Tuvalet Kağıdı 32'li;Kağıt;Kurumsal;63;14843,30;10886,40;Satış
01.07.2025;F000554;Müşteri 23;Deneme Kağıt Havlu 12'li;Kağıt;Kurumsal;24;3715,25;2688,00;Satış
01.07.2025;F000555;Müşteri 02;Kurgu Deterjan 5 kg;Temizlik;Bayi;46;9533,35;5989,20;Satış
01.07.2025;F000555;Müşteri 02;Kurgu Deterjan 5 kg;Temizlik;Bayi;49;9562,12;6379,80;Satış
01.07.2025;F000555;Müşteri 02;Örnek Şampuan 500 ml;Kişisel Bakım;Bayi;29;2561,84;1377,50;Satış
01.07.2025;F000556;Müşteri 09;Deneme Tuvalet Kağıdı 32'li;Kağıt;Kurumsal;42;9439,31;7257,60;Satış
01.07.2025;F000556;Müşteri 09;Deneme Tuvalet Kağıdı 32'li;Kağıt;Kurumsal;135;29832,12;23328,00;Satış
01.07.2025;F000557;Müşteri 14;Kurgu Deterjan 5 kg;Temizlik;Zincir market;141;28473,71;18358,20;Satış
01.07.2025;F000557;Müşteri 14;Deneme Kağıt Havlu 12'li;Kağıt;Zincir market;129;20145,84;14448,00;Satış
01.07.2025;F000557;Müşteri 14;Örnek Şampuan 500 ml;Kişisel Bakım;Zincir market;174;16395,94;8265,00;Satış
02.07.2025;F000558;Müşteri 10;Hayali Bulaşık Tableti 60'lı;Temizlik;Bayi;11;3272,98;1977,80;Satış
02.07.2025;F000559;Müşteri 20;Hayali Bulaşık Tableti 60'lı;Temizlik;Online;21;6422,24;3775,80;Satış
03.07.2025;F000560;Müşteri 23;Örnek Sıvı Sabun 1,5 lt;Kişisel Bakım;Kurumsal;45;3531,06;2103,75;Satış
03.07.2025;F000560;Müşteri 23;Örnek Şampuan 500 ml;Kişisel Bakım;Kurumsal;54;5002,04;2565,00;Satış
03.07.2025;F000561;Müşteri 16;Kurgu Yumuşatıcı 3 lt;Temizlik;Zincir market;15;1865,07;1215,00;Satış
03.07.2025;F000561;Müşteri 16;Kurgu Deterjan 5 kg;Temizlik;Zincir market;36;7460,35;4687,20;Satış
03.07.2025;F000562;Müşteri 22;Kurgu Yumuşatıcı 3 lt;Temizlik;Zincir market;30;3978,57;2430,00;Satış
03.07.2025;F000562;Müşteri 22;Kurgu Deterjan 5 kg;Temizlik;Zincir market;153;31419,48;19920,60;Satış
03.07.2025;F000563;Müşteri 29;Deneme Tuvalet Kağıdı 32'li;Kağıt;Bayi;19;4361,82;3283,20;Satış
03.07.2025;F000563;Müşteri 29;Örnek Sıvı Sabun 1,5 lt;Kişisel Bakım;Bayi;21;1708,50;981,75;Satış
04.07.2025;F000564;Müşteri 28;Hayali Bulaşık Tableti 60'lı;Temizlik;Online;23;6765,07;4135,40;Satış
04.07.2025;F000565;Müşteri 22;Örnek Şampuan 500 ml;Kişisel Bakım;Zincir market;156;13771,81;7410,00;Satış
04.07.2025;F000565;Müşteri 22;Hayali Bulaşık Tableti 60'lı;Temizlik;Zincir market;159;48857,40;28588,20;Satış
04.07.2025;F000566;Müşteri 01;Deneme Tuvalet Kağıdı 32'li;Kağıt;Bayi;46;10307,40;7948,80;Satış
05.07.2025;F000567;Müşteri 20;Deneme Tuvalet Kağıdı 32'li;Kağıt;Online;10;2279,54;1728,00;Satış
05.07.2025;F000567;Müşteri 20;Örnek Sıvı Sabun 1,5 lt;Kişisel Bakım;Online;16;1263,58;748,00;Satış
05.07.2025;F000568;Müşteri 13;Örnek Sıvı Sabun 1,5 lt;Kişisel Bakım;Zincir market;174;14063,18;8134,50;Satış
05.07.2025;F000568;Müşteri 13;Hayali Bulaşık Tableti 60'lı;Temizlik;Zincir market;105;32028,94;18879,00;Satış
05.07.2025;F000569;Müşteri 21;Kurgu Deterjan 5 kg;Temizlik;Bayi;13;2663,64;1692,60;Satış
05.07.2025;F000570;Müşteri 02;Kurgu Deterjan 5 kg;Temizlik;Bayi;31;6463,77;4036,20;Satış
05.07.2025;F000571;Müşteri 16;Deneme Tuvalet Kağıdı 32'li;Kağıt;Zincir market;99;22203,74;17107,20;Satış
05.07.2025;F000571;Müşteri 16;Örnek Şampuan 500 ml;Kişisel Bakım;Zincir market;162;14600,31;7695,00;Satış
05.07.2025;F000571;Müşteri 16;Kurgu Deterjan 5 kg;Temizlik;Zincir market;180;36845,82;23436,00;Satış
07.07.2025;F000572;Müşteri 16;Kurgu Deterjan 5 kg;Temizlik;Zincir market;93;18656,13;12108,60;Satış
07.07.2025;F000572;Müşteri 16;Kurgu Deterjan 5 kg;Temizlik;Zincir market;63;12864,82;8202,60;Satış
07.07.2025;F000573;Müşteri 01;Hayali Bulaşık Tableti 60'lı;Temizlik;Bayi;48;14314,34;8630,40;Satış
07.07.2025;F000573;Müşteri 01;Deneme Tuvalet Kağıdı 32'li;Kağıt;Bayi;41;9622,55;7084,80;Satış
07.07.2025;F000573;Müşteri 01;Kurgu Yumuşatıcı 3 lt;Temizlik;Bayi;47;6280,61;3807,00;Satış
07.07.2025;F000574;Müşteri 17;Deneme Tuvalet Kağıdı 32'li;Kağıt;Kurumsal;147;34202,52;25401,60;Satış
07.07.2025;F000574;Müşteri 17;Örnek Şampuan 500 ml;Kişisel Bakım;Kurumsal;141;13102,08;6697,50;Satış
07.07.2025;F000574;Müşteri 17;Örnek Şampuan 500 ml;Kişisel Bakım;Kurumsal;81;7487,98;3847,50;Satış
08.07.2025;F000575;Müşteri 27;Deneme Kağıt Havlu 12'li;Kağıt;Zincir market;24;3536,38;2688,00;Satış
08.07.2025;F000575;Müşteri 27;Kurgu Yumuşatıcı 3 lt;Temizlik;Zincir market;111;14803,80;8991,00;Satış
08.07.2025;F000575;Müşteri 27;Hayali Bulaşık Tableti 60'lı;Temizlik;Zincir market;108;33130,24;19418,40;Satış
08.07.2025;F000576;Müşteri 03;Örnek Sıvı Sabun 1,5 lt;Kişisel Bakım;Online;20;1609,00;935,00;Satış
08.07.2025;F000576;Müşteri 03;Örnek Sıvı Sabun 1,5 lt;Kişisel Bakım;Online;8;653,18;374,00;Satış
08.07.2025;F000577;Müşteri 18;Örnek Şampuan 500 ml;Kişisel Bakım;Zincir market;90;8424,90;4275,00;Satış
08.07.2025;F000577;Müşteri 18;Kurgu Deterjan 5 kg;Temizlik;Zincir market;102;20467,56;13280,40;Satış
08.07.2025;F000577;Müşteri 18;Deneme Kağıt Havlu 12'li;Kağıt;Zincir market;99;14684,34;11088,00;Satış
09.07.2025;F000578;Müşteri 04;Deneme Tuvalet Kağıdı 32'li;Kağıt;Zincir market;138;30517,48;23846,40;Satış
09.07.2025;F000578;Müşteri 04;Örnek Şampuan 500 ml;Kişisel Bakım;Zincir market;93;8153,53;4417,50;Satış
09.07.2025;F000579;Müşteri 18;Hayali Bulaşık Tableti 60'lı;Temizlik;Zincir market;30;9145,09;5394,00;Satış
09.07.2025;F000580;Müşteri 20;Örnek Sıvı Sabun 1,5 lt;Kişisel Bakım;Online;37;3034,88;1729,75;Satış
09.07.2025;F000580;Müşteri 20;Deneme Tuvalet Kağıdı 32'li;Kağıt;Online;47;10789,28;8121,60;Satış
09.07.2025;F000580;Müşteri 20;Örnek Sıvı Sabun 1,5 lt;Kişisel Bakım;Online;28;2346,74;1309,00;Satış
09.07.2025;F000581;Müşteri 27;Hayali Bulaşık Tableti 60'lı;Temizlik;Zincir market;102;29930,16;18339,60;Satış
10.07.2025;F000582;Müşteri 23;Örnek Sıvı Sabun 1,5 lt;Kişisel Bakım;Kurumsal;150;12191,58;7012,50;Satış
10.07.2025;F000582;Müşteri 23;Kurgu Deterjan 5 kg;Temizlik;Kurumsal;159;32478,88;20701,80;Satış
10.07.2025;F000582;Müşteri 23;Kurgu Deterjan 5 kg;Temizlik;Kurumsal;78;15534,97;10155,60;Satış
10.07.2025;F000583;Müşteri 21;Deneme Kağıt Havlu 12'li;Kağıt;Bayi;38;5775,46;4256,00;Satış
10.07.2025;F000583;Müşteri 21;Kurgu Deterjan 5 kg;Temizlik;Bayi;7;1457,87;911,40;Satış
10.07.2025;F000584;Müşteri 16;Hayali Bulaşık Tableti 60'lı;Temizlik;Zincir market;150;45542,14;26970,00;Satış
10.07.2025;F000585;Müşteri 14;Örnek Sıvı Sabun 1,5 lt;Kişisel Bakım;Zincir market;132;10498,26;6171,00;Satış
10.07.2025;F000586;Müşteri 04;Kurgu Yumuşatıcı 3 lt;Temizlik;Zincir market;102;13576,73;8262,00;Satış
10.07.2025;F000586;Müşteri 04;Kurgu Yumuşatıcı 3 lt;Temizlik;Zincir market;150;19177,45;12150,00;Satış
11.07.2025;F000587;Müşteri 30;Hayali Bulaşık Tableti 60'lı;Temizlik;Bayi;48;14390,52;8630,40;Satış
11.07.2025;F000587;Müşteri 30;Hayali Bulaşık Tableti 60'lı;Temizlik;Bayi;33;9785,93;5933,40;Satış
11.07.2025;F000587;Müşteri 30;Deneme Kağıt Havlu 12'li;Kağıt;Bayi;37;5510,16;4144,00;Satış
11.07.2025;F000588;Müşteri 16;Deneme Kağıt Havlu 12'li;Kağıt;Zincir market;156;23060,19;17472,00;Satış
12.07.2025;F000589;Müşteri 30;Hayali Bulaşık Tableti 60'lı;Temizlik;Bayi;16;4837,71;2876,80;Satış
12.07.2025;F000589;Müşteri 30;Kurgu Yumuşatıcı 3 lt;Temizlik;Bayi;51;6783,24;4131,00;Satış
12.07.2025;F000589;Müşteri 30;Kurgu Deterjan 5 kg;Temizlik;Bayi;29;5923,14;3775,80;Satış
12.07.2025;F000590;Müşteri 20;Deneme Kağıt Havlu 12'li;Kağıt;Online;29;4424,21;3248,00;Satış
12.07.2025;F000590;Müşteri 20;Deneme Kağıt Havlu 12'li;Kağıt;Online;49;7690,96;5488,00;Satış
12.07.2025;F000591;Müşteri 09;Örnek Sıvı Sabun 1,5 lt;Kişisel Bakım;Kurumsal;69;5608,28;3225,75;Satış
12.07.2025;F000591;Müşteri 09;Kurgu Yumuşatıcı 3 lt;Temizlik;Kurumsal;39;5017,65;3159,00;Satış
12.07.2025;F000592;Müşteri 23;Deneme Kağıt Havlu 12'li;Kağıt;Kurumsal;72;11375,38;8064,00;Satış
12.07.2025;F000592;Müşteri 23;Deneme Kağıt Havlu 12'li;Kağıt;Kurumsal;180;27219,25;20160,00;Satış
12.07.2025;F000592;Müşteri 23;Deneme Tuvalet Kağıdı 32'li;Kağıt;Kurumsal;120;27953,47;20736,00;Satış
12.07.2025;F000593;Müşteri 07;Deneme Kağıt Havlu 12'li;Kağıt;Bayi;50;7545,97;5600,00;Satış
14.07.2025;F000594;Müşteri 23;Kurgu Yumuşatıcı 3 lt;Temizlik;Kurumsal;111;14436,54;8991,00;Satış
14.07.2025;F000594;Müşteri 23;Deneme Tuvalet Kağıdı 32'li;Kağıt;Kurumsal;75;17582,91;12960,00;Satış
14.07.2025;F000594;Müşteri 23;Hayali Bulaşık Tableti 60'lı;Temizlik;Kurumsal;81;24230,71;14563,80;Satış
14.07.2025;F000595;Müşteri 19;Deneme Tuvalet Kağıdı 32'li;Kağıt;Kurumsal;150;34322,34;25920,00;Satış
14.07.2025;F000595;Müşteri 19;Deneme Tuvalet Kağıdı 32'li;Kağıt;Kurumsal;174;40202,86;30067,20;Satış
14.07.2025;F000595;Müşteri 19;Hayali Bulaşık Tableti 60'lı;Temizlik;Kurumsal;96;29303,61;17260,80;Satış
14.07.2025;F000596;Müşteri 17;Kurgu Deterjan 5 kg;Temizlik;Kurumsal;87;17020,81;11327,40;Satış
15.07.2025;F000597;Müşteri 09;Örnek Sıvı Sabun 1,5 lt;Kişisel Bakım;Kurumsal;144;11506,15;6732,00;Satış
15.07.2025;F000598;Müşteri 27;Deneme Tuvalet Kağıdı 32'li;Kağıt;Zincir market;165;37367,01;28512,00;Satış
15.07.2025;F000599;Müşteri 25;Kurgu Deterjan 5 kg;Temizlik;Online;27;5585,64;3515,40;Satış
15.07.2025;F000599;Müşteri 25;Kurgu Deterjan 5 kg;Temizlik;Online;44;9142,45;5728,80;Satış
15.07.2025;F000599;Müşteri 25;Deneme Tuvalet Kağıdı 32'li;Kağıt;Online;40;9496,20;6912,00;Satış
16.07.2025;F000600;Müşteri 08;Hayali Bulaşık Tableti 60'lı;Temizlik;Bayi;55;16775,59;9889,00;Satış
16.07.2025;F000600;Müşteri 08;Örnek Sıvı Sabun 1,5 lt;Kişisel Bakım;Bayi;49;4053,21;2290,75;Satış
16.07.2025;F000600;Müşteri 08;Örnek Şampuan 500 ml;Kişisel Bakım;Bayi;29;2626,41;1377,50;Satış
16.07.2025;F000601;Müşteri 26;Örnek Sıvı Sabun 1,5 lt;Kişisel Bakım;Zincir market;120;9427,90;5610,00;Satış
16.07.2025;F000601;Müşteri 26;Deneme Tuvalet Kağıdı 32'li;Kağıt;Zincir market;63;14156,05;10886,40;Satış
16.07.2025;F000601;Müşteri 26;Hayali Bulaşık Tableti 60'lı;Temizlik;Zincir market;162;49659,32;29127,60;Satış
16.07.2025;F000602;Müşteri 15;Deneme Tuvalet Kağıdı 32'li;Kağıt;Bayi;50;11721,16;8640,00;Satış
16.07.2025;F000603;Müşteri 12;Deneme Kağıt Havlu 12'li;Kağıt;Bayi;52;8056,01;5824,00;Satış
16.07.2025;F000603;Müşteri 12;Hayali Bulaşık Tableti 60'lı;Temizlik;Bayi;51;15764,83;9169,80;Satış
16.07.2025;F000603;Müşteri 12;Örnek Sıvı Sabun 1,5 lt;Kişisel Bakım;Bayi;33;2620,41;1542,75;Satış
16.07.2025;F000604;Müşteri 22;Kurgu Yumuşatıcı 3 lt;Temizlik;Zincir market;48;6342,67;3888,00;Satış
17.07.2025;F000605;Müşteri 14;Deneme Kağıt Havlu 12'li;Kağıt;Zincir market;63;9378,49;7056,00;Satış
17.07.2025;F000605;Müşteri 14;Deneme Kağıt Havlu 12'li;Kağıt;Zincir market;177;26632,16;19824,00;Satış
17.07.2025;F000606;Müşteri 11;Deneme Tuvalet Kağıdı 32'li;Kağıt;Bayi;14;3101,94;2419,20;Satış
17.07.2025;F000606;Müşteri 11;Örnek Sıvı Sabun 1,5 lt;Kişisel Bakım;Bayi;43;3377,47;2010,25;Satış
18.07.2025;F000607;Müşteri 16;Deneme Kağıt Havlu 12'li;Kağıt;Zincir market;81;11998,76;9072,00;Satış
18.07.2025;F000607;Müşteri 16;Deneme Tuvalet Kağıdı 32'li;Kağıt;Zincir market;75;17316,57;12960,00;Satış
18.07.2025;F000607;Müşteri 16;Kurgu Yumuşatıcı 3 lt;Temizlik;Zincir market;114;14242,74;9234,00;Satış
18.07.2025;F000608;Müşteri 17;Örnek Şampuan 500 ml;Kişisel Bakım;Kurumsal;117;10703,33;5557,50;Satış
18.07.2025;F000609;Müşteri 03;Kurgu Yumuşatıcı 3 lt;Temizlik;Online;18;2364,55;1458,00;Satış
18.07.2025;F000609;Müşteri 03;Örnek Sıvı Sabun 1,5 lt;Kişisel Bakım;Online;28;2245,50;1309,00;Satış
18.07.2025;F000610;Müşteri 25;Deneme Kağıt Havlu 12'li;Kağıt;Online;35;5598,49;3920,00;Satış
18.07.2025;F000610;Müşteri 25;Hayali Bulaşık Tableti 60'lı;Temizlik;Online;53;16405,20;9529,40;Satış
18.07.2025;F000610;Müşteri 25;Kurgu Deterjan 5 kg;Temizlik;Online;12;2453,26;1562,40;Satış
19.07.2025;F000611;Müşteri 02;Örnek Sıvı Sabun 1,5 lt;Kişisel Bakım;Bayi;29;2448,42;1355,75;Satış
19.07.2025;F000611;Müşteri 02;Kurgu Deterjan 5 kg;Temizlik;Bayi;29;5727,81;3775,80;Satış
19.07.2025;F000611;Müşteri 02;Deneme Tuvalet Kağıdı 32'li;Kağıt;Bayi;23;5089,31;3974,40;Satış
19.07.2025;F000612;Müşteri 17;Deneme Kağıt Havlu 12'li;Kağıt;Kurumsal;168;25823,59;18816,00;Satış
19.07.2025;F000612;Müşteri 17;Örnek Şampuan 500 ml;Kişisel Bakım;Kurumsal;21;1882,71;997,50;Satış
19.07.2025;F000613;Müşteri 21;Örnek Sıvı Sabun 1,5 lt;Kişisel Bakım;Bayi;37;2914,12;1729,75;Satış
21.07.2025;F000614;Müşteri 21;Kurgu Yumuşatıcı 3 lt;Temizlik;Bayi;47;6156,94;3807,00;Satış
21.07.2025;F000615;Müşteri 07;Örnek Şampuan 500 ml;Kişisel Bakım;Bayi;58;5115,01;2755,00;Satış
21.07.2025;F000615;Müşteri 07;Deneme Kağıt Havlu 12'li;Kağıt;Bayi;58;9059,32;6496,00;Satış
21.07.2025;F000615;Müşteri 07;Deneme Tuvalet Kağıdı 32'li;Kağıt;Bayi;54;12374,45;9331,20;Satış
22.07.2025;F000616;Müşteri 24;Kurgu Yumuşatıcı 3 lt;Temizlik;Online;6;774,96;486,00;Satış
22.07.2025;F000616;Müşteri 24;Örnek Sıvı Sabun 1,5 lt;Kişisel Bakım;Online;7;551,57;327,25;Satış
22.07.2025;F000616;Müşteri 24;Kurgu Deterjan 5 kg;Temizlik;Online;16;3304,68;2083,20;Satış
22.07.2025;F000617;Müşteri 18;Deneme Kağıt Havlu 12'li;Kağıt;Zincir market;171;25669,47;19152,00;Satış
23.07.2025;F000618;Müşteri 15;Örnek Şampuan 500 ml;Kişisel Bakım;Bayi;32;2873,75;1520,00;Satış
23.07.2025;F000618;Müşteri 15;Örnek Şampuan 500 ml;Kişisel Bakım;Bayi;48;4238,36;2280,00;Satış
23.07.2025;F000618;Müşteri 15;Kurgu Deterjan 5 kg;Temizlik;Bayi;46;9443,84;5989,20;Satış
23.07.2025;F000619;Müşteri 03;Deneme Kağıt Havlu 12'li;Kağıt;Online;7;1093,20;784,00;Satış
23.07.2025;F000619;Müşteri 03;Kurgu Deterjan 5 kg;Temizlik;Online;27;5637,36;3515,40;Satış
23.07.2025;F000619;Müşteri 03;Kurgu Deterjan 5 kg;Temizlik;Online;23;4747,66;2994,60;Satış
23.07.2025;F000620;Müşteri 10;Kurgu Deterjan 5 kg;Temizlik;Bayi;23;4739,30;2994,60;Satış
23.07.2025;F000620;Müşteri 10;Örnek Şampuan 500 ml;Kişisel Bakım;Bayi;29;2621,68;1377,50;Satış
23.07.2025;F000620;Müşteri 10;Deneme Tuvalet Kağıdı 32'li;Kağıt;Bayi;6;1379,40;1036,80;Satış
23.07.2025;F000621;Müşteri 18;Kurgu Yumuşatıcı 3 lt;Temizlik;Zincir market;156;20033,94;12636,00;Satış
23.07.2025;F000622;Müşteri 26;Örnek Sıvı Sabun 1,5 lt;Kişisel Bakım;Zincir market;135;10689,26;6311,25;Satış
23.07.2025;F000622;Müşteri 26;Deneme Tuvalet Kağıdı 32'li;Kağıt;Zincir market;165;39179,10;28512,00;Satış
23.07.2025;F000622;Müşteri 26;Deneme Tuvalet Kağıdı 32'li;Kağıt;Zincir market;84;20091,28;14515,20;Satış
23.07.2025;I000623;Müşteri 36;Kurgu Yumuşatıcı 3 lt;Temizlik;Bayi;-3;-405,00;-243,00;İade
24.07.2025;F000624;Müşteri 01;Deneme Kağıt Havlu 12'li;Kağıt;Bayi;30;4622,27;3360,00;Satış
24.07.2025;F000624;Müşteri 01;Kurgu Deterjan 5 kg;Temizlik;Bayi;24;4721,49;3124,80;Satış
24.07.2025;F000624;Müşteri 01;Deneme Tuvalet Kağıdı 32'li;Kağıt;Bayi;51;11597,50;8812,80;Satış
24.07.2025;F000625;Müşteri 14;Hayali Bulaşık Tableti 60'lı;Temizlik;Zincir market;111;32049,35;19957,80;Satış
24.07.2025;F000625;Müşteri 14;Kurgu Yumuşatıcı 3 lt;Temizlik;Zincir market;57;7459,15;4617,00;Satış
24.07.2025;F000625;Müşteri 14;Örnek Sıvı Sabun 1,5 lt;Kişisel Bakım;Zincir market;51;4027,95;2384,25;Satış
25.07.2025;F000626;Müşteri 28;Örnek Şampuan 500 ml;Kişisel Bakım;Online;46;4212,56;2185,00;Satış
25.07.2025;F000626;Müşteri 28;Örnek Sıvı Sabun 1,5 lt;Kişisel Bakım;Online;47;3696,93;2197,25;Satış
25.07.2025;F000626;Müşteri 28;Kurgu Deterjan 5 kg;Temizlik;Online;17;3491,63;2213,40;Satış
25.07.2025;F000627;Müşteri 16;Örnek Sıvı Sabun 1,5 lt;Kişisel Bakım;Zincir market;39;3227,83;1823,25;Satış
25.07.2025;F000627;Müşteri 16;Kurgu Yumuşatıcı 3 lt;Temizlik;Zincir market;33;4200,22;2673,00;Satış
26.07.2025;F000628;Müşteri 11;Örnek Şampuan 500 ml;Kişisel Bakım;Bayi;26;2394,19;1235,00;Satış
26.07.2025;F000628;Müşteri 11;Örnek Sıvı Sabun 1,5 lt;Kişisel Bakım;Bayi;49;4026,45;2290,75;Satış
26.07.2025;F000629;Müşteri 19;Örnek Sıvı Sabun 1,5 lt;Kişisel Bakım;Kurumsal;168;13498,98;7854,00;Satış
26.07.2025;F000629;Müşteri 19;Örnek Şampuan 500 ml;Kişisel Bakım;Kurumsal;45;3934,65;2137,50;Satış
26.07.2025;F000629;Müşteri 19;Kurgu Yumuşatıcı 3 lt;Temizlik;Kurumsal;165;20887,76;13365,00;Satış
26.07.2025;F000630;Müşteri 24;Örnek Şampuan 500 ml;Kişisel Bakım;Online;22;2063,27;1045,00;Satış
26.07.2025;F000630;Müşteri 24;Kurgu Yumuşatıcı 3 lt;Temizlik;Online;48;6341,57;3888,00;Satış
26.07.2025;F000630;Müşteri 24;Örnek Şampuan 500 ml;Kişisel Bakım;Online;34;3086,68;1615,00;Satış
28.07.2025;F000631;Müşteri 18;Kurgu Yumuşatıcı 3 lt;Temizlik;Zincir market;138;18043,72;11178,00;Satış
28.07.2025;F000632;Müşteri 27;Hayali Bulaşık Tableti 60'lı;Temizlik;Zincir market;171;49362,92;30745,80;Satış
28.07.2025;F000632;Müşteri 27;Deneme Kağıt Havlu 12'li;Kağıt;Zincir market;51;7679,04;5712,00;Satış
28.07.2025;F000633;Müşteri 29;Kurgu Deterjan 5 kg;Temizlik;Bayi;51;9917,80;6640,20;Satış
28.07.2025;F000633;Müşteri 29;Kurgu Deterjan 5 kg;Temizlik;Bayi;59;11901,52;7681,80;Satış
28.07.2025;F000633;Müşteri 29;Kurgu Deterjan 5 kg;Temizlik;Bayi;57;11569,62;7421,40;Satış
28.07.2025;F000634;Müşteri 13;Kurgu Yumuşatıcı 3 lt;Temizlik;Zincir market;21;2733,30;1701,00;Satış
28.07.2025;F000634;Müşteri 13;Deneme Kağıt Havlu 12'li;Kağıt;Zincir market;117;17929,42;13104,00;Satış
28.07.2025;F000634;Müşteri 13;Hayali Bulaşık Tableti 60'lı;Temizlik;Zincir market;42;12359,44;7551,60;Satış
28.07.2025;F000635;Müşteri 08;Deneme Tuvalet Kağıdı 32'li;Kağıt;Bayi;59;13356,84;10195,20;Satış
28.07.2025;F000635;Müşteri 08;Örnek Şampuan 500 ml;Kişisel Bakım;Bayi;37;3377,33;1757,50;Satış
28.07.2025;F000635;Müşteri 08;Örnek Şampuan 500 ml;Kişisel Bakım;Bayi;28;2554,06;1330,00;Satış
29.07.2025;F000636;Müşteri 25;Kurgu Yumuşatıcı 3 lt;Temizlik;Online;33;4155,35;2673,00;Satış
29.07.2025;F000636;Müşteri 25;Deneme Kağıt Havlu 12'li;Kağıt;Online;41;6381,26;4592,00;Satış
29.07.2025;F000636;Müşteri 25;Kurgu Yumuşatıcı 3 lt;Temizlik;Online;52;6869,49;4212,00;Satış
29.07.2025;F000637;Müşteri 12;Kurgu Yumuşatıcı 3 lt;Temizlik;Bayi;53;6861,73;4293,00;Satış
29.07.2025;F000638;Müşteri 03;Örnek Sıvı Sabun 1,5 lt;Kişisel Bakım;Online;19;1491,33;888,25;Satış
29.07.2025;F000638;Müşteri 03;Kurgu Yumuşatıcı 3 lt;Temizlik;Online;38;5092,13;3078,00;Satış
30.07.2025;F000639;Müşteri 30;Kurgu Deterjan 5 kg;Temizlik;Bayi;7;1467,72;911,40;Satış
30.07.2025;F000639;Müşteri 30;Örnek Sıvı Sabun 1,5 lt;Kişisel Bakım;Bayi;11;912,84;514,25;Satış
30.07.2025;F000640;Müşteri 17;Hayali Bulaşık Tableti 60'lı;Temizlik;Kurumsal;66;20189,72;11866,80;Satış
30.07.2025;F000640;Müşteri 17;Örnek Sıvı Sabun 1,5 lt;Kişisel Bakım;Kurumsal;126;10319,60;5890,50;Satış
30.07.2025;F000640;Müşteri 17;Kurgu Yumuşatıcı 3 lt;Temizlik;Kurumsal;87;11419,59;7047,00;Satış
30.07.2025;F000641;Müşteri 12;Deneme Tuvalet Kağıdı 32'li;Kağıt;Bayi;58;12893,08;10022,40;Satış
30.07.2025;F000641;Müşteri 12;Örnek Sıvı Sabun 1,5 lt;Kişisel Bakım;Bayi;29;2459,61;1355,75;Satış
30.07.2025;F000641;Müşteri 12;Kurgu Yumuşatıcı 3 lt;Temizlik;Bayi;38;4886,16;3078,00;Satış
30.07.2025;F000642;Müşteri 27;Örnek Şampuan 500 ml;Kişisel Bakım;Zincir market;165;15025,57;7837,50;Satış
30.07.2025;F000642;Müşteri 27;Deneme Kağıt Havlu 12'li;Kağıt;Zincir market;15;2304,35;1680,00;Satış
30.07.2025;F000643;Müşteri 05;Kurgu Yumuşatıcı 3 lt;Temizlik;Zincir market;57;7126,86;4617,00;Satış
30.07.2025;F000643;Müşteri 05;Deneme Tuvalet Kağıdı 32'li;Kağıt;Zincir market;66;14840,83;11404,80;Satış
31.07.2025;F000644;Müşteri 20;Hayali Bulaşık Tableti 60'lı;Temizlik;Online;12;3619,15;2157,60;Satış
31.07.2025;F000644;Müşteri 20;Örnek Şampuan 500 ml;Kişisel Bakım;Online;56;5034,94;2660,00;Satış
31.07.2025;F000644;Müşteri 20;Kurgu Deterjan 5 kg;Temizlik;Online;35;7159,03;4557,00;Satış
31.07.2025;F000645;Müşteri 16;Deneme Kağıt Havlu 12'li;Kağıt;Zincir market;45;6996,82;5040,00;Satış
31.07.2025;F000646;Müşteri 14;Kurgu Yumuşatıcı 3 lt;Temizlik;Zincir market;21;2637,20;1701,00;Satış
31.07.2025;F000647;Müşteri 19;Kurgu Yumuşatıcı 3 lt;Temizlik;Kurumsal;135;17514,43;10935,00;Satış
01.08.2025;F000648;Müşteri 02;Örnek Sıvı Sabun 1,5 lt;Kişisel Bakım;Bayi;16;1307,41;748,00;Satış
01.08.2025;F000649;Müşteri 13;Deneme Kağıt Havlu 12'li;Kağıt;Zincir market;135;19904,18;15120,00;Satış
01.08.2025;F000649;Müşteri 13;Deneme Tuvalet Kağıdı 32'li;Kağıt;Zincir market;153;35726,34;26438,40;Satış
01.08.2025;F000649;Müşteri 13;Örnek Sıvı Sabun 1,5 lt;Kişisel Bakım;Zincir market;30;2390,19;1402,50;Satış
01.08.2025;F000650;Müşteri 20;Hayali Bulaşık Tableti 60'lı;Temizlik;Online;35;10130,05;6293,00;Satış
01.08.2025;F000650;Müşteri 20;Hayali Bulaşık Tableti 60'lı;Temizlik;Online;31;9303,12;5573,80;Satış
02.08.2025;F000651;Müşteri 20;Deneme Kağıt Havlu 12'li;Kağıt;Online;21;3136,28;2352,00;Satış
02.08.2025;F000651;Müşteri 20;Deneme Tuvalet Kağıdı 32'li;Kağıt;Online;26;6201,24;4492,80;Satış
02.08.2025;F000651;Müşteri 20;Deneme Kağıt Havlu 12'li;Kağıt;Online;42;6219,41;4704,00;Satış
02.08.2025;F000652;Müşteri 13;Kurgu Yumuşatıcı 3 lt;Temizlik;Zincir market;33;4104,50;2673,00;Satış
02.08.2025;F000652;Müşteri 13;Deneme Kağıt Havlu 12'li;Kağıt;Zincir market;180;28591,12;20160,00;Satış
02.08.2025;F000653;Müşteri 22;Hayali Bulaşık Tableti 60'lı;Temizlik;Zincir market;42;12609,10;7551,60;Satış
02.08.2025;F000653;Müşteri 22;Kurgu Yumuşatıcı 3 lt;Temizlik;Zincir market;105;14063,42;8505,00;Satış
04.08.2025;F000654;Müşteri 03;Deneme Tuvalet Kağıdı 32'li;Kağıt;Online;13;3095,54;2246,40;Satış
04.08.2025;F000654;Müşteri 03;Deneme Kağıt Havlu 12'li;Kağıt;Online;57;8391,28;6384,00;Satış
04.08.2025;F000655;Müşteri 25;Deneme Tuvalet Kağıdı 32'li;Kağıt;Online;32;7386,34;5529,60;Satış
04.08.2025;F000655;Müşteri 25;Örnek Sıvı Sabun 1,5 lt;Kişisel Bakım;Online;60;4709,72;2805,00;Satış
04.08.2025;F000655;Müşteri 25;Deneme Kağıt Havlu 12'li;Kağıt;Online;32;4804,40;3584,00;Satış
05.08.2025;F000656;Müşteri 12;Hayali Bulaşık Tableti 60'lı;Temizlik;Bayi;52;16001,17;9349,60;Satış
05.08.2025;F000656;Müşteri 12;Hayali Bulaşık Tableti 60'lı;Temizlik;Bayi;49;14674,90;8810,20;Satış
05.08.2025;F000656;Müşteri 12;Örnek Şampuan 500 ml;Kişisel Bakım;Bayi;13;1161,35;617,50;Satış
05.08.2025;F000657;Müşteri 25;Hayali Bulaşık Tableti 60'lı;Temizlik;Online;10;2922,25;1798,00;Satış
05.08.2025;F000658;Müşteri 29;Örnek Şampuan 500 ml;Kişisel Bakım;Bayi;21;1865,57;997,50;Satış
05.08.2025;F000658;Müşteri 29;Deneme Tuvalet Kağıdı 32'li;Kağıt;Bayi;52;12269,76;8985,60;Satış
05.08.2025;F000658;Müşteri 29;Deneme Kağıt Havlu 12'li;Kağıt;Bayi;38;5650,91;4256,00;Satış
05.08.2025;F000659;Müşteri 01;Deneme Tuvalet Kağıdı 32'li;Kağıt;Bayi;18;4212,09;3110,40;Satış
05.08.2025;F000659;Müşteri 01;Örnek Sıvı Sabun 1,5 lt;Kişisel Bakım;Bayi;31;2500,57;1449,25;Satış
05.08.2025;F000660;Müşteri 05;Deneme Tuvalet Kağıdı 32'li;Kağıt;Zincir market;126;28434,39;21772,80;Satış
05.08.2025;F000660;Müşteri 05;Hayali Bulaşık Tableti 60'lı;Temizlik;Zincir market;117;34597,41;21036,60;Satış
06.08.2025;F000661;Müşteri 22;Hayali Bulaşık Tableti 60'lı;Temizlik;Zincir market;54;15954,20;9709,20;Satış
06.08.2025;F000661;Müşteri 22;Hayali Bulaşık Tableti 60'lı;Temizlik;Zincir market;120;35659,82;21576,00;Satış
06.08.2025;F000662;Müşteri 12;Deneme Kağıt Havlu 12'li;Kağıt;Bayi;35;5265,69;3920,00;Satış
06.08.2025;F000662;Müşteri 12;Örnek Sıvı Sabun 1,5 lt;Kişisel Bakım;Bayi;41;3302,21;1916,75;Satış
06.08.2025;F000662;Müşteri 12;Deneme Tuvalet Kağıdı 32'li;Kağıt;Bayi;30;7047,81;5184,00;Satış
06.08.2025;F000663;Müşteri 28;Kurgu Deterjan 5 kg;Temizlik;Online;52;10247,13;6770,40;Satış
06.08.2025;F000663;Müşteri 28;Hayali Bulaşık Tableti 60'lı;Temizlik;Online;49;15128,32;8810,20;Satış
06.08.2025;F000663;Müşteri 28;Kurgu Deterjan 5 kg;Temizlik;Online;18;3631,32;2343,60;Satış
06.08.2025;F000664;Müşteri 26;Hayali Bulaşık Tableti 60'lı;Temizlik;Zincir market;120;36051,34;21576,00;Satış
06.08.2025;F000664;Müşteri 26;Deneme Tuvalet Kağıdı 32'li;Kağıt;Zincir market;150;33269,91;25920,00;Satış
07.08.2025;F000665;Müşteri 26;Hayali Bulaşık Tableti 60'lı;Temizlik;Zincir market;42;12469,69;7551,60;Satış
07.08.2025;F000666;Müşteri 20;Kurgu Deterjan 5 kg;Temizlik;Online;9;1778,58;1171,80;Satış
07.08.2025;F000666;Müşteri 20;Örnek Sıvı Sabun 1,5 lt;Kişisel Bakım;Online;10;823,41;467,50;Satış
08.08.2025;F000667;Müşteri 20;Deneme Kağıt Havlu 12'li;Kağıt;Online;23;3595,10;2576,00;Satış
08.08.2025;F000667;Müşteri 20;Deneme Kağıt Havlu 12'li;Kağıt;Online;8;1274,44;896,00;Satış
08.08.2025;F000667;Müşteri 20;Hayali Bulaşık Tableti 60'lı;Temizlik;Online;16;4817,27;2876,80;Satış
08.08.2025;F000668;Müşteri 15;Kurgu Yumuşatıcı 3 lt;Temizlik;Bayi;59;7746,37;4779,00;Satış
08.08.2025;F000669;Müşteri 26;Örnek Sıvı Sabun 1,5 lt;Kişisel Bakım;Zincir market;51;3999,86;2384,25;Satış
08.08.2025;F000669;Müşteri 26;Deneme Kağıt Havlu 12'li;Kağıt;Zincir market;111;17072,07;12432,00;Satış
08.08.2025;F000669;Müşteri 26;Kurgu Yumuşatıcı 3 lt;Temizlik;Zincir market;132;16636,01;10692,00;Satış
08.08.2025;F000670;Müşteri 02;Kurgu Yumuşatıcı 3 lt;Temizlik;Bayi;46;5713,34;3726,00;Satış
08.08.2025;F000670;Müşteri 02;Kurgu Yumuşatıcı 3 lt;Temizlik;Bayi;10;1349,66;810,00;Satış
08.08.2025;F000671;Müşteri 25;Örnek Sıvı Sabun 1,5 lt;Kişisel Bakım;Online;47;3801,69;2197,25;Satış
08.08.2025;F000671;Müşteri 25;Deneme Kağıt Havlu 12'li;Kağıt;Online;17;2615,06;1904,00;Satış
09.08.2025;F000672;Müşteri 30;Deneme Kağıt Havlu 12'li;Kağıt;Bayi;23;3599,38;2576,00;Satış
09.08.2025;F000673;Müşteri 18;Örnek Sıvı Sabun 1,5 lt;Kişisel Bakım;Zincir market;81;6864,78;3786,75;Satış
09.08.2025;F000673;Müşteri 18;Örnek Sıvı Sabun 1,5 lt;Kişisel Bakım;Zincir market;57;4692,43;2664,75;Satış
09.08.2025;F000673;Müşteri 18;Kurgu Yumuşatıcı 3 lt;Temizlik;Zincir market;102;13692,57;8262,00;Satış
11.08.2025;F000674;Müşteri 06;Deneme Kağıt Havlu 12'li;Kağıt;Zincir market;33;5093,57;3696,00;Satış
11.08.2025;F000674;Müşteri 06;Deneme Kağıt Havlu 12'li;Kağıt;Zincir market;69;10457,06;7728,00;Satış
11.08.2025;F000675;Müşteri 04;Örnek Sıvı Sabun 1,5 lt;Kişisel Bakım;Zincir market;117;9796,34;5469,75;Satış
11.08.2025;F000675;Müşteri 04;Deneme Kağıt Havlu 12'li;Kağıt;Zincir market;63;9833,40;7056,00;Satış
11.08.2025;F000675;Müşteri 04;Örnek Şampuan 500 ml;Kişisel Bakım;Zincir market;123;11202,30;5842,50;Satış
11.08.2025;F000676;Müşteri 08;Hayali Bulaşık Tableti 60'lı;Temizlik;Bayi;34;10271,52;6113,20;Satış
11.08.2025;F000676;Müşteri 08;Deneme Kağıt Havlu 12'li;Kağıt;Bayi;60;8853,01;6720,00;Satış
11.08.2025;F000677;Müşteri 04;Kurgu Deterjan 5 kg;Temizlik;Zincir market;87;17734,56;11327,40;Satış
11.08.2025;F000677;Müşteri 04;Kurgu Yumuşatıcı 3 lt;Temizlik;Zincir market;144;18975,27;11664,00;Satış
12.08.2025;F000678;Müşteri 12;Deneme Kağıt Havlu 12'li;Kağıt;Bayi;5;780,85;560,00;Satış
12.08.2025;F000678;Müşteri 12;Örnek Sıvı Sabun 1,5 lt;Kişisel Bakım;Bayi;20;1603,07;935,00;Satış
12.08.2025;F000678;Müşteri 12;Örnek Şampuan 500 ml;Kişisel Bakım;Bayi;48;4468,36;2280,00;Satış
12.08.2025;F000679;Müşteri 11;Deneme Kağıt Havlu 12'li;Kağıt;Bayi;16;2452,80;1792,00;Satış
12.08.2025;F000680;Müşteri 12;Deneme Kağıt Havlu 12'li;Kağıt;Bayi;22;3289,87;2464,00;Satış
12.08.2025;F000681;Müşteri 24;Kurgu Yumuşatıcı 3 lt;Temizlik;Online;36;4757,79;2916,00;Satış
12.08.2025;F000681;Müşteri 24;Kurgu Yumuşatıcı 3 lt;Temizlik;Online;52;6594,34;4212,00;Satış
12.08.2025;F000681;Müşteri 24;Örnek Sıvı Sabun 1,5 lt;Kişisel Bakım;Online;18;1435,66;841,50;Satış
12.08.2025;F000682;Müşteri 27;Hayali Bulaşık Tableti 60'lı;Temizlik;Zincir market;132;38811,89;23733,60;Satış
13.08.2025;F000683;Müşteri 30;Deneme Tuvalet Kağıdı 32'li;Kağıt;Bayi;47;10822,18;8121,60;Satış
13.08.2025;F000684;Müşteri 01;Kurgu Deterjan 5 kg;Temizlik;Bayi;59;11876,85;7681,80;Satış
13.08.2025;F000684;Müşteri 01;Deneme Kağıt Havlu 12'li;Kağıt;Bayi;25;3837,55;2800,00;Satış
13.08.2025;F000684;Müşteri 01;Deneme Kağıt Havlu 12'li;Kağıt;Bayi;60;9042,99;6720,00;Satış
14.08.2025;F000685;Müşteri 13;Hayali Bulaşık Tableti 60'lı;Temizlik;Zincir market;123;35470,80;22115,40;Satış
14.08.2025;F000686;Müşteri 17;Örnek Şampuan 500 ml;Kişisel Bakım;Kurumsal;117;10254,75;5557,50;Satış
14.08.2025;F000686;Müşteri 17;Örnek Sıvı Sabun 1,5 lt;Kişisel Bakım;Kurumsal;90;7564,56;4207,50;Satış
14.08.2025;F000687;Müşteri 25;Örnek Şampuan 500 ml;Kişisel Bakım;Online;12;1112,48;570,00;Satış
14.08.2025;F000688;Müşteri 15;Deneme Tuvalet Kağıdı 32'li;Kağıt;Bayi;5;1105,13;864,00;Satış
14.08.2025;F000688;Müşteri 15;Kurgu Yumuşatıcı 3 lt;Temizlik;Bayi;29;3783,77;2349,00;Satış
15.08.2025;F000689;Müşteri 06;Örnek Sıvı Sabun 1,5 lt;Kişisel Bakım;Zincir market;60;4801,92;2805,00;Satış
15.08.2025;F000689;Müşteri 06;Deneme Kağıt Havlu 12'li;Kağıt;Zincir market;78;11846,94;8736,00;Satış
15.08.2025;F000689;Müşteri 06;Örnek Şampuan 500 ml;Kişisel Bakım;Zincir market;96;8544,00;4560,00;Satış
15.08.2025;F000690;Müşteri 23;Örnek Sıvı Sabun 1,5 lt;Kişisel Bakım;Kurumsal;177;14323,55;8274,75;Satış
15.08.2025;F000690;Müşteri 23;Örnek Şampuan 500 ml;Kişisel Bakım;Kurumsal;48;4403,65;2280,00;Satış
15.08.2025;F000691;Müşteri 19;Kurgu Yumuşatıcı 3 lt;Temizlik;Kurumsal;171;21422,64;13851,00;Satış
15.08.2025;F000691;Müşteri 19;Örnek Sıvı Sabun 1,5 lt;Kişisel Bakım;Kurumsal;168;13406,98;7854,00;Satış
15.08.2025;F000691;Müşteri 19;Örnek Şampuan 500 ml;Kişisel Bakım;Kurumsal;177;15982,16;8407,50;Satış
15.08.2025;F000692;Müşteri 05;Kurgu Yumuşatıcı 3 lt;Temizlik;Zincir market;105;13954,63;8505,00;Satış
15.08.2025;F000692;Müşteri 05;Kurgu Yumuşatıcı 3 lt;Temizlik;Zincir market;93;12052,40;7533,00;Satış
15.08.2025;F000692;Müşteri 05;Hayali Bulaşık Tableti 60'lı;Temizlik;Zincir market;135;40232,94;24273,00;Satış
16.08.2025;F000693;Müşteri 10;Deneme Kağıt Havlu 12'li;Kağıt;Bayi;59;9113,63;6608,00;Satış
16.08.2025;F000693;Müşteri 10;Örnek Şampuan 500 ml;Kişisel Bakım;Bayi;11;1019,13;522,50;Satış
16.08.2025;F000694;Müşteri 02;Hayali Bulaşık Tableti 60'lı;Temizlik;Bayi;21;6237,38;3775,80;Satış
16.08.2025;F000695;Müşteri 21;Örnek Şampuan 500 ml;Kişisel Bakım;Bayi;52;4677,06;2470,00;Satış
16.08.2025;F000696;Müşteri 12;Deneme Kağıt Havlu 12'li;Kağıt;Bayi;40;6365,10;4480,00;Satış
16.08.2025;F000696;Müşteri 12;Örnek Sıvı Sabun 1,5 lt;Kişisel Bakım;Bayi;27;2115,04;1262,25;Satış
16.08.2025;F000697;Müşteri 04;Hayali Bulaşık Tableti 60'lı;Temizlik;Zincir market;144;44508,28;25891,20;Satış
16.08.2025;F000697;Müşteri 04;Kurgu Yumuşatıcı 3 lt;Temizlik;Zincir market;123;16041,62;9963,00;Satış
18.08.2025;F000698;Müşteri 25;Örnek Sıvı Sabun 1,5 lt;Kişisel Bakım;Online;25;2069,44;1168,75;Satış
18.08.2025;F000698;Müşteri 25;Örnek Şampuan 500 ml;Kişisel Bakım;Online;54;5021,87;2565,00;Satış
18.08.2025;F000699;Müşteri 29;Örnek Şampuan 500 ml;Kişisel Bakım;Bayi;44;3941,41;2090,00;Satış
18.08.2025;F000700;Müşteri 21;Hayali Bulaşık Tableti 60'lı;Temizlik;Bayi;15;4516,30;2697,00;Satış
19.08.2025;F000701;Müşteri 21;Deneme Kağıt Havlu 12'li;Kağıt;Bayi;30;4741,98;3360,00;Satış
19.08.2025;F000701;Müşteri 21;Kurgu Deterjan 5 kg;Temizlik;Bayi;10;1959,22;1302,00;Satış
19.08.2025;F000701;Müşteri 21;Kurgu Yumuşatıcı 3 lt;Temizlik;Bayi;25;3190,56;2025,00;Satış
19.08.2025;F000702;Müşteri 10;Örnek Sıvı Sabun 1,5 lt;Kişisel Bakım;Bayi;43;3551,09;2010,25;Satış
19.08.2025;F000702;Müşteri 10;Örnek Sıvı Sabun 1,5 lt;Kişisel Bakım;Bayi;33;2755,85;1542,75;Satış
19.08.2025;F000702;Müşteri 10;Örnek Sıvı Sabun 1,5 lt;Kişisel Bakım;Bayi;52;4273,93;2431,00;Satış
19.08.2025;F000703;Müşteri 15;Kurgu Yumuşatıcı 3 lt;Temizlik;Bayi;16;2134,81;1296,00;Satış
19.08.2025;F000703;Müşteri 15;Kurgu Yumuşatıcı 3 lt;Temizlik;Bayi;51;6463,43;4131,00;Satış
19.08.2025;F000704;Müşteri 09;Deneme Tuvalet Kağıdı 32'li;Kağıt;Kurumsal;156;34684,61;26956,80;Satış
19.08.2025;F000704;Müşteri 09;Kurgu Yumuşatıcı 3 lt;Temizlik;Kurumsal;90;11278,13;7290,00;Satış
19.08.2025;F000704;Müşteri 09;Kurgu Deterjan 5 kg;Temizlik;Kurumsal;105;21253,44;13671,00;Satış
19.08.2025;F000705;Müşteri 01;Deneme Kağıt Havlu 12'li;Kağıt;Bayi;53;8477,30;5936,00;Satış
19.08.2025;F000705;Müşteri 01;Kurgu Deterjan 5 kg;Temizlik;Bayi;21;4275,27;2734,20;Satış
20.08.2025;F000706;Müşteri 10;Kurgu Yumuşatıcı 3 lt;Temizlik;Bayi;52;6617,99;4212,00;Satış
20.08.2025;F000707;Müşteri 21;Kurgu Yumuşatıcı 3 lt;Temizlik;Bayi;38;5063,73;3078,00;Satış
20.08.2025;F000708;Müşteri 01;Deneme Tuvalet Kağıdı 32'li;Kağıt;Bayi;27;6407,62;4665,60;Satış
20.08.2025;F000709;Müşteri 11;Örnek Şampuan 500 ml;Kişisel Bakım;Bayi;60;5490,51;2850,00;Satış
20.08.2025;F000709;Müşteri 11;Örnek Sıvı Sabun 1,5 lt;Kişisel Bakım;Bayi;40;3249,00;1870,00;Satış
20.08.2025;F000710;Müşteri 23;Kurgu Yumuşatıcı 3 lt;Temizlik;Kurumsal;126;16462,39;10206,00;Satış
20.08.2025;F000710;Müşteri 23;Deneme Tuvalet Kağıdı 32'li;Kağıt;Kurumsal;156;36349,30;26956,80;Satış
20.08.2025;F000710;Müşteri 23;Deneme Kağıt Havlu 12'li;Kağıt;Kurumsal;96;14774,43;10752,00;Satış
21.08.2025;F000711;Müşteri 30;Örnek Şampuan 500 ml;Kişisel Bakım;Bayi;39;3475,92;1852,50;Satış
21.08.2025;F000711;Müşteri 30;Kurgu Deterjan 5 kg;Temizlik;Bayi;33;6546,28;4296,60;Satış
21.08.2025;F000712;Müşteri 14;Kurgu Yumuşatıcı 3 lt;Temizlik;Zincir market;72;8950,61;5832,00;Satış
21.08.2025;F000712;Müşteri 14;Deneme Kağıt Havlu 12'li;Kağıt;Zincir market;171;26830,95;19152,00;Satış
21.08.2025;F000713;Müşteri 05;Örnek Sıvı Sabun 1,5 lt;Kişisel Bakım;Zincir market;105;8593,06;4908,75;Satış
21.08.2025;F000713;Müşteri 05;Deneme Tuvalet Kağıdı 32'li;Kağıt;Zincir market;108;25810,01;18662,40;Satış
21.08.2025;F000714;Müşteri 16;Kurgu Deterjan 5 kg;Temizlik;Zincir market;162;32469,87;21092,40;Satış
21.08.2025;F000714;Müşteri 16;Örnek Sıvı Sabun 1,5 lt;Kişisel Bakım;Zincir market;129;10290,62;6030,75;Satış
21.08.2025;I000715;Müşteri 24;Kurgu Yumuşatıcı 3 lt;Temizlik;Online;-8;-1080,00;-648,00;İade
22.08.2025;F000716;Müşteri 13;Kurgu Yumuşatıcı 3 lt;Temizlik;Zincir market;150;19824,13;12150,00;Satış
22.08.2025;F000717;Müşteri 13;Kurgu Yumuşatıcı 3 lt;Temizlik;Zincir market;63;7878,49;5103,00;Satış
22.08.2025;F000717;Müşteri 13;Deneme Tuvalet Kağıdı 32'li;Kağıt;Zincir market;60;13843,13;10368,00;Satış
22.08.2025;F000718;Müşteri 26;Hayali Bulaşık Tableti 60'lı;Temizlik;Zincir market;147;44420,32;26430,60;Satış
22.08.2025;F000718;Müşteri 26;Örnek Sıvı Sabun 1,5 lt;Kişisel Bakım;Zincir market;138;11488,76;6451,50;Satış
22.08.2025;F000718;Müşteri 26;Hayali Bulaşık Tableti 60'lı;Temizlik;Zincir market;66;19499,04;11866,80;Satış
22.08.2025;F000719;Müşteri 28;Kurgu Yumuşatıcı 3 lt;Temizlik;Online;13;1655,26;1053,00;Satış
22.08.2025;F000720;Müşteri 21;Deneme Kağıt Havlu 12'li;Kağıt;Bayi;33;4972,55;3696,00;Satış
22.08.2025;F000720;Müşteri 21;Deneme Kağıt Havlu 12'li;Kağıt;Bayi;36;5385,73;4032,00;Satış
22.08.2025;I000721;Müşteri 04;Deneme Kağıt Havlu 12'li;Kağıt;Zincir market;-2;-320,00;-224,00;İade
23.08.2025;F000722;Müşteri 04;Örnek Sıvı Sabun 1,5 lt;Kişisel Bakım;Zincir market;39;3239,47;1823,25;Satış
23.08.2025;F000722;Müşteri 04;Deneme Tuvalet Kağıdı 32'li;Kağıt;Zincir market;15;3379,05;2592,00;Satış
23.08.2025;F000723;Müşteri 05;Örnek Şampuan 500 ml;Kişisel Bakım;Zincir market;54;4859,92;2565,00;Satış
23.08.2025;F000724;Müşteri 10;Örnek Sıvı Sabun 1,5 lt;Kişisel Bakım;Bayi;34;2819,93;1589,50;Satış
23.08.2025;F000724;Müşteri 10;Kurgu Deterjan 5 kg;Temizlik;Bayi;26;5058,24;3385,20;Satış
25.08.2025;F000725;Müşteri 02;Hayali Bulaşık Tableti 60'lı;Temizlik;Bayi;30;8609,11;5394,00;Satış
25.08.2025;F000725;Müşteri 02;Örnek Şampuan 500 ml;Kişisel Bakım;Bayi;16;1421,77;760,00;Satış
25.08.2025;F000726;Müşteri 27;Hayali Bulaşık Tableti 60'lı;Temizlik;Zincir market;87;26599,44;15642,60;Satış
25.08.2025;F000726;Müşteri 27;Kurgu Deterjan 5 kg;Temizlik;Zincir market;162;33243,48;21092,40;Satış
25.08.2025;F000727;Müşteri 13;Kurgu Yumuşatıcı 3 lt;Temizlik;Zincir market;156;21050,79;12636,00;Satış
25.08.2025;F000727;Müşteri 13;Kurgu Yumuşatıcı 3 lt;Temizlik;Zincir market;102;13478,43;8262,00;Satış
26.08.2025;F000728;Müşteri 16;Deneme Tuvalet Kağıdı 32'li;Kağıt;Zincir market;72;17191,82;12441,60;Satış
26.08.2025;F000728;Müşteri 16;Kurgu Yumuşatıcı 3 lt;Temizlik;Zincir market;135;17828,77;10935,00;Satış
26.08.2025;F000729;Müşteri 24;Deneme Kağıt Havlu 12'li;Kağıt;Online;12;1805,31;1344,00;Satış
26.08.2025;F000729;Müşteri 24;Deneme Tuvalet Kağıdı 32'li;Kağıt;Online;24;5390,77;4147,20;Satış
26.08.2025;F000729;Müşteri 24;Kurgu Deterjan 5 kg;Temizlik;Online;60;12264,03;7812,00;Satış
26.08.2025;F000730;Müşteri 04;Deneme Tuvalet Kağıdı 32'li;Kağıt;Zincir market;96;21794,94;16588,80;Satış
27.08.2025;F000731;Müşteri 19;Örnek Şampuan 500 ml;Kişisel Bakım;Kurumsal;165;14725,83;7837,50;Satış
27.08.2025;F000732;Müşteri 02;Hayali Bulaşık Tableti 60'lı;Temizlik;Bayi;49;14552,35;8810,20;Satış
27.08.2025;F000732;Müşteri 02;Deneme Kağıt Havlu 12'li;Kağıt;Bayi;14;2127,35;1568,00;Satış
27.08.2025;F000732;Müşteri 02;Kurgu Deterjan 5 kg;Temizlik;Bayi;20;3916,99;2604,00;Satış
27.08.2025;F000733;Müşteri 03;Deneme Kağıt Havlu 12'li;Kağıt;Online;26;4136,99;2912,00;Satış
27.08.2025;F000733;Müşteri 03;Hayali Bulaşık Tableti 60'lı;Temizlik;Online;45;12901,02;8091,00;Satış
27.08.2025;F000733;Müşteri 03;Örnek Sıvı Sabun 1,5 lt;Kişisel Bakım;Online;46;3645,35;2150,50;Satış
27.08.2025;F000734;Müşteri 18;Kurgu Yumuşatıcı 3 lt;Temizlik;Zincir market;108;13684,99;8748,00;Satış
28.08.2025;F000735;Müşteri 26;Deneme Tuvalet Kağıdı 32'li;Kağıt;Zincir market;51;11281,71;8812,80;Satış
28.08.2025;F000735;Müşteri 26;Örnek Şampuan 500 ml;Kişisel Bakım;Zincir market;81;7525,34;3847,50;Satış
28.08.2025;F000736;Müşteri 09;Örnek Şampuan 500 ml;Kişisel Bakım;Kurumsal;150;13608,75;7125,00;Satış
28.08.2025;F000737;Müşteri 10;Deneme Tuvalet Kağıdı 32'li;Kağıt;Bayi;36;8079,97;6220,80;Satış
28.08.2025;F000737;Müşteri 10;Kurgu Yumuşatıcı 3 lt;Temizlik;Bayi;39;4990,24;3159,00;Satış
28.08.2025;F000737;Müşteri 10;Deneme Tuvalet Kağıdı 32'li;Kağıt;Bayi;34;7686,93;5875,20;Satış
28.08.2025;F000738;Müşteri 27;Hayali Bulaşık Tableti 60'lı;Temizlik;Zincir market;120;34701,18;21576,00;Satış
28.08.2025;F000738;Müşteri 27;Deneme Kağıt Havlu 12'li;Kağıt;Zincir market;42;6423,99;4704,00;Satış
28.08.2025;F000738;Müşteri 27;Hayali Bulaşık Tableti 60'lı;Temizlik;Zincir market;63;18813,81;11327,40;Satış
29.08.2025;F000739;Müşteri 24;Kurgu Deterjan 5 kg;Temizlik;Online;44;9134,17;5728,80;Satış
29.08.2025;F000740;Müşteri 25;Kurgu Yumuşatıcı 3 lt;Temizlik;Online;25;3299,67;2025,00;Satış
29.08.2025;F000740;Müşteri 25;Deneme Tuvalet Kağıdı 32'li;Kağıt;Online;39;9224,50;6739,20;Satış
29.08.2025;F000740;Müşteri 25;Kurgu Yumuşatıcı 3 lt;Temizlik;Online;38;5000,00;3078,00;Satış
29.08.2025;F000741;Müşteri 25;Kurgu Yumuşatıcı 3 lt;Temizlik;Online;44;5599,34;3564,00;Satış
29.08.2025;F000741;Müşteri 25;Örnek Şampuan 500 ml;Kişisel Bakım;Online;46;4132,98;2185,00;Satış
29.08.2025;F000741;Müşteri 25;Kurgu Deterjan 5 kg;Temizlik;Online;38;7762,24;4947,60;Satış
29.08.2025;F000742;Müşteri 02;Kurgu Yumuşatıcı 3 lt;Temizlik;Bayi;60;7472,27;4860,00;Satış
29.08.2025;F000743;Müşteri 04;Kurgu Yumuşatıcı 3 lt;Temizlik;Zincir market;33;4109,94;2673,00;Satış
29.08.2025;F000743;Müşteri 04;Deneme Tuvalet Kağıdı 32'li;Kağıt;Zincir market;174;39717,43;30067,20;Satış
30.08.2025;F000744;Müşteri 02;Kurgu Yumuşatıcı 3 lt;Temizlik;Bayi;43;5673,97;3483,00;Satış
30.08.2025;F000744;Müşteri 02;Kurgu Deterjan 5 kg;Temizlik;Bayi;18;3675,90;2343,60;Satış
30.08.2025;F000745;Müşteri 30;Örnek Şampuan 500 ml;Kişisel Bakım;Bayi;56;5166,32;2660,00;Satış
30.08.2025;F000746;Müşteri 12;Deneme Tuvalet Kağıdı 32'li;Kağıt;Bayi;31;7334,07;5356,80;Satış
30.08.2025;F000746;Müşteri 12;Hayali Bulaşık Tableti 60'lı;Temizlik;Bayi;50;14332,29;8990,00;Satış
30.08.2025;F000746;Müşteri 12;Deneme Kağıt Havlu 12'li;Kağıt;Bayi;22;3387,37;2464,00;Satış
30.08.2025;F000747;Müşteri 24;Hayali Bulaşık Tableti 60'lı;Temizlik;Online;24;6891,19;4315,20;Satış
01.09.2025;F000748;Müşteri 04;Kurgu Yumuşatıcı 3 lt;Temizlik;Zincir market;117;15018,30;9477,00;Satış
01.09.2025;F000748;Müşteri 04;Kurgu Yumuşatıcı 3 lt;Temizlik;Zincir market;114;14967,55;9234,00;Satış
01.09.2025;F000748;Müşteri 04;Deneme Kağıt Havlu 12'li;Kağıt;Zincir market;135;21509,29;15120,00;Satış
01.09.2025;F000749;Müşteri 18;Deneme Kağıt Havlu 12'li;Kağıt;Zincir market;93;14577,77;10416,00;Satış
01.09.2025;F000749;Müşteri 18;Hayali Bulaşık Tableti 60'lı;Temizlik;Zincir market;135;40432,34;24273,00;Satış
01.09.2025;F000749;Müşteri 18;Deneme Tuvalet Kağıdı 32'li;Kağıt;Zincir market;102;23897,47;17625,60;Satış
02.09.2025;F000750;Müşteri 06;Deneme Kağıt Havlu 12'li;Kağıt;Zincir market;90;13829,41;10080,00;Satış
02.09.2025;F000751;Müşteri 22;Deneme Kağıt Havlu 12'li;Kağıt;Zincir market;129;19720,30;14448,00;Satış
03.09.2025;F000752;Müşteri 18;Hayali Bulaşık Tableti 60'lı;Temizlik;Zincir market;84;24815,79;15103,20;Satış
03.09.2025;F000752;Müşteri 18;Deneme Tuvalet Kağıdı 32'li;Kağıt;Zincir market;96;22719,57;16588,80;Satış
03.09.2025;F000753;Müşteri 11;Kurgu Yumuşatıcı 3 lt;Temizlik;Bayi;41;5333,80;3321,00;Satış
03.09.2025;F000753;Müşteri 11;Örnek Şampuan 500 ml;Kişisel Bakım;Bayi;54;4945,42;2565,00;Satış
03.09.2025;F000753;Müşteri 11;Deneme Tuvalet Kağıdı 32'li;Kağıt;Bayi;21;4781,96;3628,80;Satış
03.09.2025;F000754;Müşteri 15;Örnek Şampuan 500 ml;Kişisel Bakım;Bayi;5;464,60;237,50;Satış
03.09.2025;F000754;Müşteri 15;Örnek Sıvı Sabun 1,5 lt;Kişisel Bakım;Bayi;43;3367,37;2010,25;Satış
03.09.2025;F000755;Müşteri 05;Kurgu Deterjan 5 kg;Temizlik;Zincir market;72;15101,12;9374,40;Satış
03.09.2025;F000755;Müşteri 05;Kurgu Yumuşatıcı 3 lt;Temizlik;Zincir market;177;22585,37;14337,00;Satış
04.09.2025;F000756;Müşteri 30;Deneme Kağıt Havlu 12'li;Kağıt;Bayi;40;6180,18;4480,00;Satış
04.09.2025;F000756;Müşteri 30;Deneme Kağıt Havlu 12'li;Kağıt;Bayi;14;2077,70;1568,00;Satış
04.09.2025;F000756;Müşteri 30;Örnek Şampuan 500 ml;Kişisel Bakım;Bayi;27;2391,83;1282,50;Satış
04.09.2025;F000757;Müşteri 09;Deneme Kağıt Havlu 12'li;Kağıt;Kurumsal;60;9010,94;6720,00;Satış
04.09.2025;F000757;Müşteri 09;Hayali Bulaşık Tableti 60'lı;Temizlik;Kurumsal;72;20698,51;12945,60;Satış
04.09.2025;F000758;Müşteri 13;Kurgu Yumuşatıcı 3 lt;Temizlik;Zincir market;153;19130,17;12393,00;Satış
04.09.2025;F000758;Müşteri 13;Örnek Sıvı Sabun 1,5 lt;Kişisel Bakım;Zincir market;165;13444,40;7713,75;Satış
04.09.2025;F000758;Müşteri 13;Örnek Şampuan 500 ml;Kişisel Bakım;Zincir market;171;16113,77;8122,50;Satış
04.09.2025;F000759;Müşteri 23;Hayali Bulaşık Tableti 60'lı;Temizlik;Kurumsal;33;9898,74;5933,40;Satış
04.09.2025;F000759;Müşteri 23;Örnek Sıvı Sabun 1,5 lt;Kişisel Bakım;Kurumsal;21;1746,56;981,75;Satış
04.09.2025;F000759;Müşteri 23;Deneme Kağıt Havlu 12'li;Kağıt;Kurumsal;87;12893,79;9744,00;Satış
05.09.2025;F000760;Müşteri 12;Örnek Şampuan 500 ml;Kişisel Bakım;Bayi;60;5298,97;2850,00;Satış
05.09.2025;F000760;Müşteri 12;Hayali Bulaşık Tableti 60'lı;Temizlik;Bayi;19;5771,11;3416,20;Satış
05.09.2025;F000761;Müşteri 28;Kurgu Deterjan 5 kg;Temizlik;Online;45;9281,73;5859,00;Satış
05.09.2025;F000761;Müşteri 28;Örnek Şampuan 500 ml;Kişisel Bakım;Online;8;717,73;380,00;Satış
05.09.2025;F000761;Müşteri 28;Kurgu Deterjan 5 kg;Temizlik;Online;25;5056,77;3255,00;Satış
05.09.2025;F000762;Müşteri 05;Deneme Kağıt Havlu 12'li;Kağıt;Zincir market;147;22053,85;16464,00;Satış
05.09.2025;F000762;Müşteri 05;Kurgu Deterjan 5 kg;Temizlik;Zincir market;144;29590,63;18748,80;Satış
05.09.2025;F000763;Müşteri 13;Hayali Bulaşık Tableti 60'lı;Temizlik;Zincir market;129;38631,16;23194,20;Satış
05.09.2025;F000763;Müşteri 13;Kurgu Deterjan 5 kg;Temizlik;Zincir market;57;11426,02;7421,40;Satış
06.09.2025;F000764;Müşteri 05;Kurgu Deterjan 5 kg;Temizlik;Zincir market;105;21294,02;13671,00;Satış
06.09.2025;F000764;Müşteri 05;Kurgu Deterjan 5 kg;Temizlik;Zincir market;120;23988,77;15624,00;Satış
06.09.2025;F000765;Müşteri 03;Deneme Kağıt Havlu 12'li;Kağıt;Online;32;5027,36;3584,00;Satış
06.09.2025;F000765;Müşteri 03;Kurgu Yumuşatıcı 3 lt;Temizlik;Online;53;6659,80;4293,00;Satış
06.09.2025;F000766;Müşteri 18;Örnek Şampuan 500 ml;Kişisel Bakım;Zincir market;90;8312,14;4275,00;Satış
08.09.2025;F000767;Müşteri 08;Örnek Sıvı Sabun 1,5 lt;Kişisel Bakım;Bayi;54;4380,72;2524,50;Satış
08.09.2025;F000768;Müşteri 22;Kurgu Deterjan 5 kg;Temizlik;Zincir market;36;7361,47;4687,20;Satış
08.09.2025;F000768;Müşteri 22;Örnek Şampuan 500 ml;Kişisel Bakım;Zincir market;84;7563,96;3990,00;Satış
08.09.2025;F000768;Müşteri 22;Örnek Sıvı Sabun 1,5 lt;Kişisel Bakım;Zincir market;81;6661,31;3786,75;Satış
08.09.2025;F000769;Müşteri 01;Kurgu Yumuşatıcı 3 lt;Temizlik;Bayi;27;3533,09;2187,00;Satış
08.09.2025;F000769;Müşteri 01;Hayali Bulaşık Tableti 60'lı;Temizlik;Bayi;33;9921,61;5933,40;Satış
09.09.2025;F000770;Müşteri 07;Örnek Sıvı Sabun 1,5 lt;Kişisel Bakım;Bayi;14;1166,94;654,50;Satış
09.09.2025;F000770;Müşteri 07;Hayali Bulaşık Tableti 60'lı;Temizlik;Bayi;10;2879,87;1798,00;Satış
09.09.2025;F000770;Müşteri 07;Kurgu Deterjan 5 kg;Temizlik;Bayi;20;4182,84;2604,00;Satış
09.09.2025;F000771;Müşteri 30;Hayali Bulaşık Tableti 60'lı;Temizlik;Bayi;58;17721,28;10428,40;Satış
09.09.2025;F000772;Müşteri 01;Deneme Tuvalet Kağıdı 32'li;Kağıt;Bayi;56;12484,45;9676,80;Satış
09.09.2025;F000772;Müşteri 01;Örnek Şampuan 500 ml;Kişisel Bakım;Bayi;35;3065,05;1662,50;Satış
10.09.2025;F000773;Müşteri 07;Deneme Kağıt Havlu 12'li;Kağıt;Bayi;53;7977,07;5936,00;Satış
10.09.2025;F000773;Müşteri 07;Örnek Şampuan 500 ml;Kişisel Bakım;Bayi;44;4089,69;2090,00;Satış
10.09.2025;F000773;Müşteri 07;Kurgu Yumuşatıcı 3 lt;Temizlik;Bayi;49;6455,58;3969,00;Satış
10.09.2025;F000774;Müşteri 01;Deneme Kağıt Havlu 12'li;Kağıt;Bayi;47;7235,32;5264,00;Satış
10.09.2025;F000774;Müşteri 01;Örnek Sıvı Sabun 1,5 lt;Kişisel Bakım;Bayi;15;1179,13;701,25;Satış
10.09.2025;F000775;Müşteri 07;Deneme Kağıt Havlu 12'li;Kağıt;Bayi;22;3253,35;2464,00;Satış
10.09.2025;F000775;Müşteri 07;Deneme Tuvalet Kağıdı 32'li;Kağıt;Bayi;5;1110,39;864,00;Satış
10.09.2025;F000775;Müşteri 07;Deneme Tuvalet Kağıdı 32'li;Kağıt;Bayi;22;5137,64;3801,60;Satış
11.09.2025;F000776;Müşteri 28;Kurgu Deterjan 5 kg;Temizlik;Online;23;4778,77;2994,60;Satış
11.09.2025;F000777;Müşteri 21;Kurgu Yumuşatıcı 3 lt;Temizlik;Bayi;29;3761,07;2349,00;Satış
11.09.2025;F000777;Müşteri 21;Deneme Tuvalet Kağıdı 32'li;Kağıt;Bayi;11;2619,70;1900,80;Satış
11.09.2025;F000778;Müşteri 16;Deneme Kağıt Havlu 12'li;Kağıt;Zincir market;30;4487,58;3360,00;Satış
11.09.2025;F000778;Müşteri 16;Deneme Kağıt Havlu 12'li;Kağıt;Zincir market;102;15746,43;11424,00;Satış
11.09.2025;F000778;Müşteri 16;Deneme Tuvalet Kağıdı 32'li;Kağıt;Zincir market;18;3988,14;3110,40;Satış
11.09.2025;F000779;Müşteri 30;Örnek Sıvı Sabun 1,5 lt;Kişisel Bakım;Bayi;26;2119,82;1215,50;Satış
11.09.2025;F000779;Müşteri 30;Deneme Tuvalet Kağıdı 32'li;Kağıt;Bayi;15;3317,29;2592,00;Satış
11.09.2025;F000779;Müşteri 30;Deneme Tuvalet Kağıdı 32'li;Kağıt;Bayi;27;6145,83;4665,60;Satış
12.09.2025;F000780;Müşteri 26;Deneme Tuvalet Kağıdı 32'li;Kağıt;Zincir market;63;14973,25;10886,40;Satış
12.09.2025;F000781;Müşteri 29;Deneme Kağıt Havlu 12'li;Kağıt;Bayi;22;3301,92;2464,00;Satış
12.09.2025;F000782;Müşteri 11;Deneme Tuvalet Kağıdı 32'li;Kağıt;Bayi;13;2892,31;2246,40;Satış
12.09.2025;F000782;Müşteri 11;Örnek Şampuan 500 ml;Kişisel Bakım;Bayi;38;3598,62;1805,00;Satış
12.09.2025;F000783;Müşteri 20;Deneme Tuvalet Kağıdı 32'li;Kağıt;Online;19;4347,44;3283,20;Satış
12.09.2025;F000783;Müşteri 20;Deneme Kağıt Havlu 12'li;Kağıt;Online;14;2137,22;1568,00;Satış
12.09.2025;F000783;Müşteri 20;Örnek Sıvı Sabun 1,5 lt;Kişisel Bakım;Online;43;3458,88;2010,25;Satış
13.09.2025;F000784;Müşteri 21;Deneme Kağıt Havlu 12'li;Kağıt;Bayi;39;6082,28;4368,00;Satış
13.09.2025;F000785;Müşteri 07;Örnek Sıvı Sabun 1,5 lt;Kişisel Bakım;Bayi;49;4066,75;2290,75;Satış
13.09.2025;F000786;Müşteri 17;Örnek Şampuan 500 ml;Kişisel Bakım;Kurumsal;162;14337,51;7695,00;Satış
15.09.2025;F000787;Müşteri 11;Deneme Kağıt Havlu 12'li;Kağıt;Bayi;39;6214,34;4368,00;Satış
15.09.2025;F000788;Müşteri 04;Örnek Sıvı Sabun 1,5 lt;Kişisel Bakım;Zincir market;174;14647,59;8134,50;Satış
15.09.2025;F000789;Müşteri 24;Hayali Bulaşık Tableti 60'lı;Temizlik;Online;25;7675,68;4495,00;Satış
16.09.2025;F000790;Müşteri 10;Deneme Tuvalet Kağıdı 32'li;Kağıt;Bayi;57;13564,14;9849,60;Satış
16.09.2025;F000790;Müşteri 10;Deneme Tuvalet Kağıdı 32'li;Kağıt;Bayi;22;4921,79;3801,60;Satış
16.09.2025;F000791;Müşteri 07;Kurgu Yumuşatıcı 3 lt;Temizlik;Bayi;16;1991,73;1296,00;Satış
16.09.2025;F000792;Müşteri 20;Örnek Sıvı Sabun 1,5 lt;Kişisel Bakım;Online;43;3528,40;2010,25;Satış
16.09.2025;F000792;Müşteri 20;Kurgu Yumuşatıcı 3 lt;Temizlik;Online;43;5448,43;3483,00;Satış
16.09.2025;F000792;Müşteri 20;Deneme Tuvalet Kağıdı 32'li;Kağıt;Online;6;1366,19;1036,80;Satış
16.09.2025;F000793;Müşteri 23;Kurgu Yumuşatıcı 3 lt;Temizlik;Kurumsal;111;14800,55;8991,00;Satış
16.09.2025;F000793;Müşteri 23;Örnek Şampuan 500 ml;Kişisel Bakım;Kurumsal;150;13850,51;7125,00;Satış
16.09.2025;F000794;Müşteri 06;Örnek Şampuan 500 ml;Kişisel Bakım;Zincir market;105;9286,74;4987,50;Satış
16.09.2025;F000794;Müşteri 06;Kurgu Yumuşatıcı 3 lt;Temizlik;Zincir market;57;7099,24;4617,00;Satış
17.09.2025;F000795;Müşteri 30;Örnek Şampuan 500 ml;Kişisel Bakım;Bayi;19;1767,80;902,50;Satış
17.09.2025;F000795;Müşteri 30;Kurgu Yumuşatıcı 3 lt;Temizlik;Bayi;53;6699,69;4293,00;Satış
17.09.2025;F000796;Müşteri 06;Hayali Bulaşık Tableti 60'lı;Temizlik;Zincir market;132;39250,28;23733,60;Satış
17.09.2025;F000796;Müşteri 06;Örnek Sıvı Sabun 1,5 lt;Kişisel Bakım;Zincir market;180;14636,03;8415,00;Satış
18.09.2025;F000797;Müşteri 25;Deneme Kağıt Havlu 12'li;Kağıt;Online;52;8203,07;5824,00;Satış
18.09.2025;F000798;Müşteri 24;Örnek Şampuan 500 ml;Kişisel Bakım;Online;44;4159,65;2090,00;Satış
18.09.2025;F000798;Müşteri 24;Deneme Kağıt Havlu 12'li;Kağıt;Online;43;6624,70;4816,00;Satış
18.09.2025;F000799;Müşteri 21;Hayali Bulaşık Tableti 60'lı;Temizlik;Bayi;7;2086,78;1258,60;Satış
18.09.2025;F000799;Müşteri 21;Örnek Şampuan 500 ml;Kişisel Bakım;Bayi;34;3185,30;1615,00;Satış
18.09.2025;F000799;Müşteri 21;Kurgu Deterjan 5 kg;Temizlik;Bayi;20;4038,28;2604,00;Satış
18.09.2025;F000800;Müşteri 13;Kurgu Deterjan 5 kg;Temizlik;Zincir market;120;23964,99;15624,00;Satış
18.09.2025;F000800;Müşteri 13;Hayali Bulaşık Tableti 60'lı;Temizlik;Zincir market;135;41724,76;24273,00;Satış
18.09.2025;F000800;Müşteri 13;Kurgu Yumuşatıcı 3 lt;Temizlik;Zincir market;69;8897,36;5589,00;Satış
18.09.2025;F000801;Müşteri 29;Hayali Bulaşık Tableti 60'lı;Temizlik;Bayi;57;16660,57;10248,60;Satış
18.09.2025;F000801;Müşteri 29;Kurgu Yumuşatıcı 3 lt;Temizlik;Bayi;32;4076,15;2592,00;Satış
19.09.2025;F000802;Müşteri 15;Örnek Şampuan 500 ml;Kişisel Bakım;Bayi;10;928,92;475,00;Satış
19.09.2025;F000802;Müşteri 15;Kurgu Deterjan 5 kg;Temizlik;Bayi;16;3300,52;2083,20;Satış
19.09.2025;F000802;Müşteri 15;Deneme Tuvalet Kağıdı 32'li;Kağıt;Bayi;39;8712,52;6739,20;Satış
19.09.2025;F000803;Müşteri 14;Örnek Şampuan 500 ml;Kişisel Bakım;Zincir market;18;1597,67;855,00;Satış
19.09.2025;F000803;Müşteri 14;Deneme Kağıt Havlu 12'li;Kağıt;Zincir market;150;23799,93;16800,00;Satış
19.09.2025;F000804;Müşteri 29;Kurgu Deterjan 5 kg;Temizlik;Bayi;21;4171,53;2734,20;Satış
19.09.2025;F000804;Müşteri 29;Deneme Tuvalet Kağıdı 32'li;Kağıt;Bayi;50;11804,63;8640,00;Satış
20.09.2025;F000805;Müşteri 03;Deneme Tuvalet Kağıdı 32'li;Kağıt;Online;33;7688,15;5702,40;Satış
20.09.2025;F000806;Müşteri 03;Deneme Tuvalet Kağıdı 32'li;Kağıt;Online;29;6807,92;5011,20;Satış
20.09.2025;F000806;Müşteri 03;Deneme Kağıt Havlu 12'li;Kağıt;Online;44;7011,70;4928,00;Satış
20.09.2025;F000806;Müşteri 03;Örnek Şampuan 500 ml;Kişisel Bakım;Online;40;3611,70;1900,00;Satış
22.09.2025;F000807;Müşteri 19;Hayali Bulaşık Tableti 60'lı;Temizlik;Kurumsal;42;12147,27;7551,60;Satış
22.09.2025;F000807;Müşteri 19;Kurgu Yumuşatıcı 3 lt;Temizlik;Kurumsal;48;6360,33;3888,00;Satış
22.09.2025;F000807;Müşteri 19;Kurgu Deterjan 5 kg;Temizlik;Kurumsal;93;18448,92;12108,60;Satış
22.09.2025;F000808;Müşteri 24;Örnek Sıvı Sabun 1,5 lt;Kişisel Bakım;Online;45;3574,29;2103,75;Satış
22.09.2025;F000808;Müşteri 24;Kurgu Yumuşatıcı 3 lt;Temizlik;Online;17;2112,05;1377,00;Satış
22.09.2025;F000809;Müşteri 25;Kurgu Deterjan 5 kg;Temizlik;Online;34;6853,04;4426,80;Satış
22.09.2025;F000809;Müşteri 25;Örnek Şampuan 500 ml;Kişisel Bakım;Online;39;3647,93;1852,50;Satış
22.09.2025;F000810;Müşteri 20;Kurgu Yumuşatıcı 3 lt;Temizlik;Online;18;2350,07;1458,00;Satış
22.09.2025;F000810;Müşteri 20;Örnek Şampuan 500 ml;Kişisel Bakım;Online;34;3077,58;1615,00;Satış
23.09.2025;F000811;Müşteri 08;Örnek Sıvı Sabun 1,5 lt;Kişisel Bakım;Bayi;44;3628,89;2057,00;Satış
23.09.2025;F000811;Müşteri 08;Hayali Bulaşık Tableti 60'lı;Temizlik;Bayi;57;16549,92;10248,60;Satış
23.09.2025;F000811;Müşteri 08;Kurgu Yumuşatıcı 3 lt;Temizlik;Bayi;14;1747,13;1134,00;Satış
23.09.2025;F000812;Müşteri 12;Kurgu Yumuşatıcı 3 lt;Temizlik;Bayi;59;7348,47;4779,00;Satış
24.09.2025;F000813;Müşteri 11;Kurgu Deterjan 5 kg;Temizlik;Bayi;11;2202,25;1432,20;Satış
24.09.2025;F000814;Müşteri 06;Deneme Tuvalet Kağıdı 32'li;Kağıt;Zincir market;69;16044,77;11923,20;Satış
24.09.2025;F000815;Müşteri 23;Deneme Kağıt Havlu 12'li;Kağıt;Kurumsal;123;19345,14;13776,00;Satış
24.09.2025;F000815;Müşteri 23;Kurgu Yumuşatıcı 3 lt;Temizlik;Kurumsal;102;13493,87;8262,00;Satış
24.09.2025;F000815;Müşteri 23;Örnek Sıvı Sabun 1,5 lt;Kişisel Bakım;Kurumsal;21;1655,50;981,75;Satış
24.09.2025;F000816;Müşteri 10;Örnek Sıvı Sabun 1,5 lt;Kişisel Bakım;Bayi;29;2429,56;1355,75;Satış
24.09.2025;F000816;Müşteri 10;Hayali Bulaşık Tableti 60'lı;Temizlik;Bayi;32;9795,65;5753,60;Satış
25.09.2025;F000817;Müşteri 05;Deneme Tuvalet Kağıdı 32'li;Kağıt;Zincir market;180;40692,39;31104,00;Satış
25.09.2025;F000818;Müşteri 17;Deneme Kağıt Havlu 12'li;Kağıt;Kurumsal;54;8429,76;6048,00;Satış
25.09.2025;F000818;Müşteri 17;Deneme Kağıt Havlu 12'li;Kağıt;Kurumsal;24;3566,38;2688,00;Satış
25.09.2025;F000819;Müşteri 24;Deneme Kağıt Havlu 12'li;Kağıt;Online;10;1533,91;1120,00;Satış
25.09.2025;F000819;Müşteri 24;Deneme Tuvalet Kağıdı 32'li;Kağıt;Online;43;10265,42;7430,40;Satış
25.09.2025;F000819;Müşteri 24;Deneme Tuvalet Kağıdı 32'li;Kağıt;Online;23;5266,99;3974,40;Satış
25.09.2025;F000820;Müşteri 28;Örnek Sıvı Sabun 1,5 lt;Kişisel Bakım;Online;38;3120,22;1776,50;Satış
25.09.2025;F000820;Müşteri 28;Deneme Kağıt Havlu 12'li;Kağıt;Online;27;4294,81;3024,00;Satış
25.09.2025;F000821;Müşteri 20;Örnek Şampuan 500 ml;Kişisel Bakım;Online;38;3531,79;1805,00;Satış
25.09.2025;F000821;Müşteri 20;Örnek Şampuan 500 ml;Kişisel Bakım;Online;36;3367,46;1710,00;Satış
25.09.2025;F000821;Müşteri 20;Deneme Kağıt Havlu 12'li;Kağıt;Online;19;2969,13;2128,00;Satış
26.09.2025;F000822;Müşteri 04;Örnek Şampuan 500 ml;Kişisel Bakım;Zincir market;135;12616,45;6412,50;Satış
26.09.2025;F000823;Müşteri 24;Hayali Bulaşık Tableti 60'lı;Temizlik;Online;44;13638,89;7911,20;Satış
27.09.2025;F000824;Müşteri 12;Hayali Bulaşık Tableti 60'lı;Temizlik;Bayi;45;13070,97;8091,00;Satış
27.09.2025;F000824;Müşteri 12;Deneme Tuvalet Kağıdı 32'li;Kağıt;Bayi;17;3978,82;2937,60;Satış
27.09.2025;F000824;Müşteri 12;Örnek Sıvı Sabun 1,5 lt;Kişisel Bakım;Bayi;55;4326,37;2571,25;Satış
27.09.2025;F000825;Müşteri 10;Deneme Kağıt Havlu 12'li;Kağıt;Bayi;25;3925,45;2800,00;Satış
27.09.2025;F000825;Müşteri 10;Kurgu Deterjan 5 kg;Temizlik;Bayi;48;9542,36;6249,60;Satış
27.09.2025;F000825;Müşteri 10;Örnek Şampuan 500 ml;Kişisel Bakım;Bayi;51;4677,91;2422,50;Satış
27.09.2025;F000826;Müşteri 01;Kurgu Yumuşatıcı 3 lt;Temizlik;Bayi;26;3463,34;2106,00;Satış
27.09.2025;F000827;Müşteri 30;Örnek Şampuan 500 ml;Kişisel Bakım;Bayi;35;3271,07;1662,50;Satış
27.09.2025;F000827;Müşteri 30;Deneme Tuvalet Kağıdı 32'li;Kağıt;Bayi;13;2990,58;2246,40;Satış
27.09.2025;F000827;Müşteri 30;Deneme Tuvalet Kağıdı 32'li;Kağıt;Bayi;34;8089,54;5875,20;Satış
29.09.2025;F000828;Müşteri 15;Deneme Tuvalet Kağıdı 32'li;Kağıt;Bayi;8;1894,67;1382,40;Satış
29.09.2025;F000828;Müşteri 15;Örnek Sıvı Sabun 1,5 lt;Kişisel Bakım;Bayi;41;3408,32;1916,75;Satış
29.09.2025;F000829;Müşteri 11;Deneme Kağıt Havlu 12'li;Kağıt;Bayi;6;899,19;672,00;Satış
29.09.2025;F000829;Müşteri 11;Deneme Tuvalet Kağıdı 32'li;Kağıt;Bayi;26;6139,93;4492,80;Satış
29.09.2025;F000829;Müşteri 11;Hayali Bulaşık Tableti 60'lı;Temizlik;Bayi;27;7744,74;4854,60;Satış
29.09.2025;F000830;Müşteri 05;Hayali Bulaşık Tableti 60'lı;Temizlik;Zincir market;18;5285,00;3236,40;Satış
29.09.2025;F000830;Müşteri 05;Örnek Şampuan 500 ml;Kişisel Bakım;Zincir market;135;12347,16;6412,50;Satış
29.09.2025;F000831;Müşteri 06;Deneme Kağıt Havlu 12'li;Kağıt;Zincir market;87;13015,07;9744,00;Satış
29.09.2025;F000831;Müşteri 06;Kurgu Deterjan 5 kg;Temizlik;Zincir market;180;37141,81;23436,00;Satış
29.09.2025;F000831;Müşteri 06;Örnek Sıvı Sabun 1,5 lt;Kişisel Bakım;Zincir market;150;12604,98;7012,50;Satış
30.09.2025;F000832;Müşteri 14;Örnek Şampuan 500 ml;Kişisel Bakım;Zincir market;60;5413,44;2850,00;Satış
30.09.2025;F000833;Müşteri 27;Kurgu Yumuşatıcı 3 lt;Temizlik;Zincir market;114;14531,01;9234,00;Satış
30.09.2025;F000833;Müşteri 27;Kurgu Deterjan 5 kg;Temizlik;Zincir market;84;17336,51;10936,80;Satış
30.09.2025;F000834;Müşteri 25;Kurgu Deterjan 5 kg;Temizlik;Online;33;6656,12;4296,60;Satış
30.09.2025;F000835;Müşteri 26;Deneme Kağıt Havlu 12'li;Kağıt;Zincir market;42;6284,66;4704,00;Satış
30.09.2025;F000835;Müşteri 26;Örnek Şampuan 500 ml;Kişisel Bakım;Zincir market;153;14388,35;7267,50;Satış
01.10.2025;F000836;Müşteri 05;Hayali Bulaşık Tableti 60'lı;Temizlik;Zincir market;114;34426,02;20497,20;Satış
01.10.2025;F000837;Müşteri 05;Deneme Tuvalet Kağıdı 32'li;Kağıt;Zincir market;21;4822,02;3628,80;Satış
01.10.2025;F000838;Müşteri 23;Kurgu Deterjan 5 kg;Temizlik;Kurumsal;15;2976,37;1953,00;Satış
01.10.2025;F000838;Müşteri 23;Kurgu Deterjan 5 kg;Temizlik;Kurumsal;144;29872,58;18748,80;Satış
01.10.2025;F000838;Müşteri 23;Hayali Bulaşık Tableti 60'lı;Temizlik;Kurumsal;30;8803,97;5394,00;Satış
01.10.2025;F000839;Müşteri 29;Kurgu Deterjan 5 kg;Temizlik;Bayi;38;7830,73;4947,60;Satış
02.10.2025;F000840;Müşteri 19;Deneme Tuvalet Kağıdı 32'li;Kağıt;Kurumsal;54;12255,89;9331,20;Satış
02.10.2025;F000840;Müşteri 19;Kurgu Yumuşatıcı 3 lt;Temizlik;Kurumsal;69;8775,96;5589,00;Satış
02.10.2025;F000841;Müşteri 11;Deneme Tuvalet Kağıdı 32'li;Kağıt;Bayi;12;2712,42;2073,60;Satış
02.10.2025;F000841;Müşteri 11;Kurgu Yumuşatıcı 3 lt;Temizlik;Bayi;22;2759,60;1782,00;Satış
03.10.2025;F000842;Müşteri 07;Örnek Sıvı Sabun 1,5 lt;Kişisel Bakım;Bayi;40;3214,63;1870,00;Satış
03.10.2025;F000842;Müşteri 07;Kurgu Yumuşatıcı 3 lt;Temizlik;Bayi;50;6644,16;4050,00;Satış
03.10.2025;F000842;Müşteri 07;Deneme Kağıt Havlu 12'li;Kağıt;Bayi;20;2987,85;2240,00;Satış
03.10.2025;F000843;Müşteri 10;Örnek Sıvı Sabun 1,5 lt;Kişisel Bakım;Bayi;39;3167,46;1823,25;Satış
03.10.2025;F000843;Müşteri 10;Kurgu Yumuşatıcı 3 lt;Temizlik;Bayi;6;775,70;486,00;Satış
03.10.2025;F000843;Müşteri 10;Deneme Tuvalet Kağıdı 32'li;Kağıt;Bayi;8;1782,67;1382,40;Satış
04.10.2025;F000844;Müşteri 13;Deneme Tuvalet Kağıdı 32'li;Kağıt;Zincir market;129;30690,71;22291,20;Satış
04.10.2025;F000845;Müşteri 21;Deneme Tuvalet Kağıdı 32'li;Kağıt;Bayi;33;7676,90;5702,40;Satış
04.10.2025;F000845;Müşteri 21;Örnek Sıvı Sabun 1,5 lt;Kişisel Bakım;Bayi;26;2177,72;1215,50;Satış
04.10.2025;F000845;Müşteri 21;Deneme Tuvalet Kağıdı 32'li;Kağıt;Bayi;53;12385,08;9158,40;Satış
04.10.2025;F000846;Müşteri 18;Hayali Bulaşık Tableti 60'lı;Temizlik;Zincir market;159;47183,13;28588,20;Satış
04.10.2025;F000847;Müşteri 05;Hayali Bulaşık Tableti 60'lı;Temizlik;Zincir market;168;51745,39;30206,40;Satış
04.10.2025;F000848;Müşteri 15;Örnek Şampuan 500 ml;Kişisel Bakım;Bayi;24;2222,45;1140,00;Satış
06.10.2025;F000849;Müşteri 16;Kurgu Yumuşatıcı 3 lt;Temizlik;Zincir market;42;5606,99;3402,00;Satış
06.10.2025;F000850;Müşteri 20;Örnek Sıvı Sabun 1,5 lt;Kişisel Bakım;Online;30;2383,40;1402,50;Satış
06.10.2025;F000850;Müşteri 20;Deneme Tuvalet Kağıdı 32'li;Kağıt;Online;26;6134,56;4492,80;Satış
06.10.2025;F000851;Müşteri 29;Örnek Şampuan 500 ml;Kişisel Bakım;Bayi;36;3154,68;1710,00;Satış
06.10.2025;F000851;Müşteri 29;Örnek Şampuan 500 ml;Kişisel Bakım;Bayi;12;1080,85;570,00;Satış
06.10.2025;F000852;Müşteri 15;Örnek Sıvı Sabun 1,5 lt;Kişisel Bakım;Bayi;54;4350,81;2524,50;Satış
06.10.2025;F000853;Müşteri 19;Deneme Kağıt Havlu 12'li;Kağıt;Kurumsal;33;5028,96;3696,00;Satış
07.10.2025;F000854;Müşteri 11;Deneme Tuvalet Kağıdı 32'li;Kağıt;Bayi;9;2124,13;1555,20;Satış
07.10.2025;F000854;Müşteri 11;Deneme Kağıt Havlu 12'li;Kağıt;Bayi;34;5179,24;3808,00;Satış
07.10.2025;F000854;Müşteri 11;Örnek Şampuan 500 ml;Kişisel Bakım;Bayi;20;1842,37;950,00;Satış
07.10.2025;F000855;Müşteri 18;Örnek Şampuan 500 ml;Kişisel Bakım;Zincir market;87;7647,48;4132,50;Satış
08.10.2025;F000856;Müşteri 26;Deneme Kağıt Havlu 12'li;Kağıt;Zincir market;165;25010,73;18480,00;Satış
08.10.2025;F000856;Müşteri 26;Deneme Tuvalet Kağıdı 32'li;Kağıt;Zincir market;60;13447,39;10368,00;Satış
08.10.2025;F000857;Müşteri 22;Deneme Tuvalet Kağıdı 32'li;Kağıt;Zincir market;150;34773,66;25920,00;Satış
08.10.2025;F000858;Müşteri 16;Deneme Kağıt Havlu 12'li;Kağıt;Zincir market;129;19753,15;14448,00;Satış
08.10.2025;F000859;Müşteri 18;Hayali Bulaşık Tableti 60'lı;Temizlik;Zincir market;99;28667,34;17800,20;Satış
08.10.2025;F000860;Müşteri 13;Deneme Kağıt Havlu 12'li;Kağıt;Zincir market;33;5147,16;3696,00;Satış
09.10.2025;F000861;Müşteri 11;Deneme Tuvalet Kağıdı 32'li;Kağıt;Bayi;47;10433,08;8121,60;Satış
09.10.2025;F000861;Müşteri 11;Kurgu Yumuşatıcı 3 lt;Temizlik;Bayi;57;7164,92;4617,00;Satış
09.10.2025;F000862;Müşteri 19;Hayali Bulaşık Tableti 60'lı;Temizlik;Kurumsal;15;4559,63;2697,00;Satış
09.10.2025;F000862;Müşteri 19;Deneme Tuvalet Kağıdı 32'li;Kağıt;Kurumsal;42;9638,88;7257,60;Satış
09.10.2025;F000862;Müşteri 19;Örnek Sıvı Sabun 1,5 lt;Kişisel Bakım;Kurumsal;87;7167,57;4067,25;Satış
09.10.2025;F000863;Müşteri 15;Kurgu Yumuşatıcı 3 lt;Temizlik;Bayi;48;6416,46;3888,00;Satış
09.10.2025;F000864;Müşteri 10;Hayali Bulaşık Tableti 60'lı;Temizlik;Bayi;48;14052,14;8630,40;Satış
09.10.2025;F000864;Müşteri 10;Örnek Şampuan 500 ml;Kişisel Bakım;Bayi;50;4743,38;2375,00;Satış
09.10.2025;F000864;Müşteri 10;Örnek Sıvı Sabun 1,5 lt;Kişisel Bakım;Bayi;10;821,63;467,50;Satış
09.10.2025;F000865;Müşteri 20;Örnek Şampuan 500 ml;Kişisel Bakım;Online;59;5213,80;2802,50;Satış
09.10.2025;F000865;Müşteri 20;Örnek Sıvı Sabun 1,5 lt;Kişisel Bakım;Online;8;645,69;374,00;Satış
09.10.2025;F000865;Müşteri 20;Deneme Kağıt Havlu 12'li;Kağıt;Online;8;1177,69;896,00;Satış
10.10.2025;F000866;Müşteri 04;Hayali Bulaşık Tableti 60'lı;Temizlik;Zincir market;18;5238,61;3236,40;Satış
10.10.2025;F000866;Müşteri 04;Deneme Tuvalet Kağıdı 32'li;Kağıt;Zincir market;126;28774,61;21772,80;Satış
10.10.2025;F000867;Müşteri 11;Örnek Şampuan 500 ml;Kişisel Bakım;Bayi;30;2709,00;1425,00;Satış
10.10.2025;F000867;Müşteri 11;Deneme Kağıt Havlu 12'li;Kağıt;Bayi;18;2802,24;2016,00;Satış
10.10.2025;F000867;Müşteri 11;Örnek Şampuan 500 ml;Kişisel Bakım;Bayi;13;1154,80;617,50;Satış
10.10.2025;F000868;Müşteri 13;Hayali Bulaşık Tableti 60'lı;Temizlik;Zincir market;93;26879,40;16721,40;Satış
10.10.2025;F000868;Müşteri 13;Hayali Bulaşık Tableti 60'lı;Temizlik;Zincir market;141;40652,22;25351,80;Satış
10.10.2025;F000869;Müşteri 01;Deneme Tuvalet Kağıdı 32'li;Kağıt;Bayi;6;1341,39;1036,80;Satış
11.10.2025;F000870;Müşteri 05;Kurgu Yumuşatıcı 3 lt;Temizlik;Zincir market;138;18340,78;11178,00;Satış
11.10.2025;F000871;Müşteri 28;Hayali Bulaşık Tableti 60'lı;Temizlik;Online;49;14709,30;8810,20;Satış
11.10.2025;F000871;Müşteri 28;Örnek Şampuan 500 ml;Kişisel Bakım;Online;44;3905,72;2090,00;Satış
11.10.2025;F000872;Müşteri 17;Deneme Kağıt Havlu 12'li;Kağıt;Kurumsal;171;26156,26;19152,00;Satış
11.10.2025;F000872;Müşteri 17;Örnek Sıvı Sabun 1,5 lt;Kişisel Bakım;Kurumsal;57;4529,41;2664,75;Satış
11.10.2025;F000873;Müşteri 20;Deneme Kağıt Havlu 12'li;Kağıt;Online;36;5689,41;4032,00;Satış
11.10.2025;F000874;Müşteri 08;Deneme Kağıt Havlu 12'li;Kağıt;Bayi;22;3354,09;2464,00;Satış
11.10.2025;F000874;Müşteri 08;Deneme Kağıt Havlu 12'li;Kağıt;Bayi;41;6227,79;4592,00;Satış
11.10.2025;F000874;Müşteri 08;Kurgu Deterjan 5 kg;Temizlik;Bayi;41;8254,08;5338,20;Satış
13.10.2025;F000875;Müşteri 23;Kurgu Yumuşatıcı 3 lt;Temizlik;Kurumsal;153;20210,99;12393,00;Satış
13.10.2025;F000876;Müşteri 28;Örnek Şampuan 500 ml;Kişisel Bakım;Online;38;3343,79;1805,00;Satış
13.10.2025;F000876;Müşteri 28;Deneme Kağıt Havlu 12'li;Kağıt;Online;10;1503,39;1120,00;Satış
13.10.2025;F000877;Müşteri 21;Deneme Tuvalet Kağıdı 32'li;Kağıt;Bayi;47;10448,06;8121,60;Satış
13.10.2025;F000877;Müşteri 21;Deneme Tuvalet Kağıdı 32'li;Kağıt;Bayi;39;9208,82;6739,20;Satış
13.10.2025;F000877;Müşteri 21;Örnek Sıvı Sabun 1,5 lt;Kişisel Bakım;Bayi;44;3456,59;2057,00;Satış
13.10.2025;F000878;Müşteri 11;Hayali Bulaşık Tableti 60'lı;Temizlik;Bayi;5;1484,14;899,00;Satış
13.10.2025;F000878;Müşteri 11;Deneme Kağıt Havlu 12'li;Kağıt;Bayi;35;5409,14;3920,00;Satış
13.10.2025;F000878;Müşteri 11;Örnek Sıvı Sabun 1,5 lt;Kişisel Bakım;Bayi;31;2498,59;1449,25;Satış
13.10.2025;F000879;Müşteri 26;Örnek Sıvı Sabun 1,5 lt;Kişisel Bakım;Zincir market;45;3529,81;2103,75;Satış
13.10.2025;F000879;Müşteri 26;Deneme Kağıt Havlu 12'li;Kağıt;Zincir market;156;23570,37;17472,00;Satış
14.10.2025;F000880;Müşteri 02;Örnek Şampuan 500 ml;Kişisel Bakım;Bayi;42;3724,77;1995,00;Satış
14.10.2025;F000880;Müşteri 02;Kurgu Deterjan 5 kg;Temizlik;Bayi;47;9862,39;6119,40;Satış
14.10.2025;F000880;Müşteri 02;Hayali Bulaşık Tableti 60'lı;Temizlik;Bayi;52;15635,52;9349,60;Satış
14.10.2025;F000881;Müşteri 10;Kurgu Deterjan 5 kg;Temizlik;Bayi;13;2622,02;1692,60;Satış
14.10.2025;F000881;Müşteri 10;Hayali Bulaşık Tableti 60'lı;Temizlik;Bayi;55;16064,99;9889,00;Satış
14.10.2025;F000882;Müşteri 05;Örnek Sıvı Sabun 1,5 lt;Kişisel Bakım;Zincir market;66;5546,21;3085,50;Satış
14.10.2025;F000882;Müşteri 05;Kurgu Deterjan 5 kg;Temizlik;Zincir market;156;30431,55;20311,20;Satış
14.10.2025;F000882;Müşteri 05;Kurgu Yumuşatıcı 3 lt;Temizlik;Zincir market;126;16654,79;10206,00;Satış
14.10.2025;F000883;Müşteri 22;Örnek Sıvı Sabun 1,5 lt;Kişisel Bakım;Zincir market;168;13337,98;7854,00;Satış
14.10.2025;F000883;Müşteri 22;Hayali Bulaşık Tableti 60'lı;Temizlik;Zincir market;147;42785,48;26430,60;Satış
15.10.2025;F000884;Müşteri 11;Kurgu Yumuşatıcı 3 lt;Temizlik;Bayi;43;5774,32;3483,00;Satış
15.10.2025;F000885;Müşteri 05;Hayali Bulaşık Tableti 60'lı;Temizlik;Zincir market;93;28300,38;16721,40;Satış
15.10.2025;F000885;Müşteri 05;Kurgu Yumuşatıcı 3 lt;Temizlik;Zincir market;141;18182,51;11421,00;Satış
16.10.2025;F000886;Müşteri 19;Hayali Bulaşık Tableti 60'lı;Temizlik;Kurumsal;81;23210,33;14563,80;Satış
16.10.2025;F000886;Müşteri 19;Örnek Sıvı Sabun 1,5 lt;Kişisel Bakım;Kurumsal;159;13319,88;7433,25;Satış
16.10.2025;F000886;Müşteri 19;Kurgu Deterjan 5 kg;Temizlik;Kurumsal;45;9044,80;5859,00;Satış
16.10.2025;F000887;Müşteri 16;Örnek Şampuan 500 ml;Kişisel Bakım;Zincir market;156;14758,65;7410,00;Satış
16.10.2025;F000887;Müşteri 16;Deneme Kağıt Havlu 12'li;Kağıt;Zincir market;57;8667,50;6384,00;Satış
16.10.2025;F000888;Müşteri 23;Örnek Şampuan 500 ml;Kişisel Bakım;Kurumsal;63;5575,70;2992,50;Satış
16.10.2025;F000888;Müşteri 23;Hayali Bulaşık Tableti 60'lı;Temizlik;Kurumsal;96;27407,44;17260,80;Satış
17.10.2025;F000889;Müşteri 13;Örnek Sıvı Sabun 1,5 lt;Kişisel Bakım;Zincir market;114;9444,17;5329,50;Satış
17.10.2025;F000889;Müşteri 13;Kurgu Deterjan 5 kg;Temizlik;Zincir market;33;6884,38;4296,60;Satış
17.10.2025;F000889;Müşteri 13;Deneme Tuvalet Kağıdı 32'li;Kağıt;Zincir market;81;19371,86;13996,80;Satış
17.10.2025;F000890;Müşteri 14;Deneme Tuvalet Kağıdı 32'li;Kağıt;Zincir market;177;40007,97;30585,60;Satış
17.10.2025;F000890;Müşteri 14;Örnek Sıvı Sabun 1,5 lt;Kişisel Bakım;Zincir market;66;5521,28;3085,50;Satış
17.10.2025;F000890;Müşteri 14;Örnek Sıvı Sabun 1,5 lt;Kişisel Bakım;Zincir market;138;11339,79;6451,50;Satış
17.10.2025;F000891;Müşteri 15;Deneme Tuvalet Kağıdı 32'li;Kağıt;Bayi;20;4697,98;3456,00;Satış
17.10.2025;F000891;Müşteri 15;Deneme Kağıt Havlu 12'li;Kağıt;Bayi;54;8083,53;6048,00;Satış
17.10.2025;F000891;Müşteri 15;Örnek Sıvı Sabun 1,5 lt;Kişisel Bakım;Bayi;48;3978,91;2244,00;Satış
17.10.2025;F000892;Müşteri 06;Deneme Kağıt Havlu 12'li;Kağıt;Zincir market;15;2337,18;1680,00;Satış
17.10.2025;F000892;Müşteri 06;Hayali Bulaşık Tableti 60'lı;Temizlik;Zincir market;27;7708,41;4854,60;Satış
17.10.2025;F000893;Müşteri 04;Kurgu Deterjan 5 kg;Temizlik;Zincir market;144;28899,62;18748,80;Satış
17.10.2025;F000893;Müşteri 04;Kurgu Yumuşatıcı 3 lt;Temizlik;Zincir market;153;19470,72;12393,00;Satış
17.10.2025;F000893;Müşteri 04;Kurgu Yumuşatıcı 3 lt;Temizlik;Zincir market;21;2613,58;1701,00;Satış
18.10.2025;F000894;Müşteri 20;Kurgu Deterjan 5 kg;Temizlik;Online;50;10464,55;6510,00;Satış
18.10.2025;F000894;Müşteri 20;Kurgu Deterjan 5 kg;Temizlik;Online;59;11998,16;7681,80;Satış
18.10.2025;F000894;Müşteri 20;Örnek Şampuan 500 ml;Kişisel Bakım;Online;47;4380,65;2232,50;Satış
18.10.2025;F000895;Müşteri 21;Hayali Bulaşık Tableti 60'lı;Temizlik;Bayi;16;4918,73;2876,80;Satış
18.10.2025;F000895;Müşteri 21;Deneme Tuvalet Kağıdı 32'li;Kağıt;Bayi;16;3610,62;2764,80;Satış
18.10.2025;F000895;Müşteri 21;Örnek Şampuan 500 ml;Kişisel Bakım;Bayi;47;4442,20;2232,50;Satış
18.10.2025;F000896;Müşteri 21;Örnek Sıvı Sabun 1,5 lt;Kişisel Bakım;Bayi;54;4379,59;2524,50;Satış
18.10.2025;F000896;Müşteri 21;Deneme Tuvalet Kağıdı 32'li;Kağıt;Bayi;54;12721,66;9331,20;Satış
20.10.2025;F000897;Müşteri 09;Örnek Şampuan 500 ml;Kişisel Bakım;Kurumsal;87;7823,75;4132,50;Satış
20.10.2025;F000898;Müşteri 02;Hayali Bulaşık Tableti 60'lı;Temizlik;Bayi;21;6081,87;3775,80;Satış
20.10.2025;F000898;Müşteri 02;Kurgu Deterjan 5 kg;Temizlik;Bayi;36;7547,55;4687,20;Satış
21.10.2025;F000899;Müşteri 06;Örnek Şampuan 500 ml;Kişisel Bakım;Zincir market;33;2920,28;1567,50;Satış
21.10.2025;F000899;Müşteri 06;Hayali Bulaşık Tableti 60'lı;Temizlik;Zincir market;96;27899,13;17260,80;Satış
21.10.2025;F000899;Müşteri 06;Deneme Tuvalet Kağıdı 32'li;Kağıt;Zincir market;33;7864,63;5702,40;Satış
21.10.2025;F000900;Müşteri 23;Kurgu Deterjan 5 kg;Temizlik;Kurumsal;21;4082,93;2734,20;Satış
21.10.2025;F000900;Müşteri 23;Deneme Kağıt Havlu 12'li;Kağıt;Kurumsal;153;23012,37;17136,00;Satış
21.10.2025;F000901;Müşteri 15;Örnek Şampuan 500 ml;Kişisel Bakım;Bayi;14;1293,06;665,00;Satış
21.10.2025;F000902;Müşteri 01;Deneme Tuvalet Kağıdı 32'li;Kağıt;Bayi;29;6551,55;5011,20;Satış
21.10.2025;F000903;Müşteri 23;Örnek Şampuan 500 ml;Kişisel Bakım;Kurumsal;123;10753,66;5842,50;Satış
21.10.2025;F000903;Müşteri 23;Deneme Tuvalet Kağıdı 32'li;Kağıt;Kurumsal;162;37295,81;27993,60;Satış
22.10.2025;F000904;Müşteri 18;Kurgu Deterjan 5 kg;Temizlik;Zincir market;87;18202,99;11327,40;Satış
22.10.2025;F000905;Müşteri 27;Kurgu Deterjan 5 kg;Temizlik;Zincir market;123;24869,75;16014,60;Satış
22.10.2025;F000905;Müşteri 27;Örnek Sıvı Sabun 1,5 lt;Kişisel Bakım;Zincir market;78;6461,25;3646,50;Satış
23.10.2025;F000906;Müşteri 12;Hayali Bulaşık Tableti 60'lı;Temizlik;Bayi;26;7467,08;4674,80;Satış
23.10.2025;F000906;Müşteri 12;Örnek Şampuan 500 ml;Kişisel Bakım;Bayi;53;4940,95;2517,50;Satış
23.10.2025;F000906;Müşteri 12;Deneme Tuvalet Kağıdı 32'li;Kağıt;Bayi;17;3811,25;2937,60;Satış
23.10.2025;F000907;Müşteri 02;Deneme Tuvalet Kağıdı 32'li;Kağıt;Bayi;17;3851,15;2937,60;Satış
23.10.2025;F000907;Müşteri 02;Örnek Şampuan 500 ml;Kişisel Bakım;Bayi;11;1014,12;522,50;Satış
24.10.2025;F000908;Müşteri 29;Örnek Şampuan 500 ml;Kişisel Bakım;Bayi;52;4619,68;2470,00;Satış
24.10.2025;F000908;Müşteri 29;Kurgu Deterjan 5 kg;Temizlik;Bayi;17;3291,64;2213,40;Satış
24.10.2025;F000908;Müşteri 29;Deneme Kağıt Havlu 12'li;Kağıt;Bayi;20;3069,24;2240,00;Satış
24.10.2025;F000909;Müşteri 03;Deneme Tuvalet Kağıdı 32'li;Kağıt;Online;24;5529,45;4147,20;Satış
24.10.2025;F000909;Müşteri 03;Hayali Bulaşık Tableti 60'lı;Temizlik;Online;56;16595,20;10068,80;Satış
24.10.2025;F000909;Müşteri 03;Kurgu Deterjan 5 kg;Temizlik;Online;7;1392,30;911,40;Satış
25.10.2025;F000910;Müşteri 13;Kurgu Yumuşatıcı 3 lt;Temizlik;Zincir market;168;22051,95;13608,00;Satış
25.10.2025;F000911;Müşteri 17;Deneme Tuvalet Kağıdı 32'li;Kağıt;Kurumsal;180;42765,43;31104,00;Satış
25.10.2025;F000911;Müşteri 17;Kurgu Yumuşatıcı 3 lt;Temizlik;Kurumsal;156;20351,28;12636,00;Satış
27.10.2025;F000912;Müşteri 24;Örnek Şampuan 500 ml;Kişisel Bakım;Online;46;4027,06;2185,00;Satış
27.10.2025;F000913;Müşteri 30;Kurgu Deterjan 5 kg;Temizlik;Bayi;20;4099,64;2604,00;Satış
27.10.2025;F000913;Müşteri 30;Kurgu Yumuşatıcı 3 lt;Temizlik;Bayi;5;630,30;405,00;Satış
27.10.2025;F000913;Müşteri 30;Kurgu Deterjan 5 kg;Temizlik;Bayi;24;4967,72;3124,80;Satış
28.10.2025;F000914;Müşteri 27;Kurgu Deterjan 5 kg;Temizlik;Zincir market;171;35385,63;22264,20;Satış
28.10.2025;F000914;Müşteri 27;Kurgu Deterjan 5 kg;Temizlik;Zincir market;108;21945,13;14061,60;Satış
28.10.2025;F000914;Müşteri 27;Deneme Kağıt Havlu 12'li;Kağıt;Zincir market;57;8436,45;6384,00;Satış
28.10.2025;F000915;Müşteri 07;Örnek Sıvı Sabun 1,5 lt;Kişisel Bakım;Bayi;56;4697,51;2618,00;Satış
28.10.2025;F000915;Müşteri 07;Deneme Tuvalet Kağıdı 32'li;Kağıt;Bayi;48;10968,89;8294,40;Satış
28.10.2025;F000916;Müşteri 04;Deneme Kağıt Havlu 12'li;Kağıt;Zincir market;117;17428,06;13104,00;Satış
28.10.2025;F000916;Müşteri 04;Hayali Bulaşık Tableti 60'lı;Temizlik;Zincir market;165;47930,54;29667,00;Satış
28.10.2025;F000916;Müşteri 04;Kurgu Deterjan 5 kg;Temizlik;Zincir market;126;24710,35;16405,20;Satış
29.10.2025;F000917;Müşteri 05;Kurgu Yumuşatıcı 3 lt;Temizlik;Zincir market;147;18844,70;11907,00;Satış
29.10.2025;F000917;Müşteri 05;Kurgu Yumuşatıcı 3 lt;Temizlik;Zincir market;99;12556,30;8019,00;Satış
29.10.2025;F000918;Müşteri 19;Kurgu Yumuşatıcı 3 lt;Temizlik;Kurumsal;33;4380,53;2673,00;Satış
29.10.2025;F000919;Müşteri 21;Örnek Şampuan 500 ml;Kişisel Bakım;Bayi;54;4784,34;2565,00;Satış
29.10.2025;F000919;Müşteri 21;Örnek Şampuan 500 ml;Kişisel Bakım;Bayi;10;874,48;475,00;Satış
29.10.2025;F000919;Müşteri 21;Kurgu Yumuşatıcı 3 lt;Temizlik;Bayi;10;1318,33;810,00;Satış
29.10.2025;F000920;Müşteri 19;Örnek Şampuan 500 ml;Kişisel Bakım;Kurumsal;147;13749,84;6982,50;Satış
29.10.2025;F000920;Müşteri 19;Hayali Bulaşık Tableti 60'lı;Temizlik;Kurumsal;105;31748,90;18879,00;Satış
30.10.2025;F000921;Müşteri 17;Örnek Şampuan 500 ml;Kişisel Bakım;Kurumsal;60;5671,77;2850,00;Satış
30.10.2025;F000921;Müşteri 17;Deneme Kağıt Havlu 12'li;Kağıt;Kurumsal;147;21709,19;16464,00;Satış
30.10.2025;F000922;Müşteri 06;Örnek Şampuan 500 ml;Kişisel Bakım;Zincir market;132;12490,14;6270,00;Satış
30.10.2025;F000922;Müşteri 06;Deneme Tuvalet Kağıdı 32'li;Kağıt;Zincir market;171;40326,18;29548,80;Satış
30.10.2025;F000922;Müşteri 06;Örnek Sıvı Sabun 1,5 lt;Kişisel Bakım;Zincir market;93;7275,49;4347,75;Satış
30.10.2025;F000923;Müşteri 08;Kurgu Deterjan 5 kg;Temizlik;Bayi;38;7965,18;4947,60;Satış
30.10.2025;F000924;Müşteri 20;Hayali Bulaşık Tableti 60'lı;Temizlik;Online;53;16412,63;9529,40;Satış
30.10.2025;F000924;Müşteri 20;Deneme Kağıt Havlu 12'li;Kağıt;Online;19;2909,70;2128,00;Satış
31.10.2025;F000925;Müşteri 09;Kurgu Yumuşatıcı 3 lt;Temizlik;Kurumsal;36;4780,92;2916,00;Satış
31.10.2025;F000926;Müşteri 22;Örnek Şampuan 500 ml;Kişisel Bakım;Zincir market;48;4253,48;2280,00;Satış
31.10.2025;F000926;Müşteri 22;Kurgu Deterjan 5 kg;Temizlik;Zincir market;24;4896,81;3124,80;Satış
31.10.2025;F000927;Müşteri 10;Örnek Şampuan 500 ml;Kişisel Bakım;Bayi;21;1888,75;997,50;Satış
01.11.2025;F000928;Müşteri 02;Deneme Tuvalet Kağıdı 32'li;Kağıt;Bayi;8;1908,46;1382,40;Satış
01.11.2025;F000929;Müşteri 06;Hayali Bulaşık Tableti 60'lı;Temizlik;Zincir market;18;5350,13;3236,40;Satış
01.11.2025;F000930;Müşteri 04;Kurgu Yumuşatıcı 3 lt;Temizlik;Zincir market;153;19737,62;12393,00;Satış
01.11.2025;F000931;Müşteri 19;Örnek Şampuan 500 ml;Kişisel Bakım;Kurumsal;51;4746,97;2422,50;Satış
01.11.2025;F000931;Müşteri 19;Örnek Sıvı Sabun 1,5 lt;Kişisel Bakım;Kurumsal;57;4759,33;2664,75;Satış
01.11.2025;F000932;Müşteri 11;Kurgu Deterjan 5 kg;Temizlik;Bayi;20;4111,88;2604,00;Satış
03.11.2025;F000933;Müşteri 29;Kurgu Deterjan 5 kg;Temizlik;Bayi;35;7106,03;4557,00;Satış
03.11.2025;F000934;Müşteri 02;Kurgu Yumuşatıcı 3 lt;Temizlik;Bayi;18;2415,98;1458,00;Satış
03.11.2025;F000934;Müşteri 02;Örnek Şampuan 500 ml;Kişisel Bakım;Bayi;16;1445,50;760,00;Satış
03.11.2025;F000935;Müşteri 05;Deneme Tuvalet Kağıdı 32'li;Kağıt;Zincir market;51;11879,68;8812,80;Satış
03.11.2025;F000935;Müşteri 05;Örnek Sıvı Sabun 1,5 lt;Kişisel Bakım;Zincir market;51;4104,69;2384,25;Satış
03.11.2025;F000936;Müşteri 02;Deneme Kağıt Havlu 12'li;Kağıt;Bayi;8;1206,33;896,00;Satış
03.11.2025;F000936;Müşteri 02;Kurgu Deterjan 5 kg;Temizlik;Bayi;59;11860,24;7681,80;Satış
03.11.2025;F000936;Müşteri 02;Örnek Şampuan 500 ml;Kişisel Bakım;Bayi;15;1397,68;712,50;Satış
03.11.2025;F000937;Müşteri 08;Deneme Kağıt Havlu 12'li;Kağıt;Bayi;15;2359,59;1680,00;Satış
03.11.2025;F000937;Müşteri 08;Deneme Tuvalet Kağıdı 32'li;Kağıt;Bayi;44;10480,23;7603,20;Satış
04.11.2025;F000938;Müşteri 03;Hayali Bulaşık Tableti 60'lı;Temizlik;Online;38;11298,63;6832,40;Satış
04.11.2025;F000938;Müşteri 03;Kurgu Yumuşatıcı 3 lt;Temizlik;Online;42;5431,17;3402,00;Satış
04.11.2025;F000939;Müşteri 15;Kurgu Deterjan 5 kg;Temizlik;Bayi;51;10220,00;6640,20;Satış
04.11.2025;F000939;Müşteri 15;Hayali Bulaşık Tableti 60'lı;Temizlik;Bayi;20;5826,92;3596,00;Satış
04.11.2025;F000940;Müşteri 14;Kurgu Yumuşatıcı 3 lt;Temizlik;Zincir market;126;16936,86;10206,00;Satış
04.11.2025;F000940;Müşteri 14;Deneme Kağıt Havlu 12'li;Kağıt;Zincir market;15;2288,21;1680,00;Satış
04.11.2025;F000940;Müşteri 14;Kurgu Deterjan 5 kg;Temizlik;Zincir market;21;4406,92;2734,20;Satış
05.11.2025;F000941;Müşteri 14;Örnek Şampuan 500 ml;Kişisel Bakım;Zincir market;105;9823,15;4987,50;Satış
05.11.2025;F000941;Müşteri 14;Deneme Tuvalet Kağıdı 32'li;Kağıt;Zincir market;171;38078,55;29548,80;Satış
05.11.2025;F000941;Müşteri 14;Örnek Şampuan 500 ml;Kişisel Bakım;Zincir market;60;5281,89;2850,00;Satış
05.11.2025;F000942;Müşteri 25;Deneme Tuvalet Kağıdı 32'li;Kağıt;Online;51;11658,96;8812,80;Satış
06.11.2025;F000943;Müşteri 10;Deneme Tuvalet Kağıdı 32'li;Kağıt;Bayi;10;2211,06;1728,00;Satış
06.11.2025;F000944;Müşteri 22;Kurgu Yumuşatıcı 3 lt;Temizlik;Zincir market;150;19374,04;12150,00;Satış
06.11.2025;F000944;Müşteri 22;Deneme Kağıt Havlu 12'li;Kağıt;Zincir market;156;24128,65;17472,00;Satış
06.11.2025;F000945;Müşteri 15;Hayali Bulaşık Tableti 60'lı;Temizlik;Bayi;13;3989,44;2337,40;Satış
06.11.2025;F000945;Müşteri 15;Örnek Şampuan 500 ml;Kişisel Bakım;Bayi;16;1494,45;760,00;Satış
06.11.2025;F000946;Müşteri 12;Örnek Şampuan 500 ml;Kişisel Bakım;Bayi;50;4610,69;2375,00;Satış
06.11.2025;F000946;Müşteri 12;Hayali Bulaşık Tableti 60'lı;Temizlik;Bayi;45;12912,90;8091,00;Satış
06.11.2025;F000946;Müşteri 12;Deneme Tuvalet Kağıdı 32'li;Kağıt;Bayi;26;6005,84;4492,80;Satış
07.11.2025;F000947;Müşteri 23;Deneme Kağıt Havlu 12'li;Kağıt;Kurumsal;123;19356,43;13776,00;Satış
07.11.2025;F000947;Müşteri 23;Hayali Bulaşık Tableti 60'lı;Temizlik;Kurumsal;144;41357,92;25891,20;Satış
07.11.2025;F000947;Müşteri 23;Örnek Sıvı Sabun 1,5 lt;Kişisel Bakım;Kurumsal;156;13188,12;7293,00;Satış
07.11.2025;F000948;Müşteri 17;Örnek Sıvı Sabun 1,5 lt;Kişisel Bakım;Kurumsal;24;1894,91;1122,00;Satış
07.11.2025;F000948;Müşteri 17;Örnek Sıvı Sabun 1,5 lt;Kişisel Bakım;Kurumsal;102;8405,83;4768,50;Satış
07.11.2025;F000948;Müşteri 17;Örnek Sıvı Sabun 1,5 lt;Kişisel Bakım;Kurumsal;84;6668,91;3927,00;Satış
07.11.2025;F000949;Müşteri 18;Kurgu Deterjan 5 kg;Temizlik;Zincir market;120;24614,02;15624,00;Satış
07.11.2025;F000949;Müşteri 18;Kurgu Yumuşatıcı 3 lt;Temizlik;Zincir market;39;5257,10;3159,00;Satış
07.11.2025;F000949;Müşteri 18;Kurgu Yumuşatıcı 3 lt;Temizlik;Zincir market;117;14674,89;9477,00;Satış
07.11.2025;F000950;Müşteri 16;Hayali Bulaşık Tableti 60'lı;Temizlik;Zincir market;126;38657,31;22654,80;Satış
07.11.2025;F000950;Müşteri 16;Deneme Tuvalet Kağıdı 32'li;Kağıt;Zincir market;54;12704,09;9331,20;Satış
07.11.2025;F000950;Müşteri 16;Hayali Bulaşık Tableti 60'lı;Temizlik;Zincir market;57;16709,41;10248,60;Satış
08.11.2025;F000951;Müşteri 09;Kurgu Deterjan 5 kg;Temizlik;Kurumsal;84;16715,98;10936,80;Satış
08.11.2025;F000952;Müşteri 16;Deneme Kağıt Havlu 12'li;Kağıt;Zincir market;174;25886,10;19488,00;Satış
08.11.2025;F000952;Müşteri 16;Deneme Tuvalet Kağıdı 32'li;Kağıt;Zincir market;117;27357,35;20217,60;Satış
08.11.2025;F000952;Müşteri 16;Deneme Kağıt Havlu 12'li;Kağıt;Zincir market;69;10555,99;7728,00;Satış
08.11.2025;F000953;Müşteri 12;Deneme Tuvalet Kağıdı 32'li;Kağıt;Bayi;56;13416,44;9676,80;Satış
08.11.2025;F000953;Müşteri 12;Kurgu Deterjan 5 kg;Temizlik;Bayi;17;3539,13;2213,40;Satış
08.11.2025;F000953;Müşteri 12;Örnek Şampuan 500 ml;Kişisel Bakım;Bayi;10;880,09;475,00;Satış
08.11.2025;F000954;Müşteri 29;Örnek Sıvı Sabun 1,5 lt;Kişisel Bakım;Bayi;9;710,49;420,75;Satış
08.11.2025;F000955;Müşteri 09;Deneme Tuvalet Kağıdı 32'li;Kağıt;Kurumsal;42;9673,84;7257,60;Satış
10.11.2025;F000956;Müşteri 10;Deneme Tuvalet Kağıdı 32'li;Kağıt;Bayi;39;9308,87;6739,20;Satış
10.11.2025;F000956;Müşteri 10;Örnek Şampuan 500 ml;Kişisel Bakım;Bayi;27;2446,01;1282,50;Satış
10.11.2025;F000957;Müşteri 24;Kurgu Deterjan 5 kg;Temizlik;Online;23;4516,65;2994,60;Satış
10.11.2025;F000957;Müşteri 24;Kurgu Deterjan 5 kg;Temizlik;Online;60;12400,41;7812,00;Satış
10.11.2025;F000957;Müşteri 24;Hayali Bulaşık Tableti 60'lı;Temizlik;Online;38;11445,14;6832,40;Satış
11.11.2025;F000958;Müşteri 21;Hayali Bulaşık Tableti 60'lı;Temizlik;Bayi;25;7431,41;4495,00;Satış
11.11.2025;F000958;Müşteri 21;Deneme Tuvalet Kağıdı 32'li;Kağıt;Bayi;49;11317,98;8467,20;Satış
11.11.2025;F000958;Müşteri 21;Deneme Kağıt Havlu 12'li;Kağıt;Bayi;33;5051,06;3696,00;Satış
11.11.2025;F000959;Müşteri 19;Hayali Bulaşık Tableti 60'lı;Temizlik;Kurumsal;72;20841,05;12945,60;Satış
11.11.2025;F000960;Müşteri 09;Örnek Şampuan 500 ml;Kişisel Bakım;Kurumsal;84;7961,31;3990,00;Satış
11.11.2025;F000961;Müşteri 25;Kurgu Yumuşatıcı 3 lt;Temizlik;Online;27;3436,33;2187,00;Satış
12.11.2025;F000962;Müşteri 23;Örnek Sıvı Sabun 1,5 lt;Kişisel Bakım;Kurumsal;48;4071,25;2244,00;Satış
12.11.2025;F000962;Müşteri 23;Hayali Bulaşık Tableti 60'lı;Temizlik;Kurumsal;150;45357,44;26970,00;Satış
12.11.2025;F000962;Müşteri 23;Deneme Tuvalet Kağıdı 32'li;Kağıt;Kurumsal;165;36918,24;28512,00;Satış
12.11.2025;F000963;Müşteri 08;Kurgu Deterjan 5 kg;Temizlik;Bayi;25;5071,30;3255,00;Satış
12.11.2025;F000964;Müşteri 15;Örnek Sıvı Sabun 1,5 lt;Kişisel Bakım;Bayi;16;1273,52;748,00;Satış
12.11.2025;F000964;Müşteri 15;Deneme Tuvalet Kağıdı 32'li;Kağıt;Bayi;7;1635,05;1209,60;Satış
13.11.2025;F000965;Müşteri 12;Deneme Kağıt Havlu 12'li;Kağıt;Bayi;15;2310,46;1680,00;Satış
13.11.2025;F000965;Müşteri 12;Kurgu Deterjan 5 kg;Temizlik;Bayi;6;1199,98;781,20;Satış
13.11.2025;F000966;Müşteri 16;Örnek Şampuan 500 ml;Kişisel Bakım;Zincir market;75;6643,95;3562,50;Satış
13.11.2025;F000967;Müşteri 24;Deneme Kağıt Havlu 12'li;Kağıt;Online;26;4042,60;2912,00;Satış
13.11.2025;F000967;Müşteri 24;Örnek Sıvı Sabun 1,5 lt;Kişisel Bakım;Online;35;2950,24;1636,25;Satış
13.11.2025;F000967;Müşteri 24;Hayali Bulaşık Tableti 60'lı;Temizlik;Online;41;12371,29;7371,80;Satış
14.11.2025;F000968;Müşteri 11;Kurgu Deterjan 5 kg;Temizlik;Bayi;51;10263,59;6640,20;Satış
14.11.2025;F000968;Müşteri 11;Kurgu Deterjan 5 kg;Temizlik;Bayi;13;2659,68;1692,60;Satış
14.11.2025;F000968;Müşteri 11;Kurgu Deterjan 5 kg;Temizlik;Bayi;24;4646,80;3124,80;Satış
14.11.2025;F000969;Müşteri 20;Örnek Şampuan 500 ml;Kişisel Bakım;Online;27;2378,78;1282,50;Satış
14.11.2025;F000970;Müşteri 02;Deneme Tuvalet Kağıdı 32'li;Kağıt;Bayi;17;3944,03;2937,60;Satış
14.11.2025;F000970;Müşteri 02;Kurgu Yumuşatıcı 3 lt;Temizlik;Bayi;55;7386,79;4455,00;Satış
14.11.2025;F000970;Müşteri 02;Örnek Sıvı Sabun 1,5 lt;Kişisel Bakım;Bayi;17;1332,01;794,75;Satış
14.11.2025;F000971;Müşteri 18;Deneme Tuvalet Kağıdı 32'li;Kağıt;Zincir market;141;33725,28;24364,80;Satış
14.11.2025;F000971;Müşteri 18;Deneme Kağıt Havlu 12'li;Kağıt;Zincir market;90;13472,01;10080,00;Satış
14.11.2025;F000972;Müşteri 11;Deneme Kağıt Havlu 12'li;Kağıt;Bayi;37;5893,20;4144,00;Satış
14.11.2025;F000972;Müşteri 11;Deneme Tuvalet Kağıdı 32'li;Kağıt;Bayi;28;6396,13;4838,40;Satış
14.11.2025;F000972;Müşteri 11;Deneme Tuvalet Kağıdı 32'li;Kağıt;Bayi;59;13511,63;10195,20;Satış
15.11.2025;F000973;Müşteri 10;Örnek Sıvı Sabun 1,5 lt;Kişisel Bakım;Bayi;24;2036,33;1122,00;Satış
15.11.2025;F000973;Müşteri 10;Hayali Bulaşık Tableti 60'lı;Temizlik;Bayi;40;11494,90;7192,00;Satış
15.11.2025;F000974;Müşteri 24;Deneme Tuvalet Kağıdı 32'li;Kağıt;Online;31;7323,15;5356,80;Satış
15.11.2025;F000974;Müşteri 24;Örnek Sıvı Sabun 1,5 lt;Kişisel Bakım;Online;15;1255,18;701,25;Satış
17.11.2025;F000975;Müşteri 24;Kurgu Yumuşatıcı 3 lt;Temizlik;Online;58;7571,41;4698,00;Satış
17.11.2025;F000975;Müşteri 24;Kurgu Deterjan 5 kg;Temizlik;Online;14;2753,67;1822,80;Satış
17.11.2025;F000976;Müşteri 16;Örnek Sıvı Sabun 1,5 lt;Kişisel Bakım;Zincir market;27;2282,73;1262,25;Satış
17.11.2025;F000976;Müşteri 16;Deneme Kağıt Havlu 12'li;Kağıt;Zincir market;159;24169,57;17808,00;Satış
17.11.2025;F000976;Müşteri 16;Kurgu Deterjan 5 kg;Temizlik;Zincir market;93;18965,67;12108,60;Satış
17.11.2025;F000977;Müşteri 09;Kurgu Yumuşatıcı 3 lt;Temizlik;Kurumsal;120;15502,91;9720,00;Satış
17.11.2025;F000977;Müşteri 09;Deneme Kağıt Havlu 12'li;Kağıt;Kurumsal;159;25266,75;17808,00;Satış
17.11.2025;F000978;Müşteri 07;Hayali Bulaşık Tableti 60'lı;Temizlik;Bayi;29;8478,98;5214,20;Satış
17.11.2025;F000979;Müşteri 16;Hayali Bulaşık Tableti 60'lı;Temizlik;Zincir market;171;50049,89;30745,80;Satış
18.11.2025;F000980;Müşteri 18;Örnek Şampuan 500 ml;Kişisel Bakım;Zincir market;57;4993,43;2707,50;Satış
18.11.2025;F000980;Müşteri 18;Kurgu Deterjan 5 kg;Temizlik;Zincir market;42;8299,74;5468,40;Satış
18.11.2025;F000980;Müşteri 18;Deneme Tuvalet Kağıdı 32'li;Kağıt;Zincir market;174;40545,82;30067,20;Satış
18.11.2025;F000981;Müşteri 04;Deneme Tuvalet Kağıdı 32'li;Kağıt;Zincir market;69;15787,85;11923,20;Satış
18.11.2025;F000981;Müşteri 04;Örnek Şampuan 500 ml;Kişisel Bakım;Zincir market;147;13568,15;6982,50;Satış
18.11.2025;F000981;Müşteri 04;Kurgu Deterjan 5 kg;Temizlik;Zincir market;36;7417,70;4687,20;Satış
18.11.2025;F000982;Müşteri 16;Deneme Kağıt Havlu 12'li;Kağıt;Zincir market;156;23685,56;17472,00;Satış
18.11.2025;F000983;Müşteri 16;Örnek Şampuan 500 ml;Kişisel Bakım;Zincir market;180;16084,82;8550,00;Satış
18.11.2025;F000983;Müşteri 16;Deneme Tuvalet Kağıdı 32'li;Kağıt;Zincir market;105;25148,11;18144,00;Satış
18.11.2025;F000983;Müşteri 16;Hayali Bulaşık Tableti 60'lı;Temizlik;Zincir market;36;10600,39;6472,80;Satış
18.11.2025;F000984;Müşteri 24;Kurgu Deterjan 5 kg;Temizlik;Online;59;11656,05;7681,80;Satış
18.11.2025;F000984;Müşteri 24;Deneme Kağıt Havlu 12'li;Kağıt;Online;8;1192,56;896,00;Satış
18.11.2025;F000984;Müşteri 24;Örnek Şampuan 500 ml;Kişisel Bakım;Online;49;4333,06;2327,50;Satış
19.11.2025;F000985;Müşteri 12;Deneme Tuvalet Kağıdı 32'li;Kağıt;Bayi;27;5986,85;4665,60;Satış
19.11.2025;F000985;Müşteri 12;Örnek Sıvı Sabun 1,5 lt;Kişisel Bakım;Bayi;38;3136,70;1776,50;Satış
19.11.2025;F000986;Müşteri 03;Kurgu Yumuşatıcı 3 lt;Temizlik;Online;54;7073,07;4374,00;Satış
19.11.2025;F000986;Müşteri 03;Hayali Bulaşık Tableti 60'lı;Temizlik;Online;11;3300,54;1977,80;Satış
19.11.2025;F000986;Müşteri 03;Kurgu Yumuşatıcı 3 lt;Temizlik;Online;39;4979,68;3159,00;Satış
19.11.2025;F000987;Müşteri 11;Hayali Bulaşık Tableti 60'lı;Temizlik;Bayi;24;7006,37;4315,20;Satış
19.11.2025;F000987;Müşteri 11;Deneme Tuvalet Kağıdı 32'li;Kağıt;Bayi;49;11160,26;8467,20;Satış
19.11.2025;F000987;Müşteri 11;Deneme Kağıt Havlu 12'li;Kağıt;Bayi;42;6371,44;4704,00;Satış
19.11.2025;F000988;Müşteri 05;Kurgu Yumuşatıcı 3 lt;Temizlik;Zincir market;114;14505,28;9234,00;Satış
20.11.2025;F000989;Müşteri 11;Kurgu Deterjan 5 kg;Temizlik;Bayi;18;3524,34;2343,60;Satış
20.11.2025;F000990;Müşteri 08;Hayali Bulaşık Tableti 60'lı;Temizlik;Bayi;40;12016,52;7192,00;Satış
20.11.2025;F000991;Müşteri 27;Hayali Bulaşık Tableti 60'lı;Temizlik;Zincir market;117;35435,93;21036,60;Satış
20.11.2025;F000991;Müşteri 27;Deneme Tuvalet Kağıdı 32'li;Kağıt;Zincir market;159;37557,32;27475,20;Satış
20.11.2025;F000991;Müşteri 27;Örnek Şampuan 500 ml;Kişisel Bakım;Zincir market;102;9624,91;4845,00;Satış
20.11.2025;F000992;Müşteri 04;Kurgu Deterjan 5 kg;Temizlik;Zincir market;105;20900,24;13671,00;Satış
20.11.2025;F000993;Müşteri 23;Kurgu Yumuşatıcı 3 lt;Temizlik;Kurumsal;171;22054,37;13851,00;Satış
20.11.2025;F000993;Müşteri 23;Deneme Kağıt Havlu 12'li;Kağıt;Kurumsal;114;17895,03;12768,00;Satış
21.11.2025;F000994;Müşteri 01;Hayali Bulaşık Tableti 60'lı;Temizlik;Bayi;12;3488,57;2157,60;Satış
21.11.2025;F000994;Müşteri 01;Hayali Bulaşık Tableti 60'lı;Temizlik;Bayi;49;14147,80;8810,20;Satış
21.11.2025;F000994;Müşteri 01;Kurgu Yumuşatıcı 3 lt;Temizlik;Bayi;24;3013,29;1944,00;Satış
21.11.2025;F000995;Müşteri 05;Örnek Şampuan 500 ml;Kişisel Bakım;Zincir market;147;13700,25;6982,50;Satış
21.11.2025;F000996;Müşteri 04;Kurgu Deterjan 5 kg;Temizlik;Zincir market;162;32616,35;21092,40;Satış
21.11.2025;F000997;Müşteri 14;Kurgu Yumuşatıcı 3 lt;Temizlik;Zincir market;33;4110,29;2673,00;Satış
22.11.2025;F000998;Müşteri 16;Örnek Sıvı Sabun 1,5 lt;Kişisel Bakım;Zincir market;21;1651,66;981,75;Satış
22.11.2025;F000999;Müşteri 22;Hayali Bulaşık Tableti 60'lı;Temizlik;Zincir market;33;10051,89;5933,40;Satış
24.11.2025;F001000;Müşteri 19;Kurgu Yumuşatıcı 3 lt;Temizlik;Kurumsal;141;18047,52;11421,00;Satış
24.11.2025;F001001;Müşteri 03;Hayali Bulaşık Tableti 60'lı;Temizlik;Online;52;16045,00;9349,60;Satış
24.11.2025;F001002;Müşteri 19;Örnek Sıvı Sabun 1,5 lt;Kişisel Bakım;Kurumsal;45;3780,67;2103,75;Satış
24.11.2025;F001002;Müşteri 19;Hayali Bulaşık Tableti 60'lı;Temizlik;Kurumsal;153;45961,40;27509,40;Satış
25.11.2025;F001003;Müşteri 04;Hayali Bulaşık Tableti 60'lı;Temizlik;Zincir market;15;4474,73;2697,00;Satış
25.11.2025;F001003;Müşteri 04;Deneme Tuvalet Kağıdı 32'li;Kağıt;Zincir market;51;12205,01;8812,80;Satış
25.11.2025;F001003;Müşteri 04;Kurgu Yumuşatıcı 3 lt;Temizlik;Zincir market;159;20670,15;12879,00;Satış
25.11.2025;F001004;Müşteri 24;Kurgu Yumuşatıcı 3 lt;Temizlik;Online;37;4935,58;2997,00;Satış
26.11.2025;F001005;Müşteri 15;Kurgu Deterjan 5 kg;Temizlik;Bayi;16;3315,58;2083,20;Satış
26.11.2025;F001005;Müşteri 15;Örnek Şampuan 500 ml;Kişisel Bakım;Bayi;32;2848,91;1520,00;Satış
26.11.2025;F001005;Müşteri 15;Kurgu Yumuşatıcı 3 lt;Temizlik;Bayi;31;3887,98;2511,00;Satış
26.11.2025;F001006;Müşteri 11;Örnek Şampuan 500 ml;Kişisel Bakım;Bayi;12;1096,20;570,00;Satış
26.11.2025;F001007;Müşteri 16;Deneme Tuvalet Kağıdı 32'li;Kağıt;Zincir market;69;15973,29;11923,20;Satış
26.11.2025;F001007;Müşteri 16;Kurgu Deterjan 5 kg;Temizlik;Zincir market;30;5961,37;3906,00;Satış
27.11.2025;F001008;Müşteri 15;Deneme Tuvalet Kağıdı 32'li;Kağıt;Bayi;24;5615,79;4147,20;Satış
27.11.2025;F001008;Müşteri 15;Hayali Bulaşık Tableti 60'lı;Temizlik;Bayi;33;9596,45;5933,40;Satış
27.11.2025;F001008;Müşteri 15;Örnek Şampuan 500 ml;Kişisel Bakım;Bayi;23;2182,37;1092,50;Satış
27.11.2025;F001009;Müşteri 14;Hayali Bulaşık Tableti 60'lı;Temizlik;Zincir market;27;8299,53;4854,60;Satış
27.11.2025;F001010;Müşteri 26;Deneme Tuvalet Kağıdı 32'li;Kağıt;Zincir market;84;18836,37;14515,20;Satış
27.11.2025;F001010;Müşteri 26;Deneme Tuvalet Kağıdı 32'li;Kağıt;Zincir market;108;25240,06;18662,40;Satış
27.11.2025;F001011;Müşteri 13;Deneme Kağıt Havlu 12'li;Kağıt;Zincir market;141;21976,18;15792,00;Satış
27.11.2025;F001011;Müşteri 13;Kurgu Deterjan 5 kg;Temizlik;Zincir market;42;8392,98;5468,40;Satış
28.11.2025;F001012;Müşteri 24;Kurgu Deterjan 5 kg;Temizlik;Online;28;5868,34;3645,60;Satış
28.11.2025;F001013;Müşteri 11;Deneme Kağıt Havlu 12'li;Kağıt;Bayi;59;9432,95;6608,00;Satış
29.11.2025;F001014;Müşteri 24;Örnek Sıvı Sabun 1,5 lt;Kişisel Bakım;Online;53;4401,74;2477,75;Satış
29.11.2025;F001014;Müşteri 24;Deneme Kağıt Havlu 12'li;Kağıt;Online;42;6329,15;4704,00;Satış
29.11.2025;F001015;Müşteri 26;Örnek Şampuan 500 ml;Kişisel Bakım;Zincir market;81;7372,32;3847,50;Satış
29.11.2025;F001015;Müşteri 26;Deneme Kağıt Havlu 12'li;Kağıt;Zincir market;90;14385,63;10080,00;Satış
29.11.2025;F001015;Müşteri 26;Deneme Kağıt Havlu 12'li;Kağıt;Zincir market;66;9839,70;7392,00;Satış
29.11.2025;F001016;Müşteri 15;Kurgu Deterjan 5 kg;Temizlik;Bayi;21;4229,84;2734,20;Satış
29.11.2025;F001017;Müşteri 08;Kurgu Yumuşatıcı 3 lt;Temizlik;Bayi;6;751,65;486,00;Satış
29.11.2025;F001017;Müşteri 08;Kurgu Deterjan 5 kg;Temizlik;Bayi;58;11272,08;7551,60;Satış
29.11.2025;F001017;Müşteri 08;Deneme Tuvalet Kağıdı 32'li;Kağıt;Bayi;6;1436,78;1036,80;Satış
29.11.2025;F001018;Müşteri 13;Deneme Tuvalet Kağıdı 32'li;Kağıt;Zincir market;75;16779,94;12960,00;Satış
29.11.2025;F001018;Müşteri 13;Deneme Kağıt Havlu 12'li;Kağıt;Zincir market;132;19593,17;14784,00;Satış
29.11.2025;F001018;Müşteri 13;Kurgu Deterjan 5 kg;Temizlik;Zincir market;141;29021,61;18358,20;Satış
01.12.2025;F001019;Müşteri 07;Deneme Tuvalet Kağıdı 32'li;Kağıt;Bayi;36;8287,66;6220,80;Satış
01.12.2025;F001019;Müşteri 07;Örnek Sıvı Sabun 1,5 lt;Kişisel Bakım;Bayi;39;3140,93;1823,25;Satış
01.12.2025;F001020;Müşteri 28;Deneme Kağıt Havlu 12'li;Kağıt;Online;6;956,36;672,00;Satış
01.12.2025;F001020;Müşteri 28;Kurgu Deterjan 5 kg;Temizlik;Online;32;6655,56;4166,40;Satış
01.12.2025;F001020;Müşteri 28;Kurgu Deterjan 5 kg;Temizlik;Online;29;5822,10;3775,80;Satış
01.12.2025;F001021;Müşteri 28;Örnek Şampuan 500 ml;Kişisel Bakım;Online;34;2980,90;1615,00;Satış
01.12.2025;F001021;Müşteri 28;Kurgu Yumuşatıcı 3 lt;Temizlik;Online;40;5252,87;3240,00;Satış
01.12.2025;F001022;Müşteri 25;Deneme Tuvalet Kağıdı 32'li;Kağıt;Online;15;3453,55;2592,00;Satış
01.12.2025;F001022;Müşteri 25;Kurgu Yumuşatıcı 3 lt;Temizlik;Online;24;3166,32;1944,00;Satış
01.12.2025;F001023;Müşteri 16;Deneme Kağıt Havlu 12'li;Kağıt;Zincir market;144;22100,99;16128,00;Satış
02.12.2025;F001024;Müşteri 16;Hayali Bulaşık Tableti 60'lı;Temizlik;Zincir market;45;13399,46;8091,00;Satış
02.12.2025;F001024;Müşteri 16;Örnek Şampuan 500 ml;Kişisel Bakım;Zincir market;63;5743,06;2992,50;Satış
02.12.2025;F001024;Müşteri 16;Örnek Şampuan 500 ml;Kişisel Bakım;Zincir market;132;12215,45;6270,00;Satış
02.12.2025;F001025;Müşteri 25;Örnek Sıvı Sabun 1,5 lt;Kişisel Bakım;Online;8;627,13;374,00;Satış
02.12.2025;F001025;Müşteri 25;Kurgu Deterjan 5 kg;Temizlik;Online;13;2694,39;1692,60;Satış
02.12.2025;F001026;Müşteri 12;Deneme Kağıt Havlu 12'li;Kağıt;Bayi;6;941,97;672,00;Satış
02.12.2025;F001026;Müşteri 12;Deneme Tuvalet Kağıdı 32'li;Kağıt;Bayi;26;5930,78;4492,80;Satış
02.12.2025;F001026;Müşteri 12;Örnek Şampuan 500 ml;Kişisel Bakım;Bayi;27;2563,35;1282,50;Satış
02.12.2025;F001027;Müşteri 14;Kurgu Deterjan 5 kg;Temizlik;Zincir market;141;27819,73;18358,20;Satış
02.12.2025;F001027;Müşteri 14;Kurgu Yumuşatıcı 3 lt;Temizlik;Zincir market;138;17604,75;11178,00;Satış
02.12.2025;F001028;Müşteri 03;Kurgu Deterjan 5 kg;Temizlik;Online;60;11899,35;7812,00;Satış
02.12.2025;F001028;Müşteri 03;Örnek Sıvı Sabun 1,5 lt;Kişisel Bakım;Online;15;1175,01;701,25;Satış
02.12.2025;F001028;Müşteri 03;Örnek Sıvı Sabun 1,5 lt;Kişisel Bakım;Online;7;569,34;327,25;Satış
03.12.2025;F001029;Müşteri 09;Deneme Tuvalet Kağıdı 32'li;Kağıt;Kurumsal;105;24369,39;18144,00;Satış
03.12.2025;F001030;Müşteri 11;Deneme Kağıt Havlu 12'li;Kağıt;Bayi;29;4388,48;3248,00;Satış
03.12.2025;F001030;Müşteri 11;Kurgu Deterjan 5 kg;Temizlik;Bayi;56;11278,65;7291,20;Satış
03.12.2025;F001031;Müşteri 23;Kurgu Yumuşatıcı 3 lt;Temizlik;Kurumsal;78;10106,05;6318,00;Satış
03.12.2025;F001031;Müşteri 23;Hayali Bulaşık Tableti 60'lı;Temizlik;Kurumsal;159;47978,44;28588,20;Satış
03.12.2025;F001031;Müşteri 23;Kurgu Yumuşatıcı 3 lt;Temizlik;Kurumsal;132;16821,40;10692,00;Satış
03.12.2025;F001032;Müşteri 14;Örnek Şampuan 500 ml;Kişisel Bakım;Zincir market;135;12668,36;6412,50;Satış
03.12.2025;F001033;Müşteri 26;Hayali Bulaşık Tableti 60'lı;Temizlik;Zincir market;177;52832,50;31824,60;Satış
04.12.2025;F001034;Müşteri 10;Örnek Şampuan 500 ml;Kişisel Bakım;Bayi;56;4990,54;2660,00;Satış
04.12.2025;F001034;Müşteri 10;Deneme Tuvalet Kağıdı 32'li;Kağıt;Bayi;10;2345,80;1728,00;Satış
04.12.2025;F001034;Müşteri 10;Deneme Kağıt Havlu 12'li;Kağıt;Bayi;11;1702,53;1232,00;Satış
04.12.2025;F001035;Müşteri 09;Deneme Kağıt Havlu 12'li;Kağıt;Kurumsal;168;25871,60;18816,00;Satış
05.12.2025;F001036;Müşteri 26;Deneme Tuvalet Kağıdı 32'li;Kağıt;Zincir market;171;38747,82;29548,80;Satış
05.12.2025;F001037;Müşteri 26;Örnek Şampuan 500 ml;Kişisel Bakım;Zincir market;141;12902,01;6697,50;Satış
05.12.2025;F001037;Müşteri 26;Kurgu Yumuşatıcı 3 lt;Temizlik;Zincir market;93;11954,67;7533,00;Satış
05.12.2025;F001038;Müşteri 20;Örnek Şampuan 500 ml;Kişisel Bakım;Online;47;4380,50;2232,50;Satış
05.12.2025;F001038;Müşteri 20;Kurgu Yumuşatıcı 3 lt;Temizlik;Online;6;785,88;486,00;Satış
05.12.2025;F001038;Müşteri 20;Deneme Kağıt Havlu 12'li;Kağıt;Online;60;8975,26;6720,00;Satış
05.12.2025;F001039;Müşteri 16;Deneme Tuvalet Kağıdı 32'li;Kağıt;Zincir market;171;40193,62;29548,80;Satış
06.12.2025;F001040;Müşteri 30;Deneme Tuvalet Kağıdı 32'li;Kağıt;Bayi;45;9987,74;7776,00;Satış
06.12.2025;F001040;Müşteri 30;Kurgu Yumuşatıcı 3 lt;Temizlik;Bayi;28;3617,46;2268,00;Satış
06.12.2025;F001040;Müşteri 30;Kurgu Yumuşatıcı 3 lt;Temizlik;Bayi;14;1851,66;1134,00;Satış
06.12.2025;F001041;Müşteri 25;Hayali Bulaşık Tableti 60'lı;Temizlik;Online;32;9451,98;5753,60;Satış
06.12.2025;F001041;Müşteri 25;Hayali Bulaşık Tableti 60'lı;Temizlik;Online;58;17852,18;10428,40;Satış
06.12.2025;F001042;Müşteri 21;Hayali Bulaşık Tableti 60'lı;Temizlik;Bayi;31;9046,42;5573,80;Satış
06.12.2025;F001043;Müşteri 10;Kurgu Yumuşatıcı 3 lt;Temizlik;Bayi;21;2763,98;1701,00;Satış
06.12.2025;F001043;Müşteri 10;Kurgu Yumuşatıcı 3 lt;Temizlik;Bayi;30;3803,27;2430,00;Satış
06.12.2025;F001043;Müşteri 10;Kurgu Yumuşatıcı 3 lt;Temizlik;Bayi;17;2116,49;1377,00;Satış
06.12.2025;F001044;Müşteri 26;Örnek Şampuan 500 ml;Kişisel Bakım;Zincir market;108;9898,70;5130,00;Satış
06.12.2025;F001044;Müşteri 26;Örnek Şampuan 500 ml;Kişisel Bakım;Zincir market;96;8862,39;4560,00;Satış
08.12.2025;F001045;Müşteri 09;Kurgu Deterjan 5 kg;Temizlik;Kurumsal;63;13007,39;8202,60;Satış
08.12.2025;F001046;Müşteri 09;Deneme Kağıt Havlu 12'li;Kağıt;Kurumsal;48;7461,45;5376,00;Satış
08.12.2025;F001046;Müşteri 09;Kurgu Deterjan 5 kg;Temizlik;Kurumsal;153;30808,41;19920,60;Satış
08.12.2025;F001046;Müşteri 09;Kurgu Deterjan 5 kg;Temizlik;Kurumsal;24;4983,38;3124,80;Satış
08.12.2025;F001047;Müşteri 03;Deneme Kağıt Havlu 12'li;Kağıt;Online;24;3799,20;2688,00;Satış
08.12.2025;F001047;Müşteri 03;Örnek Şampuan 500 ml;Kişisel Bakım;Online;28;2590,13;1330,00;Satış
09.12.2025;F001048;Müşteri 27;Hayali Bulaşık Tableti 60'lı;Temizlik;Zincir market;39;11351,10;7012,20;Satış
09.12.2025;F001048;Müşteri 27;Deneme Kağıt Havlu 12'li;Kağıt;Zincir market;156;23962,10;17472,00;Satış
09.12.2025;F001048;Müşteri 27;Kurgu Deterjan 5 kg;Temizlik;Zincir market;114;23296,91;14842,80;Satış
09.12.2025;F001049;Müşteri 19;Örnek Sıvı Sabun 1,5 lt;Kişisel Bakım;Kurumsal;108;9095,22;5049,00;Satış
09.12.2025;F001049;Müşteri 19;Kurgu Yumuşatıcı 3 lt;Temizlik;Kurumsal;129;16192,16;10449,00;Satış
09.12.2025;F001049;Müşteri 19;Hayali Bulaşık Tableti 60'lı;Temizlik;Kurumsal;75;22002,47;13485,00;Satış
09.12.2025;F001050;Müşteri 19;Örnek Şampuan 500 ml;Kişisel Bakım;Kurumsal;168;15638,72;7980,00;Satış
09.12.2025;F001050;Müşteri 19;Kurgu Yumuşatıcı 3 lt;Temizlik;Kurumsal;96;12149,23;7776,00;Satış
09.12.2025;F001050;Müşteri 19;Kurgu Deterjan 5 kg;Temizlik;Kurumsal;48;9446,26;6249,60;Satış
09.12.2025;F001051;Müşteri 09;Örnek Şampuan 500 ml;Kişisel Bakım;Kurumsal;63;5919,36;2992,50;Satış
09.12.2025;F001051;Müşteri 09;Kurgu Deterjan 5 kg;Temizlik;Kurumsal;108;21833,53;14061,60;Satış
09.12.2025;F001052;Müşteri 23;Örnek Sıvı Sabun 1,5 lt;Kişisel Bakım;Kurumsal;117;9486,56;5469,75;Satış
10.12.2025;F001053;Müşteri 29;Örnek Sıvı Sabun 1,5 lt;Kişisel Bakım;Bayi;35;2907,33;1636,25;Satış
10.12.2025;F001054;Müşteri 27;Kurgu Deterjan 5 kg;Temizlik;Zincir market;138;28903,04;17967,60;Satış
10.12.2025;F001054;Müşteri 27;Deneme Kağıt Havlu 12'li;Kağıt;Zincir market;21;3317,39;2352,00;Satış
10.12.2025;F001055;Müşteri 22;Deneme Tuvalet Kağıdı 32'li;Kağıt;Zincir market;165;38559,62;28512,00;Satış
10.12.2025;F001056;Müşteri 09;Örnek Şampuan 500 ml;Kişisel Bakım;Kurumsal;72;6642,43;3420,00;Satış
10.12.2025;F001056;Müşteri 09;Deneme Tuvalet Kağıdı 32'li;Kağıt;Kurumsal;84;20003,81;14515,20;Satış
10.12.2025;F001056;Müşteri 09;Deneme Tuvalet Kağıdı 32'li;Kağıt;Kurumsal;36;8318,53;6220,80;Satış
11.12.2025;F001057;Müşteri 13;Örnek Şampuan 500 ml;Kişisel Bakım;Zincir market;63;5650,27;2992,50;Satış
11.12.2025;F001058;Müşteri 30;Örnek Sıvı Sabun 1,5 lt;Kişisel Bakım;Bayi;18;1512,79;841,50;Satış
11.12.2025;F001059;Müşteri 06;Deneme Tuvalet Kağıdı 32'li;Kağıt;Zincir market;75;17826,43;12960,00;Satış
11.12.2025;F001059;Müşteri 06;Hayali Bulaşık Tableti 60'lı;Temizlik;Zincir market;138;40748,08;24812,40;Satış
11.12.2025;F001060;Müşteri 02;Hayali Bulaşık Tableti 60'lı;Temizlik;Bayi;10;3056,15;1798,00;Satış
11.12.2025;F001060;Müşteri 02;Örnek Şampuan 500 ml;Kişisel Bakım;Bayi;35;3255,03;1662,50;Satış
11.12.2025;F001061;Müşteri 30;Deneme Tuvalet Kağıdı 32'li;Kağıt;Bayi;32;7604,28;5529,60;Satış
11.12.2025;F001061;Müşteri 30;Hayali Bulaşık Tableti 60'lı;Temizlik;Bayi;11;3362,10;1977,80;Satış
12.12.2025;F001062;Müşteri 12;Deneme Kağıt Havlu 12'li;Kağıt;Bayi;51;8038,21;5712,00;Satış
12.12.2025;F001062;Müşteri 12;Deneme Tuvalet Kağıdı 32'li;Kağıt;Bayi;25;5737,57;4320,00;Satış
12.12.2025;F001063;Müşteri 01;Deneme Tuvalet Kağıdı 32'li;Kağıt;Bayi;46;10319,08;7948,80;Satış
13.12.2025;F001064;Müşteri 01;Kurgu Yumuşatıcı 3 lt;Temizlik;Bayi;45;5737,50;3645,00;Satış
13.12.2025;F001064;Müşteri 01;Deneme Kağıt Havlu 12'li;Kağıt;Bayi;10;1486,19;1120,00;Satış
13.12.2025;F001065;Müşteri 08;Deneme Tuvalet Kağıdı 32'li;Kağıt;Bayi;54;12784,39;9331,20;Satış
13.12.2025;F001065;Müşteri 08;Hayali Bulaşık Tableti 60'lı;Temizlik;Bayi;13;3980,66;2337,40;Satış
13.12.2025;F001065;Müşteri 08;Deneme Tuvalet Kağıdı 32'li;Kağıt;Bayi;31;7316,58;5356,80;Satış
13.12.2025;F001066;Müşteri 11;Örnek Şampuan 500 ml;Kişisel Bakım;Bayi;60;5579,24;2850,00;Satış
13.12.2025;F001066;Müşteri 11;Örnek Sıvı Sabun 1,5 lt;Kişisel Bakım;Bayi;16;1326,00;748,00;Satış
15.12.2025;F001067;Müşteri 07;Örnek Şampuan 500 ml;Kişisel Bakım;Bayi;28;2485,91;1330,00;Satış
15.12.2025;F001068;Müşteri 29;Hayali Bulaşık Tableti 60'lı;Temizlik;Bayi;41;11921,46;7371,80;Satış
15.12.2025;F001068;Müşteri 29;Kurgu Deterjan 5 kg;Temizlik;Bayi;40;8162,86;5208,00;Satış
15.12.2025;F001069;Müşteri 21;Kurgu Deterjan 5 kg;Temizlik;Bayi;34;6682,05;4426,80;Satış
15.12.2025;F001070;Müşteri 23;Kurgu Deterjan 5 kg;Temizlik;Kurumsal;90;18322,42;11718,00;Satış
16.12.2025;F001071;Müşteri 03;Kurgu Yumuşatıcı 3 lt;Temizlik;Online;41;5144,16;3321,00;Satış
16.12.2025;F001071;Müşteri 03;Deneme Tuvalet Kağıdı 32'li;Kağıt;Online;38;8707,89;6566,40;Satış
16.12.2025;F001072;Müşteri 30;Hayali Bulaşık Tableti 60'lı;Temizlik;Bayi;48;14277,84;8630,40;Satış
16.12.2025;F001072;Müşteri 30;Kurgu Yumuşatıcı 3 lt;Temizlik;Bayi;50;6319,70;4050,00;Satış
16.12.2025;F001073;Müşteri 28;Örnek Sıvı Sabun 1,5 lt;Kişisel Bakım;Online;52;4241,14;2431,00;Satış
16.12.2025;F001073;Müşteri 28;Kurgu Yumuşatıcı 3 lt;Temizlik;Online;32;4270,35;2592,00;Satış
17.12.2025;F001074;Müşteri 24;Kurgu Yumuşatıcı 3 lt;Temizlik;Online;31;3910,59;2511,00;Satış
17.12.2025;F001074;Müşteri 24;Hayali Bulaşık Tableti 60'lı;Temizlik;Online;14;4002,79;2517,20;Satış
17.12.2025;F001074;Müşteri 24;Örnek Sıvı Sabun 1,5 lt;Kişisel Bakım;Online;20;1648,00;935,00;Satış
17.12.2025;F001075;Müşteri 30;Örnek Sıvı Sabun 1,5 lt;Kişisel Bakım;Bayi;42;3479,83;1963,50;Satış
17.12.2025;F001076;Müşteri 15;Kurgu Deterjan 5 kg;Temizlik;Bayi;35;6840,32;4557,00;Satış
17.12.2025;F001077;Müşteri 11;Örnek Şampuan 500 ml;Kişisel Bakım;Bayi;48;4272,62;2280,00;Satış
17.12.2025;F001077;Müşteri 11;Örnek Şampuan 500 ml;Kişisel Bakım;Bayi;50;4530,85;2375,00;Satış
17.12.2025;F001077;Müşteri 11;Deneme Kağıt Havlu 12'li;Kağıt;Bayi;21;3110,84;2352,00;Satış
18.12.2025;F001078;Müşteri 11;Örnek Şampuan 500 ml;Kişisel Bakım;Bayi;27;2564,33;1282,50;Satış
18.12.2025;F001079;Müşteri 22;Deneme Tuvalet Kağıdı 32'li;Kağıt;Zincir market;156;36870,47;26956,80;Satış
18.12.2025;F001079;Müşteri 22;Kurgu Deterjan 5 kg;Temizlik;Zincir market;63;12705,61;8202,60;Satış
18.12.2025;F001079;Müşteri 22;Örnek Şampuan 500 ml;Kişisel Bakım;Zincir market;72;6827,70;3420,00;Satış
19.12.2025;F001080;Müşteri 29;Kurgu Deterjan 5 kg;Temizlik;Bayi;42;8240,97;5468,40;Satış
19.12.2025;F001080;Müşteri 29;Kurgu Yumuşatıcı 3 lt;Temizlik;Bayi;37;4792,34;2997,00;Satış
19.12.2025;F001080;Müşteri 29;Örnek Sıvı Sabun 1,5 lt;Kişisel Bakım;Bayi;34;2689,30;1589,50;Satış
19.12.2025;F001081;Müşteri 11;Deneme Kağıt Havlu 12'li;Kağıt;Bayi;32;4768,48;3584,00;Satış
19.12.2025;F001081;Müşteri 11;Kurgu Deterjan 5 kg;Temizlik;Bayi;25;4848,55;3255,00;Satış
19.12.2025;F001081;Müşteri 11;Kurgu Yumuşatıcı 3 lt;Temizlik;Bayi;36;4810,11;2916,00;Satış
19.12.2025;F001082;Müşteri 27;Deneme Tuvalet Kağıdı 32'li;Kağıt;Zincir market;84;20041,04;14515,20;Satış
19.12.2025;F001082;Müşteri 27;Örnek Sıvı Sabun 1,5 lt;Kişisel Bakım;Zincir market;63;5189,18;2945,25;Satış
20.12.2025;F001083;Müşteri 17;Örnek Şampuan 500 ml;Kişisel Bakım;Kurumsal;45;4040,92;2137,50;Satış
20.12.2025;F001083;Müşteri 17;Örnek Şampuan 500 ml;Kişisel Bakım;Kurumsal;159;15044,64;7552,50;Satış
20.12.2025;F001084;Müşteri 18;Deneme Tuvalet Kağıdı 32'li;Kağıt;Zincir market;168;38513,63;29030,40;Satış
20.12.2025;F001084;Müşteri 18;Kurgu Yumuşatıcı 3 lt;Temizlik;Zincir market;42;5241,15;3402,00;Satış
20.12.2025;F001084;Müşteri 18;Kurgu Yumuşatıcı 3 lt;Temizlik;Zincir market;21;2714,85;1701,00;Satış
20.12.2025;F001085;Müşteri 06;Örnek Şampuan 500 ml;Kişisel Bakım;Zincir market;96;8475,05;4560,00;Satış
20.12.2025;F001085;Müşteri 06;Örnek Şampuan 500 ml;Kişisel Bakım;Zincir market;21;1905,87;997,50;Satış
20.12.2025;F001085;Müşteri 06;Deneme Tuvalet Kağıdı 32'li;Kağıt;Zincir market;120;27613,90;20736,00;Satış
20.12.2025;F001086;Müşteri 16;Hayali Bulaşık Tableti 60'lı;Temizlik;Zincir market;153;46924,89;27509,40;Satış
22.12.2025;F001087;Müşteri 07;Kurgu Yumuşatıcı 3 lt;Temizlik;Bayi;58;7309,02;4698,00;Satış
22.12.2025;F001087;Müşteri 07;Deneme Kağıt Havlu 12'li;Kağıt;Bayi;57;8589,43;6384,00;Satış
22.12.2025;F001088;Müşteri 29;Deneme Kağıt Havlu 12'li;Kağıt;Bayi;18;2784,05;2016,00;Satış
22.12.2025;F001088;Müşteri 29;Kurgu Deterjan 5 kg;Temizlik;Bayi;38;7831,16;4947,60;Satış
22.12.2025;F001088;Müşteri 29;Kurgu Yumuşatıcı 3 lt;Temizlik;Bayi;31;4158,35;2511,00;Satış
23.12.2025;F001089;Müşteri 22;Örnek Sıvı Sabun 1,5 lt;Kişisel Bakım;Zincir market;18;1442,40;841,50;Satış
23.12.2025;F001090;Müşteri 22;Örnek Şampuan 500 ml;Kişisel Bakım;Zincir market;84;7718,47;3990,00;Satış
23.12.2025;F001091;Müşteri 04;Kurgu Yumuşatıcı 3 lt;Temizlik;Zincir market;18;2251,36;1458,00;Satış
23.12.2025;F001091;Müşteri 04;Hayali Bulaşık Tableti 60'lı;Temizlik;Zincir market;150;45233,49;26970,00;Satış
23.12.2025;F001092;Müşteri 15;Örnek Sıvı Sabun 1,5 lt;Kişisel Bakım;Bayi;43;3555,00;2010,25;Satış
23.12.2025;F001092;Müşteri 15;Örnek Sıvı Sabun 1,5 lt;Kişisel Bakım;Bayi;7;578,63;327,25;Satış
23.12.2025;F001092;Müşteri 15;Örnek Şampuan 500 ml;Kişisel Bakım;Bayi;25;2365,01;1187,50;Satış
23.12.2025;F001093;Müşteri 24;Kurgu Yumuşatıcı 3 lt;Temizlik;Online;18;2403,42;1458,00;Satış
23.12.2025;F001093;Müşteri 24;Hayali Bulaşık Tableti 60'lı;Temizlik;Online;46;13441,99;8270,80;Satış
23.12.2025;F001093;Müşteri 24;Hayali Bulaşık Tableti 60'lı;Temizlik;Online;8;2429,17;1438,40;Satış
24.12.2025;F001094;Müşteri 03;Örnek Sıvı Sabun 1,5 lt;Kişisel Bakım;Online;16;1277,32;748,00;Satış
24.12.2025;F001094;Müşteri 03;Hayali Bulaşık Tableti 60'lı;Temizlik;Online;60;17705,59;10788,00;Satış
24.12.2025;F001095;Müşteri 01;Kurgu Yumuşatıcı 3 lt;Temizlik;Bayi;29;3845,94;2349,00;Satış
24.12.2025;F001096;Müşteri 10;Hayali Bulaşık Tableti 60'lı;Temizlik;Bayi;46;13295,04;8270,80;Satış
24.12.2025;F001096;Müşteri 10;Örnek Sıvı Sabun 1,5 lt;Kişisel Bakım;Bayi;36;3011,31;1683,00;Satış
24.12.2025;F001096;Müşteri 10;Deneme Tuvalet Kağıdı 32'li;Kağıt;Bayi;56;13355,81;9676,80;Satış
24.12.2025;F001097;Müşteri 29;Deneme Kağıt Havlu 12'li;Kağıt;Bayi;13;1973,34;1456,00;Satış
24.12.2025;F001097;Müşteri 29;Kurgu Deterjan 5 kg;Temizlik;Bayi;58;11563,65;7551,60;Satış
24.12.2025;F001097;Müşteri 29;Kurgu Yumuşatıcı 3 lt;Temizlik;Bayi;36;4644,39;2916,00;Satış
24.12.2025;F001098;Müşteri 13;Örnek Sıvı Sabun 1,5 lt;Kişisel Bakım;Zincir market;123;10120,73;5750,25;Satış
24.12.2025;F001098;Müşteri 13;Kurgu Deterjan 5 kg;Temizlik;Zincir market;159;31847,48;20701,80;Satış
25.12.2025;F001099;Müşteri 14;Örnek Şampuan 500 ml;Kişisel Bakım;Zincir market;30;2631,22;1425,00;Satış
25.12.2025;F001099;Müşteri 14;Örnek Sıvı Sabun 1,5 lt;Kişisel Bakım;Zincir market;102;8445,58;4768,50;Satış
25.12.2025;F001099;Müşteri 14;Deneme Tuvalet Kağıdı 32'li;Kağıt;Zincir market;144;33768,26;24883,20;Satış
25.12.2025;F001100;Müşteri 30;Deneme Kağıt Havlu 12'li;Kağıt;Bayi;45;6996,80;5040,00;Satış
25.12.2025;F001100;Müşteri 30;Kurgu Deterjan 5 kg;Temizlik;Bayi;23;4624,52;2994,60;Satış
25.12.2025;F001101;Müşteri 03;Örnek Sıvı Sabun 1,5 lt;Kişisel Bakım;Online;14;1188,49;654,50;Satış
25.12.2025;F001101;Müşteri 03;Deneme Tuvalet Kağıdı 32'li;Kağıt;Online;24;5686,98;4147,20;Satış
26.12.2025;F001102;Müşteri 19;Deneme Kağıt Havlu 12'li;Kağıt;Kurumsal;27;4291,42;3024,00;Satış
26.12.2025;F001103;Müşteri 17;Deneme Kağıt Havlu 12'li;Kağıt;Kurumsal;96;14638,72;10752,00;Satış
26.12.2025;F001104;Müşteri 15;Deneme Tuvalet Kağıdı 32'li;Kağıt;Bayi;41;9692,66;7084,80;Satış
26.12.2025;F001104;Müşteri 15;Örnek Sıvı Sabun 1,5 lt;Kişisel Bakım;Bayi;21;1725,82;981,75;Satış
26.12.2025;F001104;Müşteri 15;Hayali Bulaşık Tableti 60'lı;Temizlik;Bayi;37;10567,33;6652,60;Satış
26.12.2025;F001105;Müşteri 24;Örnek Şampuan 500 ml;Kişisel Bakım;Online;16;1494,00;760,00;Satış
26.12.2025;F001105;Müşteri 24;Hayali Bulaşık Tableti 60'lı;Temizlik;Online;30;8589,67;5394,00;Satış
26.12.2025;F001105;Müşteri 24;Örnek Şampuan 500 ml;Kişisel Bakım;Online;50;4483,11;2375,00;Satış
27.12.2025;F001106;Müşteri 25;Örnek Şampuan 500 ml;Kişisel Bakım;Online;44;4115,74;2090,00;Satış
27.12.2025;F001106;Müşteri 25;Örnek Sıvı Sabun 1,5 lt;Kişisel Bakım;Online;60;5022,48;2805,00;Satış
27.12.2025;F001106;Müşteri 25;Kurgu Yumuşatıcı 3 lt;Temizlik;Online;16;2000,72;1296,00;Satış
27.12.2025;F001107;Müşteri 20;Hayali Bulaşık Tableti 60'lı;Temizlik;Online;48;13816,18;8630,40;Satış
27.12.2025;F001107;Müşteri 20;Deneme Kağıt Havlu 12'li;Kağıt;Online;6;883,65;672,00;Satış
27.12.2025;F001108;Müşteri 04;Kurgu Yumuşatıcı 3 lt;Temizlik;Zincir market;138;17850,70;11178,00;Satış
27.12.2025;F001109;Müşteri 23;Hayali Bulaşık Tableti 60'lı;Temizlik;Kurumsal;141;43590,42;25351,80;Satış
27.12.2025;F001109;Müşteri 23;Deneme Kağıt Havlu 12'li;Kağıt;Kurumsal;153;23474,80;17136,00;Satış
27.12.2025;F001110;Müşteri 20;Örnek Sıvı Sabun 1,5 lt;Kişisel Bakım;Online;49;4056,31;2290,75;Satış
27.12.2025;F001110;Müşteri 20;Deneme Tuvalet Kağıdı 32'li;Kağıt;Online;48;10962,43;8294,40;Satış
27.12.2025;F001110;Müşteri 20;Örnek Sıvı Sabun 1,5 lt;Kişisel Bakım;Online;10;790,51;467,50;Satış
27.12.2025;I001111;Müşteri 08;Hayali Bulaşık Tableti 60'lı;Temizlik;Bayi;-2;-620,00;-359,60;İade
29.12.2025;F001112;Müşteri 28;Kurgu Yumuşatıcı 3 lt;Temizlik;Online;35;4592,18;2835,00;Satış
29.12.2025;F001113;Müşteri 21;Örnek Şampuan 500 ml;Kişisel Bakım;Bayi;58;5345,17;2755,00;Satış
29.12.2025;F001114;Müşteri 26;Kurgu Yumuşatıcı 3 lt;Temizlik;Zincir market;30;3823,50;2430,00;Satış
29.12.2025;F001114;Müşteri 26;Örnek Şampuan 500 ml;Kişisel Bakım;Zincir market;42;3822,10;1995,00;Satış
29.12.2025;F001114;Müşteri 26;Kurgu Deterjan 5 kg;Temizlik;Zincir market;36;7055,66;4687,20;Satış
30.12.2025;F001115;Müşteri 16;Kurgu Deterjan 5 kg;Temizlik;Zincir market;180;36135,34;23436,00;Satış
30.12.2025;F001115;Müşteri 16;Kurgu Yumuşatıcı 3 lt;Temizlik;Zincir market;51;6496,59;4131,00;Satış
30.12.2025;F001116;Müşteri 27;Kurgu Deterjan 5 kg;Temizlik;Zincir market;78;15079,92;10155,60;Satış
30.12.2025;F001116;Müşteri 27;Deneme Tuvalet Kağıdı 32'li;Kağıt;Zincir market;177;41504,97;30585,60;Satış
30.12.2025;F001117;Müşteri 14;Deneme Tuvalet Kağıdı 32'li;Kağıt;Zincir market;126;29262,26;21772,80;Satış
30.12.2025;F001117;Müşteri 14;Deneme Kağıt Havlu 12'li;Kağıt;Zincir market;69;10189,49;7728,00;Satış
30.12.2025;F001118;Müşteri 13;Deneme Kağıt Havlu 12'li;Kağıt;Zincir market;126;19715,86;14112,00;Satış
30.12.2025;F001118;Müşteri 13;Deneme Tuvalet Kağıdı 32'li;Kağıt;Zincir market;171;40605,42;29548,80;Satış
30.12.2025;F001119;Müşteri 08;Kurgu Deterjan 5 kg;Temizlik;Bayi;38;7353,74;4947,60;Satış
30.12.2025;F001119;Müşteri 08;Deneme Kağıt Havlu 12'li;Kağıt;Bayi;25;3857,04;2800,00;Satış
30.12.2025;F001119;Müşteri 08;Örnek Sıvı Sabun 1,5 lt;Kişisel Bakım;Bayi;46;3727,68;2150,50;Satış
31.12.2025;F001120;Müşteri 20;Örnek Sıvı Sabun 1,5 lt;Kişisel Bakım;Online;33;2737,12;1542,75;Satış
31.12.2025;F001120;Müşteri 20;Kurgu Deterjan 5 kg;Temizlik;Online;15;2970,58;1953,00;Satış
31.12.2025;F001120;Müşteri 20;Kurgu Yumuşatıcı 3 lt;Temizlik;Online;35;4476,97;2835,00;Satış
31.12.2025;F001121;Müşteri 08;Kurgu Yumuşatıcı 3 lt;Temizlik;Bayi;42;5628,75;3402,00;Satış
31.12.2025;F001121;Müşteri 08;Örnek Sıvı Sabun 1,5 lt;Kişisel Bakım;Bayi;43;3612,15;2010,25;Satış
31.12.2025;F001121;Müşteri 08;Deneme Tuvalet Kağıdı 32'li;Kağıt;Bayi;47;10800,34;8121,60;Satış
31.12.2025;F001122;Müşteri 29;Deneme Tuvalet Kağıdı 32'li;Kağıt;Bayi;50;11414,76;8640,00;Satış
31.12.2025;F001122;Müşteri 29;Örnek Şampuan 500 ml;Kişisel Bakım;Bayi;58;5484,08;2755,00;Satış
31.12.2025;F001123;Müşteri 21;Örnek Sıvı Sabun 1,5 lt;Kişisel Bakım;Bayi;55;4477,65;2571,25;Satış
31.12.2025;F001123;Müşteri 21;Hayali Bulaşık Tableti 60'lı;Temizlik;Bayi;15;4509,33;2697,00;Satış
31.12.2025;F001123;Müşteri 21;Örnek Sıvı Sabun 1,5 lt;Kişisel Bakım;Bayi;49;4081,45;2290,75;Satış
31.12.2025;F001124;Müşteri 22;Kurgu Yumuşatıcı 3 lt;Temizlik;Zincir market;48;6065,01;3888,00;Satış
31.12.2025;F001124;Müşteri 22;Deneme Kağıt Havlu 12'li;Kağıt;Zincir market;108;16037,09;12096,00;Satış
01.01.2026;F001125;Müşteri 20;Kurgu Yumuşatıcı 3 lt;Temizlik;Online;40;5886,22;3952,80;Satış
01.01.2026;F001126;Müşteri 02;Örnek Sıvı Sabun 1,5 lt;Kişisel Bakım;Bayi;27;2638,11;1539,94;Satış
01.01.2026;F001126;Müşteri 02;Kurgu Yumuşatıcı 3 lt;Temizlik;Bayi;57;8978,01;5632,74;Satış
01.01.2026;F001127;Müşteri 33;Hayali Bulaşık Tableti 60'lı;Temizlik;Online;9;3117,78;1974,20;Satış
01.01.2026;F001128;Müşteri 08;Kurgu Yumuşatıcı 3 lt;Temizlik;Bayi;12;1844,61;1185,84;Satış
01.01.2026;F001128;Müşteri 08;Örnek Şampuan 500 ml;Kişisel Bakım;Bayi;21;2352,91;1216,95;Satış
01.01.2026;F001128;Müşteri 08;Hayali Bulaşık Tableti 60'lı;Temizlik;Bayi;27;9694,38;5922,61;Satış
01.01.2026;F001129;Müşteri 36;Kurgu Yumuşatıcı 3 lt;Temizlik;Bayi;59;9165,71;5830,38;Satış
01.01.2026;F001129;Müşteri 36;Deneme Kağıt Havlu 12'li;Kağıt;Bayi;43;7903,74;5875,52;Satış
02.01.2026;F001130;Müşteri 30;Kurgu Deterjan 5 kg;Temizlik;Bayi;55;13204,40;8736,42;Satış
02.01.2026;F001131;Müşteri 07;Kurgu Deterjan 5 kg;Temizlik;Bayi;37;8512,43;5877,23;Satış
02.01.2026;F001131;Müşteri 07;Deneme Tuvalet Kağıdı 32'li;Kağıt;Bayi;12;3363,29;2529,79;Satış
02.01.2026;F001131;Müşteri 07;Örnek Sıvı Sabun 1,5 lt;Kişisel Bakım;Bayi;15;1471,80;855,52;Satış
02.01.2026;F001132;Müşteri 29;Örnek Şampuan 500 ml;Kişisel Bakım;Bayi;51;5657,87;2955,45;Satış
02.01.2026;F001132;Müşteri 29;Kurgu Yumuşatıcı 3 lt;Temizlik;Bayi;46;6954,81;4545,72;Satış
02.01.2026;F001132;Müşteri 29;Hayali Bulaşık Tableti 60'lı;Temizlik;Bayi;13;4421,75;2851,63;Satış
02.01.2026;F001133;Müşteri 13;Örnek Şampuan 500 ml;Kişisel Bakım;Zincir market;162;17824,65;9387,90;Satış
02.01.2026;F001133;Müşteri 13;Kurgu Yumuşatıcı 3 lt;Temizlik;Zincir market;174;27294,99;17194,68;Satış
02.01.2026;F001134;Müşteri 22;Deneme Kağıt Havlu 12'li;Kağıt;Zincir market;45;7874,25;6148,80;Satış
02.01.2026;F001134;Müşteri 22;Örnek Sıvı Sabun 1,5 lt;Kişisel Bakım;Zincir market;150;14749,93;8555,25;Satış
03.01.2026;F001135;Müşteri 10;Örnek Şampuan 500 ml;Kişisel Bakım;Bayi;55;5784,81;3187,25;Satış
03.01.2026;F001135;Müşteri 10;Hayali Bulaşık Tableti 60'lı;Temizlik;Bayi;32;11156,29;7019,39;Satış
03.01.2026;F001135;Müşteri 10;Örnek Şampuan 500 ml;Kişisel Bakım;Bayi;34;3796,72;1970,30;Satış
03.01.2026;F001136;Müşteri 34;Örnek Sıvı Sabun 1,5 lt;Kişisel Bakım;Online;6;574,96;342,21;Satış
03.01.2026;F001136;Müşteri 34;Hayali Bulaşık Tableti 60'lı;Temizlik;Online;5;1787,68;1096,78;Satış
03.01.2026;F001136;Müşteri 34;Deneme Kağıt Havlu 12'li;Kağıt;Online;9;1574,79;1229,76;Satış
03.01.2026;F001137;Müşteri 21;Hayali Bulaşık Tableti 60'lı;Temizlik;Bayi;15;5238,58;3290,34;Satış
03.01.2026;F001137;Müşteri 21;Örnek Şampuan 500 ml;Kişisel Bakım;Bayi;53;5483,63;3071,35;Satış
05.01.2026;F001138;Müşteri 37;Deneme Tuvalet Kağıdı 32'li;Kağıt;Kurumsal;150;41797,16;31622,40;Satış
05.01.2026;F001139;Müşteri 34;Örnek Şampuan 500 ml;Kişisel Bakım;Online;30;3332,27;1738,50;Satış
05.01.2026;F001139;Müşteri 34;Deneme Tuvalet Kağıdı 32'li;Kağıt;Online;40;11213,40;8432,64;Satış
05.01.2026;F001140;Müşteri 21;Kurgu Deterjan 5 kg;Temizlik;Bayi;57;13310,78;9054,11;Satış
05.01.2026;F001140;Müşteri 21;Deneme Kağıt Havlu 12'li;Kağıt;Bayi;44;8254,33;6012,16;Satış
06.01.2026;F001141;Müşteri 14;Deneme Kağıt Havlu 12'li;Kağıt;Zincir market;165;30200,46;22545,60;Satış
06.01.2026;F001141;Müşteri 14;Örnek Şampuan 500 ml;Kişisel Bakım;Zincir market;147;15615,55;8518,65;Satış
06.01.2026;F001141;Müşteri 14;Hayali Bulaşık Tableti 60'lı;Temizlik;Zincir market;165;58661,00;36193,74;Satış
06.01.2026;F001142;Müşteri 13;Kurgu Deterjan 5 kg;Temizlik;Zincir market;21;5011,23;3335,72;Satış
06.01.2026;F001142;Müşteri 13;Örnek Şampuan 500 ml;Kişisel Bakım;Zincir market;153;16765,57;8866,35;Satış
06.01.2026;F001143;Müşteri 09;Deneme Kağıt Havlu 12'li;Kağıt;Kurumsal;69;12207,77;9428,16;Satış
06.01.2026;F001143;Müşteri 09;Deneme Kağıt Havlu 12'li;Kağıt;Kurumsal;120;21409,47;16396,80;Satış
06.01.2026;F001143;Müşteri 09;Örnek Sıvı Sabun 1,5 lt;Kişisel Bakım;Kurumsal;159;15482,90;9068,57;Satış
06.01.2026;F001144;Müşteri 02;Hayali Bulaşık Tableti 60'lı;Temizlik;Bayi;39;13801,13;8554,88;Satış
06.01.2026;F001145;Müşteri 16;Deneme Tuvalet Kağıdı 32'li;Kağıt;Zincir market;96;27158,83;20238,34;Satış
06.01.2026;F001145;Müşteri 16;Kurgu Deterjan 5 kg;Temizlik;Zincir market;153;35062,15;24303,13;Satış
07.01.2026;F001146;Müşteri 08;Hayali Bulaşık Tableti 60'lı;Temizlik;Bayi;46;16747,84;10090,38;Satış
07.01.2026;F001147;Müşteri 29;Deneme Kağıt Havlu 12'li;Kağıt;Bayi;52;9036,29;7105,28;Satış
07.01.2026;F001147;Müşteri 29;Örnek Sıvı Sabun 1,5 lt;Kişisel Bakım;Bayi;20;1974,77;1140,70;Satış
07.01.2026;F001148;Müşteri 38;Deneme Tuvalet Kağıdı 32'li;Kağıt;Bayi;45;12402,99;9486,72;Satış
07.01.2026;F001148;Müşteri 38;Hayali Bulaşık Tableti 60'lı;Temizlik;Bayi;43;14765,30;9432,31;Satış
07.01.2026;F001148;Müşteri 38;Örnek Sıvı Sabun 1,5 lt;Kişisel Bakım;Bayi;23;2245,43;1311,81;Satış
07.01.2026;F001149;Müşteri 37;Kurgu Yumuşatıcı 3 lt;Temizlik;Kurumsal;150;22705,35;14823,00;Satış
07.01.2026;F001149;Müşteri 37;Deneme Tuvalet Kağıdı 32'li;Kağıt;Kurumsal;60;15775,68;12648,96;Satış
07.01.2026;F001149;Müşteri 37;Deneme Kağıt Havlu 12'li;Kağıt;Kurumsal;126;22252,15;17216,64;Satış
08.01.2026;F001150;Müşteri 07;Deneme Tuvalet Kağıdı 32'li;Kağıt;Bayi;32;8938,02;6746,11;Satış
08.01.2026;F001151;Müşteri 06;Kurgu Deterjan 5 kg;Temizlik;Zincir market;96;23576,62;15249,02;Satış
08.01.2026;F001152;Müşteri 31;Örnek Şampuan 500 ml;Kişisel Bakım;Kurumsal;27;2873,98;1564,65;Satış
08.01.2026;F001153;Müşteri 34;Deneme Kağıt Havlu 12'li;Kağıt;Online;40;7261,37;5465,60;Satış
08.01.2026;F001153;Müşteri 34;Örnek Şampuan 500 ml;Kişisel Bakım;Online;60;6329,81;3477,00;Satış
08.01.2026;F001154;Müşteri 32;Örnek Şampuan 500 ml;Kişisel Bakım;Bayi;33;3607,27;1912,35;Satış
08.01.2026;F001154;Müşteri 32;Örnek Şampuan 500 ml;Kişisel Bakım;Bayi;51;5704,88;2955,45;Satış
08.01.2026;F001154;Müşteri 32;Hayali Bulaşık Tableti 60'lı;Temizlik;Bayi;15;5111,40;3290,34;Satış
09.01.2026;F001155;Müşteri 09;Deneme Kağıt Havlu 12'li;Kağıt;Kurumsal;180;32703,87;24595,20;Satış
09.01.2026;F001155;Müşteri 09;Deneme Tuvalet Kağıdı 32'li;Kağıt;Kurumsal;54;14626,56;11384,06;Satış
09.01.2026;F001155;Müşteri 09;Kurgu Deterjan 5 kg;Temizlik;Kurumsal;156;36049,29;24779,66;Satış
09.01.2026;F001156;Müşteri 36;Kurgu Deterjan 5 kg;Temizlik;Bayi;43;10529,51;6830,29;Satış
09.01.2026;F001156;Müşteri 36;Kurgu Deterjan 5 kg;Temizlik;Bayi;12;2823,63;1906,13;Satış
09.01.2026;F001157;Müşteri 19;Deneme Kağıt Havlu 12'li;Kağıt;Kurumsal;42;7369,92;5738,88;Satış
09.01.2026;F001158;Müşteri 20;Örnek Sıvı Sabun 1,5 lt;Kişisel Bakım;Online;23;2212,03;1311,81;Satış
09.01.2026;F001158;Müşteri 20;Hayali Bulaşık Tableti 60'lı;Temizlik;Online;14;4769,74;3070,98;Satış
09.01.2026;F001159;Müşteri 38;Kurgu Deterjan 5 kg;Temizlik;Bayi;24;5894,42;3812,26;Satış
09.01.2026;F001159;Müşteri 38;Kurgu Yumuşatıcı 3 lt;Temizlik;Bayi;16;2511,92;1581,12;Satış
10.01.2026;F001160;Müşteri 36;Kurgu Deterjan 5 kg;Temizlik;Bayi;60;13731,71;9530,64;Satış
10.01.2026;F001160;Müşteri 36;Örnek Şampuan 500 ml;Kişisel Bakım;Bayi;41;4342,29;2375,95;Satış
10.01.2026;F001161;Müşteri 29;Hayali Bulaşık Tableti 60'lı;Temizlik;Bayi;29;10162,85;6361,32;Satış
10.01.2026;F001161;Müşteri 29;Deneme Tuvalet Kağıdı 32'li;Kağıt;Bayi;58;15907,48;12227,33;Satış
12.01.2026;F001162;Müşteri 29;Örnek Şampuan 500 ml;Kişisel Bakım;Bayi;14;1552,62;811,30;Satış
12.01.2026;F001162;Müşteri 29;Örnek Sıvı Sabun 1,5 lt;Kişisel Bakım;Bayi;10;986,94;570,35;Satış
12.01.2026;F001162;Müşteri 29;Deneme Tuvalet Kağıdı 32'li;Kağıt;Bayi;44;11872,28;9275,90;Satış
12.01.2026;F001163;Müşteri 15;Örnek Sıvı Sabun 1,5 lt;Kişisel Bakım;Bayi;39;3613,10;2224,37;Satış
12.01.2026;F001163;Müşteri 15;Deneme Tuvalet Kağıdı 32'li;Kağıt;Bayi;33;9148,16;6956,93;Satış
12.01.2026;F001164;Müşteri 06;Deneme Tuvalet Kağıdı 32'li;Kağıt;Zincir market;18;4923,06;3794,69;Satış
12.01.2026;F001165;Müşteri 20;Deneme Tuvalet Kağıdı 32'li;Kağıt;Online;12;3301,59;2529,79;Satış
12.01.2026;F001165;Müşteri 20;Kurgu Deterjan 5 kg;Temizlik;Online;17;4197,49;2700,35;Satış
12.01.2026;F001165;Müşteri 20;Deneme Kağıt Havlu 12'li;Kağıt;Online;41;7590,70;5602,24;Satış
12.01.2026;F001166;Müşteri 37;Kurgu Yumuşatıcı 3 lt;Temizlik;Kurumsal;159;24266,59;15712,38;Satış
12.01.2026;F001166;Müşteri 37;Kurgu Deterjan 5 kg;Temizlik;Kurumsal;36;8676,91;5718,38;Satış
12.01.2026;F001166;Müşteri 37;Deneme Kağıt Havlu 12'li;Kağıt;Kurumsal;48;9035,12;6558,72;Satış
13.01.2026;F001167;Müşteri 16;Hayali Bulaşık Tableti 60'lı;Temizlik;Zincir market;126;44041,53;27638,86;Satış
13.01.2026;F001167;Müşteri 16;Hayali Bulaşık Tableti 60'lı;Temizlik;Zincir market;117;41452,51;25664,65;Satış
13.01.2026;F001167;Müşteri 16;Örnek Şampuan 500 ml;Kişisel Bakım;Zincir market;126;13045,46;7301,70;Satış
13.01.2026;F001168;Müşteri 02;Örnek Şampuan 500 ml;Kişisel Bakım;Bayi;16;1709,65;927,20;Satış
13.01.2026;F001168;Müşteri 02;Hayali Bulaşık Tableti 60'lı;Temizlik;Bayi;38;13141,31;8335,53;Satış
13.01.2026;F001169;Müşteri 17;Kurgu Deterjan 5 kg;Temizlik;Kurumsal;33;7877,64;5241,85;Satış
14.01.2026;F001170;Müşteri 17;Kurgu Yumuşatıcı 3 lt;Temizlik;Kurumsal;72;11425,71;7115,04;Satış
14.01.2026;F001171;Müşteri 11;Deneme Kağıt Havlu 12'li;Kağıt;Bayi;25;4410,92;3416,00;Satış
14.01.2026;F001172;Müşteri 04;Örnek Şampuan 500 ml;Kişisel Bakım;Zincir market;33;3498,07;1912,35;Satış
14.01.2026;F001172;Müşteri 04;Örnek Şampuan 500 ml;Kişisel Bakım;Zincir market;75;7908,39;4346,25;Satış
15.01.2026;F001173;Müşteri 04;Kurgu Yumuşatıcı 3 lt;Temizlik;Zincir market;159;24512,11;15712,38;Satış
15.01.2026;F001174;Müşteri 16;Deneme Kağıt Havlu 12'li;Kağıt;Zincir market;159;28829,05;21725,76;Satış
15.01.2026;F001174;Müşteri 16;Kurgu Deterjan 5 kg;Temizlik;Zincir market;66;15125,75;10483,70;Satış
16.01.2026;F001175;Müşteri 05;Kurgu Deterjan 5 kg;Temizlik;Zincir market;93;22369,79;14772,49;Satış
16.01.2026;F001175;Müşteri 05;Kurgu Deterjan 5 kg;Temizlik;Zincir market;66;15771,36;10483,70;Satış
16.01.2026;F001176;Müşteri 38;Kurgu Deterjan 5 kg;Temizlik;Bayi;20;4862,03;3176,88;Satış
16.01.2026;F001176;Müşteri 38;Deneme Tuvalet Kağıdı 32'li;Kağıt;Bayi;55;14486,39;11594,88;Satış
16.01.2026;F001176;Müşteri 38;Deneme Kağıt Havlu 12'li;Kağıt;Bayi;31;5593,40;4235,84;Satış
16.01.2026;F001177;Müşteri 33;Hayali Bulaşık Tableti 60'lı;Temizlik;Online;14;4864,45;3070,98;Satış
16.01.2026;F001178;Müşteri 11;Deneme Kağıt Havlu 12'li;Kağıt;Bayi;32;6022,92;4372,48;Satış
16.01.2026;F001179;Müşteri 36;Kurgu Deterjan 5 kg;Temizlik;Bayi;5;1220,43;794,22;Satış
16.01.2026;F001179;Müşteri 36;Hayali Bulaşık Tableti 60'lı;Temizlik;Bayi;44;15180,03;9651,66;Satış
17.01.2026;F001180;Müşteri 04;Örnek Sıvı Sabun 1,5 lt;Kişisel Bakım;Zincir market;129;12163,30;7357,52;Satış
17.01.2026;F001180;Müşteri 04;Deneme Tuvalet Kağıdı 32'li;Kağıt;Zincir market;87;24636,91;18340,99;Satış
17.01.2026;F001181;Müşteri 14;Hayali Bulaşık Tableti 60'lı;Temizlik;Zincir market;111;38269,28;24348,52;Satış
17.01.2026;F001181;Müşteri 14;Kurgu Yumuşatıcı 3 lt;Temizlik;Zincir market;156;23924,54;15415,92;Satış
17.01.2026;F001181;Müşteri 14;Kurgu Deterjan 5 kg;Temizlik;Zincir market;72;16542,32;11436,77;Satış
19.01.2026;F001182;Müşteri 36;Örnek Şampuan 500 ml;Kişisel Bakım;Bayi;18;1954,92;1043,10;Satış
19.01.2026;F001182;Müşteri 36;Hayali Bulaşık Tableti 60'lı;Temizlik;Bayi;25;9060,08;5483,90;Satış
19.01.2026;F001183;Müşteri 22;Örnek Sıvı Sabun 1,5 lt;Kişisel Bakım;Zincir market;159;15574,85;9068,57;Satış
19.01.2026;F001183;Müşteri 22;Örnek Sıvı Sabun 1,5 lt;Kişisel Bakım;Zincir market;60;5855,41;3422,10;Satış
19.01.2026;F001183;Müşteri 22;Örnek Sıvı Sabun 1,5 lt;Kişisel Bakım;Zincir market;78;7329,35;4448,73;Satış
19.01.2026;F001184;Müşteri 39;Kurgu Deterjan 5 kg;Temizlik;Kurumsal;147;33902,17;23350,07;Satış
19.01.2026;F001184;Müşteri 39;Kurgu Deterjan 5 kg;Temizlik;Kurumsal;129;30627,53;20490,88;Satış
20.01.2026;F001185;Müşteri 27;Deneme Tuvalet Kağıdı 32'li;Kağıt;Zincir market;150;40743,34;31622,40;Satış
20.01.2026;F001185;Müşteri 27;Örnek Şampuan 500 ml;Kişisel Bakım;Zincir market;117;12151,59;6780,15;Satış
20.01.2026;F001185;Müşteri 27;Deneme Tuvalet Kağıdı 32'li;Kağıt;Zincir market;138;36197,45;29092,61;Satış
20.01.2026;F001186;Müşteri 02;Örnek Şampuan 500 ml;Kişisel Bakım;Bayi;48;5003,46;2781,60;Satış
20.01.2026;F001186;Müşteri 02;Hayali Bulaşık Tableti 60'lı;Temizlik;Bayi;29;10461,78;6361,32;Satış
20.01.2026;F001186;Müşteri 02;Örnek Sıvı Sabun 1,5 lt;Kişisel Bakım;Bayi;29;2717,23;1654,01;Satış
20.01.2026;F001187;Müşteri 01;Örnek Şampuan 500 ml;Kişisel Bakım;Bayi;28;3122,79;1622,60;Satış
21.01.2026;F001188;Müşteri 02;Deneme Tuvalet Kağıdı 32'li;Kağıt;Bayi;50;13432,54;10540,80;Satış
21.01.2026;F001188;Müşteri 02;Kurgu Deterjan 5 kg;Temizlik;Bayi;57;13687,80;9054,11;Satış
21.01.2026;F001189;Müşteri 20;Kurgu Yumuşatıcı 3 lt;Temizlik;Online;19;3021,89;1877,58;Satış
21.01.2026;F001189;Müşteri 20;Örnek Sıvı Sabun 1,5 lt;Kişisel Bakım;Online;7;661,70;399,25;Satış
21.01.2026;F001189;Müşteri 20;Deneme Tuvalet Kağıdı 32'li;Kağıt;Online;50;13713,71;10540,80;Satış
21.01.2026;F001190;Müşteri 01;Hayali Bulaşık Tableti 60'lı;Temizlik;Bayi;45;15665,72;9871,02;Satış
22.01.2026;F001191;Müşteri 11;Kurgu Yumuşatıcı 3 lt;Temizlik;Bayi;47;7330,66;4644,54;Satış
22.01.2026;F001191;Müşteri 11;Deneme Tuvalet Kağıdı 32'li;Kağıt;Bayi;48;13161,84;10119,17;Satış
22.01.2026;F001191;Müşteri 11;Kurgu Yumuşatıcı 3 lt;Temizlik;Bayi;9;1386,46;889,38;Satış
22.01.2026;F001192;Müşteri 05;Örnek Sıvı Sabun 1,5 lt;Kişisel Bakım;Zincir market;123;12194,26;7015,31;Satış
22.01.2026;F001193;Müşteri 34;Hayali Bulaşık Tableti 60'lı;Temizlik;Online;22;7527,31;4825,83;Satış
22.01.2026;F001193;Müşteri 34;Deneme Tuvalet Kağıdı 32'li;Kağıt;Online;6;1698,11;1264,90;Satış
22.01.2026;F001193;Müşteri 34;Deneme Tuvalet Kağıdı 32'li;Kağıt;Online;48;13085,68;10119,17;Satış
22.01.2026;F001194;Müşteri 17;Deneme Kağıt Havlu 12'li;Kağıt;Kurumsal;102;17720,00;13937,28;Satış
22.01.2026;F001194;Müşteri 17;Örnek Şampuan 500 ml;Kişisel Bakım;Kurumsal;138;15065,23;7997,10;Satış
22.01.2026;F001194;Müşteri 17;Deneme Tuvalet Kağıdı 32'li;Kağıt;Kurumsal;24;6717,34;5059,58;Satış
22.01.2026;F001195;Müşteri 21;Hayali Bulaşık Tableti 60'lı;Temizlik;Bayi;31;10681,22;6800,04;Satış
22.01.2026;F001195;Müşteri 21;Deneme Tuvalet Kağıdı 32'li;Kağıt;Bayi;38;10302,37;8011,01;Satış
23.01.2026;F001196;Müşteri 15;Örnek Sıvı Sabun 1,5 lt;Kişisel Bakım;Bayi;31;2992,99;1768,09;Satış
23.01.2026;F001197;Müşteri 21;Örnek Şampuan 500 ml;Kişisel Bakım;Bayi;17;1804,27;985,15;Satış
24.01.2026;F001198;Müşteri 15;Örnek Şampuan 500 ml;Kişisel Bakım;Bayi;9;1002,20;521,55;Satış
24.01.2026;F001198;Müşteri 15;Kurgu Yumuşatıcı 3 lt;Temizlik;Bayi;15;2261,27;1482,30;Satış
24.01.2026;F001198;Müşteri 15;Kurgu Deterjan 5 kg;Temizlik;Bayi;45;10816,73;7147,98;Satış
24.01.2026;F001199;Müşteri 02;Örnek Şampuan 500 ml;Kişisel Bakım;Bayi;56;5787,46;3245,20;Satış
24.01.2026;F001199;Müşteri 02;Hayali Bulaşık Tableti 60'lı;Temizlik;Bayi;45;16375,48;9871,02;Satış
26.01.2026;F001200;Müşteri 07;Kurgu Yumuşatıcı 3 lt;Temizlik;Bayi;26;4086,31;2569,32;Satış
26.01.2026;F001200;Müşteri 07;Hayali Bulaşık Tableti 60'lı;Temizlik;Bayi;26;9145,34;5703,26;Satış
26.01.2026;F001201;Müşteri 16;Hayali Bulaşık Tableti 60'lı;Temizlik;Zincir market;129;45752,04;28296,92;Satış
26.01.2026;F001202;Müşteri 07;Örnek Şampuan 500 ml;Kişisel Bakım;Bayi;42;4378,56;2433,90;Satış
26.01.2026;F001202;Müşteri 07;Kurgu Deterjan 5 kg;Temizlik;Bayi;7;1648,20;1111,91;Satış
26.01.2026;F001202;Müşteri 07;Hayali Bulaşık Tableti 60'lı;Temizlik;Bayi;49;16583,51;10748,44;Satış
27.01.2026;F001203;Müşteri 04;Deneme Kağıt Havlu 12'li;Kağıt;Zincir market;135;24329,50;18446,40;Satış
27.01.2026;F001203;Müşteri 04;Kurgu Deterjan 5 kg;Temizlik;Zincir market;144;32987,81;22873,54;Satış
27.01.2026;F001204;Müşteri 04;Hayali Bulaşık Tableti 60'lı;Temizlik;Zincir market;87;30301,30;19083,97;Satış
27.01.2026;F001204;Müşteri 04;Deneme Kağıt Havlu 12'li;Kağıt;Zincir market;159;28604,95;21725,76;Satış
27.01.2026;F001205;Müşteri 39;Deneme Kağıt Havlu 12'li;Kağıt;Kurumsal;15;2708,16;2049,60;Satış
27.01.2026;F001205;Müşteri 39;Örnek Şampuan 500 ml;Kişisel Bakım;Kurumsal;165;17650,26;9561,75;Satış
27.01.2026;F001205;Müşteri 39;Deneme Kağıt Havlu 12'li;Kağıt;Kurumsal;132;23129,79;18036,48;Satış
27.01.2026;F001206;Müşteri 02;Deneme Kağıt Havlu 12'li;Kağıt;Bayi;26;4746,93;3552,64;Satış
27.01.2026;F001206;Müşteri 02;Kurgu Deterjan 5 kg;Temizlik;Bayi;11;2510,42;1747,28;Satış
27.01.2026;F001207;Müşteri 05;Hayali Bulaşık Tableti 60'lı;Temizlik;Zincir market;174;59543,14;38167,94;Satış
27.01.2026;F001207;Müşteri 05;Deneme Kağıt Havlu 12'li;Kağıt;Zincir market;39;7149,59;5328,96;Satış
27.01.2026;F001207;Müşteri 05;Örnek Sıvı Sabun 1,5 lt;Kişisel Bakım;Zincir market;81;7747,99;4619,84;Satış
28.01.2026;F001208;Müşteri 12;Kurgu Yumuşatıcı 3 lt;Temizlik;Bayi;56;8238,59;5533,92;Satış
28.01.2026;F001209;Müşteri 09;Deneme Kağıt Havlu 12'li;Kağıt;Kurumsal;96;17418,84;13117,44;Satış
28.01.2026;F001209;Müşteri 09;Deneme Tuvalet Kağıdı 32'li;Kağıt;Kurumsal;159;42715,20;33519,74;Satış
28.01.2026;F001210;Müşteri 38;Hayali Bulaşık Tableti 60'lı;Temizlik;Bayi;14;4771,90;3070,98;Satış
28.01.2026;F001210;Müşteri 38;Örnek Sıvı Sabun 1,5 lt;Kişisel Bakım;Bayi;43;4086,18;2452,51;Satış
28.01.2026;F001210;Müşteri 38;Örnek Sıvı Sabun 1,5 lt;Kişisel Bakım;Bayi;5;482,15;285,18;Satış
28.01.2026;F001211;Müşteri 10;Kurgu Yumuşatıcı 3 lt;Temizlik;Bayi;37;5808,84;3656,34;Satış
28.01.2026;F001212;Müşteri 36;Örnek Şampuan 500 ml;Kişisel Bakım;Bayi;27;2831,88;1564,65;Satış
29.01.2026;F001213;Müşteri 05;Kurgu Yumuşatıcı 3 lt;Temizlik;Zincir market;141;21519,23;13933,62;Satış
29.01.2026;F001213;Müşteri 05;Deneme Tuvalet Kağıdı 32'li;Kağıt;Zincir market;102;27961,49;21503,23;Satış
29.01.2026;F001214;Müşteri 22;Deneme Kağıt Havlu 12'li;Kağıt;Zincir market;78;14274,13;10657,92;Satış
29.01.2026;F001214;Müşteri 22;Örnek Şampuan 500 ml;Kişisel Bakım;Zincir market;78;8157,81;4520,10;Satış
29.01.2026;F001214;Müşteri 22;Örnek Şampuan 500 ml;Kişisel Bakım;Zincir market;165;18364,13;9561,75;Satış
29.01.2026;F001215;Müşteri 32;Kurgu Deterjan 5 kg;Temizlik;Bayi;45;10457,88;7147,98;Satış
30.01.2026;F001216;Müşteri 16;Deneme Tuvalet Kağıdı 32'li;Kağıt;Zincir market;162;45704,39;34152,19;Satış
30.01.2026;F001216;Müşteri 16;Örnek Sıvı Sabun 1,5 lt;Kişisel Bakım;Zincir market;168;16500,02;9581,88;Satış
30.01.2026;F001217;Müşteri 14;Kurgu Yumuşatıcı 3 lt;Temizlik;Zincir market;171;27218,24;16898,22;Satış
30.01.2026;F001217;Müşteri 14;Örnek Sıvı Sabun 1,5 lt;Kişisel Bakım;Zincir market;15;1393,01;855,52;Satış
30.01.2026;F001218;Müşteri 02;Kurgu Deterjan 5 kg;Temizlik;Bayi;14;3272,31;2223,82;Satış
30.01.2026;F001218;Müşteri 02;Kurgu Yumuşatıcı 3 lt;Temizlik;Bayi;45;6930,90;4446,90;Satış
30.01.2026;F001218;Müşteri 02;Hayali Bulaşık Tableti 60'lı;Temizlik;Bayi;28;9458,98;6141,97;Satış
30.01.2026;I001219;Müşteri 13;Örnek Sıvı Sabun 1,5 lt;Kişisel Bakım;Zincir market;-4;-340,00;-187,00;İade
31.01.2026;F001220;Müşteri 17;Kurgu Yumuşatıcı 3 lt;Temizlik;Kurumsal;78;12273,84;7707,96;Satış
31.01.2026;F001220;Müşteri 17;Kurgu Yumuşatıcı 3 lt;Temizlik;Kurumsal;48;7154,58;4743,36;Satış
31.01.2026;F001220;Müşteri 17;Kurgu Yumuşatıcı 3 lt;Temizlik;Kurumsal;174;26081,25;17194,68;Satış
31.01.2026;F001221;Müşteri 07;Hayali Bulaşık Tableti 60'lı;Temizlik;Bayi;48;16346,51;10529,09;Satış
31.01.2026;F001222;Müşteri 08;Kurgu Yumuşatıcı 3 lt;Temizlik;Bayi;24;3656,88;2371,68;Satış
31.01.2026;F001222;Müşteri 08;Örnek Sıvı Sabun 1,5 lt;Kişisel Bakım;Bayi;56;5334,77;3193,96;Satış
02.02.2026;F001223;Müşteri 05;Kurgu Yumuşatıcı 3 lt;Temizlik;Zincir market;39;6110,76;3853,98;Satış
02.02.2026;F001224;Müşteri 13;Örnek Şampuan 500 ml;Kişisel Bakım;Zincir market;147;15653,78;8518,65;Satış
02.02.2026;F001224;Müşteri 13;Deneme Kağıt Havlu 12'li;Kağıt;Zincir market;96;18091,42;13117,44;Satış
02.02.2026;F001224;Müşteri 13;Kurgu Yumuşatıcı 3 lt;Temizlik;Zincir market;21;3281,90;2075,22;Satış
02.02.2026;F001225;Müşteri 38;Hayali Bulaşık Tableti 60'lı;Temizlik;Bayi;39;13460,65;8554,88;Satış
02.02.2026;F001226;Müşteri 10;Kurgu Yumuşatıcı 3 lt;Temizlik;Bayi;8;1236,62;790,56;Satış
02.02.2026;F001226;Müşteri 10;Örnek Sıvı Sabun 1,5 lt;Kişisel Bakım;Bayi;60;5597,44;3422,10;Satış
02.02.2026;F001227;Müşteri 33;Örnek Şampuan 500 ml;Kişisel Bakım;Online;18;1973,78;1043,10;Satış
02.02.2026;F001227;Müşteri 33;Hayali Bulaşık Tableti 60'lı;Temizlik;Online;35;12588,93;7677,46;Satış
02.02.2026;F001227;Müşteri 33;Deneme Kağıt Havlu 12'li;Kağıt;Online;9;1586,02;1229,76;Satış
03.02.2026;F001228;Müşteri 32;Örnek Şampuan 500 ml;Kişisel Bakım;Bayi;16;1696,29;927,20;Satış
03.02.2026;F001228;Müşteri 32;Örnek Sıvı Sabun 1,5 lt;Kişisel Bakım;Bayi;38;3718,25;2167,33;Satış
03.02.2026;F001228;Müşteri 32;Deneme Tuvalet Kağıdı 32'li;Kağıt;Bayi;36;9765,99;7589,38;Satış
03.02.2026;F001229;Müşteri 38;Deneme Tuvalet Kağıdı 32'li;Kağıt;Bayi;55;15057,61;11594,88;Satış
03.02.2026;F001229;Müşteri 38;Kurgu Deterjan 5 kg;Temizlik;Bayi;18;4181,90;2859,19;Satış
03.02.2026;F001230;Müşteri 13;Hayali Bulaşık Tableti 60'lı;Temizlik;Zincir market;60;20887,30;13161,36;Satış
03.02.2026;F001230;Müşteri 13;Örnek Sıvı Sabun 1,5 lt;Kişisel Bakım;Zincir market;96;9543,07;5475,36;Satış
03.02.2026;F001231;Müşteri 37;Hayali Bulaşık Tableti 60'lı;Temizlik;Kurumsal;84;28894,70;18425,90;Satış
04.02.2026;F001232;Müşteri 19;Deneme Kağıt Havlu 12'li;Kağıt;Kurumsal;81;14350,98;11067,84;Satış
04.02.2026;F001232;Müşteri 19;Kurgu Deterjan 5 kg;Temizlik;Kurumsal;102;24289,37;16202,09;Satış
04.02.2026;F001233;Müşteri 22;Örnek Şampuan 500 ml;Kişisel Bakım;Zincir market;102;10915,09;5910,90;Satış
04.02.2026;F001233;Müşteri 22;Örnek Sıvı Sabun 1,5 lt;Kişisel Bakım;Zincir market;168;16173,07;9581,88;Satış
05.02.2026;F001234;Müşteri 12;Kurgu Yumuşatıcı 3 lt;Temizlik;Bayi;21;3250,39;2075,22;Satış
05.02.2026;F001234;Müşteri 12;Örnek Sıvı Sabun 1,5 lt;Kişisel Bakım;Bayi;10;946,39;570,35;Satış
05.02.2026;F001235;Müşteri 33;Deneme Kağıt Havlu 12'li;Kağıt;Online;46;8044,32;6285,44;Satış
05.02.2026;F001235;Müşteri 33;Örnek Sıvı Sabun 1,5 lt;Kişisel Bakım;Online;19;1768,25;1083,67;Satış
05.02.2026;F001235;Müşteri 33;Kurgu Deterjan 5 kg;Temizlik;Online;28;6404,58;4447,63;Satış
06.02.2026;F001236;Müşteri 22;Örnek Sıvı Sabun 1,5 lt;Kişisel Bakım;Zincir market;156;15415,93;8897,46;Satış
06.02.2026;F001236;Müşteri 22;Deneme Tuvalet Kağıdı 32'li;Kağıt;Zincir market;177;47216,92;37314,43;Satış
06.02.2026;F001237;Müşteri 39;Hayali Bulaşık Tableti 60'lı;Temizlik;Kurumsal;159;56841,62;34877,60;Satış
06.02.2026;F001238;Müşteri 35;Kurgu Deterjan 5 kg;Temizlik;Online;54;12631,29;8577,58;Satış
06.02.2026;F001238;Müşteri 35;Hayali Bulaşık Tableti 60'lı;Temizlik;Online;27;9705,24;5922,61;Satış
07.02.2026;F001239;Müşteri 38;Kurgu Deterjan 5 kg;Temizlik;Bayi;35;8432,99;5559,54;Satış
07.02.2026;F001239;Müşteri 38;Hayali Bulaşık Tableti 60'lı;Temizlik;Bayi;14;5066,08;3070,98;Satış
07.02.2026;F001239;Müşteri 38;Kurgu Yumuşatıcı 3 lt;Temizlik;Bayi;19;2959,71;1877,58;Satış
07.02.2026;F001240;Müşteri 14;Kurgu Yumuşatıcı 3 lt;Temizlik;Zincir market;114;17560,19;11265,48;Satış
07.02.2026;F001240;Müşteri 14;Deneme Kağıt Havlu 12'li;Kağıt;Zincir market;159;28743,36;21725,76;Satış
07.02.2026;F001241;Müşteri 30;Hayali Bulaşık Tableti 60'lı;Temizlik;Bayi;10;3456,98;2193,56;Satış
07.02.2026;F001241;Müşteri 30;Kurgu Yumuşatıcı 3 lt;Temizlik;Bayi;32;5003,86;3162,24;Satış
07.02.2026;F001242;Müşteri 27;Örnek Şampuan 500 ml;Kişisel Bakım;Zincir market;99;10967,34;5737,05;Satış
07.02.2026;F001243;Müşteri 02;Kurgu Yumuşatıcı 3 lt;Temizlik;Bayi;41;6465,33;4051,62;Satış
07.02.2026;F001243;Müşteri 02;Örnek Sıvı Sabun 1,5 lt;Kişisel Bakım;Bayi;52;4802,39;2965,82;Satış
09.02.2026;F001244;Müşteri 22;Örnek Şampuan 500 ml;Kişisel Bakım;Zincir market;96;10491,06;5563,20;Satış
09.02.2026;F001245;Müşteri 26;Deneme Kağıt Havlu 12'li;Kağıt;Zincir market;72;12860,72;9838,08;Satış
09.02.2026;F001245;Müşteri 26;Kurgu Deterjan 5 kg;Temizlik;Zincir market;123;29956,03;19537,81;Satış
09.02.2026;F001245;Müşteri 26;Kurgu Yumuşatıcı 3 lt;Temizlik;Zincir market;42;6678,42;4150,44;Satış
09.02.2026;F001246;Müşteri 22;Deneme Tuvalet Kağıdı 32'li;Kağıt;Zincir market;168;46066,55;35417,09;Satış
09.02.2026;F001246;Müşteri 22;Deneme Kağıt Havlu 12'li;Kağıt;Zincir market;123;22975,21;16806,72;Satış
09.02.2026;F001246;Müşteri 22;Örnek Şampuan 500 ml;Kişisel Bakım;Zincir market;54;6028,55;3129,30;Satış
09.02.2026;F001247;Müşteri 05;Örnek Şampuan 500 ml;Kişisel Bakım;Zincir market;51;5476,88;2955,45;Satış
09.02.2026;F001247;Müşteri 05;Örnek Sıvı Sabun 1,5 lt;Kişisel Bakım;Zincir market;123;12299,33;7015,31;Satış
09.02.2026;F001247;Müşteri 05;Deneme Tuvalet Kağıdı 32'li;Kağıt;Zincir market;72;18911,27;15178,75;Satış
10.02.2026;F001248;Müşteri 03;Deneme Kağıt Havlu 12'li;Kağıt;Online;36;6267,65;4919,04;Satış
10.02.2026;F001248;Müşteri 03;Kurgu Yumuşatıcı 3 lt;Temizlik;Online;9;1423,53;889,38;Satış
10.02.2026;F001248;Müşteri 03;Örnek Şampuan 500 ml;Kişisel Bakım;Online;23;2414,50;1332,85;Satış
10.02.2026;F001249;Müşteri 19;Deneme Kağıt Havlu 12'li;Kağıt;Kurumsal;27;4875,21;3689,28;Satış
10.02.2026;F001249;Müşteri 19;Örnek Sıvı Sabun 1,5 lt;Kişisel Bakım;Kurumsal;114;10529,57;6501,99;Satış
10.02.2026;F001249;Müşteri 19;Örnek Sıvı Sabun 1,5 lt;Kişisel Bakım;Kurumsal;180;17923,74;10266,30;Satış
10.02.2026;F001250;Müşteri 26;Kurgu Deterjan 5 kg;Temizlik;Zincir market;39;9305,82;6194,92;Satış
11.02.2026;F001251;Müşteri 25;Kurgu Yumuşatıcı 3 lt;Temizlik;Online;60;8950,63;5929,20;Satış
11.02.2026;F001252;Müşteri 28;Deneme Tuvalet Kağıdı 32'li;Kağıt;Online;35;9244,95;7378,56;Satış
11.02.2026;F001252;Müşteri 28;Deneme Kağıt Havlu 12'li;Kağıt;Online;24;4381,67;3279,36;Satış
11.02.2026;F001252;Müşteri 28;Deneme Kağıt Havlu 12'li;Kağıt;Online;50;9201,99;6832,00;Satış
12.02.2026;F001253;Müşteri 10;Kurgu Deterjan 5 kg;Temizlik;Bayi;57;13445,76;9054,11;Satış
12.02.2026;F001253;Müşteri 10;Hayali Bulaşık Tableti 60'lı;Temizlik;Bayi;20;7038,49;4387,12;Satış
12.02.2026;F001254;Müşteri 37;Örnek Şampuan 500 ml;Kişisel Bakım;Kurumsal;102;11046,47;5910,90;Satış
12.02.2026;F001254;Müşteri 37;Deneme Tuvalet Kağıdı 32'li;Kağıt;Kurumsal;30;8012,01;6324,48;Satış
13.02.2026;F001255;Müşteri 23;Hayali Bulaşık Tableti 60'lı;Temizlik;Kurumsal;150;53958,49;32903,40;Satış
13.02.2026;F001255;Müşteri 23;Örnek Şampuan 500 ml;Kişisel Bakım;Kurumsal;132;14588,18;7649,40;Satış
13.02.2026;F001255;Müşteri 23;Hayali Bulaşık Tableti 60'lı;Temizlik;Kurumsal;48;16736,74;10529,09;Satış
13.02.2026;F001256;Müşteri 12;Deneme Tuvalet Kağıdı 32'li;Kağıt;Bayi;32;8669,33;6746,11;Satış
13.02.2026;F001256;Müşteri 12;Deneme Tuvalet Kağıdı 32'li;Kağıt;Bayi;16;4421,92;3373,06;Satış
13.02.2026;F001256;Müşteri 12;Kurgu Deterjan 5 kg;Temizlik;Bayi;30;7254,78;4765,32;Satış
13.02.2026;F001257;Müşteri 03;Hayali Bulaşık Tableti 60'lı;Temizlik;Online;15;5168,22;3290,34;Satış
13.02.2026;F001258;Müşteri 35;Deneme Tuvalet Kağıdı 32'li;Kağıt;Online;9;2487,23;1897,34;Satış
13.02.2026;F001258;Müşteri 35;Deneme Tuvalet Kağıdı 32'li;Kağıt;Online;18;5060,38;3794,69;Satış
13.02.2026;F001259;Müşteri 27;Kurgu Deterjan 5 kg;Temizlik;Zincir market;84;19277,43;13342,90;Satış
13.02.2026;F001259;Müşteri 27;Kurgu Deterjan 5 kg;Temizlik;Zincir market;111;26992,08;17631,68;Satış
13.02.2026;F001259;Müşteri 27;Örnek Sıvı Sabun 1,5 lt;Kişisel Bakım;Zincir market;93;8918,17;5304,26;Satış
14.02.2026;F001260;Müşteri 30;Kurgu Deterjan 5 kg;Temizlik;Bayi;45;10878,46;7147,98;Satış
14.02.2026;F001261;Müşteri 30;Örnek Sıvı Sabun 1,5 lt;Kişisel Bakım;Bayi;52;4964,98;2965,82;Satış
14.02.2026;F001261;Müşteri 30;Kurgu Yumuşatıcı 3 lt;Temizlik;Bayi;30;4411,12;2964,60;Satış
16.02.2026;F001262;Müşteri 21;Deneme Tuvalet Kağıdı 32'li;Kağıt;Bayi;34;9231,91;7167,74;Satış
16.02.2026;F001262;Müşteri 21;Kurgu Deterjan 5 kg;Temizlik;Bayi;10;2388,48;1588,44;Satış
16.02.2026;F001262;Müşteri 21;Kurgu Yumuşatıcı 3 lt;Temizlik;Bayi;50;7933,15;4941,00;Satış
16.02.2026;F001263;Müşteri 09;Hayali Bulaşık Tableti 60'lı;Temizlik;Kurumsal;66;23836,79;14477,50;Satış
16.02.2026;F001263;Müşteri 09;Kurgu Yumuşatıcı 3 lt;Temizlik;Kurumsal;174;25540,80;17194,68;Satış
16.02.2026;F001264;Müşteri 07;Örnek Sıvı Sabun 1,5 lt;Kişisel Bakım;Bayi;12;1158,79;684,42;Satış
17.02.2026;F001265;Müşteri 01;Örnek Sıvı Sabun 1,5 lt;Kişisel Bakım;Bayi;14;1341,37;798,49;Satış
17.02.2026;F001265;Müşteri 01;Kurgu Yumuşatıcı 3 lt;Temizlik;Bayi;18;2801,89;1778,76;Satış
17.02.2026;F001265;Müşteri 01;Deneme Tuvalet Kağıdı 32'li;Kağıt;Bayi;39;10352,22;8221,82;Satış
17.02.2026;F001266;Müşteri 04;Hayali Bulaşık Tableti 60'lı;Temizlik;Zincir market;114;40503,58;25006,58;Satış
17.02.2026;F001266;Müşteri 04;Deneme Tuvalet Kağıdı 32'li;Kağıt;Zincir market;141;39602,20;29725,06;Satış
17.02.2026;F001266;Müşteri 04;Örnek Şampuan 500 ml;Kişisel Bakım;Zincir market;147;15566,87;8518,65;Satış
18.02.2026;F001267;Müşteri 04;Hayali Bulaşık Tableti 60'lı;Temizlik;Zincir market;51;18549,57;11187,16;Satış
18.02.2026;F001267;Müşteri 04;Örnek Sıvı Sabun 1,5 lt;Kişisel Bakım;Zincir market;60;5632,84;3422,10;Satış
18.02.2026;F001268;Müşteri 02;Kurgu Deterjan 5 kg;Temizlik;Bayi;5;1173,30;794,22;Satış
18.02.2026;F001268;Müşteri 02;Kurgu Yumuşatıcı 3 lt;Temizlik;Bayi;48;7443,89;4743,36;Satış
19.02.2026;F001269;Müşteri 11;Kurgu Yumuşatıcı 3 lt;Temizlik;Bayi;7;1062,97;691,74;Satış
19.02.2026;F001269;Müşteri 11;Kurgu Deterjan 5 kg;Temizlik;Bayi;57;13364,29;9054,11;Satış
19.02.2026;F001269;Müşteri 11;Deneme Kağıt Havlu 12'li;Kağıt;Bayi;45;7945,15;6148,80;Satış
19.02.2026;F001270;Müşteri 14;Örnek Şampuan 500 ml;Kişisel Bakım;Zincir market;96;10004,68;5563,20;Satış
19.02.2026;F001270;Müşteri 14;Kurgu Yumuşatıcı 3 lt;Temizlik;Zincir market;33;4986,31;3261,06;Satış
19.02.2026;F001270;Müşteri 14;Kurgu Yumuşatıcı 3 lt;Temizlik;Zincir market;15;2275,21;1482,30;Satış
20.02.2026;F001271;Müşteri 14;Kurgu Yumuşatıcı 3 lt;Temizlik;Zincir market;27;4183,41;2668,14;Satış
20.02.2026;F001271;Müşteri 14;Örnek Sıvı Sabun 1,5 lt;Kişisel Bakım;Zincir market;138;13424,95;7870,83;Satış
20.02.2026;F001272;Müşteri 03;Kurgu Yumuşatıcı 3 lt;Temizlik;Online;31;4662,36;3063,42;Satış
20.02.2026;F001273;Müşteri 39;Kurgu Deterjan 5 kg;Temizlik;Kurumsal;150;35790,79;23826,60;Satış
20.02.2026;F001273;Müşteri 39;Hayali Bulaşık Tableti 60'lı;Temizlik;Kurumsal;123;42011,09;26980,79;Satış
20.02.2026;F001274;Müşteri 07;Örnek Sıvı Sabun 1,5 lt;Kişisel Bakım;Bayi;45;4403,85;2566,57;Satış
20.02.2026;F001274;Müşteri 07;Deneme Tuvalet Kağıdı 32'li;Kağıt;Bayi;54;14918,09;11384,06;Satış
20.02.2026;F001274;Müşteri 07;Örnek Sıvı Sabun 1,5 lt;Kişisel Bakım;Bayi;16;1557,99;912,56;Satış
20.02.2026;F001275;Müşteri 21;Örnek Şampuan 500 ml;Kişisel Bakım;Bayi;9;955,24;521,55;Satış
20.02.2026;F001275;Müşteri 21;Deneme Kağıt Havlu 12'li;Kağıt;Bayi;42;7580,01;5738,88;Satış
20.02.2026;F001275;Müşteri 21;Deneme Kağıt Havlu 12'li;Kağıt;Bayi;45;8320,52;6148,80;Satış
21.02.2026;F001276;Müşteri 15;Deneme Kağıt Havlu 12'li;Kağıt;Bayi;53;9923,77;7241,92;Satış
21.02.2026;F001277;Müşteri 20;Deneme Tuvalet Kağıdı 32'li;Kağıt;Online;32;8886,41;6746,11;Satış
23.02.2026;F001278;Müşteri 09;Örnek Şampuan 500 ml;Kişisel Bakım;Kurumsal;69;7241,11;3998,55;Satış
23.02.2026;F001278;Müşteri 09;Örnek Şampuan 500 ml;Kişisel Bakım;Kurumsal;54;5880,05;3129,30;Satış
23.02.2026;F001279;Müşteri 16;Deneme Kağıt Havlu 12'li;Kağıt;Zincir market;99;18301,31;13527,36;Satış
23.02.2026;F001279;Müşteri 16;Örnek Sıvı Sabun 1,5 lt;Kişisel Bakım;Zincir market;39;3685,80;2224,37;Satış
23.02.2026;F001279;Müşteri 16;Deneme Tuvalet Kağıdı 32'li;Kağıt;Zincir market;165;45832,67;34784,64;Satış
24.02.2026;F001280;Müşteri 19;Kurgu Yumuşatıcı 3 lt;Temizlik;Kurumsal;177;27593,55;17491,14;Satış
24.02.2026;F001281;Müşteri 22;Kurgu Yumuşatıcı 3 lt;Temizlik;Zincir market;117;17227,68;11561,94;Satış
24.02.2026;F001282;Müşteri 16;Deneme Tuvalet Kağıdı 32'li;Kağıt;Zincir market;153;40634,30;32254,85;Satış
24.02.2026;F001282;Müşteri 16;Hayali Bulaşık Tableti 60'lı;Temizlik;Zincir market;87;30606,28;19083,97;Satış
24.02.2026;F001282;Müşteri 16;Kurgu Yumuşatıcı 3 lt;Temizlik;Zincir market;99;15303,61;9783,18;Satış
24.02.2026;F001283;Müşteri 05;Kurgu Deterjan 5 kg;Temizlik;Zincir market;51;11679,46;8101,04;Satış
24.02.2026;F001283;Müşteri 05;Kurgu Yumuşatıcı 3 lt;Temizlik;Zincir market;54;8000,43;5336,28;Satış
24.02.2026;F001284;Müşteri 12;Deneme Kağıt Havlu 12'li;Kağıt;Bayi;58;10771,02;7925,12;Satış
24.02.2026;F001284;Müşteri 12;Kurgu Yumuşatıcı 3 lt;Temizlik;Bayi;20;3060,45;1976,40;Satış
24.02.2026;F001284;Müşteri 12;Örnek Şampuan 500 ml;Kişisel Bakım;Bayi;51;5473,36;2955,45;Satış
25.02.2026;F001285;Müşteri 16;Kurgu Yumuşatıcı 3 lt;Temizlik;Zincir market;129;19315,02;12747,78;Satış
25.02.2026;F001285;Müşteri 16;Örnek Sıvı Sabun 1,5 lt;Kişisel Bakım;Zincir market;123;11792,37;7015,31;Satış
25.02.2026;F001286;Müşteri 13;Hayali Bulaşık Tableti 60'lı;Temizlik;Zincir market;165;57851,80;36193,74;Satış
25.02.2026;F001286;Müşteri 13;Örnek Sıvı Sabun 1,5 lt;Kişisel Bakım;Zincir market;90;8577,61;5133,15;Satış
25.02.2026;F001287;Müşteri 31;Örnek Şampuan 500 ml;Kişisel Bakım;Kurumsal;111;12054,27;6432,45;Satış
25.02.2026;F001287;Müşteri 31;Örnek Şampuan 500 ml;Kişisel Bakım;Kurumsal;159;16620,26;9214,05;Satış
26.02.2026;F001288;Müşteri 02;Örnek Şampuan 500 ml;Kişisel Bakım;Bayi;59;6128,83;3419,05;Satış
26.02.2026;F001288;Müşteri 02;Örnek Sıvı Sabun 1,5 lt;Kişisel Bakım;Bayi;43;4153,22;2452,51;Satış
26.02.2026;F001289;Müşteri 36;Kurgu Yumuşatıcı 3 lt;Temizlik;Bayi;21;3179,49;2075,22;Satış
26.02.2026;F001289;Müşteri 36;Örnek Sıvı Sabun 1,5 lt;Kişisel Bakım;Bayi;34;3214,65;1939,19;Satış
26.02.2026;F001289;Müşteri 36;Deneme Kağıt Havlu 12'li;Kağıt;Bayi;43;7781,22;5875,52;Satış
26.02.2026;F001290;Müşteri 22;Deneme Tuvalet Kağıdı 32'li;Kağıt;Zincir market;105;27822,70;22135,68;Satış
26.02.2026;F001291;Müşteri 13;Kurgu Deterjan 5 kg;Temizlik;Zincir market;180;42822,34;28591,92;Satış
26.02.2026;F001292;Müşteri 24;Örnek Şampuan 500 ml;Kişisel Bakım;Online;31;3458,50;1796,45;Satış
26.02.2026;F001292;Müşteri 24;Deneme Tuvalet Kağıdı 32'li;Kağıt;Online;28;7538,85;5902,85;Satış
27.02.2026;F001293;Müşteri 27;Kurgu Deterjan 5 kg;Temizlik;Zincir market;87;21441,54;13819,43;Satış
27.02.2026;F001294;Müşteri 11;Hayali Bulaşık Tableti 60'lı;Temizlik;Bayi;32;11665,42;7019,39;Satış
28.02.2026;F001295;Müşteri 33;Örnek Şampuan 500 ml;Kişisel Bakım;Online;45;4918,79;2607,75;Satış
28.02.2026;F001295;Müşteri 33;Deneme Tuvalet Kağıdı 32'li;Kağıt;Online;8;2202,33;1686,53;Satış
28.02.2026;F001295;Müşteri 33;Örnek Şampuan 500 ml;Kişisel Bakım;Online;52;5477,95;3013,40;Satış
28.02.2026;F001296;Müşteri 31;Hayali Bulaşık Tableti 60'lı;Temizlik;Kurumsal;84;29820,02;18425,90;Satış
28.02.2026;F001297;Müşteri 02;Deneme Tuvalet Kağıdı 32'li;Kağıt;Bayi;46;12139,15;9697,54;Satış
28.02.2026;F001297;Müşteri 02;Deneme Kağıt Havlu 12'li;Kağıt;Bayi;34;6390,58;4645,76;Satış
28.02.2026;F001297;Müşteri 02;Kurgu Yumuşatıcı 3 lt;Temizlik;Bayi;21;3143,89;2075,22;Satış
28.02.2026;F001298;Müşteri 38;Hayali Bulaşık Tableti 60'lı;Temizlik;Bayi;15;5053,46;3290,34;Satış
28.02.2026;F001298;Müşteri 38;Hayali Bulaşık Tableti 60'lı;Temizlik;Bayi;10;3553,94;2193,56;Satış
28.02.2026;F001298;Müşteri 38;Örnek Şampuan 500 ml;Kişisel Bakım;Bayi;30;3283,92;1738,50;Satış
02.03.2026;F001299;Müşteri 34;Örnek Şampuan 500 ml;Kişisel Bakım;Online;15;1658,60;869,25;Satış
02.03.2026;F001300;Müşteri 17;Örnek Sıvı Sabun 1,5 lt;Kişisel Bakım;Kurumsal;111;11104,52;6330,89;Satış
02.03.2026;F001300;Müşteri 17;Deneme Tuvalet Kağıdı 32'li;Kağıt;Kurumsal;87;23822,53;18340,99;Satış
02.03.2026;F001300;Müşteri 17;Deneme Tuvalet Kağıdı 32'li;Kağıt;Kurumsal;93;25816,04;19605,89;Satış
03.03.2026;F001301;Müşteri 07;Deneme Kağıt Havlu 12'li;Kağıt;Bayi;54;10030,07;7378,56;Satış
03.03.2026;F001301;Müşteri 07;Hayali Bulaşık Tableti 60'lı;Temizlik;Bayi;14;4821,72;3070,98;Satış
03.03.2026;F001301;Müşteri 07;Kurgu Yumuşatıcı 3 lt;Temizlik;Bayi;52;7884,64;5138,64;Satış
03.03.2026;F001302;Müşteri 20;Kurgu Yumuşatıcı 3 lt;Temizlik;Online;57;8710,88;5632,74;Satış
04.03.2026;F001303;Müşteri 34;Deneme Tuvalet Kağıdı 32'li;Kağıt;Online;23;6374,49;4848,77;Satış
04.03.2026;F001303;Müşteri 34;Kurgu Yumuşatıcı 3 lt;Temizlik;Online;16;2421,29;1581,12;Satış
04.03.2026;F001304;Müşteri 09;Örnek Şampuan 500 ml;Kişisel Bakım;Kurumsal;48;5166,69;2781,60;Satış
04.03.2026;F001305;Müşteri 08;Deneme Kağıt Havlu 12'li;Kağıt;Bayi;57;10083,68;7788,48;Satış
04.03.2026;F001305;Müşteri 08;Kurgu Yumuşatıcı 3 lt;Temizlik;Bayi;8;1248,90;790,56;Satış
04.03.2026;F001306;Müşteri 13;Hayali Bulaşık Tableti 60'lı;Temizlik;Zincir market;93;32497,32;20400,11;Satış
04.03.2026;F001306;Müşteri 13;Deneme Kağıt Havlu 12'li;Kağıt;Zincir market;33;6164,79;4509,12;Satış
04.03.2026;F001307;Müşteri 11;Örnek Sıvı Sabun 1,5 lt;Kişisel Bakım;Bayi;10;953,07;570,35;Satış
05.03.2026;F001308;Müşteri 02;Kurgu Yumuşatıcı 3 lt;Temizlik;Bayi;35;5345,88;3458,70;Satış
05.03.2026;F001308;Müşteri 02;Hayali Bulaşık Tableti 60'lı;Temizlik;Bayi;11;3704,96;2412,92;Satış
05.03.2026;F001308;Müşteri 02;Örnek Sıvı Sabun 1,5 lt;Kişisel Bakım;Bayi;53;5296,85;3022,86;Satış
05.03.2026;F001309;Müşteri 38;Kurgu Deterjan 5 kg;Temizlik;Bayi;18;4289,95;2859,19;Satış
05.03.2026;F001310;Müşteri 01;Deneme Kağıt Havlu 12'li;Kağıt;Bayi;38;7166,88;5192,32;Satış
05.03.2026;F001310;Müşteri 01;Hayali Bulaşık Tableti 60'lı;Temizlik;Bayi;22;8003,90;4825,83;Satış
05.03.2026;F001311;Müşteri 31;Deneme Kağıt Havlu 12'li;Kağıt;Kurumsal;96;17162,81;13117,44;Satış
05.03.2026;F001311;Müşteri 31;Deneme Tuvalet Kağıdı 32'li;Kağıt;Kurumsal;78;22088,62;16443,65;Satış
06.03.2026;F001312;Müşteri 26;Deneme Kağıt Havlu 12'li;Kağıt;Zincir market;24;4522,25;3279,36;Satış
06.03.2026;F001312;Müşteri 26;Hayali Bulaşık Tableti 60'lı;Temizlik;Zincir market;78;28090,19;17109,77;Satış
06.03.2026;F001313;Müşteri 01;Hayali Bulaşık Tableti 60'lı;Temizlik;Bayi;49;17066,43;10748,44;Satış
06.03.2026;F001313;Müşteri 01;Hayali Bulaşık Tableti 60'lı;Temizlik;Bayi;13;4384,74;2851,63;Satış
06.03.2026;F001314;Müşteri 08;Örnek Sıvı Sabun 1,5 lt;Kişisel Bakım;Bayi;49;4816,97;2794,72;Satış
06.03.2026;F001314;Müşteri 08;Kurgu Yumuşatıcı 3 lt;Temizlik;Bayi;28;4264,83;2766,96;Satış
06.03.2026;F001314;Müşteri 08;Deneme Tuvalet Kağıdı 32'li;Kağıt;Bayi;47;13171,82;9908,35;Satış
06.03.2026;F001315;Müşteri 33;Deneme Tuvalet Kağıdı 32'li;Kağıt;Online;17;4430,45;3583,87;Satış
06.03.2026;F001315;Müşteri 33;Deneme Tuvalet Kağıdı 32'li;Kağıt;Online;57;15267,07;12016,51;Satış
07.03.2026;F001316;Müşteri 21;Örnek Şampuan 500 ml;Kişisel Bakım;Bayi;19;2062,90;1101,05;Satış
07.03.2026;F001316;Müşteri 21;Örnek Şampuan 500 ml;Kişisel Bakım;Bayi;52;5648,54;3013,40;Satış
07.03.2026;F001316;Müşteri 21;Kurgu Deterjan 5 kg;Temizlik;Bayi;27;6384,39;4288,79;Satış
07.03.2026;F001317;Müşteri 31;Hayali Bulaşık Tableti 60'lı;Temizlik;Kurumsal;147;53364,80;32245,33;Satış
07.03.2026;F001317;Müşteri 31;Deneme Tuvalet Kağıdı 32'li;Kağıt;Kurumsal;87;23246,55;18340,99;Satış
07.03.2026;F001317;Müşteri 31;Kurgu Yumuşatıcı 3 lt;Temizlik;Kurumsal;150;22257,07;14823,00;Satış
09.03.2026;F001318;Müşteri 09;Hayali Bulaşık Tableti 60'lı;Temizlik;Kurumsal;30;10360,64;6580,68;Satış
09.03.2026;F001318;Müşteri 09;Deneme Tuvalet Kağıdı 32'li;Kağıt;Kurumsal;120;33949,25;25297,92;Satış
09.03.2026;F001319;Müşteri 30;Örnek Şampuan 500 ml;Kişisel Bakım;Bayi;12;1289,47;695,40;Satış
10.03.2026;F001320;Müşteri 14;Hayali Bulaşık Tableti 60'lı;Temizlik;Zincir market;141;50339,56;30929,20;Satış
10.03.2026;F001321;Müşteri 07;Deneme Tuvalet Kağıdı 32'li;Kağıt;Bayi;6;1585,05;1264,90;Satış
10.03.2026;F001321;Müşteri 07;Örnek Sıvı Sabun 1,5 lt;Kişisel Bakım;Bayi;29;2854,32;1654,01;Satış
10.03.2026;F001322;Müşteri 15;Örnek Sıvı Sabun 1,5 lt;Kişisel Bakım;Bayi;47;4516,60;2680,64;Satış
10.03.2026;F001322;Müşteri 15;Deneme Tuvalet Kağıdı 32'li;Kağıt;Bayi;12;3307,45;2529,79;Satış
10.03.2026;F001322;Müşteri 15;Deneme Kağıt Havlu 12'li;Kağıt;Bayi;45;8309,37;6148,80;Satış
11.03.2026;F001323;Müşteri 15;Hayali Bulaşık Tableti 60'lı;Temizlik;Bayi;43;14552,42;9432,31;Satış
11.03.2026;F001323;Müşteri 15;Örnek Sıvı Sabun 1,5 lt;Kişisel Bakım;Bayi;29;2887,80;1654,01;Satış
11.03.2026;F001323;Müşteri 15;Deneme Tuvalet Kağıdı 32'li;Kağıt;Bayi;52;14402,45;10962,43;Satış
11.03.2026;F001324;Müşteri 36;Hayali Bulaşık Tableti 60'lı;Temizlik;Bayi;19;6518,48;4167,76;Satış
11.03.2026;F001324;Müşteri 36;Kurgu Deterjan 5 kg;Temizlik;Bayi;23;5283,43;3653,41;Satış
11.03.2026;F001325;Müşteri 06;Deneme Tuvalet Kağıdı 32'li;Kağıt;Zincir market;126;35503,96;26562,82;Satış
11.03.2026;F001325;Müşteri 06;Deneme Tuvalet Kağıdı 32'li;Kağıt;Zincir market;36;9846,80;7589,38;Satış
11.03.2026;F001326;Müşteri 09;Örnek Şampuan 500 ml;Kişisel Bakım;Kurumsal;123;13498,10;7127,85;Satış
11.03.2026;F001326;Müşteri 09;Örnek Sıvı Sabun 1,5 lt;Kişisel Bakım;Kurumsal;24;2328,26;1368,84;Satış
12.03.2026;F001327;Müşteri 28;Hayali Bulaşık Tableti 60'lı;Temizlik;Online;28;10076,49;6141,97;Satış
12.03.2026;F001327;Müşteri 28;Hayali Bulaşık Tableti 60'lı;Temizlik;Online;13;4572,70;2851,63;Satış
12.03.2026;F001328;Müşteri 39;Kurgu Yumuşatıcı 3 lt;Temizlik;Kurumsal;33;5002,60;3261,06;Satış
12.03.2026;F001328;Müşteri 39;Deneme Kağıt Havlu 12'li;Kağıt;Kurumsal;177;31975,57;24185,28;Satış
12.03.2026;F001328;Müşteri 39;Kurgu Yumuşatıcı 3 lt;Temizlik;Kurumsal;171;27115,84;16898,22;Satış
12.03.2026;F001329;Müşteri 15;Deneme Tuvalet Kağıdı 32'li;Kağıt;Bayi;34;8972,06;7167,74;Satış
12.03.2026;F001329;Müşteri 15;Örnek Sıvı Sabun 1,5 lt;Kişisel Bakım;Bayi;14;1375,79;798,49;Satış
12.03.2026;F001330;Müşteri 03;Örnek Sıvı Sabun 1,5 lt;Kişisel Bakım;Online;24;2311,37;1368,84;Satış
12.03.2026;F001330;Müşteri 03;Deneme Tuvalet Kağıdı 32'li;Kağıt;Online;12;3200,87;2529,79;Satış
12.03.2026;F001330;Müşteri 03;Hayali Bulaşık Tableti 60'lı;Temizlik;Online;50;17666,64;10967,80;Satış
12.03.2026;F001331;Müşteri 14;Örnek Sıvı Sabun 1,5 lt;Kişisel Bakım;Zincir market;150;15004,67;8555,25;Satış
12.03.2026;F001331;Müşteri 14;Kurgu Deterjan 5 kg;Temizlik;Zincir market;168;39409,48;26685,79;Satış
13.03.2026;F001332;Müşteri 15;Deneme Tuvalet Kağıdı 32'li;Kağıt;Bayi;8;2251,67;1686,53;Satış
13.03.2026;F001332;Müşteri 15;Hayali Bulaşık Tableti 60'lı;Temizlik;Bayi;16;5785,74;3509,70;Satış
13.03.2026;F001332;Müşteri 15;Deneme Tuvalet Kağıdı 32'li;Kağıt;Bayi;30;8019,61;6324,48;Satış
13.03.2026;F001333;Müşteri 11;Deneme Kağıt Havlu 12'li;Kağıt;Bayi;30;5363,77;4099,20;Satış
13.03.2026;F001334;Müşteri 31;Hayali Bulaşık Tableti 60'lı;Temizlik;Kurumsal;90;31318,21;19742,04;Satış
13.03.2026;F001334;Müşteri 31;Deneme Kağıt Havlu 12'li;Kağıt;Kurumsal;153;27229,57;20905,92;Satış
14.03.2026;F001335;Müşteri 36;Kurgu Deterjan 5 kg;Temizlik;Bayi;13;3047,04;2064,97;Satış
14.03.2026;F001335;Müşteri 36;Hayali Bulaşık Tableti 60'lı;Temizlik;Bayi;42;15198,72;9212,95;Satış
14.03.2026;F001336;Müşteri 04;Örnek Sıvı Sabun 1,5 lt;Kişisel Bakım;Zincir market;102;9947,94;5817,57;Satış
14.03.2026;F001336;Müşteri 04;Deneme Kağıt Havlu 12'li;Kağıt;Zincir market;39;7034,44;5328,96;Satış
14.03.2026;F001336;Müşteri 04;Örnek Şampuan 500 ml;Kişisel Bakım;Zincir market;69;7671,30;3998,55;Satış
14.03.2026;F001337;Müşteri 14;Hayali Bulaşık Tableti 60'lı;Temizlik;Zincir market;156;53392,82;34219,54;Satış
16.03.2026;F001338;Müşteri 37;Deneme Tuvalet Kağıdı 32'li;Kağıt;Kurumsal;165;46684,95;34784,64;Satış
16.03.2026;F001339;Müşteri 10;Örnek Şampuan 500 ml;Kişisel Bakım;Bayi;48;5312,64;2781,60;Satış
16.03.2026;F001339;Müşteri 10;Kurgu Deterjan 5 kg;Temizlik;Bayi;11;2585,28;1747,28;Satış
16.03.2026;F001340;Müşteri 31;Kurgu Deterjan 5 kg;Temizlik;Kurumsal;36;8906,72;5718,38;Satış
16.03.2026;F001341;Müşteri 22;Örnek Şampuan 500 ml;Kişisel Bakım;Zincir market;42;4567,70;2433,90;Satış
16.03.2026;F001341;Müşteri 22;Örnek Şampuan 500 ml;Kişisel Bakım;Zincir market;60;6206,21;3477,00;Satış
16.03.2026;F001341;Müşteri 22;Kurgu Yumuşatıcı 3 lt;Temizlik;Zincir market;90;13750,47;8893,80;Satış
17.03.2026;F001342;Müşteri 25;Hayali Bulaşık Tableti 60'lı;Temizlik;Online;47;16722,92;10309,73;Satış
17.03.2026;F001342;Müşteri 25;Hayali Bulaşık Tableti 60'lı;Temizlik;Online;34;12302,77;7458,10;Satış
17.03.2026;F001342;Müşteri 25;Deneme Tuvalet Kağıdı 32'li;Kağıt;Online;29;7736,60;6113,66;Satış
17.03.2026;F001343;Müşteri 29;Kurgu Deterjan 5 kg;Temizlik;Bayi;12;2763,46;1906,13;Satış
17.03.2026;F001343;Müşteri 29;Kurgu Deterjan 5 kg;Temizlik;Bayi;36;8664,89;5718,38;Satış
17.03.2026;F001344;Müşteri 33;Kurgu Deterjan 5 kg;Temizlik;Online;42;10052,06;6671,45;Satış
18.03.2026;F001345;Müşteri 07;Kurgu Yumuşatıcı 3 lt;Temizlik;Bayi;29;4429,07;2865,78;Satış
18.03.2026;F001345;Müşteri 07;Deneme Tuvalet Kağıdı 32'li;Kağıt;Bayi;49;13248,08;10329,98;Satış
18.03.2026;F001345;Müşteri 07;Deneme Kağıt Havlu 12'li;Kağıt;Bayi;13;2277,57;1776,32;Satış
18.03.2026;F001346;Müşteri 05;Hayali Bulaşık Tableti 60'lı;Temizlik;Zincir market;165;58123,84;36193,74;Satış
18.03.2026;F001346;Müşteri 05;Örnek Şampuan 500 ml;Kişisel Bakım;Zincir market;171;18710,18;9909,45;Satış
18.03.2026;F001346;Müşteri 05;Örnek Şampuan 500 ml;Kişisel Bakım;Zincir market;120;13255,56;6954,00;Satış
18.03.2026;F001347;Müşteri 34;Kurgu Deterjan 5 kg;Temizlik;Online;38;9293,72;6036,07;Satış
18.03.2026;F001347;Müşteri 34;Deneme Kağıt Havlu 12'li;Kağıt;Online;50;9303,18;6832,00;Satış
18.03.2026;F001348;Müşteri 08;Deneme Tuvalet Kağıdı 32'li;Kağıt;Bayi;12;3175,65;2529,79;Satış
19.03.2026;F001349;Müşteri 01;Örnek Şampuan 500 ml;Kişisel Bakım;Bayi;56;5933,23;3245,20;Satış
19.03.2026;F001349;Müşteri 01;Kurgu Deterjan 5 kg;Temizlik;Bayi;13;3111,89;2064,97;Satış
19.03.2026;F001349;Müşteri 01;Deneme Tuvalet Kağıdı 32'li;Kağıt;Bayi;15;3938,01;3162,24;Satış
19.03.2026;F001350;Müşteri 17;Kurgu Deterjan 5 kg;Temizlik;Kurumsal;36;8568,36;5718,38;Satış
19.03.2026;F001351;Müşteri 24;Kurgu Yumuşatıcı 3 lt;Temizlik;Online;32;5088,26;3162,24;Satış
19.03.2026;F001351;Müşteri 24;Deneme Tuvalet Kağıdı 32'li;Kağıt;Online;5;1330,85;1054,08;Satış
19.03.2026;F001351;Müşteri 24;Kurgu Deterjan 5 kg;Temizlik;Online;38;9344,55;6036,07;Satış
20.03.2026;F001352;Müşteri 09;Örnek Şampuan 500 ml;Kişisel Bakım;Kurumsal;147;15572,95;8518,65;Satış
20.03.2026;F001352;Müşteri 09;Örnek Sıvı Sabun 1,5 lt;Kişisel Bakım;Kurumsal;129;12460,70;7357,52;Satış
20.03.2026;F001352;Müşteri 09;Kurgu Yumuşatıcı 3 lt;Temizlik;Kurumsal;147;21729,21;14526,54;Satış
20.03.2026;F001353;Müşteri 03;Kurgu Deterjan 5 kg;Temizlik;Online;17;3923,34;2700,35;Satış
20.03.2026;F001354;Müşteri 14;Deneme Kağıt Havlu 12'li;Kağıt;Zincir market;120;21235,09;16396,80;Satış
20.03.2026;F001355;Müşteri 23;Kurgu Yumuşatıcı 3 lt;Temizlik;Kurumsal;153;23636,47;15119,46;Satış
20.03.2026;F001355;Müşteri 23;Kurgu Deterjan 5 kg;Temizlik;Kurumsal;120;27963,66;19061,28;Satış
20.03.2026;F001356;Müşteri 25;Kurgu Yumuşatıcı 3 lt;Temizlik;Online;30;4571,04;2964,60;Satış
20.03.2026;F001356;Müşteri 25;Örnek Sıvı Sabun 1,5 lt;Kişisel Bakım;Online;48;4593,07;2737,68;Satış
20.03.2026;F001356;Müşteri 25;Deneme Tuvalet Kağıdı 32'li;Kağıt;Online;14;3817,60;2951,42;Satış
21.03.2026;F001357;Müşteri 13;Örnek Sıvı Sabun 1,5 lt;Kişisel Bakım;Zincir market;123;11998,69;7015,31;Satış
21.03.2026;F001357;Müşteri 13;Hayali Bulaşık Tableti 60'lı;Temizlik;Zincir market;111;39320,54;24348,52;Satış
21.03.2026;F001357;Müşteri 13;Örnek Şampuan 500 ml;Kişisel Bakım;Zincir market;171;17870,96;9909,45;Satış
21.03.2026;F001358;Müşteri 28;Kurgu Deterjan 5 kg;Temizlik;Online;43;10013,94;6830,29;Satış
21.03.2026;F001358;Müşteri 28;Örnek Sıvı Sabun 1,5 lt;Kişisel Bakım;Online;12;1158,49;684,42;Satış
21.03.2026;F001359;Müşteri 36;Kurgu Deterjan 5 kg;Temizlik;Bayi;26;6257,34;4129,94;Satış
21.03.2026;F001359;Müşteri 36;Örnek Sıvı Sabun 1,5 lt;Kişisel Bakım;Bayi;26;2561,50;1482,91;Satış
21.03.2026;F001360;Müşteri 10;Örnek Sıvı Sabun 1,5 lt;Kişisel Bakım;Bayi;5;465,31;285,18;Satış
23.03.2026;F001361;Müşteri 25;Hayali Bulaşık Tableti 60'lı;Temizlik;Online;12;4100,14;2632,27;Satış
23.03.2026;F001362;Müşteri 20;Hayali Bulaşık Tableti 60'lı;Temizlik;Online;56;19648,40;12283,94;Satış
23.03.2026;F001362;Müşteri 20;Deneme Kağıt Havlu 12'li;Kağıt;Online;27;4975,44;3689,28;Satış
23.03.2026;F001362;Müşteri 20;Hayali Bulaşık Tableti 60'lı;Temizlik;Online;23;8111,56;5045,19;Satış
23.03.2026;F001363;Müşteri 39;Kurgu Deterjan 5 kg;Temizlik;Kurumsal;45;10542,60;7147,98;Satış
24.03.2026;F001364;Müşteri 23;Deneme Tuvalet Kağıdı 32'li;Kağıt;Kurumsal;165;44977,32;34784,64;Satış
24.03.2026;F001364;Müşteri 23;Deneme Kağıt Havlu 12'li;Kağıt;Kurumsal;177;31820,64;24185,28;Satış
24.03.2026;F001364;Müşteri 23;Deneme Kağıt Havlu 12'li;Kağıt;Kurumsal;39;6926,75;5328,96;Satış
24.03.2026;F001365;Müşteri 33;Kurgu Yumuşatıcı 3 lt;Temizlik;Online;47;6963,82;4644,54;Satış
24.03.2026;F001365;Müşteri 33;Örnek Şampuan 500 ml;Kişisel Bakım;Online;41;4498,82;2375,95;Satış
24.03.2026;F001365;Müşteri 33;Kurgu Deterjan 5 kg;Temizlik;Online;51;12273,02;8101,04;Satış
24.03.2026;F001366;Müşteri 24;Hayali Bulaşık Tableti 60'lı;Temizlik;Online;20;7127,67;4387,12;Satış
24.03.2026;F001366;Müşteri 24;Örnek Şampuan 500 ml;Kişisel Bakım;Online;50;5361,87;2897,50;Satış
24.03.2026;F001366;Müşteri 24;Örnek Şampuan 500 ml;Kişisel Bakım;Online;27;2977,90;1564,65;Satış
25.03.2026;F001367;Müşteri 28;Deneme Tuvalet Kağıdı 32'li;Kağıt;Online;57;15146,43;12016,51;Satış
25.03.2026;F001367;Müşteri 28;Deneme Tuvalet Kağıdı 32'li;Kağıt;Online;59;15488,31;12438,14;Satış
25.03.2026;F001367;Müşteri 28;Örnek Sıvı Sabun 1,5 lt;Kişisel Bakım;Online;31;3052,23;1768,09;Satış
25.03.2026;F001368;Müşteri 06;Kurgu Deterjan 5 kg;Temizlik;Zincir market;27;6546,06;4288,79;Satış
25.03.2026;F001368;Müşteri 06;Kurgu Deterjan 5 kg;Temizlik;Zincir market;45;10772,15;7147,98;Satış
25.03.2026;F001368;Müşteri 06;Kurgu Deterjan 5 kg;Temizlik;Zincir market;156;36448,26;24779,66;Satış
25.03.2026;F001369;Müşteri 32;Örnek Şampuan 500 ml;Kişisel Bakım;Bayi;48;5169,31;2781,60;Satış
25.03.2026;F001370;Müşteri 09;Örnek Şampuan 500 ml;Kişisel Bakım;Kurumsal;111;12129,66;6432,45;Satış
25.03.2026;F001370;Müşteri 09;Deneme Tuvalet Kağıdı 32'li;Kağıt;Kurumsal;117;32333,56;24665,47;Satış
26.03.2026;F001371;Müşteri 01;Örnek Şampuan 500 ml;Kişisel Bakım;Bayi;49;5288,27;2839,55;Satış
26.03.2026;F001371;Müşteri 01;Örnek Sıvı Sabun 1,5 lt;Kişisel Bakım;Bayi;20;2005,07;1140,70;Satış
26.03.2026;F001371;Müşteri 01;Deneme Tuvalet Kağıdı 32'li;Kağıt;Bayi;57;16141,33;12016,51;Satış
26.03.2026;F001372;Müşteri 34;Deneme Kağıt Havlu 12'li;Kağıt;Online;7;1280,09;956,48;Satış
26.03.2026;F001372;Müşteri 34;Kurgu Yumuşatıcı 3 lt;Temizlik;Online;48;7603,69;4743,36;Satış
26.03.2026;F001372;Müşteri 34;Hayali Bulaşık Tableti 60'lı;Temizlik;Online;38;13793,42;8335,53;Satış
26.03.2026;F001373;Müşteri 12;Örnek Sıvı Sabun 1,5 lt;Kişisel Bakım;Bayi;58;5414,05;3308,03;Satış
27.03.2026;F001374;Müşteri 28;Örnek Şampuan 500 ml;Kişisel Bakım;Online;15;1597,19;869,25;Satış
27.03.2026;F001374;Müşteri 28;Kurgu Deterjan 5 kg;Temizlik;Online;26;6398,50;4129,94;Satış
27.03.2026;F001375;Müşteri 16;Hayali Bulaşık Tableti 60'lı;Temizlik;Zincir market;162;58585,49;35535,67;Satış
27.03.2026;F001375;Müşteri 16;Örnek Sıvı Sabun 1,5 lt;Kişisel Bakım;Zincir market;72;6922,99;4106,52;Satış
27.03.2026;F001375;Müşteri 16;Örnek Sıvı Sabun 1,5 lt;Kişisel Bakım;Zincir market;54;4983,87;3079,89;Satış
28.03.2026;F001376;Müşteri 14;Deneme Tuvalet Kağıdı 32'li;Kağıt;Zincir market;111;30996,94;23400,58;Satış
28.03.2026;F001376;Müşteri 14;Kurgu Deterjan 5 kg;Temizlik;Zincir market;102;25058,22;16202,09;Satış
28.03.2026;F001377;Müşteri 32;Örnek Sıvı Sabun 1,5 lt;Kişisel Bakım;Bayi;5;486,08;285,18;Satış
28.03.2026;F001378;Müşteri 22;Örnek Sıvı Sabun 1,5 lt;Kişisel Bakım;Zincir market;33;3046,47;1882,16;Satış
28.03.2026;F001378;Müşteri 22;Deneme Tuvalet Kağıdı 32'li;Kağıt;Zincir market;48;12943,36;10119,17;Satış
28.03.2026;F001379;Müşteri 01;Örnek Şampuan 500 ml;Kişisel Bakım;Bayi;36;3776,53;2086,20;Satış
28.03.2026;F001380;Müşteri 34;Kurgu Yumuşatıcı 3 lt;Temizlik;Online;31;4592,16;3063,42;Satış
28.03.2026;F001380;Müşteri 34;Örnek Şampuan 500 ml;Kişisel Bakım;Online;5;522,64;289,75;Satış
28.03.2026;F001380;Müşteri 34;Deneme Tuvalet Kağıdı 32'li;Kağıt;Online;21;5578,99;4427,14;Satış
30.03.2026;F001381;Müşteri 24;Kurgu Yumuşatıcı 3 lt;Temizlik;Online;39;6119,03;3853,98;Satış
30.03.2026;F001381;Müşteri 24;Kurgu Deterjan 5 kg;Temizlik;Online;33;7952,54;5241,85;Satış
30.03.2026;F001382;Müşteri 29;Kurgu Yumuşatıcı 3 lt;Temizlik;Bayi;27;4214,08;2668,14;Satış
30.03.2026;F001383;Müşteri 01;Hayali Bulaşık Tableti 60'lı;Temizlik;Bayi;50;17117,19;10967,80;Satış
30.03.2026;F001383;Müşteri 01;Kurgu Yumuşatıcı 3 lt;Temizlik;Bayi;23;3382,59;2272,86;Satış
30.03.2026;F001384;Müşteri 26;Deneme Tuvalet Kağıdı 32'li;Kağıt;Zincir market;78;21914,65;16443,65;Satış
30.03.2026;F001384;Müşteri 26;Kurgu Yumuşatıcı 3 lt;Temizlik;Zincir market;141;21021,97;13933,62;Satış
31.03.2026;F001385;Müşteri 08;Örnek Şampuan 500 ml;Kişisel Bakım;Bayi;40;4303,05;2318,00;Satış
31.03.2026;F001385;Müşteri 08;Deneme Tuvalet Kağıdı 32'li;Kağıt;Bayi;50;13171,56;10540,80;Satış
31.03.2026;F001386;Müşteri 26;Deneme Tuvalet Kağıdı 32'li;Kağıt;Zincir market;156;43624,53;32887,30;Satış
31.03.2026;F001386;Müşteri 26;Örnek Şampuan 500 ml;Kişisel Bakım;Zincir market;39;4060,53;2260,05;Satış
31.03.2026;F001386;Müşteri 26;Kurgu Deterjan 5 kg;Temizlik;Zincir market;165;37685,23;26209,26;Satış
31.03.2026;F001387;Müşteri 10;Deneme Kağıt Havlu 12'li;Kağıt;Bayi;5;926,43;683,20;Satış
31.03.2026;F001387;Müşteri 10;Kurgu Yumuşatıcı 3 lt;Temizlik;Bayi;8;1241,60;790,56;Satış
31.03.2026;F001388;Müşteri 22;Deneme Kağıt Havlu 12'li;Kağıt;Zincir market;156;27115,49;21315,84;Satış
31.03.2026;F001388;Müşteri 22;Örnek Şampuan 500 ml;Kişisel Bakım;Zincir market;69;7290,75;3998,55;Satış
01.04.2026;F001389;Müşteri 16;Kurgu Yumuşatıcı 3 lt;Temizlik;Zincir market;153;23419,90;15119,46;Satış
01.04.2026;F001389;Müşteri 16;Kurgu Yumuşatıcı 3 lt;Temizlik;Zincir market;66;10317,59;6522,12;Satış
01.04.2026;F001389;Müşteri 16;Hayali Bulaşık Tableti 60'lı;Temizlik;Zincir market;63;23034,81;13819,43;Satış
01.04.2026;F001390;Müşteri 16;Hayali Bulaşık Tableti 60'lı;Temizlik;Zincir market;96;32864,86;21058,18;Satış
01.04.2026;F001390;Müşteri 16;Deneme Tuvalet Kağıdı 32'li;Kağıt;Zincir market;165;46017,56;34784,64;Satış
01.04.2026;F001390;Müşteri 16;Deneme Tuvalet Kağıdı 32'li;Kağıt;Zincir market;153;41604,51;32254,85;Satış
01.04.2026;F001391;Müşteri 12;Hayali Bulaşık Tableti 60'lı;Temizlik;Bayi;42;14907,50;9212,95;Satış
01.04.2026;F001392;Müşteri 10;Kurgu Deterjan 5 kg;Temizlik;Bayi;13;3067,10;2064,97;Satış
01.04.2026;F001393;Müşteri 18;Kurgu Yumuşatıcı 3 lt;Temizlik;Zincir market;96;14090,98;9486,72;Satış
02.04.2026;F001394;Müşteri 25;Deneme Kağıt Havlu 12'li;Kağıt;Online;24;4422,51;3279,36;Satış
02.04.2026;F001394;Müşteri 25;Kurgu Yumuşatıcı 3 lt;Temizlik;Online;19;2865,96;1877,58;Satış
02.04.2026;F001395;Müşteri 31;Deneme Kağıt Havlu 12'li;Kağıt;Kurumsal;96;17608,42;13117,44;Satış
03.04.2026;F001396;Müşteri 24;Örnek Sıvı Sabun 1,5 lt;Kişisel Bakım;Online;50;4781,53;2851,75;Satış
03.04.2026;F001396;Müşteri 24;Örnek Sıvı Sabun 1,5 lt;Kişisel Bakım;Online;8;749,88;456,28;Satış
03.04.2026;F001397;Müşteri 01;Deneme Tuvalet Kağıdı 32'li;Kağıt;Bayi;52;13927,22;10962,43;Satış
03.04.2026;F001398;Müşteri 19;Örnek Sıvı Sabun 1,5 lt;Kişisel Bakım;Kurumsal;129;12007,90;7357,52;Satış
03.04.2026;F001398;Müşteri 19;Kurgu Yumuşatıcı 3 lt;Temizlik;Kurumsal;63;9994,41;6225,66;Satış
03.04.2026;F001399;Müşteri 24;Örnek Sıvı Sabun 1,5 lt;Kişisel Bakım;Online;12;1116,64;684,42;Satış
03.04.2026;F001399;Müşteri 24;Kurgu Deterjan 5 kg;Temizlik;Online;48;11467,88;7624,51;Satış
04.04.2026;F001400;Müşteri 24;Hayali Bulaşık Tableti 60'lı;Temizlik;Online;28;10031,76;6141,97;Satış
04.04.2026;F001400;Müşteri 24;Deneme Kağıt Havlu 12'li;Kağıt;Online;38;6947,52;5192,32;Satış
04.04.2026;F001400;Müşteri 24;Kurgu Yumuşatıcı 3 lt;Temizlik;Online;46;6903,34;4545,72;Satış
04.04.2026;F001401;Müşteri 38;Kurgu Deterjan 5 kg;Temizlik;Bayi;11;2536,19;1747,28;Satış
04.04.2026;F001401;Müşteri 38;Deneme Tuvalet Kağıdı 32'li;Kağıt;Bayi;43;11320,64;9065,09;Satış
04.04.2026;F001402;Müşteri 38;Hayali Bulaşık Tableti 60'lı;Temizlik;Bayi;17;5817,09;3729,05;Satış
04.04.2026;F001402;Müşteri 38;Örnek Şampuan 500 ml;Kişisel Bakım;Bayi;11;1141,84;637,45;Satış
04.04.2026;F001402;Müşteri 38;Deneme Kağıt Havlu 12'li;Kağıt;Bayi;44;7870,51;6012,16;Satış
04.04.2026;F001403;Müşteri 31;Deneme Kağıt Havlu 12'li;Kağıt;Kurumsal;153;26930,61;20905,92;Satış
06.04.2026;F001404;Müşteri 36;Örnek Sıvı Sabun 1,5 lt;Kişisel Bakım;Bayi;53;5253,57;3022,86;Satış
06.04.2026;F001404;Müşteri 36;Deneme Kağıt Havlu 12'li;Kağıt;Bayi;27;5054,74;3689,28;Satış
06.04.2026;F001404;Müşteri 36;Örnek Şampuan 500 ml;Kişisel Bakım;Bayi;45;4930,42;2607,75;Satış
06.04.2026;F001405;Müşteri 28;Örnek Şampuan 500 ml;Kişisel Bakım;Online;31;3342,70;1796,45;Satış
06.04.2026;F001406;Müşteri 33;Kurgu Yumuşatıcı 3 lt;Temizlik;Online;43;6452,14;4249,26;Satış
06.04.2026;F001407;Müşteri 09;Kurgu Deterjan 5 kg;Temizlik;Kurumsal;123;28189,28;19537,81;Satış
06.04.2026;F001407;Müşteri 09;Deneme Tuvalet Kağıdı 32'li;Kağıt;Kurumsal;51;14143,61;10751,62;Satış
06.04.2026;F001408;Müşteri 26;Deneme Tuvalet Kağıdı 32'li;Kağıt;Zincir market;117;32790,48;24665,47;Satış
06.04.2026;F001408;Müşteri 26;Kurgu Deterjan 5 kg;Temizlik;Zincir market;45;10649,42;7147,98;Satış
07.04.2026;F001409;Müşteri 26;Örnek Sıvı Sabun 1,5 lt;Kişisel Bakım;Zincir market;54;5062,66;3079,89;Satış
07.04.2026;F001409;Müşteri 26;Kurgu Yumuşatıcı 3 lt;Temizlik;Zincir market;123;18367,80;12154,86;Satış
07.04.2026;F001409;Müşteri 26;Deneme Tuvalet Kağıdı 32'li;Kağıt;Zincir market;15;4206,93;3162,24;Satış
07.04.2026;F001410;Müşteri 33;Deneme Kağıt Havlu 12'li;Kağıt;Online;50;9228,98;6832,00;Satış
07.04.2026;F001410;Müşteri 33;Örnek Sıvı Sabun 1,5 lt;Kişisel Bakım;Online;24;2378,79;1368,84;Satış
07.04.2026;F001411;Müşteri 19;Örnek Sıvı Sabun 1,5 lt;Kişisel Bakım;Kurumsal;120;11187,80;6844,20;Satış
07.04.2026;F001411;Müşteri 19;Kurgu Yumuşatıcı 3 lt;Temizlik;Kurumsal;21;3220,47;2075,22;Satış
07.04.2026;F001411;Müşteri 19;Örnek Sıvı Sabun 1,5 lt;Kişisel Bakım;Kurumsal;21;2045,57;1197,74;Satış
07.04.2026;F001412;Müşteri 18;Örnek Sıvı Sabun 1,5 lt;Kişisel Bakım;Zincir market;180;17751,59;10266,30;Satış
07.04.2026;F001413;Müşteri 16;Deneme Kağıt Havlu 12'li;Kağıt;Zincir market;36;6253,82;4919,04;Satış
08.04.2026;F001414;Müşteri 21;Deneme Tuvalet Kağıdı 32'li;Kağıt;Bayi;40;10661,04;8432,64;Satış
08.04.2026;F001415;Müşteri 09;Deneme Kağıt Havlu 12'li;Kağıt;Kurumsal;69;12323,35;9428,16;Satış
08.04.2026;F001415;Müşteri 09;Kurgu Deterjan 5 kg;Temizlik;Kurumsal;135;32960,36;21443,94;Satış
08.04.2026;F001416;Müşteri 23;Deneme Tuvalet Kağıdı 32'li;Kağıt;Kurumsal;66;17460,18;13913,86;Satış
08.04.2026;F001417;Müşteri 02;Deneme Tuvalet Kağıdı 32'li;Kağıt;Bayi;60;16690,47;12648,96;Satış
08.04.2026;F001417;Müşteri 02;Hayali Bulaşık Tableti 60'lı;Temizlik;Bayi;42;14265,34;9212,95;Satış
08.04.2026;F001417;Müşteri 02;Deneme Tuvalet Kağıdı 32'li;Kağıt;Bayi;49;13190,71;10329,98;Satış
09.04.2026;F001418;Müşteri 29;Örnek Sıvı Sabun 1,5 lt;Kişisel Bakım;Bayi;22;2066,07;1254,77;Satış
09.04.2026;F001419;Müşteri 26;Örnek Şampuan 500 ml;Kişisel Bakım;Zincir market;57;6251,59;3303,15;Satış
09.04.2026;F001420;Müşteri 28;Kurgu Yumuşatıcı 3 lt;Temizlik;Online;35;5171,25;3458,70;Satış
09.04.2026;F001420;Müşteri 28;Kurgu Yumuşatıcı 3 lt;Temizlik;Online;34;5063,08;3359,88;Satış
10.04.2026;F001421;Müşteri 37;Deneme Tuvalet Kağıdı 32'li;Kağıt;Kurumsal;48;13210,33;10119,17;Satış
10.04.2026;F001421;Müşteri 37;Kurgu Deterjan 5 kg;Temizlik;Kurumsal;72;16646,81;11436,77;Satış
10.04.2026;F001422;Müşteri 12;Deneme Tuvalet Kağıdı 32'li;Kağıt;Bayi;43;11386,40;9065,09;Satış
10.04.2026;F001422;Müşteri 12;Kurgu Yumuşatıcı 3 lt;Temizlik;Bayi;9;1367,91;889,38;Satış
10.04.2026;F001423;Müşteri 30;Örnek Şampuan 500 ml;Kişisel Bakım;Bayi;11;1205,90;637,45;Satış
10.04.2026;F001423;Müşteri 30;Kurgu Yumuşatıcı 3 lt;Temizlik;Bayi;51;7962,10;5039,82;Satış
10.04.2026;F001423;Müşteri 30;Kurgu Deterjan 5 kg;Temizlik;Bayi;43;9887,98;6830,29;Satış
11.04.2026;F001424;Müşteri 01;Kurgu Deterjan 5 kg;Temizlik;Bayi;13;3027,69;2064,97;Satış
11.04.2026;F001424;Müşteri 01;Kurgu Deterjan 5 kg;Temizlik;Bayi;22;5077,68;3494,57;Satış
11.04.2026;F001424;Müşteri 01;Deneme Tuvalet Kağıdı 32'li;Kağıt;Bayi;43;11216,54;9065,09;Satış
11.04.2026;F001425;Müşteri 01;Deneme Kağıt Havlu 12'li;Kağıt;Bayi;52;9674,86;7105,28;Satış
13.04.2026;F001426;Müşteri 13;Örnek Şampuan 500 ml;Kişisel Bakım;Zincir market;159;17200,56;9214,05;Satış
13.04.2026;F001427;Müşteri 29;Örnek Sıvı Sabun 1,5 lt;Kişisel Bakım;Bayi;26;2499,09;1482,91;Satış
14.04.2026;F001428;Müşteri 35;Kurgu Deterjan 5 kg;Temizlik;Online;57;13044,94;9054,11;Satış
14.04.2026;F001429;Müşteri 35;Kurgu Deterjan 5 kg;Temizlik;Online;37;9085,32;5877,23;Satış
14.04.2026;F001429;Müşteri 35;Örnek Şampuan 500 ml;Kişisel Bakım;Online;14;1444,00;811,30;Satış
14.04.2026;F001430;Müşteri 15;Kurgu Yumuşatıcı 3 lt;Temizlik;Bayi;32;4846,95;3162,24;Satış
14.04.2026;F001431;Müşteri 23;Örnek Sıvı Sabun 1,5 lt;Kişisel Bakım;Kurumsal;57;5681,28;3250,99;Satış
14.04.2026;F001431;Müşteri 23;Deneme Tuvalet Kağıdı 32'li;Kağıt;Kurumsal;87;24020,99;18340,99;Satış
14.04.2026;F001431;Müşteri 23;Deneme Tuvalet Kağıdı 32'li;Kağıt;Kurumsal;171;48046,04;36049,54;Satış
15.04.2026;F001432;Müşteri 15;Örnek Sıvı Sabun 1,5 lt;Kişisel Bakım;Bayi;27;2507,98;1539,94;Satış
15.04.2026;F001433;Müşteri 22;Örnek Sıvı Sabun 1,5 lt;Kişisel Bakım;Zincir market;30;2983,87;1711,05;Satış
16.04.2026;F001434;Müşteri 28;Örnek Sıvı Sabun 1,5 lt;Kişisel Bakım;Online;43;4030,44;2452,51;Satış
16.04.2026;F001434;Müşteri 28;Örnek Şampuan 500 ml;Kişisel Bakım;Online;14;1555,98;811,30;Satış
16.04.2026;F001434;Müşteri 28;Deneme Tuvalet Kağıdı 32'li;Kağıt;Online;24;6592,76;5059,58;Satış
16.04.2026;F001435;Müşteri 19;Kurgu Deterjan 5 kg;Temizlik;Kurumsal;66;16245,20;10483,70;Satış
16.04.2026;F001435;Müşteri 19;Deneme Tuvalet Kağıdı 32'li;Kağıt;Kurumsal;84;23661,07;17708,54;Satış
16.04.2026;F001436;Müşteri 05;Hayali Bulaşık Tableti 60'lı;Temizlik;Zincir market;42;15090,48;9212,95;Satış
17.04.2026;F001437;Müşteri 25;Deneme Tuvalet Kağıdı 32'li;Kağıt;Online;55;15308,77;11594,88;Satış
17.04.2026;F001437;Müşteri 25;Örnek Şampuan 500 ml;Kişisel Bakım;Online;57;5912,93;3303,15;Satış
17.04.2026;F001438;Müşteri 37;Deneme Tuvalet Kağıdı 32'li;Kağıt;Kurumsal;66;17412,23;13913,86;Satış
17.04.2026;F001438;Müşteri 37;Örnek Sıvı Sabun 1,5 lt;Kişisel Bakım;Kurumsal;39;3655,68;2224,37;Satış
17.04.2026;F001439;Müşteri 25;Örnek Sıvı Sabun 1,5 lt;Kişisel Bakım;Online;36;3444,37;2053,26;Satış
17.04.2026;F001439;Müşteri 25;Deneme Tuvalet Kağıdı 32'li;Kağıt;Online;31;8499,49;6535,30;Satış
18.04.2026;F001440;Müşteri 16;Örnek Şampuan 500 ml;Kişisel Bakım;Zincir market;120;12910,80;6954,00;Satış
18.04.2026;F001440;Müşteri 16;Deneme Kağıt Havlu 12'li;Kağıt;Zincir market;108;19627,76;14757,12;Satış
18.04.2026;F001441;Müşteri 15;Kurgu Deterjan 5 kg;Temizlik;Bayi;42;10170,24;6671,45;Satış
18.04.2026;F001441;Müşteri 15;Deneme Kağıt Havlu 12'li;Kağıt;Bayi;41;7602,45;5602,24;Satış
18.04.2026;F001442;Müşteri 15;Kurgu Deterjan 5 kg;Temizlik;Bayi;20;4702,93;3176,88;Satış
18.04.2026;F001442;Müşteri 15;Kurgu Yumuşatıcı 3 lt;Temizlik;Bayi;59;8659,70;5830,38;Satış
18.04.2026;F001442;Müşteri 15;Deneme Kağıt Havlu 12'li;Kağıt;Bayi;35;6585,59;4782,40;Satış
20.04.2026;F001443;Müşteri 23;Hayali Bulaşık Tableti 60'lı;Temizlik;Kurumsal;177;64056,52;38826,01;Satış
20.04.2026;F001443;Müşteri 23;Hayali Bulaşık Tableti 60'lı;Temizlik;Kurumsal;39;13461,24;8554,88;Satış
20.04.2026;F001444;Müşteri 10;Örnek Şampuan 500 ml;Kişisel Bakım;Bayi;20;2100,44;1159,00;Satış
20.04.2026;F001444;Müşteri 10;Kurgu Yumuşatıcı 3 lt;Temizlik;Bayi;8;1248,61;790,56;Satış
20.04.2026;F001444;Müşteri 10;Kurgu Deterjan 5 kg;Temizlik;Bayi;49;11854,64;7783,36;Satış
21.04.2026;F001445;Müşteri 28;Kurgu Deterjan 5 kg;Temizlik;Online;49;11273,80;7783,36;Satış
21.04.2026;F001445;Müşteri 28;Deneme Kağıt Havlu 12'li;Kağıt;Online;9;1628,08;1229,76;Satış
21.04.2026;F001446;Müşteri 39;Kurgu Deterjan 5 kg;Temizlik;Kurumsal;42;9879,10;6671,45;Satış
22.04.2026;F001447;Müşteri 01;Hayali Bulaşık Tableti 60'lı;Temizlik;Bayi;57;19877,29;12503,29;Satış
22.04.2026;F001447;Müşteri 01;Hayali Bulaşık Tableti 60'lı;Temizlik;Bayi;16;5604,53;3509,70;Satış
22.04.2026;F001447;Müşteri 01;Kurgu Yumuşatıcı 3 lt;Temizlik;Bayi;52;7970,45;5138,64;Satış
22.04.2026;F001448;Müşteri 20;Örnek Şampuan 500 ml;Kişisel Bakım;Online;51;5414,02;2955,45;Satış
22.04.2026;F001448;Müşteri 20;Hayali Bulaşık Tableti 60'lı;Temizlik;Online;46;16416,56;10090,38;Satış
23.04.2026;F001449;Müşteri 04;Kurgu Deterjan 5 kg;Temizlik;Zincir market;129;31329,77;20490,88;Satış
23.04.2026;F001449;Müşteri 04;Deneme Kağıt Havlu 12'li;Kağıt;Zincir market;45;7823,71;6148,80;Satış
23.04.2026;F001449;Müşteri 04;Hayali Bulaşık Tableti 60'lı;Temizlik;Zincir market;96;34217,54;21058,18;Satış
23.04.2026;F001450;Müşteri 30;Deneme Tuvalet Kağıdı 32'li;Kağıt;Bayi;58;15450,65;12227,33;Satış
23.04.2026;F001450;Müşteri 30;Deneme Kağıt Havlu 12'li;Kağıt;Bayi;37;6597,78;5055,68;Satış
23.04.2026;F001450;Müşteri 30;Kurgu Yumuşatıcı 3 lt;Temizlik;Bayi;32;5069,64;3162,24;Satış
23.04.2026;F001451;Müşteri 18;Deneme Kağıt Havlu 12'li;Kağıt;Zincir market;87;16396,59;11887,68;Satış
24.04.2026;F001452;Müşteri 26;Kurgu Deterjan 5 kg;Temizlik;Zincir market;57;13437,91;9054,11;Satış
24.04.2026;F001452;Müşteri 26;Hayali Bulaşık Tableti 60'lı;Temizlik;Zincir market;156;56955,18;34219,54;Satış
24.04.2026;F001452;Müşteri 26;Deneme Kağıt Havlu 12'li;Kağıt;Zincir market;174;30426,02;23775,36;Satış
24.04.2026;F001453;Müşteri 30;Örnek Sıvı Sabun 1,5 lt;Kişisel Bakım;Bayi;46;4481,62;2623,61;Satış
24.04.2026;F001453;Müşteri 30;Hayali Bulaşık Tableti 60'lı;Temizlik;Bayi;29;9899,42;6361,32;Satış
24.04.2026;F001454;Müşteri 24;Örnek Şampuan 500 ml;Kişisel Bakım;Online;17;1794,39;985,15;Satış
24.04.2026;F001454;Müşteri 24;Kurgu Deterjan 5 kg;Temizlik;Online;9;2116,50;1429,60;Satış
24.04.2026;F001454;Müşteri 24;Hayali Bulaşık Tableti 60'lı;Temizlik;Online;59;20434,84;12942,00;Satış
25.04.2026;F001455;Müşteri 35;Kurgu Deterjan 5 kg;Temizlik;Online;18;4316,64;2859,19;Satış
25.04.2026;F001456;Müşteri 20;Deneme Kağıt Havlu 12'li;Kağıt;Online;17;3116,75;2322,88;Satış
25.04.2026;F001457;Müşteri 03;Örnek Sıvı Sabun 1,5 lt;Kişisel Bakım;Online;10;1001,13;570,35;Satış
27.04.2026;F001458;Müşteri 03;Örnek Sıvı Sabun 1,5 lt;Kişisel Bakım;Online;10;998,47;570,35;Satış
27.04.2026;F001459;Müşteri 01;Hayali Bulaşık Tableti 60'lı;Temizlik;Bayi;23;8385,63;5045,19;Satış
27.04.2026;F001459;Müşteri 01;Deneme Kağıt Havlu 12'li;Kağıt;Bayi;17;3033,58;2322,88;Satış
27.04.2026;F001460;Müşteri 26;Örnek Sıvı Sabun 1,5 lt;Kişisel Bakım;Zincir market;39;3818,65;2224,37;Satış
27.04.2026;F001460;Müşteri 26;Kurgu Deterjan 5 kg;Temizlik;Zincir market;78;18411,90;12389,83;Satış
27.04.2026;F001460;Müşteri 26;Deneme Tuvalet Kağıdı 32'li;Kağıt;Zincir market;111;29174,39;23400,58;Satış
27.04.2026;F001461;Müşteri 10;Deneme Kağıt Havlu 12'li;Kağıt;Bayi;55;9870,71;7515,20;Satış
27.04.2026;F001462;Müşteri 38;Örnek Sıvı Sabun 1,5 lt;Kişisel Bakım;Bayi;15;1402,38;855,52;Satış
28.04.2026;F001463;Müşteri 15;Hayali Bulaşık Tableti 60'lı;Temizlik;Bayi;48;17072,69;10529,09;Satış
28.04.2026;F001464;Müşteri 11;Deneme Kağıt Havlu 12'li;Kağıt;Bayi;51;9327,41;6968,64;Satış
28.04.2026;F001464;Müşteri 11;Deneme Kağıt Havlu 12'li;Kağıt;Bayi;54;9658,05;7378,56;Satış
28.04.2026;F001464;Müşteri 11;Hayali Bulaşık Tableti 60'lı;Temizlik;Bayi;13;4503,94;2851,63;Satış
29.04.2026;F001465;Müşteri 03;Hayali Bulaşık Tableti 60'lı;Temizlik;Online;48;16698,23;10529,09;Satış
29.04.2026;F001465;Müşteri 03;Kurgu Yumuşatıcı 3 lt;Temizlik;Online;44;6788,76;4348,08;Satış
29.04.2026;F001465;Müşteri 03;Kurgu Yumuşatıcı 3 lt;Temizlik;Online;41;6336,82;4051,62;Satış
29.04.2026;F001466;Müşteri 32;Hayali Bulaşık Tableti 60'lı;Temizlik;Bayi;5;1703,55;1096,78;Satış
29.04.2026;F001467;Müşteri 20;Hayali Bulaşık Tableti 60'lı;Temizlik;Online;56;20126,64;12283,94;Satış
29.04.2026;F001467;Müşteri 20;Kurgu Deterjan 5 kg;Temizlik;Online;36;8274,30;5718,38;Satış
29.04.2026;F001467;Müşteri 20;Örnek Sıvı Sabun 1,5 lt;Kişisel Bakım;Online;15;1496,56;855,52;Satış
29.04.2026;F001468;Müşteri 11;Örnek Sıvı Sabun 1,5 lt;Kişisel Bakım;Bayi;41;3902,85;2338,44;Satış
29.04.2026;F001469;Müşteri 06;Kurgu Yumuşatıcı 3 lt;Temizlik;Zincir market;150;23459,04;14823,00;Satış
30.04.2026;F001470;Müşteri 17;Deneme Tuvalet Kağıdı 32'li;Kağıt;Kurumsal;39;10991,63;8221,82;Satış
30.04.2026;F001470;Müşteri 17;Deneme Kağıt Havlu 12'li;Kağıt;Kurumsal;108;18823,75;14757,12;Satış
30.04.2026;F001471;Müşteri 19;Örnek Şampuan 500 ml;Kişisel Bakım;Kurumsal;177;19238,01;10257,15;Satış
30.04.2026;F001471;Müşteri 19;Deneme Tuvalet Kağıdı 32'li;Kağıt;Kurumsal;39;10550,72;8221,82;Satış
30.04.2026;F001472;Müşteri 33;Örnek Sıvı Sabun 1,5 lt;Kişisel Bakım;Online;28;2602,49;1596,98;Satış
30.04.2026;F001472;Müşteri 33;Örnek Şampuan 500 ml;Kişisel Bakım;Online;37;3965,23;2144,15;Satış
30.04.2026;F001472;Müşteri 33;Deneme Tuvalet Kağıdı 32'li;Kağıt;Online;7;1922,23;1475,71;Satış
30.04.2026;F001473;Müşteri 04;Hayali Bulaşık Tableti 60'lı;Temizlik;Zincir market;60;21420,80;13161,36;Satış
30.04.2026;F001473;Müşteri 04;Deneme Kağıt Havlu 12'li;Kağıt;Zincir market;15;2640,46;2049,60;Satış
30.04.2026;F001473;Müşteri 04;Kurgu Deterjan 5 kg;Temizlik;Zincir market;69;16244,41;10960,24;Satış
30.04.2026;F001474;Müşteri 37;Hayali Bulaşık Tableti 60'lı;Temizlik;Kurumsal;27;9262,71;5922,61;Satış
30.04.2026;F001474;Müşteri 37;Hayali Bulaşık Tableti 60'lı;Temizlik;Kurumsal;102;36324,04;22374,31;Satış
01.05.2026;F001475;Müşteri 35;Kurgu Deterjan 5 kg;Temizlik;Online;10;2315,50;1588,44;Satış
01.05.2026;F001475;Müşteri 35;Kurgu Deterjan 5 kg;Temizlik;Online;30;7296,15;4765,32;Satış
01.05.2026;F001476;Müşteri 13;Örnek Sıvı Sabun 1,5 lt;Kişisel Bakım;Zincir market;27;2560,19;1539,94;Satış
01.05.2026;F001476;Müşteri 13;Deneme Kağıt Havlu 12'li;Kağıt;Zincir market;108;19106,03;14757,12;Satış
01.05.2026;F001477;Müşteri 31;Örnek Sıvı Sabun 1,5 lt;Kişisel Bakım;Kurumsal;102;9443,48;5817,57;Satış
01.05.2026;F001478;Müşteri 10;Kurgu Yumuşatıcı 3 lt;Temizlik;Bayi;45;6717,44;4446,90;Satış
01.05.2026;F001478;Müşteri 10;Deneme Kağıt Havlu 12'li;Kağıt;Bayi;7;1320,31;956,48;Satış
01.05.2026;F001479;Müşteri 25;Hayali Bulaşık Tableti 60'lı;Temizlik;Online;28;10069,97;6141,97;Satış
02.05.2026;F001480;Müşteri 04;Hayali Bulaşık Tableti 60'lı;Temizlik;Zincir market;18;6559,46;3948,41;Satış
02.05.2026;F001481;Müşteri 28;Örnek Sıvı Sabun 1,5 lt;Kişisel Bakım;Online;45;4216,01;2566,57;Satış
02.05.2026;F001481;Müşteri 28;Kurgu Yumuşatıcı 3 lt;Temizlik;Online;9;1350,42;889,38;Satış
02.05.2026;F001482;Müşteri 06;Hayali Bulaşık Tableti 60'lı;Temizlik;Zincir market;150;52461,96;32903,40;Satış
02.05.2026;F001482;Müşteri 06;Örnek Şampuan 500 ml;Kişisel Bakım;Zincir market;114;11975,94;6606,30;Satış
04.05.2026;F001483;Müşteri 04;Örnek Şampuan 500 ml;Kişisel Bakım;Zincir market;78;8718,17;4520,10;Satış
04.05.2026;F001484;Müşteri 20;Kurgu Yumuşatıcı 3 lt;Temizlik;Online;27;4281,12;2668,14;Satış
04.05.2026;F001485;Müşteri 31;Deneme Kağıt Havlu 12'li;Kağıt;Kurumsal;147;27273,70;20086,08;Satış
04.05.2026;F001485;Müşteri 31;Deneme Tuvalet Kağıdı 32'li;Kağıt;Kurumsal;96;25783,67;20238,34;Satış
05.05.2026;F001486;Müşteri 01;Hayali Bulaşık Tableti 60'lı;Temizlik;Bayi;43;14720,91;9432,31;Satış
05.05.2026;F001486;Müşteri 01;Deneme Tuvalet Kağıdı 32'li;Kağıt;Bayi;47;12861,56;9908,35;Satış
05.05.2026;F001486;Müşteri 01;Kurgu Yumuşatıcı 3 lt;Temizlik;Bayi;25;3875,47;2470,50;Satış
05.05.2026;F001487;Müşteri 21;Kurgu Yumuşatıcı 3 lt;Temizlik;Bayi;34;5387,52;3359,88;Satış
05.05.2026;F001488;Müşteri 32;Kurgu Deterjan 5 kg;Temizlik;Bayi;55;13596,26;8736,42;Satış
05.05.2026;F001488;Müşteri 32;Örnek Şampuan 500 ml;Kişisel Bakım;Bayi;21;2263,83;1216,95;Satış
05.05.2026;F001489;Müşteri 01;Hayali Bulaşık Tableti 60'lı;Temizlik;Bayi;59;20072,68;12942,00;Satış
05.05.2026;F001489;Müşteri 01;Örnek Şampuan 500 ml;Kişisel Bakım;Bayi;45;5032,17;2607,75;Satış
05.05.2026;F001490;Müşteri 07;Kurgu Yumuşatıcı 3 lt;Temizlik;Bayi;52;8269,70;5138,64;Satış
06.05.2026;F001491;Müşteri 39;Kurgu Yumuşatıcı 3 lt;Temizlik;Kurumsal;81;12087,57;8004,42;Satış
06.05.2026;F001491;Müşteri 39;Kurgu Yumuşatıcı 3 lt;Temizlik;Kurumsal;144;22162,64;14230,08;Satış
06.05.2026;F001492;Müşteri 01;Hayali Bulaşık Tableti 60'lı;Temizlik;Bayi;28;9436,27;6141,97;Satış
06.05.2026;F001492;Müşteri 01;Örnek Sıvı Sabun 1,5 lt;Kişisel Bakım;Bayi;37;3657,38;2110,30;Satış
06.05.2026;F001493;Müşteri 08;Örnek Şampuan 500 ml;Kişisel Bakım;Bayi;46;5156,21;2665,70;Satış
06.05.2026;F001493;Müşteri 08;Örnek Şampuan 500 ml;Kişisel Bakım;Bayi;31;3294,88;1796,45;Satış
06.05.2026;F001493;Müşteri 08;Hayali Bulaşık Tableti 60'lı;Temizlik;Bayi;39;13610,92;8554,88;Satış
07.05.2026;F001494;Müşteri 08;Örnek Şampuan 500 ml;Kişisel Bakım;Bayi;32;3407,30;1854,40;Satış
07.05.2026;F001495;Müşteri 36;Kurgu Yumuşatıcı 3 lt;Temizlik;Bayi;39;5932,32;3853,98;Satış
07.05.2026;F001495;Müşteri 36;Örnek Sıvı Sabun 1,5 lt;Kişisel Bakım;Bayi;59;5756,55;3365,07;Satış
07.05.2026;F001495;Müşteri 36;Deneme Tuvalet Kağıdı 32'li;Kağıt;Bayi;32;8797,13;6746,11;Satış
07.05.2026;F001496;Müşteri 40;Kurgu Deterjan 5 kg;Temizlik;Bayi;56;13696,11;8895,26;Satış
07.05.2026;F001497;Müşteri 06;Kurgu Deterjan 5 kg;Temizlik;Zincir market;132;32532,96;20967,41;Satış
07.05.2026;F001497;Müşteri 06;Kurgu Deterjan 5 kg;Temizlik;Zincir market;108;26227,03;17155,15;Satış
07.05.2026;F001497;Müşteri 06;Deneme Kağıt Havlu 12'li;Kağıt;Zincir market;117;20498,62;15986,88;Satış
08.05.2026;F001498;Müşteri 19;Kurgu Yumuşatıcı 3 lt;Temizlik;Kurumsal;57;8918,02;5632,74;Satış
08.05.2026;F001498;Müşteri 19;Deneme Kağıt Havlu 12'li;Kağıt;Kurumsal;87;15262,01;11887,68;Satış
08.05.2026;F001499;Müşteri 31;Örnek Sıvı Sabun 1,5 lt;Kişisel Bakım;Kurumsal;165;16435,68;9410,78;Satış
09.05.2026;F001500;Müşteri 01;Hayali Bulaşık Tableti 60'lı;Temizlik;Bayi;19;6676,40;4167,76;Satış
09.05.2026;F001500;Müşteri 01;Örnek Sıvı Sabun 1,5 lt;Kişisel Bakım;Bayi;47;4436,72;2680,64;Satış
09.05.2026;F001501;Müşteri 27;Kurgu Yumuşatıcı 3 lt;Temizlik;Zincir market;15;2370,42;1482,30;Satış
09.05.2026;F001501;Müşteri 27;Örnek Şampuan 500 ml;Kişisel Bakım;Zincir market;21;2168,70;1216,95;Satış
09.05.2026;F001501;Müşteri 27;Kurgu Yumuşatıcı 3 lt;Temizlik;Zincir market;165;24969,03;16305,30;Satış
09.05.2026;F001502;Müşteri 34;Deneme Kağıt Havlu 12'li;Kağıt;Online;25;4468,93;3416,00;Satış
09.05.2026;F001502;Müşteri 34;Deneme Kağıt Havlu 12'li;Kağıt;Online;32;5675,16;4372,48;Satış
09.05.2026;F001502;Müşteri 34;Örnek Şampuan 500 ml;Kişisel Bakım;Online;17;1847,20;985,15;Satış
09.05.2026;F001503;Müşteri 26;Hayali Bulaşık Tableti 60'lı;Temizlik;Zincir market;123;42938,47;26980,79;Satış
09.05.2026;F001504;Müşteri 25;Kurgu Yumuşatıcı 3 lt;Temizlik;Online;30;4742,36;2964,60;Satış
09.05.2026;F001504;Müşteri 25;Deneme Kağıt Havlu 12'li;Kağıt;Online;15;2704,54;2049,60;Satış
09.05.2026;F001504;Müşteri 25;Kurgu Deterjan 5 kg;Temizlik;Online;50;12192,92;7942,20;Satış
11.05.2026;F001505;Müşteri 17;Kurgu Yumuşatıcı 3 lt;Temizlik;Kurumsal;75;11186,46;7411,50;Satış
11.05.2026;F001505;Müşteri 17;Kurgu Deterjan 5 kg;Temizlik;Kurumsal;18;4259,65;2859,19;Satış
11.05.2026;F001505;Müşteri 17;Deneme Tuvalet Kağıdı 32'li;Kağıt;Kurumsal;162;44385,66;34152,19;Satış
11.05.2026;F001506;Müşteri 02;Deneme Tuvalet Kağıdı 32'li;Kağıt;Bayi;39;10974,64;8221,82;Satış
11.05.2026;F001506;Müşteri 02;Kurgu Deterjan 5 kg;Temizlik;Bayi;41;9657,83;6512,60;Satış
11.05.2026;F001506;Müşteri 02;Deneme Tuvalet Kağıdı 32'li;Kağıt;Bayi;51;13438,59;10751,62;Satış
11.05.2026;F001507;Müşteri 30;Deneme Tuvalet Kağıdı 32'li;Kağıt;Bayi;54;14507,51;11384,06;Satış
11.05.2026;F001507;Müşteri 30;Kurgu Yumuşatıcı 3 lt;Temizlik;Bayi;46;7267,95;4545,72;Satış
11.05.2026;F001507;Müşteri 30;Örnek Sıvı Sabun 1,5 lt;Kişisel Bakım;Bayi;17;1641,73;969,60;Satış
11.05.2026;F001508;Müşteri 16;Hayali Bulaşık Tableti 60'lı;Temizlik;Zincir market;168;60402,54;36851,81;Satış
11.05.2026;F001508;Müşteri 16;Hayali Bulaşık Tableti 60'lı;Temizlik;Zincir market;63;22417,20;13819,43;Satış
11.05.2026;F001508;Müşteri 16;Örnek Sıvı Sabun 1,5 lt;Kişisel Bakım;Zincir market;30;2993,35;1711,05;Satış
11.05.2026;F001509;Müşteri 02;Deneme Kağıt Havlu 12'li;Kağıt;Bayi;60;10515,48;8198,40;Satış
11.05.2026;F001509;Müşteri 02;Örnek Şampuan 500 ml;Kişisel Bakım;Bayi;43;4481,99;2491,85;Satış
11.05.2026;F001509;Müşteri 02;Kurgu Yumuşatıcı 3 lt;Temizlik;Bayi;23;3447,58;2272,86;Satış
12.05.2026;F001510;Müşteri 32;Hayali Bulaşık Tableti 60'lı;Temizlik;Bayi;18;6263,50;3948,41;Satış
12.05.2026;F001510;Müşteri 32;Örnek Şampuan 500 ml;Kişisel Bakım;Bayi;55;5683,09;3187,25;Satış
12.05.2026;F001511;Müşteri 05;Deneme Tuvalet Kağıdı 32'li;Kağıt;Zincir market;27;7163,33;5692,03;Satış
12.05.2026;F001511;Müşteri 05;Örnek Şampuan 500 ml;Kişisel Bakım;Zincir market;87;9666,65;5041,65;Satış
13.05.2026;F001512;Müşteri 11;Örnek Sıvı Sabun 1,5 lt;Kişisel Bakım;Bayi;5;497,63;285,18;Satış
13.05.2026;F001513;Müşteri 37;Deneme Kağıt Havlu 12'li;Kağıt;Kurumsal;177;30828,27;24185,28;Satış
13.05.2026;F001513;Müşteri 37;Örnek Sıvı Sabun 1,5 lt;Kişisel Bakım;Kurumsal;81;7788,87;4619,84;Satış
13.05.2026;F001513;Müşteri 37;Deneme Kağıt Havlu 12'li;Kağıt;Kurumsal;129;23471,56;17626,56;Satış
13.05.2026;F001514;Müşteri 11;Deneme Tuvalet Kağıdı 32'li;Kağıt;Bayi;21;5912,27;4427,14;Satış
13.05.2026;F001514;Müşteri 11;Kurgu Yumuşatıcı 3 lt;Temizlik;Bayi;43;6318,10;4249,26;Satış
13.05.2026;F001514;Müşteri 11;Kurgu Deterjan 5 kg;Temizlik;Bayi;38;9048,59;6036,07;Satış
13.05.2026;F001515;Müşteri 10;Hayali Bulaşık Tableti 60'lı;Temizlik;Bayi;28;9517,06;6141,97;Satış
13.05.2026;F001516;Müşteri 14;Örnek Sıvı Sabun 1,5 lt;Kişisel Bakım;Zincir market;39;3667,54;2224,37;Satış
14.05.2026;F001517;Müşteri 18;Örnek Şampuan 500 ml;Kişisel Bakım;Zincir market;51;5695,71;2955,45;Satış
14.05.2026;F001517;Müşteri 18;Örnek Sıvı Sabun 1,5 lt;Kişisel Bakım;Zincir market;150;14505,18;8555,25;Satış
14.05.2026;F001518;Müşteri 19;Deneme Tuvalet Kağıdı 32'li;Kağıt;Kurumsal;168;45658,52;35417,09;Satış
14.05.2026;F001518;Müşteri 19;Deneme Kağıt Havlu 12'li;Kağıt;Kurumsal;90;16886,44;12297,60;Satış
14.05.2026;F001519;Müşteri 17;Kurgu Yumuşatıcı 3 lt;Temizlik;Kurumsal;144;22656,65;14230,08;Satış
15.05.2026;F001520;Müşteri 07;Hayali Bulaşık Tableti 60'lı;Temizlik;Bayi;54;19101,47;11845,22;Satış
15.05.2026;F001520;Müşteri 07;Kurgu Yumuşatıcı 3 lt;Temizlik;Bayi;55;8204,85;5435,10;Satış
15.05.2026;F001520;Müşteri 07;Deneme Tuvalet Kağıdı 32'li;Kağıt;Bayi;36;9733,13;7589,38;Satış
15.05.2026;F001521;Müşteri 29;Deneme Kağıt Havlu 12'li;Kağıt;Bayi;52;9245,57;7105,28;Satış
15.05.2026;F001521;Müşteri 29;Örnek Sıvı Sabun 1,5 lt;Kişisel Bakım;Bayi;44;4098,12;2509,54;Satış
15.05.2026;F001522;Müşteri 25;Kurgu Yumuşatıcı 3 lt;Temizlik;Online;41;6193,20;4051,62;Satış
15.05.2026;F001522;Müşteri 25;Deneme Tuvalet Kağıdı 32'li;Kağıt;Online;57;14934,00;12016,51;Satış
15.05.2026;F001523;Müşteri 11;Deneme Kağıt Havlu 12'li;Kağıt;Bayi;21;3833,76;2869,44;Satış
15.05.2026;F001524;Müşteri 19;Hayali Bulaşık Tableti 60'lı;Temizlik;Kurumsal;138;50280,01;30271,13;Satış
15.05.2026;F001524;Müşteri 19;Deneme Kağıt Havlu 12'li;Kağıt;Kurumsal;81;14556,67;11067,84;Satış
15.05.2026;F001524;Müşteri 19;Kurgu Deterjan 5 kg;Temizlik;Kurumsal;48;11712,69;7624,51;Satış
16.05.2026;F001525;Müşteri 23;Kurgu Deterjan 5 kg;Temizlik;Kurumsal;54;13013,97;8577,58;Satış
16.05.2026;F001526;Müşteri 24;Hayali Bulaşık Tableti 60'lı;Temizlik;Online;25;8502,88;5483,90;Satış
16.05.2026;F001527;Müşteri 21;Kurgu Deterjan 5 kg;Temizlik;Bayi;50;11724,78;7942,20;Satış
16.05.2026;F001527;Müşteri 21;Örnek Şampuan 500 ml;Kişisel Bakım;Bayi;41;4520,81;2375,95;Satış
16.05.2026;F001527;Müşteri 21;Kurgu Yumuşatıcı 3 lt;Temizlik;Bayi;40;5896,00;3952,80;Satış
18.05.2026;F001528;Müşteri 34;Kurgu Deterjan 5 kg;Temizlik;Online;40;9339,52;6353,76;Satış
18.05.2026;F001529;Müşteri 39;Kurgu Deterjan 5 kg;Temizlik;Kurumsal;123;30217,68;19537,81;Satış
18.05.2026;F001529;Müşteri 39;Örnek Şampuan 500 ml;Kişisel Bakım;Kurumsal;144;15827,56;8344,80;Satış
18.05.2026;F001529;Müşteri 39;Örnek Sıvı Sabun 1,5 lt;Kişisel Bakım;Kurumsal;171;16218,44;9752,99;Satış
18.05.2026;F001530;Müşteri 13;Hayali Bulaşık Tableti 60'lı;Temizlik;Zincir market;108;37921,88;23690,45;Satış
19.05.2026;F001531;Müşteri 08;Örnek Şampuan 500 ml;Kişisel Bakım;Bayi;15;1627,88;869,25;Satış
19.05.2026;F001532;Müşteri 38;Kurgu Yumuşatıcı 3 lt;Temizlik;Bayi;41;6019,91;4051,62;Satış
19.05.2026;F001532;Müşteri 38;Kurgu Deterjan 5 kg;Temizlik;Bayi;46;11201,20;7306,82;Satış
19.05.2026;F001533;Müşteri 37;Örnek Şampuan 500 ml;Kişisel Bakım;Kurumsal;69;7197,21;3998,55;Satış
19.05.2026;F001534;Müşteri 26;Deneme Kağıt Havlu 12'li;Kağıt;Zincir market;114;19868,70;15576,96;Satış
19.05.2026;F001535;Müşteri 02;Örnek Şampuan 500 ml;Kişisel Bakım;Bayi;11;1216,32;637,45;Satış
20.05.2026;F001536;Müşteri 18;Hayali Bulaşık Tableti 60'lı;Temizlik;Zincir market;81;28208,39;17767,84;Satış
20.05.2026;F001536;Müşteri 18;Deneme Kağıt Havlu 12'li;Kağıt;Zincir market;162;28905,04;22135,68;Satış
20.05.2026;F001537;Müşteri 40;Örnek Şampuan 500 ml;Kişisel Bakım;Bayi;24;2625,07;1390,80;Satış
20.05.2026;F001538;Müşteri 30;Hayali Bulaşık Tableti 60'lı;Temizlik;Bayi;46;16782,58;10090,38;Satış
20.05.2026;F001538;Müşteri 30;Kurgu Deterjan 5 kg;Temizlik;Bayi;58;13652,52;9212,95;Satış
20.05.2026;F001539;Müşteri 40;Kurgu Deterjan 5 kg;Temizlik;Bayi;19;4349,56;3018,04;Satış
20.05.2026;I001540;Müşteri 07;Örnek Sıvı Sabun 1,5 lt;Kişisel Bakım;Bayi;-8;-680,00;-374,00;İade
21.05.2026;F001541;Müşteri 11;Kurgu Yumuşatıcı 3 lt;Temizlik;Bayi;51;8060,79;5039,82;Satış
21.05.2026;F001542;Müşteri 24;Kurgu Deterjan 5 kg;Temizlik;Online;49;12013,99;7783,36;Satış
21.05.2026;F001542;Müşteri 24;Örnek Sıvı Sabun 1,5 lt;Kişisel Bakım;Online;55;5094,19;3136,92;Satış
21.05.2026;F001542;Müşteri 24;Kurgu Deterjan 5 kg;Temizlik;Online;24;5507,13;3812,26;Satış
21.05.2026;F001543;Müşteri 22;Deneme Kağıt Havlu 12'li;Kağıt;Zincir market;165;30684,68;22545,60;Satış
21.05.2026;F001543;Müşteri 22;Örnek Sıvı Sabun 1,5 lt;Kişisel Bakım;Zincir market;147;13765,49;8384,15;Satış
21.05.2026;F001543;Müşteri 22;Kurgu Yumuşatıcı 3 lt;Temizlik;Zincir market;126;19205,81;12451,32;Satış
22.05.2026;F001544;Müşteri 38;Deneme Tuvalet Kağıdı 32'li;Kağıt;Bayi;33;9097,56;6956,93;Satış
22.05.2026;F001544;Müşteri 38;Deneme Kağıt Havlu 12'li;Kağıt;Bayi;38;6738,50;5192,32;Satış
22.05.2026;F001545;Müşteri 31;Örnek Şampuan 500 ml;Kişisel Bakım;Kurumsal;66;6997,25;3824,70;Satış
22.05.2026;F001545;Müşteri 31;Deneme Tuvalet Kağıdı 32'li;Kağıt;Kurumsal;105;27894,34;22135,68;Satış
22.05.2026;F001545;Müşteri 31;Örnek Sıvı Sabun 1,5 lt;Kişisel Bakım;Kurumsal;162;15333,78;9239,67;Satış
22.05.2026;F001546;Müşteri 06;Deneme Kağıt Havlu 12'li;Kağıt;Zincir market;174;32517,10;23775,36;Satış
22.05.2026;F001546;Müşteri 06;Deneme Tuvalet Kağıdı 32'li;Kağıt;Zincir market;138;38253,91;29092,61;Satış
23.05.2026;F001547;Müşteri 05;Kurgu Deterjan 5 kg;Temizlik;Zincir market;54;12324,76;8577,58;Satış
23.05.2026;F001547;Müşteri 05;Kurgu Yumuşatıcı 3 lt;Temizlik;Zincir market;102;16012,69;10079,64;Satış
23.05.2026;F001548;Müşteri 13;Kurgu Deterjan 5 kg;Temizlik;Zincir market;78;18104,78;12389,83;Satış
23.05.2026;F001548;Müşteri 13;Deneme Kağıt Havlu 12'li;Kağıt;Zincir market;159;28884,82;21725,76;Satış
25.05.2026;F001549;Müşteri 30;Kurgu Yumuşatıcı 3 lt;Temizlik;Bayi;59;9026,14;5830,38;Satış
25.05.2026;F001549;Müşteri 30;Kurgu Yumuşatıcı 3 lt;Temizlik;Bayi;19;3006,53;1877,58;Satış
25.05.2026;F001549;Müşteri 30;Örnek Şampuan 500 ml;Kişisel Bakım;Bayi;33;3660,19;1912,35;Satış
25.05.2026;F001550;Müşteri 33;Hayali Bulaşık Tableti 60'lı;Temizlik;Online;30;10261,09;6580,68;Satış
25.05.2026;F001551;Müşteri 18;Kurgu Yumuşatıcı 3 lt;Temizlik;Zincir market;144;21667,72;14230,08;Satış
25.05.2026;F001551;Müşteri 18;Hayali Bulaşık Tableti 60'lı;Temizlik;Zincir market;123;43727,76;26980,79;Satış
25.05.2026;F001552;Müşteri 10;Kurgu Deterjan 5 kg;Temizlik;Bayi;52;11968,35;8259,89;Satış
25.05.2026;F001552;Müşteri 10;Kurgu Deterjan 5 kg;Temizlik;Bayi;34;7877,25;5400,70;Satış
25.05.2026;I001553;Müşteri 34;Örnek Şampuan 500 ml;Kişisel Bakım;Online;-7;-665,00;-332,50;İade
26.05.2026;F001554;Müşteri 08;Kurgu Deterjan 5 kg;Temizlik;Bayi;27;6386,30;4288,79;Satış
26.05.2026;F001554;Müşteri 08;Kurgu Yumuşatıcı 3 lt;Temizlik;Bayi;30;4588,68;2964,60;Satış
26.05.2026;F001554;Müşteri 08;Deneme Kağıt Havlu 12'li;Kağıt;Bayi;26;4536,97;3552,64;Satış
26.05.2026;F001555;Müşteri 18;Kurgu Deterjan 5 kg;Temizlik;Zincir market;24;5780,02;3812,26;Satış
26.05.2026;F001555;Müşteri 18;Deneme Tuvalet Kağıdı 32'li;Kağıt;Zincir market;96;25434,02;20238,34;Satış
26.05.2026;F001556;Müşteri 13;Kurgu Yumuşatıcı 3 lt;Temizlik;Zincir market;129;19359,34;12747,78;Satış
26.05.2026;F001556;Müşteri 13;Deneme Kağıt Havlu 12'li;Kağıt;Zincir market;108;19605,16;14757,12;Satış
26.05.2026;F001557;Müşteri 07;Kurgu Deterjan 5 kg;Temizlik;Bayi;46;10713,91;7306,82;Satış
26.05.2026;F001557;Müşteri 07;Kurgu Deterjan 5 kg;Temizlik;Bayi;19;4374,93;3018,04;Satış
26.05.2026;F001557;Müşteri 07;Kurgu Deterjan 5 kg;Temizlik;Bayi;41;9563,36;6512,60;Satış
27.05.2026;F001558;Müşteri 18;Deneme Kağıt Havlu 12'li;Kağıt;Zincir market;147;27122,65;20086,08;Satış
27.05.2026;F001559;Müşteri 26;Kurgu Deterjan 5 kg;Temizlik;Zincir market;57;13823,94;9054,11;Satış
27.05.2026;F001559;Müşteri 26;Deneme Tuvalet Kağıdı 32'li;Kağıt;Zincir market;66;17936,33;13913,86;Satış
28.05.2026;F001560;Müşteri 23;Örnek Sıvı Sabun 1,5 lt;Kişisel Bakım;Kurumsal;150;14559,12;8555,25;Satış
28.05.2026;F001560;Müşteri 23;Deneme Tuvalet Kağıdı 32'li;Kağıt;Kurumsal;15;3940,19;3162,24;Satış
28.05.2026;F001560;Müşteri 23;Deneme Kağıt Havlu 12'li;Kağıt;Kurumsal;147;26914,59;20086,08;Satış
28.05.2026;F001561;Müşteri 20;Kurgu Yumuşatıcı 3 lt;Temizlik;Online;15;2258,58;1482,30;Satış
28.05.2026;F001561;Müşteri 20;Kurgu Deterjan 5 kg;Temizlik;Online;15;3475,35;2382,66;Satış
28.05.2026;F001561;Müşteri 20;Örnek Şampuan 500 ml;Kişisel Bakım;Online;14;1564,66;811,30;Satış
28.05.2026;F001562;Müşteri 31;Örnek Sıvı Sabun 1,5 lt;Kişisel Bakım;Kurumsal;18;1686,61;1026,63;Satış
28.05.2026;F001562;Müşteri 31;Örnek Sıvı Sabun 1,5 lt;Kişisel Bakım;Kurumsal;27;2528,44;1539,94;Satış
29.05.2026;F001563;Müşteri 39;Örnek Şampuan 500 ml;Kişisel Bakım;Kurumsal;126;12995,77;7301,70;Satış
29.05.2026;F001563;Müşteri 39;Hayali Bulaşık Tableti 60'lı;Temizlik;Kurumsal;60;21021,91;13161,36;Satış
29.05.2026;F001564;Müşteri 03;Deneme Kağıt Havlu 12'li;Kağıt;Online;48;9055,45;6558,72;Satış
30.05.2026;F001565;Müşteri 10;Kurgu Deterjan 5 kg;Temizlik;Bayi;24;5853,90;3812,26;Satış
30.05.2026;F001566;Müşteri 22;Örnek Şampuan 500 ml;Kişisel Bakım;Zincir market;156;16579,34;9040,20;Satış
30.05.2026;F001566;Müşteri 22;Deneme Kağıt Havlu 12'li;Kağıt;Zincir market;63;11574,12;8608,32;Satış
30.05.2026;F001567;Müşteri 17;Örnek Şampuan 500 ml;Kişisel Bakım;Kurumsal;15;1658,33;869,25;Satış
30.05.2026;F001567;Müşteri 17;Örnek Sıvı Sabun 1,5 lt;Kişisel Bakım;Kurumsal;150;14243,09;8555,25;Satış
01.06.2026;F001568;Müşteri 08;Deneme Tuvalet Kağıdı 32'li;Kağıt;Bayi;38;10527,61;8011,01;Satış
01.06.2026;F001568;Müşteri 08;Kurgu Deterjan 5 kg;Temizlik;Bayi;14;3463,27;2223,82;Satış
01.06.2026;F001569;Müşteri 15;Kurgu Yumuşatıcı 3 lt;Temizlik;Bayi;27;4128,31;2668,14;Satış
01.06.2026;F001569;Müşteri 15;Kurgu Yumuşatıcı 3 lt;Temizlik;Bayi;41;6395,98;4051,62;Satış
01.06.2026;F001569;Müşteri 15;Örnek Şampuan 500 ml;Kişisel Bakım;Bayi;28;2939,50;1622,60;Satış
01.06.2026;F001570;Müşteri 06;Örnek Şampuan 500 ml;Kişisel Bakım;Zincir market;135;14053,49;7823,25;Satış
01.06.2026;F001571;Müşteri 18;Deneme Tuvalet Kağıdı 32'li;Kağıt;Zincir market;117;32867,26;24665,47;Satış
01.06.2026;F001571;Müşteri 18;Örnek Şampuan 500 ml;Kişisel Bakım;Zincir market;114;11935,91;6606,30;Satış
01.06.2026;F001571;Müşteri 18;Deneme Tuvalet Kağıdı 32'li;Kağıt;Zincir market;81;22733,66;17076,10;Satış
01.06.2026;F001572;Müşteri 26;Örnek Şampuan 500 ml;Kişisel Bakım;Zincir market;66;6989,80;3824,70;Satış
01.06.2026;F001572;Müşteri 26;Kurgu Deterjan 5 kg;Temizlik;Zincir market;126;30024,04;20014,34;Satış
01.06.2026;F001572;Müşteri 26;Örnek Sıvı Sabun 1,5 lt;Kişisel Bakım;Zincir market;174;16911,00;9924,09;Satış
02.06.2026;F001573;Müşteri 37;Örnek Sıvı Sabun 1,5 lt;Kişisel Bakım;Kurumsal;36;3601,98;2053,26;Satış
02.06.2026;F001573;Müşteri 37;Örnek Şampuan 500 ml;Kişisel Bakım;Kurumsal;144;15041,01;8344,80;Satış
02.06.2026;F001574;Müşteri 10;Örnek Sıvı Sabun 1,5 lt;Kişisel Bakım;Bayi;44;4257,20;2509,54;Satış
02.06.2026;F001574;Müşteri 10;Kurgu Yumuşatıcı 3 lt;Temizlik;Bayi;24;3666,24;2371,68;Satış
02.06.2026;F001574;Müşteri 10;Kurgu Deterjan 5 kg;Temizlik;Bayi;56;13093,85;8895,26;Satış
02.06.2026;F001575;Müşteri 30;Kurgu Yumuşatıcı 3 lt;Temizlik;Bayi;23;3612,74;2272,86;Satış
02.06.2026;F001576;Müşteri 08;Örnek Şampuan 500 ml;Kişisel Bakım;Bayi;24;2476,26;1390,80;Satış
02.06.2026;F001577;Müşteri 23;Hayali Bulaşık Tableti 60'lı;Temizlik;Kurumsal;15;5069,95;3290,34;Satış
02.06.2026;F001577;Müşteri 23;Kurgu Yumuşatıcı 3 lt;Temizlik;Kurumsal;81;12778,11;8004,42;Satış
02.06.2026;F001577;Müşteri 23;Hayali Bulaşık Tableti 60'lı;Temizlik;Kurumsal;177;62167,06;38826,01;Satış
03.06.2026;F001578;Müşteri 06;Örnek Sıvı Sabun 1,5 lt;Kişisel Bakım;Zincir market;42;4211,22;2395,47;Satış
03.06.2026;F001578;Müşteri 06;Kurgu Yumuşatıcı 3 lt;Temizlik;Zincir market;96;14785,35;9486,72;Satış
03.06.2026;F001578;Müşteri 06;Kurgu Deterjan 5 kg;Temizlik;Zincir market;69;16029,71;10960,24;Satış
03.06.2026;F001579;Müşteri 31;Kurgu Yumuşatıcı 3 lt;Temizlik;Kurumsal;168;26074,07;16601,76;Satış
03.06.2026;F001579;Müşteri 31;Örnek Şampuan 500 ml;Kişisel Bakım;Kurumsal;96;10244,28;5563,20;Satış
03.06.2026;F001580;Müşteri 07;Örnek Sıvı Sabun 1,5 lt;Kişisel Bakım;Bayi;43;4075,08;2452,51;Satış
03.06.2026;F001580;Müşteri 07;Deneme Kağıt Havlu 12'li;Kağıt;Bayi;32;5886,41;4372,48;Satış
04.06.2026;F001581;Müşteri 13;Kurgu Yumuşatıcı 3 lt;Temizlik;Zincir market;93;14286,64;9190,26;Satış
04.06.2026;F001581;Müşteri 13;Örnek Sıvı Sabun 1,5 lt;Kişisel Bakım;Zincir market;72;6693,32;4106,52;Satış
04.06.2026;F001582;Müşteri 37;Örnek Şampuan 500 ml;Kişisel Bakım;Kurumsal;117;12258,85;6780,15;Satış
04.06.2026;F001582;Müşteri 37;Hayali Bulaşık Tableti 60'lı;Temizlik;Kurumsal;174;60781,89;38167,94;Satış
04.06.2026;F001582;Müşteri 37;Kurgu Yumuşatıcı 3 lt;Temizlik;Kurumsal;114;17349,39;11265,48;Satış
04.06.2026;F001583;Müşteri 21;Deneme Tuvalet Kağıdı 32'li;Kağıt;Bayi;50;13432,24;10540,80;Satış
04.06.2026;F001583;Müşteri 21;Örnek Sıvı Sabun 1,5 lt;Kişisel Bakım;Bayi;32;3072,63;1825,12;Satış
04.06.2026;F001583;Müşteri 21;Örnek Şampuan 500 ml;Kişisel Bakım;Bayi;34;3514,93;1970,30;Satış
05.06.2026;F001584;Müşteri 06;Deneme Kağıt Havlu 12'li;Kağıt;Zincir market;72;13361,56;9838,08;Satış
05.06.2026;F001585;Müşteri 38;Örnek Sıvı Sabun 1,5 lt;Kişisel Bakım;Bayi;13;1264,35;741,45;Satış
05.06.2026;F001585;Müşteri 38;Deneme Kağıt Havlu 12'li;Kağıt;Bayi;23;4013,61;3142,72;Satış
05.06.2026;F001585;Müşteri 38;Hayali Bulaşık Tableti 60'lı;Temizlik;Bayi;30;10206,64;6580,68;Satış
05.06.2026;F001586;Müşteri 01;Hayali Bulaşık Tableti 60'lı;Temizlik;Bayi;53;19193,39;11625,87;Satış
05.06.2026;F001586;Müşteri 01;Örnek Şampuan 500 ml;Kişisel Bakım;Bayi;58;6009,92;3361,10;Satış
05.06.2026;F001587;Müşteri 04;Hayali Bulaşık Tableti 60'lı;Temizlik;Zincir market;138;46874,28;30271,13;Satış
05.06.2026;F001587;Müşteri 04;Deneme Kağıt Havlu 12'li;Kağıt;Zincir market;33;6141,65;4509,12;Satış
05.06.2026;F001588;Müşteri 37;Deneme Tuvalet Kağıdı 32'li;Kağıt;Kurumsal;78;21849,82;16443,65;Satış
05.06.2026;F001588;Müşteri 37;Kurgu Deterjan 5 kg;Temizlik;Kurumsal;156;37372,21;24779,66;Satış
06.06.2026;F001589;Müşteri 14;Kurgu Yumuşatıcı 3 lt;Temizlik;Zincir market;120;18719,04;11858,40;Satış
06.06.2026;F001589;Müşteri 14;Örnek Şampuan 500 ml;Kişisel Bakım;Zincir market;39;4100,33;2260,05;Satış
06.06.2026;F001589;Müşteri 14;Deneme Tuvalet Kağıdı 32'li;Kağıt;Zincir market;135;37780,12;28460,16;Satış
06.06.2026;F001590;Müşteri 20;Örnek Sıvı Sabun 1,5 lt;Kişisel Bakım;Online;51;5110,86;2908,78;Satış
06.06.2026;F001590;Müşteri 20;Kurgu Deterjan 5 kg;Temizlik;Online;56;13305,03;8895,26;Satış
06.06.2026;F001590;Müşteri 20;Deneme Tuvalet Kağıdı 32'li;Kağıt;Online;17;4473,43;3583,87;Satış
06.06.2026;I001591;Müşteri 39;Kurgu Deterjan 5 kg;Temizlik;Kurumsal;-10;-2100,00;-1302,00;İade
08.06.2026;F001592;Müşteri 16;Kurgu Deterjan 5 kg;Temizlik;Zincir market;105;23988,80;16678,62;Satış
08.06.2026;F001593;Müşteri 33;Örnek Şampuan 500 ml;Kişisel Bakım;Online;8;891,49;463,60;Satış
08.06.2026;F001593;Müşteri 33;Örnek Sıvı Sabun 1,5 lt;Kişisel Bakım;Online;30;2884,72;1711,05;Satış
09.06.2026;F001594;Müşteri 35;Hayali Bulaşık Tableti 60'lı;Temizlik;Online;44;15684,86;9651,66;Satış
09.06.2026;F001594;Müşteri 35;Hayali Bulaşık Tableti 60'lı;Temizlik;Online;47;16666,04;10309,73;Satış
09.06.2026;F001595;Müşteri 28;Deneme Tuvalet Kağıdı 32'li;Kağıt;Online;6;1588,39;1264,90;Satış
09.06.2026;F001596;Müşteri 16;Deneme Kağıt Havlu 12'li;Kağıt;Zincir market;156;28745,06;21315,84;Satış
10.06.2026;F001597;Müşteri 19;Deneme Tuvalet Kağıdı 32'li;Kağıt;Kurumsal;33;9315,01;6956,93;Satış
10.06.2026;F001597;Müşteri 19;Örnek Şampuan 500 ml;Kişisel Bakım;Kurumsal;84;9166,07;4867,80;Satış
10.06.2026;F001598;Müşteri 26;Deneme Tuvalet Kağıdı 32'li;Kağıt;Zincir market;168;44179,93;35417,09;Satış
10.06.2026;F001598;Müşteri 26;Örnek Şampuan 500 ml;Kişisel Bakım;Zincir market;171;18287,07;9909,45;Satış
10.06.2026;F001599;Müşteri 02;Örnek Şampuan 500 ml;Kişisel Bakım;Bayi;12;1298,30;695,40;Satış
10.06.2026;F001599;Müşteri 02;Kurgu Deterjan 5 kg;Temizlik;Bayi;42;9827,07;6671,45;Satış
10.06.2026;F001600;Müşteri 40;Kurgu Deterjan 5 kg;Temizlik;Bayi;27;6670,69;4288,79;Satış
10.06.2026;F001600;Müşteri 40;Örnek Şampuan 500 ml;Kişisel Bakım;Bayi;51;5469,37;2955,45;Satış
10.06.2026;F001601;Müşteri 01;Örnek Sıvı Sabun 1,5 lt;Kişisel Bakım;Bayi;37;3668,30;2110,30;Satış
11.06.2026;F001602;Müşteri 34;Deneme Kağıt Havlu 12'li;Kağıt;Online;9;1586,98;1229,76;Satış
11.06.2026;F001602;Müşteri 34;Kurgu Yumuşatıcı 3 lt;Temizlik;Online;27;4182,71;2668,14;Satış
11.06.2026;F001603;Müşteri 37;Örnek Şampuan 500 ml;Kişisel Bakım;Kurumsal;150;16624,87;8692,50;Satış
11.06.2026;F001603;Müşteri 37;Kurgu Yumuşatıcı 3 lt;Temizlik;Kurumsal;66;10332,93;6522,12;Satış
11.06.2026;F001604;Müşteri 20;Kurgu Deterjan 5 kg;Temizlik;Online;58;13964,38;9212,95;Satış
11.06.2026;F001604;Müşteri 20;Örnek Şampuan 500 ml;Kişisel Bakım;Online;35;3799,78;2028,25;Satış
11.06.2026;F001605;Müşteri 12;Deneme Tuvalet Kağıdı 32'li;Kağıt;Bayi;37;10290,12;7800,19;Satış
11.06.2026;F001605;Müşteri 12;Deneme Kağıt Havlu 12'li;Kağıt;Bayi;21;3688,67;2869,44;Satış
11.06.2026;F001605;Müşteri 12;Örnek Sıvı Sabun 1,5 lt;Kişisel Bakım;Bayi;42;4197,50;2395,47;Satış
12.06.2026;F001606;Müşteri 05;Kurgu Deterjan 5 kg;Temizlik;Zincir market;177;42923,31;28115,39;Satış
12.06.2026;F001607;Müşteri 15;Deneme Tuvalet Kağıdı 32'li;Kağıt;Bayi;11;2990,45;2318,98;Satış
12.06.2026;F001608;Müşteri 31;Hayali Bulaşık Tableti 60'lı;Temizlik;Kurumsal;57;20819,45;12503,29;Satış
12.06.2026;F001608;Müşteri 31;Hayali Bulaşık Tableti 60'lı;Temizlik;Kurumsal;153;55052,24;33561,47;Satış
12.06.2026;F001609;Müşteri 07;Deneme Tuvalet Kağıdı 32'li;Kağıt;Bayi;29;8052,36;6113,66;Satış
12.06.2026;F001610;Müşteri 27;Kurgu Deterjan 5 kg;Temizlik;Zincir market;132;30748,29;20967,41;Satış
13.06.2026;F001611;Müşteri 29;Deneme Kağıt Havlu 12'li;Kağıt;Bayi;45;8387,71;6148,80;Satış
13.06.2026;F001611;Müşteri 29;Kurgu Yumuşatıcı 3 lt;Temizlik;Bayi;25;3698,20;2470,50;Satış
13.06.2026;F001612;Müşteri 29;Kurgu Yumuşatıcı 3 lt;Temizlik;Bayi;45;6924,07;4446,90;Satış
13.06.2026;F001612;Müşteri 29;Kurgu Yumuşatıcı 3 lt;Temizlik;Bayi;17;2546,15;1679,94;Satış
15.06.2026;F001613;Müşteri 15;Deneme Tuvalet Kağıdı 32'li;Kağıt;Bayi;15;4055,67;3162,24;Satış
15.06.2026;F001614;Müşteri 34;Kurgu Deterjan 5 kg;Temizlik;Online;42;9595,18;6671,45;Satış
15.06.2026;F001615;Müşteri 07;Kurgu Deterjan 5 kg;Temizlik;Bayi;56;12922,70;8895,26;Satış
15.06.2026;F001616;Müşteri 01;Hayali Bulaşık Tableti 60'lı;Temizlik;Bayi;31;10948,16;6800,04;Satış
15.06.2026;F001616;Müşteri 01;Hayali Bulaşık Tableti 60'lı;Temizlik;Bayi;9;3118,56;1974,20;Satış
16.06.2026;F001617;Müşteri 13;Deneme Kağıt Havlu 12'li;Kağıt;Zincir market;171;30925,57;23365,44;Satış
16.06.2026;F001618;Müşteri 23;Deneme Kağıt Havlu 12'li;Kağıt;Kurumsal;120;22390,33;16396,80;Satış
16.06.2026;F001618;Müşteri 23;Hayali Bulaşık Tableti 60'lı;Temizlik;Kurumsal;27;9433,24;5922,61;Satış
16.06.2026;F001619;Müşteri 25;Deneme Kağıt Havlu 12'li;Kağıt;Online;10;1756,17;1366,40;Satış
16.06.2026;F001620;Müşteri 34;Kurgu Deterjan 5 kg;Temizlik;Online;12;2854,35;1906,13;Satış
16.06.2026;F001620;Müşteri 34;Kurgu Deterjan 5 kg;Temizlik;Online;43;10263,74;6830,29;Satış
16.06.2026;F001621;Müşteri 02;Hayali Bulaşık Tableti 60'lı;Temizlik;Bayi;23;8361,08;5045,19;Satış
17.06.2026;F001622;Müşteri 05;Örnek Sıvı Sabun 1,5 lt;Kişisel Bakım;Zincir market;27;2607,23;1539,94;Satış
17.06.2026;F001623;Müşteri 16;Deneme Kağıt Havlu 12'li;Kağıt;Zincir market;111;19803,74;15167,04;Satış
17.06.2026;F001623;Müşteri 16;Deneme Kağıt Havlu 12'li;Kağıt;Zincir market;24;4366,61;3279,36;Satış
17.06.2026;F001623;Müşteri 16;Kurgu Deterjan 5 kg;Temizlik;Zincir market;126;29901,40;20014,34;Satış
17.06.2026;F001624;Müşteri 17;Kurgu Deterjan 5 kg;Temizlik;Kurumsal;21;4928,23;3335,72;Satış
17.06.2026;F001624;Müşteri 17;Örnek Sıvı Sabun 1,5 lt;Kişisel Bakım;Kurumsal;51;4842,98;2908,78;Satış
17.06.2026;F001624;Müşteri 17;Hayali Bulaşık Tableti 60'lı;Temizlik;Kurumsal;24;8174,69;5264,54;Satış
17.06.2026;F001625;Müşteri 36;Örnek Sıvı Sabun 1,5 lt;Kişisel Bakım;Bayi;53;5172,73;3022,86;Satış
17.06.2026;F001625;Müşteri 36;Kurgu Deterjan 5 kg;Temizlik;Bayi;20;4755,20;3176,88;Satış
17.06.2026;F001625;Müşteri 36;Hayali Bulaşık Tableti 60'lı;Temizlik;Bayi;41;14883,01;8993,60;Satış
18.06.2026;F001626;Müşteri 23;Örnek Şampuan 500 ml;Kişisel Bakım;Kurumsal;129;14159,29;7475,55;Satış
18.06.2026;F001627;Müşteri 06;Örnek Şampuan 500 ml;Kişisel Bakım;Zincir market;39;4116,76;2260,05;Satış
18.06.2026;F001627;Müşteri 06;Kurgu Deterjan 5 kg;Temizlik;Zincir market;33;7546,50;5241,85;Satış
18.06.2026;F001627;Müşteri 06;Deneme Kağıt Havlu 12'li;Kağıt;Zincir market;57;10460,57;7788,48;Satış
19.06.2026;F001628;Müşteri 15;Kurgu Deterjan 5 kg;Temizlik;Bayi;6;1459,87;953,06;Satış
19.06.2026;F001629;Müşteri 13;Deneme Kağıt Havlu 12'li;Kağıt;Zincir market;180;32296,73;24595,20;Satış
19.06.2026;F001629;Müşteri 13;Deneme Tuvalet Kağıdı 32'li;Kağıt;Zincir market;156;40708,82;32887,30;Satış
19.06.2026;F001629;Müşteri 13;Örnek Şampuan 500 ml;Kişisel Bakım;Zincir market;24;2558,49;1390,80;Satış
19.06.2026;F001630;Müşteri 25;Kurgu Yumuşatıcı 3 lt;Temizlik;Online;32;4975,80;3162,24;Satış
19.06.2026;F001630;Müşteri 25;Deneme Kağıt Havlu 12'li;Kağıt;Online;13;2280,74;1776,32;Satış
19.06.2026;F001630;Müşteri 25;Kurgu Deterjan 5 kg;Temizlik;Online;44;10887,97;6989,14;Satış
19.06.2026;F001631;Müşteri 24;Kurgu Yumuşatıcı 3 lt;Temizlik;Online;26;3955,10;2569,32;Satış
19.06.2026;F001631;Müşteri 24;Kurgu Deterjan 5 kg;Temizlik;Online;20;4651,52;3176,88;Satış
20.06.2026;F001632;Müşteri 27;Hayali Bulaşık Tableti 60'lı;Temizlik;Zincir market;168;60437,60;36851,81;Satış
20.06.2026;F001632;Müşteri 27;Deneme Kağıt Havlu 12'li;Kağıt;Zincir market;21;3961,93;2869,44;Satış
20.06.2026;F001632;Müşteri 27;Kurgu Deterjan 5 kg;Temizlik;Zincir market;180;43604,25;28591,92;Satış
20.06.2026;F001633;Müşteri 04;Kurgu Deterjan 5 kg;Temizlik;Zincir market;39;9230,13;6194,92;Satış
20.06.2026;F001634;Müşteri 19;Örnek Sıvı Sabun 1,5 lt;Kişisel Bakım;Kurumsal;81;7865,89;4619,84;Satış
22.06.2026;F001635;Müşteri 09;Örnek Şampuan 500 ml;Kişisel Bakım;Kurumsal;105;11448,07;6084,75;Satış
22.06.2026;F001635;Müşteri 09;Deneme Tuvalet Kağıdı 32'li;Kağıt;Kurumsal;27;7081,41;5692,03;Satış
22.06.2026;F001635;Müşteri 09;Deneme Kağıt Havlu 12'li;Kağıt;Kurumsal;54;9783,26;7378,56;Satış
22.06.2026;F001636;Müşteri 23;Örnek Şampuan 500 ml;Kişisel Bakım;Kurumsal;150;15877,02;8692,50;Satış
22.06.2026;F001637;Müşteri 24;Örnek Sıvı Sabun 1,5 lt;Kişisel Bakım;Online;60;5851,25;3422,10;Satış
22.06.2026;F001637;Müşteri 24;Deneme Kağıt Havlu 12'li;Kağıt;Online;22;3927,27;3006,08;Satış
22.06.2026;F001637;Müşteri 24;Deneme Kağıt Havlu 12'li;Kağıt;Online;37;6485,08;5055,68;Satış
22.06.2026;F001638;Müşteri 23;Deneme Tuvalet Kağıdı 32'li;Kağıt;Kurumsal;132;35845,86;27827,71;Satış
22.06.2026;F001638;Müşteri 23;Kurgu Deterjan 5 kg;Temizlik;Kurumsal;54;13287,05;8577,58;Satış
23.06.2026;F001639;Müşteri 20;Deneme Kağıt Havlu 12'li;Kağıt;Online;18;3159,90;2459,52;Satış
23.06.2026;F001639;Müşteri 20;Deneme Tuvalet Kağıdı 32'li;Kağıt;Online;57;15868,55;12016,51;Satış
23.06.2026;F001639;Müşteri 20;Kurgu Deterjan 5 kg;Temizlik;Online;20;4836,40;3176,88;Satış
23.06.2026;F001640;Müşteri 30;Kurgu Deterjan 5 kg;Temizlik;Bayi;36;8803,99;5718,38;Satış
23.06.2026;F001641;Müşteri 18;Deneme Kağıt Havlu 12'li;Kağıt;Zincir market;87;15506,31;11887,68;Satış
23.06.2026;F001641;Müşteri 18;Kurgu Deterjan 5 kg;Temizlik;Zincir market;24;5604,21;3812,26;Satış
24.06.2026;F001642;Müşteri 02;Örnek Şampuan 500 ml;Kişisel Bakım;Bayi;33;3416,50;1912,35;Satış
24.06.2026;F001642;Müşteri 02;Kurgu Yumuşatıcı 3 lt;Temizlik;Bayi;29;4318,28;2865,78;Satış
24.06.2026;F001643;Müşteri 28;Kurgu Deterjan 5 kg;Temizlik;Online;47;10999,19;7465,67;Satış
24.06.2026;F001643;Müşteri 28;Deneme Kağıt Havlu 12'li;Kağıt;Online;53;9484,31;7241,92;Satış
24.06.2026;F001643;Müşteri 28;Kurgu Deterjan 5 kg;Temizlik;Online;43;10446,11;6830,29;Satış
24.06.2026;F001644;Müşteri 22;Hayali Bulaşık Tableti 60'lı;Temizlik;Zincir market;159;56258,94;34877,60;Satış
24.06.2026;F001644;Müşteri 22;Hayali Bulaşık Tableti 60'lı;Temizlik;Zincir market;18;6237,24;3948,41;Satış
24.06.2026;F001645;Müşteri 40;Hayali Bulaşık Tableti 60'lı;Temizlik;Bayi;32;11502,03;7019,39;Satış
24.06.2026;F001645;Müşteri 40;Deneme Tuvalet Kağıdı 32'li;Kağıt;Bayi;53;13877,42;11173,25;Satış
24.06.2026;F001646;Müşteri 07;Örnek Şampuan 500 ml;Kişisel Bakım;Bayi;51;5686,22;2955,45;Satış
24.06.2026;F001646;Müşteri 07;Örnek Sıvı Sabun 1,5 lt;Kişisel Bakım;Bayi;59;5913,39;3365,07;Satış
24.06.2026;F001646;Müşteri 07;Deneme Kağıt Havlu 12'li;Kağıt;Bayi;34;6123,32;4645,76;Satış
25.06.2026;F001647;Müşteri 11;Örnek Şampuan 500 ml;Kişisel Bakım;Bayi;52;5825,76;3013,40;Satış
25.06.2026;F001647;Müşteri 11;Kurgu Yumuşatıcı 3 lt;Temizlik;Bayi;13;2055,61;1284,66;Satış
25.06.2026;F001648;Müşteri 18;Örnek Sıvı Sabun 1,5 lt;Kişisel Bakım;Zincir market;30;3008,71;1711,05;Satış
25.06.2026;F001648;Müşteri 18;Hayali Bulaşık Tableti 60'lı;Temizlik;Zincir market;117;40387,58;25664,65;Satış
25.06.2026;F001648;Müşteri 18;Deneme Kağıt Havlu 12'li;Kağıt;Zincir market;90;15685,12;12297,60;Satış
25.06.2026;F001649;Müşteri 18;Örnek Sıvı Sabun 1,5 lt;Kişisel Bakım;Zincir market;141;13294,34;8041,94;Satış
25.06.2026;F001649;Müşteri 18;Deneme Tuvalet Kağıdı 32'li;Kağıt;Zincir market;168;46708,12;35417,09;Satış
25.06.2026;F001650;Müşteri 01;Örnek Sıvı Sabun 1,5 lt;Kişisel Bakım;Bayi;41;4000,70;2338,44;Satış
26.06.2026;F001651;Müşteri 29;Kurgu Deterjan 5 kg;Temizlik;Bayi;33;7529,01;5241,85;Satış
26.06.2026;F001651;Müşteri 29;Kurgu Deterjan 5 kg;Temizlik;Bayi;27;6412,38;4288,79;Satış
26.06.2026;F001652;Müşteri 36;Örnek Şampuan 500 ml;Kişisel Bakım;Bayi;8;866,64;463,60;Satış
26.06.2026;F001653;Müşteri 06;Deneme Kağıt Havlu 12'li;Kağıt;Zincir market;120;21412,69;16396,80;Satış
26.06.2026;F001653;Müşteri 06;Kurgu Deterjan 5 kg;Temizlik;Zincir market;99;22922,50;15725,56;Satış
27.06.2026;F001654;Müşteri 17;Kurgu Yumuşatıcı 3 lt;Temizlik;Kurumsal;57;8811,57;5632,74;Satış
27.06.2026;F001654;Müşteri 17;Kurgu Yumuşatıcı 3 lt;Temizlik;Kurumsal;180;27797,61;17787,60;Satış
27.06.2026;F001655;Müşteri 04;Kurgu Deterjan 5 kg;Temizlik;Zincir market;138;31566,02;21920,47;Satış
27.06.2026;F001656;Müşteri 33;Deneme Kağıt Havlu 12'li;Kağıt;Online;25;4358,24;3416,00;Satış
27.06.2026;F001656;Müşteri 33;Deneme Tuvalet Kağıdı 32'li;Kağıt;Online;19;4976,51;4005,50;Satış
27.06.2026;F001657;Müşteri 17;Kurgu Deterjan 5 kg;Temizlik;Kurumsal;144;35240,53;22873,54;Satış
27.06.2026;F001657;Müşteri 17;Hayali Bulaşık Tableti 60'lı;Temizlik;Kurumsal;81;28540,47;17767,84;Satış
29.06.2026;F001658;Müşteri 23;Kurgu Deterjan 5 kg;Temizlik;Kurumsal;111;26281,93;17631,68;Satış
29.06.2026;F001659;Müşteri 33;Kurgu Yumuşatıcı 3 lt;Temizlik;Online;18;2712,74;1778,76;Satış
29.06.2026;F001660;Müşteri 24;Örnek Şampuan 500 ml;Kişisel Bakım;Online;9;980,00;521,55;Satış
29.06.2026;F001660;Müşteri 24;Örnek Sıvı Sabun 1,5 lt;Kişisel Bakım;Online;14;1294,64;798,49;Satış
29.06.2026;F001660;Müşteri 24;Deneme Kağıt Havlu 12'li;Kağıt;Online;55;9852,58;7515,20;Satış
30.06.2026;F001661;Müşteri 31;Deneme Kağıt Havlu 12'li;Kağıt;Kurumsal;18;3170,11;2459,52;Satış
30.06.2026;F001661;Müşteri 31;Kurgu Deterjan 5 kg;Temizlik;Kurumsal;69;17002,87;10960,24;Satış
30.06.2026;F001662;Müşteri 38;Kurgu Deterjan 5 kg;Temizlik;Bayi;43;9983,24;6830,29;Satış
30.06.2026;F001663;Müşteri 21;Deneme Tuvalet Kağıdı 32'li;Kağıt;Bayi;54;14977,21;11384,06;Satış
30.06.2026;F001663;Müşteri 21;Hayali Bulaşık Tableti 60'lı;Temizlik;Bayi;42;15010,66;9212,95;Satış
30.06.2026;F001663;Müşteri 21;Kurgu Yumuşatıcı 3 lt;Temizlik;Bayi;29;4557,14;2865,78;Satış
30.06.2026;F001664;Müşteri 03;Deneme Tuvalet Kağıdı 32'li;Kağıt;Online;14;3768,49;2951,42;Satış
30.06.2026;F001664;Müşteri 03;Deneme Tuvalet Kağıdı 32'li;Kağıt;Online;10;2821,85;2108,16;Satış
30.06.2026;F001664;Müşteri 03;Kurgu Yumuşatıcı 3 lt;Temizlik;Online;41;6271,87;4051,62;Satış
01.07.2026;F001665;Müşteri 35;Kurgu Deterjan 5 kg;Temizlik;Online;59;14478,07;9371,80;Satış
01.07.2026;F001665;Müşteri 35;Hayali Bulaşık Tableti 60'lı;Temizlik;Online;8;2834,42;1754,85;Satış
01.07.2026;F001665;Müşteri 35;Deneme Tuvalet Kağıdı 32'li;Kağıt;Online;38;10348,64;8011,01;Satış
01.07.2026;F001666;Müşteri 21;Kurgu Yumuşatıcı 3 lt;Temizlik;Bayi;58;8925,44;5731,56;Satış
01.07.2026;F001666;Müşteri 21;Kurgu Yumuşatıcı 3 lt;Temizlik;Bayi;26;3891,00;2569,32;Satış
01.07.2026;F001667;Müşteri 24;Örnek Şampuan 500 ml;Kişisel Bakım;Online;25;2746,04;1448,75;Satış
01.07.2026;F001668;Müşteri 08;Kurgu Yumuşatıcı 3 lt;Temizlik;Bayi;33;5144,53;3261,06;Satış
01.07.2026;F001668;Müşteri 08;Örnek Şampuan 500 ml;Kişisel Bakım;Bayi;28;2907,71;1622,60;Satış
01.07.2026;F001668;Müşteri 08;Deneme Kağıt Havlu 12'li;Kağıt;Bayi;37;6469,47;5055,68;Satış
01.07.2026;F001669;Müşteri 24;Örnek Şampuan 500 ml;Kişisel Bakım;Online;43;4523,50;2491,85;Satış
01.07.2026;F001669;Müşteri 24;Hayali Bulaşık Tableti 60'lı;Temizlik;Online;31;10641,05;6800,04;Satış
01.07.2026;F001669;Müşteri 24;Hayali Bulaşık Tableti 60'lı;Temizlik;Online;57;20828,49;12503,29;Satış
02.07.2026;F001670;Müşteri 27;Deneme Kağıt Havlu 12'li;Kağıt;Zincir market;141;24785,33;19266,24;Satış
02.07.2026;F001670;Müşteri 27;Örnek Sıvı Sabun 1,5 lt;Kişisel Bakım;Zincir market;165;15605,36;9410,78;Satış
02.07.2026;F001670;Müşteri 27;Örnek Sıvı Sabun 1,5 lt;Kişisel Bakım;Zincir market;36;3345,48;2053,26;Satış
02.07.2026;F001671;Müşteri 27;Kurgu Yumuşatıcı 3 lt;Temizlik;Zincir market;123;18801,05;12154,86;Satış
02.07.2026;F001671;Müşteri 27;Hayali Bulaşık Tableti 60'lı;Temizlik;Zincir market;51;18506,36;11187,16;Satış
02.07.2026;F001671;Müşteri 27;Örnek Şampuan 500 ml;Kişisel Bakım;Zincir market;15;1569,41;869,25;Satış
02.07.2026;F001672;Müşteri 27;Hayali Bulaşık Tableti 60'lı;Temizlik;Zincir market;120;42882,47;26322,72;Satış
02.07.2026;F001672;Müşteri 27;Örnek Şampuan 500 ml;Kişisel Bakım;Zincir market;156;16229,89;9040,20;Satış
03.07.2026;F001673;Müşteri 02;Kurgu Yumuşatıcı 3 lt;Temizlik;Bayi;9;1334,19;889,38;Satış
03.07.2026;F001673;Müşteri 02;Hayali Bulaşık Tableti 60'lı;Temizlik;Bayi;38;13809,91;8335,53;Satış
03.07.2026;F001673;Müşteri 02;Örnek Şampuan 500 ml;Kişisel Bakım;Bayi;27;2815,42;1564,65;Satış
03.07.2026;F001674;Müşteri 36;Deneme Tuvalet Kağıdı 32'li;Kağıt;Bayi;23;6054,54;4848,77;Satış
03.07.2026;F001675;Müşteri 22;Deneme Kağıt Havlu 12'li;Kağıt;Zincir market;132;23142,74;18036,48;Satış
03.07.2026;F001675;Müşteri 22;Deneme Tuvalet Kağıdı 32'li;Kağıt;Zincir market;21;5506,51;4427,14;Satış
03.07.2026;F001675;Müşteri 22;Örnek Sıvı Sabun 1,5 lt;Kişisel Bakım;Zincir market;99;9858,74;5646,47;Satış
03.07.2026;F001676;Müşteri 29;Hayali Bulaşık Tableti 60'lı;Temizlik;Bayi;32;11040,06;7019,39;Satış
03.07.2026;F001676;Müşteri 29;Örnek Şampuan 500 ml;Kişisel Bakım;Bayi;49;5112,62;2839,55;Satış
03.07.2026;F001676;Müşteri 29;Kurgu Yumuşatıcı 3 lt;Temizlik;Bayi;51;7972,18;5039,82;Satış
03.07.2026;F001677;Müşteri 33;Kurgu Yumuşatıcı 3 lt;Temizlik;Online;5;770,60;494,10;Satış
04.07.2026;F001678;Müşteri 25;Örnek Şampuan 500 ml;Kişisel Bakım;Online;16;1723,10;927,20;Satış
04.07.2026;F001678;Müşteri 25;Deneme Kağıt Havlu 12'li;Kağıt;Online;22;4135,25;3006,08;Satış
04.07.2026;F001679;Müşteri 07;Örnek Sıvı Sabun 1,5 lt;Kişisel Bakım;Bayi;36;3420,47;2053,26;Satış
04.07.2026;F001680;Müşteri 37;Deneme Kağıt Havlu 12'li;Kağıt;Kurumsal;126;22852,91;17216,64;Satış
04.07.2026;F001680;Müşteri 37;Örnek Şampuan 500 ml;Kişisel Bakım;Kurumsal;69;7315,85;3998,55;Satış
04.07.2026;F001680;Müşteri 37;Örnek Sıvı Sabun 1,5 lt;Kişisel Bakım;Kurumsal;159;14899,51;9068,57;Satış
04.07.2026;F001681;Müşteri 10;Hayali Bulaşık Tableti 60'lı;Temizlik;Bayi;52;18842,62;11406,51;Satış
04.07.2026;F001682;Müşteri 14;Deneme Kağıt Havlu 12'li;Kağıt;Zincir market;66;12037,27;9018,24;Satış
04.07.2026;F001682;Müşteri 14;Deneme Kağıt Havlu 12'li;Kağıt;Zincir market;75;13139,88;10248,00;Satış
06.07.2026;F001683;Müşteri 19;Örnek Şampuan 500 ml;Kişisel Bakım;Kurumsal;99;10408,62;5737,05;Satış
06.07.2026;F001683;Müşteri 19;Kurgu Yumuşatıcı 3 lt;Temizlik;Kurumsal;69;10938,24;6818,58;Satış
06.07.2026;F001684;Müşteri 17;Hayali Bulaşık Tableti 60'lı;Temizlik;Kurumsal;33;11998,50;7238,75;Satış
06.07.2026;F001684;Müşteri 17;Deneme Tuvalet Kağıdı 32'li;Kağıt;Kurumsal;66;17406,75;13913,86;Satış
06.07.2026;F001684;Müşteri 17;Kurgu Yumuşatıcı 3 lt;Temizlik;Kurumsal;120;18869,46;11858,40;Satış
07.07.2026;F001685;Müşteri 39;Deneme Kağıt Havlu 12'li;Kağıt;Kurumsal;117;21734,39;15986,88;Satış
07.07.2026;F001686;Müşteri 01;Hayali Bulaşık Tableti 60'lı;Temizlik;Bayi;57;19225,55;12503,29;Satış
07.07.2026;F001686;Müşteri 01;Kurgu Yumuşatıcı 3 lt;Temizlik;Bayi;23;3646,84;2272,86;Satış
08.07.2026;F001687;Müşteri 34;Hayali Bulaşık Tableti 60'lı;Temizlik;Online;34;11735,68;7458,10;Satış
08.07.2026;F001688;Müşteri 08;Deneme Tuvalet Kağıdı 32'li;Kağıt;Bayi;59;15532,42;12438,14;Satış
08.07.2026;F001688;Müşteri 08;Örnek Şampuan 500 ml;Kişisel Bakım;Bayi;36;3797,68;2086,20;Satış
08.07.2026;F001688;Müşteri 08;Hayali Bulaşık Tableti 60'lı;Temizlik;Bayi;13;4752,77;2851,63;Satış
08.07.2026;F001689;Müşteri 08;Hayali Bulaşık Tableti 60'lı;Temizlik;Bayi;10;3583,17;2193,56;Satış
08.07.2026;F001689;Müşteri 08;Kurgu Yumuşatıcı 3 lt;Temizlik;Bayi;51;7522,68;5039,82;Satış
08.07.2026;F001690;Müşteri 11;Örnek Sıvı Sabun 1,5 lt;Kişisel Bakım;Bayi;22;2110,12;1254,77;Satış
08.07.2026;F001690;Müşteri 11;Deneme Tuvalet Kağıdı 32'li;Kağıt;Bayi;37;10203,52;7800,19;Satış
08.07.2026;F001690;Müşteri 11;Kurgu Deterjan 5 kg;Temizlik;Bayi;50;12080,68;7942,20;Satış
08.07.2026;F001691;Müşteri 03;Kurgu Deterjan 5 kg;Temizlik;Online;50;12186,01;7942,20;Satış
08.07.2026;F001691;Müşteri 03;Örnek Sıvı Sabun 1,5 lt;Kişisel Bakım;Online;17;1683,47;969,60;Satış
09.07.2026;F001692;Müşteri 01;Kurgu Yumuşatıcı 3 lt;Temizlik;Bayi;42;6356,72;4150,44;Satış
09.07.2026;F001693;Müşteri 15;Kurgu Yumuşatıcı 3 lt;Temizlik;Bayi;21;3203,49;2075,22;Satış
09.07.2026;F001693;Müşteri 15;Örnek Şampuan 500 ml;Kişisel Bakım;Bayi;57;5974,17;3303,15;Satış
09.07.2026;F001693;Müşteri 15;Örnek Şampuan 500 ml;Kişisel Bakım;Bayi;23;2399,22;1332,85;Satış
10.07.2026;F001694;Müşteri 34;Deneme Tuvalet Kağıdı 32'li;Kağıt;Online;18;4691,10;3794,69;Satış
10.07.2026;F001694;Müşteri 34;Kurgu Deterjan 5 kg;Temizlik;Online;36;8605,17;5718,38;Satış
10.07.2026;F001694;Müşteri 34;Kurgu Yumuşatıcı 3 lt;Temizlik;Online;50;7441,29;4941,00;Satış
10.07.2026;F001695;Müşteri 27;Örnek Sıvı Sabun 1,5 lt;Kişisel Bakım;Zincir market;132;12583,22;7528,62;Satış
10.07.2026;F001695;Müşteri 27;Deneme Kağıt Havlu 12'li;Kağıt;Zincir market;60;10999,68;8198,40;Satış
10.07.2026;F001695;Müşteri 27;Örnek Şampuan 500 ml;Kişisel Bakım;Zincir market;114;12428,67;6606,30;Satış
11.07.2026;F001696;Müşteri 15;Deneme Tuvalet Kağıdı 32'li;Kağıt;Bayi;36;9779,42;7589,38;Satış
11.07.2026;F001696;Müşteri 15;Deneme Tuvalet Kağıdı 32'li;Kağıt;Bayi;30;8222,66;6324,48;Satış
11.07.2026;F001697;Müşteri 35;Örnek Sıvı Sabun 1,5 lt;Kişisel Bakım;Online;11;1034,36;627,38;Satış
11.07.2026;F001697;Müşteri 35;Hayali Bulaşık Tableti 60'lı;Temizlik;Online;53;18281,96;11625,87;Satış
11.07.2026;F001698;Müşteri 29;Kurgu Yumuşatıcı 3 lt;Temizlik;Bayi;47;7142,61;4644,54;Satış
11.07.2026;F001698;Müşteri 29;Kurgu Yumuşatıcı 3 lt;Temizlik;Bayi;34;5397,27;3359,88;Satış
11.07.2026;F001699;Müşteri 08;Deneme Tuvalet Kağıdı 32'li;Kağıt;Bayi;30;8295,37;6324,48;Satış
11.07.2026;F001699;Müşteri 08;Hayali Bulaşık Tableti 60'lı;Temizlik;Bayi;35;12639,25;7677,46;Satış
13.07.2026;F001700;Müşteri 16;Örnek Sıvı Sabun 1,5 lt;Kişisel Bakım;Zincir market;66;6358,97;3764,31;Satış
13.07.2026;F001701;Müşteri 27;Deneme Kağıt Havlu 12'li;Kağıt;Zincir market;162;28929,55;22135,68;Satış
13.07.2026;F001702;Müşteri 21;Örnek Şampuan 500 ml;Kişisel Bakım;Bayi;56;5997,34;3245,20;Satış
13.07.2026;F001702;Müşteri 21;Örnek Şampuan 500 ml;Kişisel Bakım;Bayi;21;2337,60;1216,95;Satış
13.07.2026;F001703;Müşteri 18;Deneme Tuvalet Kağıdı 32'li;Kağıt;Zincir market;57;15289,88;12016,51;Satış
13.07.2026;F001703;Müşteri 18;Hayali Bulaşık Tableti 60'lı;Temizlik;Zincir market;21;7256,85;4606,48;Satış
13.07.2026;F001704;Müşteri 27;Deneme Kağıt Havlu 12'li;Kağıt;Zincir market;45;8180,64;6148,80;Satış
14.07.2026;F001705;Müşteri 40;Örnek Sıvı Sabun 1,5 lt;Kişisel Bakım;Bayi;13;1262,69;741,45;Satış
14.07.2026;F001705;Müşteri 40;Kurgu Deterjan 5 kg;Temizlik;Bayi;51;11648,13;8101,04;Satış
14.07.2026;F001705;Müşteri 40;Örnek Şampuan 500 ml;Kişisel Bakım;Bayi;10;1101,31;579,50;Satış
14.07.2026;F001706;Müşteri 22;Hayali Bulaşık Tableti 60'lı;Temizlik;Zincir market;162;57139,98;35535,67;Satış
14.07.2026;F001706;Müşteri 22;Deneme Tuvalet Kağıdı 32'li;Kağıt;Zincir market;24;6535,07;5059,58;Satış
15.07.2026;F001707;Müşteri 11;Örnek Şampuan 500 ml;Kişisel Bakım;Bayi;60;6574,16;3477,00;Satış
15.07.2026;F001707;Müşteri 11;Örnek Sıvı Sabun 1,5 lt;Kişisel Bakım;Bayi;56;5239,98;3193,96;Satış
15.07.2026;F001707;Müşteri 11;Örnek Sıvı Sabun 1,5 lt;Kişisel Bakım;Bayi;26;2485,42;1482,91;Satış
15.07.2026;F001708;Müşteri 36;Kurgu Yumuşatıcı 3 lt;Temizlik;Bayi;5;735,08;494,10;Satış
15.07.2026;F001708;Müşteri 36;Kurgu Deterjan 5 kg;Temizlik;Bayi;53;13070,73;8418,73;Satış
15.07.2026;F001708;Müşteri 36;Kurgu Deterjan 5 kg;Temizlik;Bayi;37;8726,99;5877,23;Satış
15.07.2026;F001709;Müşteri 32;Kurgu Yumuşatıcı 3 lt;Temizlik;Bayi;23;3459,15;2272,86;Satış
16.07.2026;F001710;Müşteri 03;Deneme Tuvalet Kağıdı 32'li;Kağıt;Online;12;3347,56;2529,79;Satış
16.07.2026;F001710;Müşteri 03;Örnek Şampuan 500 ml;Kişisel Bakım;Online;46;4909,39;2665,70;Satış
16.07.2026;F001711;Müşteri 18;Kurgu Deterjan 5 kg;Temizlik;Zincir market;27;6425,39;4288,79;Satış
16.07.2026;F001712;Müşteri 27;Kurgu Deterjan 5 kg;Temizlik;Zincir market;156;38131,85;24779,66;Satış
17.07.2026;F001713;Müşteri 07;Deneme Kağıt Havlu 12'li;Kağıt;Bayi;55;9878,19;7515,20;Satış
17.07.2026;F001713;Müşteri 07;Hayali Bulaşık Tableti 60'lı;Temizlik;Bayi;43;15552,35;9432,31;Satış
17.07.2026;F001713;Müşteri 07;Hayali Bulaşık Tableti 60'lı;Temizlik;Bayi;25;8724,44;5483,90;Satış
17.07.2026;F001714;Müşteri 02;Örnek Sıvı Sabun 1,5 lt;Kişisel Bakım;Bayi;34;3192,67;1939,19;Satış
17.07.2026;F001714;Müşteri 02;Örnek Sıvı Sabun 1,5 lt;Kişisel Bakım;Bayi;46;4457,37;2623,61;Satış
17.07.2026;F001715;Müşteri 25;Örnek Şampuan 500 ml;Kişisel Bakım;Online;10;1051,25;579,50;Satış
17.07.2026;F001715;Müşteri 25;Örnek Şampuan 500 ml;Kişisel Bakım;Online;40;4225,20;2318,00;Satış
18.07.2026;F001716;Müşteri 25;Örnek Şampuan 500 ml;Kişisel Bakım;Online;51;5439,77;2955,45;Satış
18.07.2026;F001717;Müşteri 24;Deneme Tuvalet Kağıdı 32'li;Kağıt;Online;11;2978,70;2318,98;Satış
18.07.2026;F001717;Müşteri 24;Deneme Kağıt Havlu 12'li;Kağıt;Online;6;1078,19;819,84;Satış
18.07.2026;F001717;Müşteri 24;Kurgu Yumuşatıcı 3 lt;Temizlik;Online;33;4991,88;3261,06;Satış
18.07.2026;F001718;Müşteri 37;Deneme Tuvalet Kağıdı 32'li;Kağıt;Kurumsal;72;19301,45;15178,75;Satış
20.07.2026;F001719;Müşteri 07;Kurgu Yumuşatıcı 3 lt;Temizlik;Bayi;18;2836,39;1778,76;Satış
20.07.2026;F001719;Müşteri 07;Örnek Şampuan 500 ml;Kişisel Bakım;Bayi;42;4425,70;2433,90;Satış
20.07.2026;F001719;Müşteri 07;Kurgu Yumuşatıcı 3 lt;Temizlik;Bayi;30;4632,38;2964,60;Satış
20.07.2026;F001720;Müşteri 31;Deneme Tuvalet Kağıdı 32'li;Kağıt;Kurumsal;174;47568,43;36681,98;Satış
20.07.2026;F001720;Müşteri 31;Kurgu Yumuşatıcı 3 lt;Temizlik;Kurumsal;24;3752,06;2371,68;Satış
20.07.2026;F001720;Müşteri 31;Örnek Sıvı Sabun 1,5 lt;Kişisel Bakım;Kurumsal;93;8814,09;5304,26;Satış
21.07.2026;F001721;Müşteri 03;Deneme Tuvalet Kağıdı 32'li;Kağıt;Online;41;11238,46;8643,46;Satış
21.07.2026;F001721;Müşteri 03;Hayali Bulaşık Tableti 60'lı;Temizlik;Online;5;1721,91;1096,78;Satış
21.07.2026;F001722;Müşteri 14;Hayali Bulaşık Tableti 60'lı;Temizlik;Zincir market;108;38070,23;23690,45;Satış
21.07.2026;F001722;Müşteri 14;Örnek Sıvı Sabun 1,5 lt;Kişisel Bakım;Zincir market;138;12995,12;7870,83;Satış
21.07.2026;F001722;Müşteri 14;Örnek Şampuan 500 ml;Kişisel Bakım;Zincir market;150;16119,53;8692,50;Satış
21.07.2026;F001723;Müşteri 36;Deneme Tuvalet Kağıdı 32'li;Kağıt;Bayi;10;2814,15;2108,16;Satış
21.07.2026;F001723;Müşteri 36;Örnek Şampuan 500 ml;Kişisel Bakım;Bayi;49;5087,53;2839,55;Satış
21.07.2026;F001723;Müşteri 36;Kurgu Yumuşatıcı 3 lt;Temizlik;Bayi;53;7776,67;5237,46;Satış
22.07.2026;F001724;Müşteri 11;Örnek Şampuan 500 ml;Kişisel Bakım;Bayi;60;6710,89;3477,00;Satış
22.07.2026;F001725;Müşteri 03;Örnek Şampuan 500 ml;Kişisel Bakım;Online;15;1631,21;869,25;Satış
22.07.2026;F001725;Müşteri 03;Deneme Kağıt Havlu 12'li;Kağıt;Online;36;6329,11;4919,04;Satış
23.07.2026;F001726;Müşteri 26;Örnek Sıvı Sabun 1,5 lt;Kişisel Bakım;Zincir market;36;3447,73;2053,26;Satış
23.07.2026;F001727;Müşteri 19;Deneme Tuvalet Kağıdı 32'li;Kağıt;Kurumsal;66;17977,17;13913,86;Satış
23.07.2026;F001727;Müşteri 19;Deneme Kağıt Havlu 12'li;Kağıt;Kurumsal;84;15305,79;11477,76;Satış
23.07.2026;F001727;Müşteri 19;Kurgu Yumuşatıcı 3 lt;Temizlik;Kurumsal;42;6310,68;4150,44;Satış
23.07.2026;F001728;Müşteri 14;Deneme Tuvalet Kağıdı 32'li;Kağıt;Zincir market;84;22874,13;17708,54;Satış
23.07.2026;F001728;Müşteri 14;Örnek Sıvı Sabun 1,5 lt;Kişisel Bakım;Zincir market;105;10078,97;5988,68;Satış
23.07.2026;F001728;Müşteri 14;Örnek Sıvı Sabun 1,5 lt;Kişisel Bakım;Zincir market;156;15296,47;8897,46;Satış
23.07.2026;F001729;Müşteri 09;Deneme Kağıt Havlu 12'li;Kağıt;Kurumsal;150;27933,51;20496,00;Satış
23.07.2026;F001730;Müşteri 01;Örnek Şampuan 500 ml;Kişisel Bakım;Bayi;16;1671,69;927,20;Satış
23.07.2026;F001730;Müşteri 01;Kurgu Deterjan 5 kg;Temizlik;Bayi;5;1170,79;794,22;Satış
24.07.2026;F001731;Müşteri 35;Örnek Sıvı Sabun 1,5 lt;Kişisel Bakım;Online;11;1020,43;627,38;Satış
24.07.2026;F001731;Müşteri 35;Örnek Şampuan 500 ml;Kişisel Bakım;Online;43;4495,01;2491,85;Satış
24.07.2026;F001732;Müşteri 23;Deneme Kağıt Havlu 12'li;Kağıt;Kurumsal;57;10197,66;7788,48;Satış
24.07.2026;F001732;Müşteri 23;Kurgu Deterjan 5 kg;Temizlik;Kurumsal;51;11904,38;8101,04;Satış
24.07.2026;F001732;Müşteri 23;Hayali Bulaşık Tableti 60'lı;Temizlik;Kurumsal;180;62821,32;39484,08;Satış
25.07.2026;F001733;Müşteri 40;Örnek Sıvı Sabun 1,5 lt;Kişisel Bakım;Bayi;40;3864,68;2281,40;Satış
25.07.2026;F001733;Müşteri 40;Deneme Tuvalet Kağıdı 32'li;Kağıt;Bayi;17;4459,09;3583,87;Satış
25.07.2026;F001734;Müşteri 10;Deneme Tuvalet Kağıdı 32'li;Kağıt;Bayi;18;4803,97;3794,69;Satış
25.07.2026;F001735;Müşteri 17;Kurgu Deterjan 5 kg;Temizlik;Kurumsal;39;9507,16;6194,92;Satış
25.07.2026;F001735;Müşteri 17;Deneme Kağıt Havlu 12'li;Kağıt;Kurumsal;138;25566,77;18856,32;Satış
25.07.2026;F001735;Müşteri 17;Örnek Sıvı Sabun 1,5 lt;Kişisel Bakım;Kurumsal;123;12111,85;7015,31;Satış
25.07.2026;F001736;Müşteri 38;Örnek Sıvı Sabun 1,5 lt;Kişisel Bakım;Bayi;56;5498,74;3193,96;Satış
25.07.2026;F001736;Müşteri 38;Deneme Kağıt Havlu 12'li;Kağıt;Bayi;47;8809,16;6422,08;Satış
25.07.2026;F001736;Müşteri 38;Kurgu Yumuşatıcı 3 lt;Temizlik;Bayi;15;2198,85;1482,30;Satış
27.07.2026;F001737;Müşteri 06;Kurgu Yumuşatıcı 3 lt;Temizlik;Zincir market;42;6243,57;4150,44;Satış
27.07.2026;F001737;Müşteri 06;Hayali Bulaşık Tableti 60'lı;Temizlik;Zincir market;15;5189,97;3290,34;Satış
27.07.2026;F001737;Müşteri 06;Kurgu Deterjan 5 kg;Temizlik;Zincir market;39;9286,68;6194,92;Satış
27.07.2026;F001738;Müşteri 29;Deneme Tuvalet Kağıdı 32'li;Kağıt;Bayi;35;9378,41;7378,56;Satış
27.07.2026;F001738;Müşteri 29;Deneme Kağıt Havlu 12'li;Kağıt;Bayi;53;9299,79;7241,92;Satış
27.07.2026;F001739;Müşteri 36;Örnek Şampuan 500 ml;Kişisel Bakım;Bayi;54;5755,83;3129,30;Satış
27.07.2026;F001739;Müşteri 36;Örnek Şampuan 500 ml;Kişisel Bakım;Bayi;27;2860,05;1564,65;Satış
28.07.2026;F001740;Müşteri 39;Kurgu Yumuşatıcı 3 lt;Temizlik;Kurumsal;135;21219,23;13340,70;Satış
28.07.2026;F001741;Müşteri 10;Deneme Kağıt Havlu 12'li;Kağıt;Bayi;33;5976,25;4509,12;Satış
28.07.2026;F001741;Müşteri 10;Hayali Bulaşık Tableti 60'lı;Temizlik;Bayi;21;7488,44;4606,48;Satış
29.07.2026;F001742;Müşteri 23;Kurgu Deterjan 5 kg;Temizlik;Kurumsal;180;42340,57;28591,92;Satış
29.07.2026;F001743;Müşteri 30;Örnek Sıvı Sabun 1,5 lt;Kişisel Bakım;Bayi;51;4879,62;2908,78;Satış
29.07.2026;F001743;Müşteri 30;Deneme Kağıt Havlu 12'li;Kağıt;Bayi;40;7477,26;5465,60;Satış
29.07.2026;F001743;Müşteri 30;Kurgu Yumuşatıcı 3 lt;Temizlik;Bayi;29;4388,42;2865,78;Satış
29.07.2026;F001744;Müşteri 01;Örnek Şampuan 500 ml;Kişisel Bakım;Bayi;28;3019,78;1622,60;Satış
29.07.2026;F001745;Müşteri 01;Örnek Sıvı Sabun 1,5 lt;Kişisel Bakım;Bayi;26;2418,81;1482,91;Satış
29.07.2026;F001745;Müşteri 01;Örnek Sıvı Sabun 1,5 lt;Kişisel Bakım;Bayi;21;2022,52;1197,74;Satış
29.07.2026;F001745;Müşteri 01;Kurgu Deterjan 5 kg;Temizlik;Bayi;43;10035,71;6830,29;Satış
29.07.2026;F001746;Müşteri 18;Örnek Şampuan 500 ml;Kişisel Bakım;Zincir market;90;9317,33;5215,50;Satış
29.07.2026;F001746;Müşteri 18;Deneme Tuvalet Kağıdı 32'li;Kağıt;Zincir market;150;39941,52;31622,40;Satış
29.07.2026;F001746;Müşteri 18;Deneme Tuvalet Kağıdı 32'li;Kağıt;Zincir market;24;6781,11;5059,58;Satış
30.07.2026;F001747;Müşteri 39;Örnek Şampuan 500 ml;Kişisel Bakım;Kurumsal;108;11306,56;6258,60;Satış
30.07.2026;F001747;Müşteri 39;Deneme Tuvalet Kağıdı 32'li;Kağıt;Kurumsal;180;49538,67;37946,88;Satış
30.07.2026;F001747;Müşteri 39;Deneme Kağıt Havlu 12'li;Kağıt;Kurumsal;168;29444,54;22955,52;Satış
30.07.2026;F001748;Müşteri 24;Deneme Kağıt Havlu 12'li;Kağıt;Online;50;8800,49;6832,00;Satış
30.07.2026;F001749;Müşteri 12;Kurgu Deterjan 5 kg;Temizlik;Bayi;31;7579,83;4924,16;Satış
30.07.2026;F001750;Müşteri 08;Örnek Şampuan 500 ml;Kişisel Bakım;Bayi;45;4927,71;2607,75;Satış
30.07.2026;F001751;Müşteri 21;Hayali Bulaşık Tableti 60'lı;Temizlik;Bayi;39;13441,59;8554,88;Satış
31.07.2026;F001752;Müşteri 22;Hayali Bulaşık Tableti 60'lı;Temizlik;Zincir market;75;27210,55;16451,70;Satış
31.07.2026;F001752;Müşteri 22;Kurgu Yumuşatıcı 3 lt;Temizlik;Zincir market;126;19625,62;12451,32;Satış
31.07.2026;F001752;Müşteri 22;Örnek Sıvı Sabun 1,5 lt;Kişisel Bakım;Zincir market;114;10532,43;6501,99;Satış
31.07.2026;F001753;Müşteri 26;Hayali Bulaşık Tableti 60'lı;Temizlik;Zincir market;141;50214,67;30929,20;Satış
31.07.2026;F001753;Müşteri 26;Kurgu Deterjan 5 kg;Temizlik;Zincir market;51;12460,92;8101,04;Satış
01.08.2026;F001754;Müşteri 06;Örnek Şampuan 500 ml;Kişisel Bakım;Zincir market;21;2217,66;1216,95;Satış
01.08.2026;F001755;Müşteri 13;Deneme Kağıt Havlu 12'li;Kağıt;Zincir market;93;16396,69;12707,52;Satış
01.08.2026;F001755;Müşteri 13;Deneme Tuvalet Kağıdı 32'li;Kağıt;Zincir market;174;48637,62;36681,98;Satış
01.08.2026;F001755;Müşteri 13;Kurgu Deterjan 5 kg;Temizlik;Zincir market;72;16805,02;11436,77;Satış
01.08.2026;F001756;Müşteri 23;Örnek Sıvı Sabun 1,5 lt;Kişisel Bakım;Kurumsal;102;9877,17;5817,57;Satış
01.08.2026;F001757;Müşteri 06;Örnek Şampuan 500 ml;Kişisel Bakım;Zincir market;30;3125,24;1738,50;Satış
01.08.2026;F001757;Müşteri 06;Kurgu Deterjan 5 kg;Temizlik;Zincir market;48;11637,05;7624,51;Satış
01.08.2026;F001757;Müşteri 06;Kurgu Yumuşatıcı 3 lt;Temizlik;Zincir market;75;11556,72;7411,50;Satış
03.08.2026;F001758;Müşteri 01;Deneme Tuvalet Kağıdı 32'li;Kağıt;Bayi;28;7587,26;5902,85;Satış
03.08.2026;F001759;Müşteri 16;Hayali Bulaşık Tableti 60'lı;Temizlik;Zincir market;144;51167,92;31587,26;Satış
03.08.2026;F001759;Müşteri 16;Hayali Bulaşık Tableti 60'lı;Temizlik;Zincir market;51;18278,82;11187,16;Satış
03.08.2026;F001760;Müşteri 09;Kurgu Deterjan 5 kg;Temizlik;Kurumsal;87;21051,39;13819,43;Satış
03.08.2026;F001760;Müşteri 09;Kurgu Yumuşatıcı 3 lt;Temizlik;Kurumsal;66;9790,81;6522,12;Satış
04.08.2026;F001761;Müşteri 13;Kurgu Yumuşatıcı 3 lt;Temizlik;Zincir market;48;7633,72;4743,36;Satış
04.08.2026;F001761;Müşteri 13;Örnek Sıvı Sabun 1,5 lt;Kişisel Bakım;Zincir market;147;14083,09;8384,15;Satış
04.08.2026;F001762;Müşteri 06;Örnek Sıvı Sabun 1,5 lt;Kişisel Bakım;Zincir market;126;11994,40;7186,41;Satış
04.08.2026;F001762;Müşteri 06;Hayali Bulaşık Tableti 60'lı;Temizlik;Zincir market;138;48554,24;30271,13;Satış
04.08.2026;F001763;Müşteri 11;Hayali Bulaşık Tableti 60'lı;Temizlik;Bayi;42;14608,55;9212,95;Satış
05.08.2026;F001764;Müşteri 28;Deneme Tuvalet Kağıdı 32'li;Kağıt;Online;56;15455,76;11805,70;Satış
05.08.2026;F001764;Müşteri 28;Örnek Sıvı Sabun 1,5 lt;Kişisel Bakım;Online;18;1710,39;1026,63;Satış
05.08.2026;F001765;Müşteri 33;Hayali Bulaşık Tableti 60'lı;Temizlik;Online;52;18708,57;11406,51;Satış
05.08.2026;F001765;Müşteri 33;Kurgu Deterjan 5 kg;Temizlik;Online;37;9002,40;5877,23;Satış
05.08.2026;F001765;Müşteri 33;Örnek Sıvı Sabun 1,5 lt;Kişisel Bakım;Online;18;1728,52;1026,63;Satış
05.08.2026;F001766;Müşteri 03;Deneme Kağıt Havlu 12'li;Kağıt;Online;47;8611,73;6422,08;Satış
06.08.2026;F001767;Müşteri 38;Örnek Sıvı Sabun 1,5 lt;Kişisel Bakım;Bayi;41;3907,64;2338,44;Satış
06.08.2026;F001767;Müşteri 38;Deneme Kağıt Havlu 12'li;Kağıt;Bayi;7;1249,96;956,48;Satış
06.08.2026;F001768;Müşteri 07;Örnek Sıvı Sabun 1,5 lt;Kişisel Bakım;Bayi;60;5970,35;3422,10;Satış
06.08.2026;F001768;Müşteri 07;Kurgu Yumuşatıcı 3 lt;Temizlik;Bayi;31;4731,09;3063,42;Satış
06.08.2026;F001768;Müşteri 07;Örnek Sıvı Sabun 1,5 lt;Kişisel Bakım;Bayi;46;4577,99;2623,61;Satış
06.08.2026;F001769;Müşteri 12;Örnek Sıvı Sabun 1,5 lt;Kişisel Bakım;Bayi;15;1440,33;855,52;Satış
06.08.2026;F001769;Müşteri 12;Kurgu Yumuşatıcı 3 lt;Temizlik;Bayi;53;7782,16;5237,46;Satış
06.08.2026;F001770;Müşteri 40;Deneme Kağıt Havlu 12'li;Kağıt;Bayi;41;7551,61;5602,24;Satış
06.08.2026;F001770;Müşteri 40;Deneme Tuvalet Kağıdı 32'li;Kağıt;Bayi;30;8138,20;6324,48;Satış
06.08.2026;F001771;Müşteri 16;Deneme Tuvalet Kağıdı 32'li;Kağıt;Zincir market;84;23029,35;17708,54;Satış
06.08.2026;F001771;Müşteri 16;Örnek Şampuan 500 ml;Kişisel Bakım;Zincir market;144;15369,05;8344,80;Satış
07.08.2026;F001772;Müşteri 33;Örnek Şampuan 500 ml;Kişisel Bakım;Online;32;3522,36;1854,40;Satış
07.08.2026;F001773;Müşteri 37;Deneme Kağıt Havlu 12'li;Kağıt;Kurumsal;18;3171,12;2459,52;Satış
07.08.2026;F001773;Müşteri 37;Kurgu Yumuşatıcı 3 lt;Temizlik;Kurumsal;72;11365,54;7115,04;Satış
07.08.2026;F001774;Müşteri 34;Deneme Kağıt Havlu 12'li;Kağıt;Online;53;9317,60;7241,92;Satış
08.08.2026;F001775;Müşteri 06;Hayali Bulaşık Tableti 60'lı;Temizlik;Zincir market;162;55189,47;35535,67;Satış
08.08.2026;F001775;Müşteri 06;Örnek Sıvı Sabun 1,5 lt;Kişisel Bakım;Zincir market;102;9736,25;5817,57;Satış
08.08.2026;F001776;Müşteri 30;Deneme Tuvalet Kağıdı 32'li;Kağıt;Bayi;14;3711,18;2951,42;Satış
10.08.2026;F001777;Müşteri 06;Kurgu Yumuşatıcı 3 lt;Temizlik;Zincir market;177;26399,04;17491,14;Satış
10.08.2026;F001778;Müşteri 06;Kurgu Yumuşatıcı 3 lt;Temizlik;Zincir market;42;6521,84;4150,44;Satış
10.08.2026;F001778;Müşteri 06;Hayali Bulaşık Tableti 60'lı;Temizlik;Zincir market;162;56293,10;35535,67;Satış
10.08.2026;F001778;Müşteri 06;Örnek Şampuan 500 ml;Kişisel Bakım;Zincir market;45;4780,05;2607,75;Satış
10.08.2026;F001779;Müşteri 31;Deneme Tuvalet Kağıdı 32'li;Kağıt;Kurumsal;90;24873,80;18973,44;Satış
10.08.2026;F001779;Müşteri 31;Örnek Şampuan 500 ml;Kişisel Bakım;Kurumsal;141;15017,43;8170,95;Satış
10.08.2026;F001779;Müşteri 31;Örnek Şampuan 500 ml;Kişisel Bakım;Kurumsal;150;15796,34;8692,50;Satış
10.08.2026;F001780;Müşteri 07;Kurgu Yumuşatıcı 3 lt;Temizlik;Bayi;25;3907,01;2470,50;Satış
10.08.2026;F001780;Müşteri 07;Kurgu Yumuşatıcı 3 lt;Temizlik;Bayi;30;4692,31;2964,60;Satış
11.08.2026;F001781;Müşteri 39;Deneme Kağıt Havlu 12'li;Kağıt;Kurumsal;27;4831,25;3689,28;Satış
11.08.2026;F001781;Müşteri 39;Deneme Tuvalet Kağıdı 32'li;Kağıt;Kurumsal;156;44073,97;32887,30;Satış
11.08.2026;F001782;Müşteri 02;Deneme Kağıt Havlu 12'li;Kağıt;Bayi;16;2964,70;2186,24;Satış
11.08.2026;F001783;Müşteri 24;Örnek Sıvı Sabun 1,5 lt;Kişisel Bakım;Online;37;3658,62;2110,30;Satış
11.08.2026;F001783;Müşteri 24;Deneme Kağıt Havlu 12'li;Kağıt;Online;43;7957,13;5875,52;Satış
11.08.2026;F001784;Müşteri 05;Kurgu Yumuşatıcı 3 lt;Temizlik;Zincir market;39;5964,17;3853,98;Satış
11.08.2026;F001784;Müşteri 05;Kurgu Deterjan 5 kg;Temizlik;Zincir market;54;12633,93;8577,58;Satış
11.08.2026;F001784;Müşteri 05;Kurgu Deterjan 5 kg;Temizlik;Zincir market;78;18376,00;12389,83;Satış
11.08.2026;F001785;Müşteri 12;Kurgu Yumuşatıcı 3 lt;Temizlik;Bayi;23;3461,97;2272,86;Satış
11.08.2026;F001785;Müşteri 12;Deneme Tuvalet Kağıdı 32'li;Kağıt;Bayi;57;15471,72;12016,51;Satış
12.08.2026;F001786;Müşteri 12;Örnek Şampuan 500 ml;Kişisel Bakım;Bayi;48;5173,04;2781,60;Satış
12.08.2026;F001787;Müşteri 07;Hayali Bulaşık Tableti 60'lı;Temizlik;Bayi;10;3466,70;2193,56;Satış
12.08.2026;F001787;Müşteri 07;Deneme Tuvalet Kağıdı 32'li;Kağıt;Bayi;11;3029,44;2318,98;Satış
12.08.2026;F001788;Müşteri 26;Kurgu Yumuşatıcı 3 lt;Temizlik;Zincir market;75;11114,75;7411,50;Satış
12.08.2026;F001789;Müşteri 33;Deneme Tuvalet Kağıdı 32'li;Kağıt;Online;34;8867,42;7167,74;Satış
12.08.2026;F001789;Müşteri 33;Deneme Tuvalet Kağıdı 32'li;Kağıt;Online;47;12673,31;9908,35;Satış
12.08.2026;F001790;Müşteri 04;Örnek Şampuan 500 ml;Kişisel Bakım;Zincir market;63;6916,57;3650,85;Satış
12.08.2026;F001790;Müşteri 04;Kurgu Deterjan 5 kg;Temizlik;Zincir market;129;31472,96;20490,88;Satış
13.08.2026;F001791;Müşteri 31;Örnek Sıvı Sabun 1,5 lt;Kişisel Bakım;Kurumsal;177;17092,72;10095,19;Satış
13.08.2026;F001791;Müşteri 31;Örnek Sıvı Sabun 1,5 lt;Kişisel Bakım;Kurumsal;36;3548,84;2053,26;Satış
13.08.2026;F001791;Müşteri 31;Örnek Şampuan 500 ml;Kişisel Bakım;Kurumsal;117;12863,47;6780,15;Satış
13.08.2026;F001792;Müşteri 06;Kurgu Deterjan 5 kg;Temizlik;Zincir market;78;19248,30;12389,83;Satış
13.08.2026;F001793;Müşteri 38;Kurgu Yumuşatıcı 3 lt;Temizlik;Bayi;37;5805,85;3656,34;Satış
13.08.2026;F001793;Müşteri 38;Deneme Tuvalet Kağıdı 32'li;Kağıt;Bayi;60;16251,13;12648,96;Satış
13.08.2026;F001794;Müşteri 04;Örnek Sıvı Sabun 1,5 lt;Kişisel Bakım;Zincir market;21;1958,28;1197,74;Satış
13.08.2026;F001794;Müşteri 04;Örnek Şampuan 500 ml;Kişisel Bakım;Zincir market;102;10855,27;5910,90;Satış
14.08.2026;F001795;Müşteri 17;Örnek Sıvı Sabun 1,5 lt;Kişisel Bakım;Kurumsal;144;13629,93;8213,04;Satış
14.08.2026;F001795;Müşteri 17;Hayali Bulaşık Tableti 60'lı;Temizlik;Kurumsal;18;6343,54;3948,41;Satış
14.08.2026;F001796;Müşteri 12;Örnek Sıvı Sabun 1,5 lt;Kişisel Bakım;Bayi;31;2864,91;1768,09;Satış
14.08.2026;F001796;Müşteri 12;Örnek Sıvı Sabun 1,5 lt;Kişisel Bakım;Bayi;24;2337,10;1368,84;Satış
14.08.2026;F001797;Müşteri 39;Örnek Sıvı Sabun 1,5 lt;Kişisel Bakım;Kurumsal;153;14163,18;8726,36;Satış
14.08.2026;F001798;Müşteri 26;Kurgu Yumuşatıcı 3 lt;Temizlik;Zincir market;30;4601,22;2964,60;Satış
15.08.2026;F001799;Müşteri 32;Örnek Sıvı Sabun 1,5 lt;Kişisel Bakım;Bayi;27;2702,00;1539,94;Satış
15.08.2026;F001799;Müşteri 32;Deneme Tuvalet Kağıdı 32'li;Kağıt;Bayi;44;11707,27;9275,90;Satış
15.08.2026;F001800;Müşteri 34;Örnek Şampuan 500 ml;Kişisel Bakım;Online;7;726,73;405,65;Satış
15.08.2026;F001800;Müşteri 34;Örnek Sıvı Sabun 1,5 lt;Kişisel Bakım;Online;7;654,17;399,25;Satış
15.08.2026;F001800;Müşteri 34;Deneme Tuvalet Kağıdı 32'li;Kağıt;Online;45;12552,82;9486,72;Satış
15.08.2026;F001801;Müşteri 07;Deneme Kağıt Havlu 12'li;Kağıt;Bayi;51;8919,17;6968,64;Satış
15.08.2026;F001801;Müşteri 07;Deneme Tuvalet Kağıdı 32'li;Kağıt;Bayi;52;13904,06;10962,43;Satış
17.08.2026;F001802;Müşteri 17;Deneme Tuvalet Kağıdı 32'li;Kağıt;Kurumsal;156;43765,42;32887,30;Satış
17.08.2026;F001802;Müşteri 17;Hayali Bulaşık Tableti 60'lı;Temizlik;Kurumsal;96;35018,92;21058,18;Satış
17.08.2026;F001802;Müşteri 17;Hayali Bulaşık Tableti 60'lı;Temizlik;Kurumsal;51;18015,38;11187,16;Satış
17.08.2026;F001803;Müşteri 20;Deneme Kağıt Havlu 12'li;Kağıt;Online;39;7277,34;5328,96;Satış
17.08.2026;F001803;Müşteri 20;Kurgu Yumuşatıcı 3 lt;Temizlik;Online;49;7680,16;4842,18;Satış
17.08.2026;F001803;Müşteri 20;Örnek Sıvı Sabun 1,5 lt;Kişisel Bakım;Online;41;3938,90;2338,44;Satış
17.08.2026;F001804;Müşteri 28;Deneme Tuvalet Kağıdı 32'li;Kağıt;Online;49;13630,69;10329,98;Satış
17.08.2026;F001804;Müşteri 28;Örnek Sıvı Sabun 1,5 lt;Kişisel Bakım;Online;37;3613,55;2110,30;Satış
18.08.2026;F001805;Müşteri 19;Kurgu Deterjan 5 kg;Temizlik;Kurumsal;93;21583,65;14772,49;Satış
18.08.2026;F001805;Müşteri 19;Hayali Bulaşık Tableti 60'lı;Temizlik;Kurumsal;93;33086,49;20400,11;Satış
18.08.2026;F001806;Müşteri 18;Örnek Şampuan 500 ml;Kişisel Bakım;Zincir market;129;14218,26;7475,55;Satış
18.08.2026;F001806;Müşteri 18;Deneme Tuvalet Kağıdı 32'li;Kağıt;Zincir market;75;19705,87;15811,20;Satış
18.08.2026;F001807;Müşteri 15;Deneme Tuvalet Kağıdı 32'li;Kağıt;Bayi;25;6638,81;5270,40;Satış
19.08.2026;F001808;Müşteri 38;Deneme Tuvalet Kağıdı 32'li;Kağıt;Bayi;43;11523,66;9065,09;Satış
19.08.2026;F001808;Müşteri 38;Örnek Şampuan 500 ml;Kişisel Bakım;Bayi;35;3901,49;2028,25;Satış
19.08.2026;F001809;Müşteri 01;Örnek Sıvı Sabun 1,5 lt;Kişisel Bakım;Bayi;25;2376,38;1425,88;Satış
19.08.2026;F001809;Müşteri 01;Örnek Şampuan 500 ml;Kişisel Bakım;Bayi;14;1501,85;811,30;Satış
19.08.2026;F001810;Müşteri 32;Deneme Kağıt Havlu 12'li;Kağıt;Bayi;49;8636,93;6695,36;Satış
19.08.2026;F001811;Müşteri 25;Örnek Şampuan 500 ml;Kişisel Bakım;Online;7;763,40;405,65;Satış
19.08.2026;F001811;Müşteri 25;Deneme Kağıt Havlu 12'li;Kağıt;Online;10;1832,32;1366,40;Satış
19.08.2026;F001812;Müşteri 36;Kurgu Deterjan 5 kg;Temizlik;Bayi;18;4370,48;2859,19;Satış
19.08.2026;F001812;Müşteri 36;Deneme Kağıt Havlu 12'li;Kağıt;Bayi;28;4992,07;3825,92;Satış
20.08.2026;F001813;Müşteri 30;Kurgu Yumuşatıcı 3 lt;Temizlik;Bayi;44;6776,46;4348,08;Satış
20.08.2026;F001814;Müşteri 40;Deneme Kağıt Havlu 12'li;Kağıt;Bayi;32;5759,04;4372,48;Satış
20.08.2026;F001814;Müşteri 40;Hayali Bulaşık Tableti 60'lı;Temizlik;Bayi;6;2151,15;1316,14;Satış
20.08.2026;F001815;Müşteri 19;Deneme Tuvalet Kağıdı 32'li;Kağıt;Kurumsal;108;30560,35;22768,13;Satış
20.08.2026;F001815;Müşteri 19;Örnek Şampuan 500 ml;Kişisel Bakım;Kurumsal;117;12204,63;6780,15;Satış
20.08.2026;F001815;Müşteri 19;Deneme Kağıt Havlu 12'li;Kağıt;Kurumsal;177;31074,34;24185,28;Satış
20.08.2026;F001816;Müşteri 26;Kurgu Yumuşatıcı 3 lt;Temizlik;Zincir market;36;5537,86;3557,52;Satış
20.08.2026;F001817;Müşteri 12;Hayali Bulaşık Tableti 60'lı;Temizlik;Bayi;54;19728,52;11845,22;Satış
21.08.2026;F001818;Müşteri 23;Örnek Şampuan 500 ml;Kişisel Bakım;Kurumsal;129;13626,66;7475,55;Satış
21.08.2026;F001819;Müşteri 24;Kurgu Deterjan 5 kg;Temizlik;Online;47;11539,23;7465,67;Satış
21.08.2026;F001819;Müşteri 24;Deneme Tuvalet Kağıdı 32'li;Kağıt;Online;53;14572,78;11173,25;Satış
21.08.2026;F001819;Müşteri 24;Deneme Kağıt Havlu 12'li;Kağıt;Online;39;7087,82;5328,96;Satış
21.08.2026;F001820;Müşteri 15;Örnek Şampuan 500 ml;Kişisel Bakım;Bayi;53;5686,50;3071,35;Satış
21.08.2026;F001820;Müşteri 15;Hayali Bulaşık Tableti 60'lı;Temizlik;Bayi;33;11257,27;7238,75;Satış
21.08.2026;F001821;Müşteri 12;Örnek Sıvı Sabun 1,5 lt;Kişisel Bakım;Bayi;5;482,75;285,18;Satış
21.08.2026;F001821;Müşteri 12;Örnek Sıvı Sabun 1,5 lt;Kişisel Bakım;Bayi;53;5087,96;3022,86;Satış
21.08.2026;F001822;Müşteri 12;Kurgu Deterjan 5 kg;Temizlik;Bayi;29;6944,83;4606,48;Satış
21.08.2026;F001822;Müşteri 12;Örnek Şampuan 500 ml;Kişisel Bakım;Bayi;31;3311,16;1796,45;Satış
21.08.2026;F001822;Müşteri 12;Deneme Tuvalet Kağıdı 32'li;Kağıt;Bayi;6;1647,39;1264,90;Satış
22.08.2026;F001823;Müşteri 39;Deneme Tuvalet Kağıdı 32'li;Kağıt;Kurumsal;93;26222,74;19605,89;Satış
22.08.2026;F001823;Müşteri 39;Örnek Sıvı Sabun 1,5 lt;Kişisel Bakım;Kurumsal;132;12445,16;7528,62;Satış
22.08.2026;F001823;Müşteri 39;Deneme Kağıt Havlu 12'li;Kağıt;Kurumsal;135;24411,21;18446,40;Satış
22.08.2026;F001824;Müşteri 06;Kurgu Deterjan 5 kg;Temizlik;Zincir market;156;37423,93;24779,66;Satış
22.08.2026;F001824;Müşteri 06;Hayali Bulaşık Tableti 60'lı;Temizlik;Zincir market;138;48014,29;30271,13;Satış
24.08.2026;F001825;Müşteri 11;Örnek Sıvı Sabun 1,5 lt;Kişisel Bakım;Bayi;51;5064,00;2908,78;Satış
24.08.2026;F001825;Müşteri 11;Kurgu Yumuşatıcı 3 lt;Temizlik;Bayi;35;5547,46;3458,70;Satış
24.08.2026;F001826;Müşteri 13;Kurgu Yumuşatıcı 3 lt;Temizlik;Zincir market;69;10169,36;6818,58;Satış
24.08.2026;F001826;Müşteri 13;Kurgu Deterjan 5 kg;Temizlik;Zincir market;54;12929,02;8577,58;Satış
24.08.2026;F001827;Müşteri 30;Deneme Tuvalet Kağıdı 32'li;Kağıt;Bayi;43;11635,60;9065,09;Satış
25.08.2026;F001828;Müşteri 30;Deneme Tuvalet Kağıdı 32'li;Kağıt;Bayi;12;3345,03;2529,79;Satış
25.08.2026;F001828;Müşteri 30;Hayali Bulaşık Tableti 60'lı;Temizlik;Bayi;26;9413,47;5703,26;Satış
25.08.2026;F001828;Müşteri 30;Kurgu Yumuşatıcı 3 lt;Temizlik;Bayi;20;3048,93;1976,40;Satış
25.08.2026;F001829;Müşteri 05;Deneme Tuvalet Kağıdı 32'li;Kağıt;Zincir market;21;5795,91;4427,14;Satış
25.08.2026;F001830;Müşteri 27;Örnek Şampuan 500 ml;Kişisel Bakım;Zincir market;180;19185,75;10431,00;Satış
25.08.2026;F001830;Müşteri 27;Hayali Bulaşık Tableti 60'lı;Temizlik;Zincir market;93;33903,94;20400,11;Satış
25.08.2026;F001830;Müşteri 27;Deneme Tuvalet Kağıdı 32'li;Kağıt;Zincir market;117;30804,34;24665,47;Satış
26.08.2026;F001831;Müşteri 29;Hayali Bulaşık Tableti 60'lı;Temizlik;Bayi;51;17252,56;11187,16;Satış
26.08.2026;F001831;Müşteri 29;Hayali Bulaşık Tableti 60'lı;Temizlik;Bayi;30;10823,27;6580,68;Satış
26.08.2026;F001832;Müşteri 03;Örnek Şampuan 500 ml;Kişisel Bakım;Online;50;5572,44;2897,50;Satış
26.08.2026;F001832;Müşteri 03;Deneme Tuvalet Kağıdı 32'li;Kağıt;Online;46;12443,63;9697,54;Satış
27.08.2026;F001833;Müşteri 10;Hayali Bulaşık Tableti 60'lı;Temizlik;Bayi;57;20149,71;12503,29;Satış
27.08.2026;F001833;Müşteri 10;Hayali Bulaşık Tableti 60'lı;Temizlik;Bayi;12;4291,97;2632,27;Satış
27.08.2026;F001834;Müşteri 24;Deneme Tuvalet Kağıdı 32'li;Kağıt;Online;26;6857,76;5481,22;Satış
27.08.2026;F001834;Müşteri 24;Kurgu Yumuşatıcı 3 lt;Temizlik;Online;55;8398,84;5435,10;Satış
28.08.2026;F001835;Müşteri 05;Deneme Tuvalet Kağıdı 32'li;Kağıt;Zincir market;108;29980,01;22768,13;Satış
28.08.2026;F001835;Müşteri 05;Hayali Bulaşık Tableti 60'lı;Temizlik;Zincir market;63;21833,11;13819,43;Satış
28.08.2026;F001836;Müşteri 29;Hayali Bulaşık Tableti 60'lı;Temizlik;Bayi;33;11781,26;7238,75;Satış
28.08.2026;F001836;Müşteri 29;Deneme Kağıt Havlu 12'li;Kağıt;Bayi;22;4018,83;3006,08;Satış
28.08.2026;F001837;Müşteri 09;Deneme Kağıt Havlu 12'li;Kağıt;Kurumsal;69;12012,06;9428,16;Satış
28.08.2026;F001838;Müşteri 24;Örnek Sıvı Sabun 1,5 lt;Kişisel Bakım;Online;50;4730,64;2851,75;Satış
28.08.2026;F001838;Müşteri 24;Deneme Tuvalet Kağıdı 32'li;Kağıt;Online;15;4101,07;3162,24;Satış
28.08.2026;F001838;Müşteri 24;Örnek Sıvı Sabun 1,5 lt;Kişisel Bakım;Online;35;3429,92;1996,23;Satış
29.08.2026;F001839;Müşteri 09;Deneme Kağıt Havlu 12'li;Kağıt;Kurumsal;69;12880,41;9428,16;Satış
29.08.2026;F001840;Müşteri 17;Kurgu Yumuşatıcı 3 lt;Temizlik;Kurumsal;18;2833,20;1778,76;Satış
29.08.2026;F001840;Müşteri 17;Deneme Kağıt Havlu 12'li;Kağıt;Kurumsal;72;12667,46;9838,08;Satış
29.08.2026;F001840;Müşteri 17;Kurgu Deterjan 5 kg;Temizlik;Kurumsal;63;14817,29;10007,17;Satış
29.08.2026;F001841;Müşteri 33;Hayali Bulaşık Tableti 60'lı;Temizlik;Online;38;13239,68;8335,53;Satış
29.08.2026;F001841;Müşteri 33;Deneme Kağıt Havlu 12'li;Kağıt;Online;15;2825,75;2049,60;Satış
29.08.2026;F001841;Müşteri 33;Deneme Tuvalet Kağıdı 32'li;Kağıt;Online;14;3833,85;2951,42;Satış
31.08.2026;F001842;Müşteri 25;Deneme Tuvalet Kağıdı 32'li;Kağıt;Online;15;4204,09;3162,24;Satış
31.08.2026;F001842;Müşteri 25;Örnek Şampuan 500 ml;Kişisel Bakım;Online;16;1719,56;927,20;Satış
31.08.2026;F001843;Müşteri 25;Deneme Tuvalet Kağıdı 32'li;Kağıt;Online;9;2414,71;1897,34;Satış
31.08.2026;F001844;Müşteri 20;Kurgu Yumuşatıcı 3 lt;Temizlik;Online;14;2101,44;1383,48;Satış
31.08.2026;F001845;Müşteri 08;Kurgu Yumuşatıcı 3 lt;Temizlik;Bayi;27;4128,64;2668,14;Satış
31.08.2026;F001845;Müşteri 08;Deneme Kağıt Havlu 12'li;Kağıt;Bayi;45;8432,32;6148,80;Satış
31.08.2026;F001845;Müşteri 08;Hayali Bulaşık Tableti 60'lı;Temizlik;Bayi;52;18786,87;11406,51;Satış
01.09.2026;F001846;Müşteri 13;Deneme Tuvalet Kağıdı 32'li;Kağıt;Zincir market;21;5661,02;4427,14;Satış
01.09.2026;F001846;Müşteri 13;Kurgu Deterjan 5 kg;Temizlik;Zincir market;78;18566,73;12389,83;Satış
01.09.2026;F001847;Müşteri 18;Deneme Kağıt Havlu 12'li;Kağıt;Zincir market;177;32725,88;24185,28;Satış
01.09.2026;F001847;Müşteri 18;Hayali Bulaşık Tableti 60'lı;Temizlik;Zincir market;30;10948,05;6580,68;Satış
01.09.2026;F001847;Müşteri 18;Kurgu Deterjan 5 kg;Temizlik;Zincir market;99;23681,82;15725,56;Satış
01.09.2026;F001848;Müşteri 16;Örnek Sıvı Sabun 1,5 lt;Kişisel Bakım;Zincir market;168;16499,15;9581,88;Satış
02.09.2026;F001849;Müşteri 15;Deneme Tuvalet Kağıdı 32'li;Kağıt;Bayi;34;8995,17;7167,74;Satış
02.09.2026;F001849;Müşteri 15;Deneme Kağıt Havlu 12'li;Kağıt;Bayi;22;4004,73;3006,08;Satış
02.09.2026;F001849;Müşteri 15;Kurgu Deterjan 5 kg;Temizlik;Bayi;52;12050,63;8259,89;Satış
02.09.2026;F001850;Müşteri 05;Deneme Kağıt Havlu 12'li;Kağıt;Zincir market;72;12572,30;9838,08;Satış
02.09.2026;F001851;Müşteri 15;Deneme Kağıt Havlu 12'li;Kağıt;Bayi;53;9671,20;7241,92;Satış
03.09.2026;F001852;Müşteri 21;Kurgu Deterjan 5 kg;Temizlik;Bayi;17;4036,78;2700,35;Satış
03.09.2026;F001852;Müşteri 21;Örnek Şampuan 500 ml;Kişisel Bakım;Bayi;10;1074,01;579,50;Satış
03.09.2026;F001852;Müşteri 21;Kurgu Deterjan 5 kg;Temizlik;Bayi;39;9346,73;6194,92;Satış
03.09.2026;F001853;Müşteri 39;Örnek Sıvı Sabun 1,5 lt;Kişisel Bakım;Kurumsal;123;11359,43;7015,31;Satış
03.09.2026;F001853;Müşteri 39;Örnek Şampuan 500 ml;Kişisel Bakım;Kurumsal;180;20024,63;10431,00;Satış
04.09.2026;F001854;Müşteri 13;Hayali Bulaşık Tableti 60'lı;Temizlik;Zincir market;135;47859,69;29613,06;Satış
04.09.2026;F001854;Müşteri 13;Örnek Şampuan 500 ml;Kişisel Bakım;Zincir market;15;1580,85;869,25;Satış
04.09.2026;F001854;Müşteri 13;Örnek Şampuan 500 ml;Kişisel Bakım;Zincir market;129;13617,24;7475,55;Satış
04.09.2026;F001855;Müşteri 12;Deneme Kağıt Havlu 12'li;Kağıt;Bayi;35;6351,19;4782,40;Satış
04.09.2026;F001855;Müşteri 12;Deneme Tuvalet Kağıdı 32'li;Kağıt;Bayi;24;6396,71;5059,58;Satış
04.09.2026;F001856;Müşteri 35;Örnek Sıvı Sabun 1,5 lt;Kişisel Bakım;Online;22;2149,73;1254,77;Satış
04.09.2026;F001857;Müşteri 33;Deneme Tuvalet Kağıdı 32'li;Kağıt;Online;33;8681,29;6956,93;Satış
04.09.2026;F001857;Müşteri 33;Hayali Bulaşık Tableti 60'lı;Temizlik;Online;16;5612,87;3509,70;Satış
04.09.2026;F001858;Müşteri 21;Örnek Şampuan 500 ml;Kişisel Bakım;Bayi;36;3765,42;2086,20;Satış
04.09.2026;F001858;Müşteri 21;Kurgu Deterjan 5 kg;Temizlik;Bayi;53;12536,63;8418,73;Satış
04.09.2026;F001858;Müşteri 21;Örnek Sıvı Sabun 1,5 lt;Kişisel Bakım;Bayi;11;1096,71;627,38;Satış
05.09.2026;F001859;Müşteri 13;Hayali Bulaşık Tableti 60'lı;Temizlik;Zincir market;57;19538,21;12503,29;Satış
05.09.2026;F001860;Müşteri 33;Örnek Sıvı Sabun 1,5 lt;Kişisel Bakım;Online;54;5212,72;3079,89;Satış
05.09.2026;F001860;Müşteri 33;Kurgu Deterjan 5 kg;Temizlik;Online;48;11228,37;7624,51;Satış
05.09.2026;F001861;Müşteri 40;Deneme Kağıt Havlu 12'li;Kağıt;Bayi;48;8449,49;6558,72;Satış
07.09.2026;F001862;Müşteri 11;Deneme Kağıt Havlu 12'li;Kağıt;Bayi;47;8275,26;6422,08;Satış
07.09.2026;F001863;Müşteri 34;Deneme Tuvalet Kağıdı 32'li;Kağıt;Online;43;11971,80;9065,09;Satış
07.09.2026;F001863;Müşteri 34;Hayali Bulaşık Tableti 60'lı;Temizlik;Online;51;17565,38;11187,16;Satış
07.09.2026;F001864;Müşteri 17;Hayali Bulaşık Tableti 60'lı;Temizlik;Kurumsal;174;60103,27;38167,94;Satış
07.09.2026;F001864;Müşteri 17;Kurgu Yumuşatıcı 3 lt;Temizlik;Kurumsal;72;10858,24;7115,04;Satış
07.09.2026;F001865;Müşteri 23;Örnek Sıvı Sabun 1,5 lt;Kişisel Bakım;Kurumsal;99;9380,01;5646,47;Satış
07.09.2026;F001865;Müşteri 23;Deneme Kağıt Havlu 12'li;Kağıt;Kurumsal;90;16669,42;12297,60;Satış
07.09.2026;F001865;Müşteri 23;Kurgu Deterjan 5 kg;Temizlik;Kurumsal;159;39211,04;25256,20;Satış
07.09.2026;F001866;Müşteri 04;Örnek Sıvı Sabun 1,5 lt;Kişisel Bakım;Zincir market;138;13625,88;7870,83;Satış
07.09.2026;F001866;Müşteri 04;Örnek Şampuan 500 ml;Kişisel Bakım;Zincir market;162;17105,76;9387,90;Satış
08.09.2026;F001867;Müşteri 14;Deneme Tuvalet Kağıdı 32'li;Kağıt;Zincir market;63;16835,04;13281,41;Satış
08.09.2026;F001867;Müşteri 14;Örnek Sıvı Sabun 1,5 lt;Kişisel Bakım;Zincir market;18;1707,45;1026,63;Satış
08.09.2026;F001867;Müşteri 14;Hayali Bulaşık Tableti 60'lı;Temizlik;Zincir market;87;30107,82;19083,97;Satış
08.09.2026;F001868;Müşteri 36;Kurgu Yumuşatıcı 3 lt;Temizlik;Bayi;56;8360,56;5533,92;Satış
08.09.2026;F001868;Müşteri 36;Deneme Kağıt Havlu 12'li;Kağıt;Bayi;33;6158,83;4509,12;Satış
08.09.2026;F001868;Müşteri 36;Kurgu Deterjan 5 kg;Temizlik;Bayi;9;2095,16;1429,60;Satış
08.09.2026;F001869;Müşteri 21;Örnek Şampuan 500 ml;Kişisel Bakım;Bayi;51;5530,92;2955,45;Satış
08.09.2026;F001869;Müşteri 21;Kurgu Deterjan 5 kg;Temizlik;Bayi;54;13016,61;8577,58;Satış
08.09.2026;F001869;Müşteri 21;Deneme Tuvalet Kağıdı 32'li;Kağıt;Bayi;50;13578,92;10540,80;Satış
09.09.2026;F001870;Müşteri 04;Kurgu Deterjan 5 kg;Temizlik;Zincir market;135;31693,89;21443,94;Satış
09.09.2026;F001871;Müşteri 35;Örnek Şampuan 500 ml;Kişisel Bakım;Online;23;2394,94;1332,85;Satış
09.09.2026;F001871;Müşteri 35;Kurgu Yumuşatıcı 3 lt;Temizlik;Online;52;7669,94;5138,64;Satış
09.09.2026;F001872;Müşteri 27;Hayali Bulaşık Tableti 60'lı;Temizlik;Zincir market;42;14859,44;9212,95;Satış
09.09.2026;F001873;Müşteri 37;Deneme Kağıt Havlu 12'li;Kağıt;Kurumsal;30;5409,46;4099,20;Satış
09.09.2026;F001874;Müşteri 21;Deneme Kağıt Havlu 12'li;Kağıt;Bayi;53;9734,78;7241,92;Satış
09.09.2026;F001874;Müşteri 21;Deneme Kağıt Havlu 12'li;Kağıt;Bayi;38;7069,54;5192,32;Satış
09.09.2026;F001874;Müşteri 21;Deneme Tuvalet Kağıdı 32'li;Kağıt;Bayi;6;1582,36;1264,90;Satış
10.09.2026;F001875;Müşteri 24;Deneme Tuvalet Kağıdı 32'li;Kağıt;Online;18;4764,89;3794,69;Satış
10.09.2026;F001875;Müşteri 24;Örnek Şampuan 500 ml;Kişisel Bakım;Online;19;2038,03;1101,05;Satış
10.09.2026;F001876;Müşteri 22;Deneme Tuvalet Kağıdı 32'li;Kağıt;Zincir market;150;39961,87;31622,40;Satış
10.09.2026;F001877;Müşteri 39;Kurgu Deterjan 5 kg;Temizlik;Kurumsal;39;8983,21;6194,92;Satış
10.09.2026;F001877;Müşteri 39;Örnek Şampuan 500 ml;Kişisel Bakım;Kurumsal;96;10241,86;5563,20;Satış
10.09.2026;F001877;Müşteri 39;Örnek Şampuan 500 ml;Kişisel Bakım;Kurumsal;168;17398,54;9735,60;Satış
10.09.2026;F001878;Müşteri 34;Deneme Kağıt Havlu 12'li;Kağıt;Online;28;4870,34;3825,92;Satış
11.09.2026;F001879;Müşteri 33;Hayali Bulaşık Tableti 60'lı;Temizlik;Online;39;13686,43;8554,88;Satış
11.09.2026;F001879;Müşteri 33;Deneme Kağıt Havlu 12'li;Kağıt;Online;26;4765,22;3552,64;Satış
11.09.2026;F001880;Müşteri 05;Kurgu Deterjan 5 kg;Temizlik;Zincir market;120;29214,05;19061,28;Satış
11.09.2026;F001880;Müşteri 05;Deneme Kağıt Havlu 12'li;Kağıt;Zincir market;45;8359,11;6148,80;Satış
11.09.2026;F001880;Müşteri 05;Hayali Bulaşık Tableti 60'lı;Temizlik;Zincir market;177;60021,29;38826,01;Satış
12.09.2026;F001881;Müşteri 05;Örnek Şampuan 500 ml;Kişisel Bakım;Zincir market;171;18060,15;9909,45;Satış
12.09.2026;F001881;Müşteri 05;Örnek Şampuan 500 ml;Kişisel Bakım;Zincir market;156;16301,53;9040,20;Satış
12.09.2026;F001881;Müşteri 05;Örnek Sıvı Sabun 1,5 lt;Kişisel Bakım;Zincir market;27;2530,81;1539,94;Satış
12.09.2026;F001882;Müşteri 37;Örnek Şampuan 500 ml;Kişisel Bakım;Kurumsal;114;12555,62;6606,30;Satış
12.09.2026;F001882;Müşteri 37;Deneme Tuvalet Kağıdı 32'li;Kağıt;Kurumsal;171;48227,69;36049,54;Satış
12.09.2026;F001883;Müşteri 02;Deneme Kağıt Havlu 12'li;Kağıt;Bayi;23;3997,22;3142,72;Satış
12.09.2026;F001883;Müşteri 02;Hayali Bulaşık Tableti 60'lı;Temizlik;Bayi;29;9775,56;6361,32;Satış
14.09.2026;F001884;Müşteri 10;Hayali Bulaşık Tableti 60'lı;Temizlik;Bayi;19;6719,11;4167,76;Satış
14.09.2026;F001884;Müşteri 10;Hayali Bulaşık Tableti 60'lı;Temizlik;Bayi;25;8802,88;5483,90;Satış
14.09.2026;F001885;Müşteri 13;Örnek Sıvı Sabun 1,5 lt;Kişisel Bakım;Zincir market;150;14885,21;8555,25;Satış
14.09.2026;F001885;Müşteri 13;Kurgu Yumuşatıcı 3 lt;Temizlik;Zincir market;51;7976,76;5039,82;Satış
14.09.2026;F001885;Müşteri 13;Kurgu Yumuşatıcı 3 lt;Temizlik;Zincir market;72;10718,65;7115,04;Satış
14.09.2026;F001886;Müşteri 02;Deneme Kağıt Havlu 12'li;Kağıt;Bayi;59;10283,22;8061,76;Satış
14.09.2026;F001886;Müşteri 02;Kurgu Yumuşatıcı 3 lt;Temizlik;Bayi;39;5888,90;3853,98;Satış
14.09.2026;F001886;Müşteri 02;Kurgu Deterjan 5 kg;Temizlik;Bayi;25;6130,85;3971,10;Satış
14.09.2026;F001887;Müşteri 15;Kurgu Yumuşatıcı 3 lt;Temizlik;Bayi;17;2557,08;1679,94;Satış
14.09.2026;F001887;Müşteri 15;Örnek Şampuan 500 ml;Kişisel Bakım;Bayi;22;2314,87;1274,90;Satış
14.09.2026;F001887;Müşteri 15;Kurgu Yumuşatıcı 3 lt;Temizlik;Bayi;54;8158,56;5336,28;Satış
14.09.2026;F001888;Müşteri 09;Kurgu Deterjan 5 kg;Temizlik;Kurumsal;174;42937,88;27638,86;Satış
14.09.2026;F001888;Müşteri 09;Kurgu Deterjan 5 kg;Temizlik;Kurumsal;99;24272,22;15725,56;Satış
15.09.2026;F001889;Müşteri 25;Örnek Şampuan 500 ml;Kişisel Bakım;Online;33;3521,49;1912,35;Satış
15.09.2026;F001890;Müşteri 14;Deneme Kağıt Havlu 12'li;Kağıt;Zincir market;171;30023,96;23365,44;Satış
15.09.2026;F001890;Müşteri 14;Kurgu Yumuşatıcı 3 lt;Temizlik;Zincir market;111;17559,63;10969,02;Satış
15.09.2026;F001891;Müşteri 34;Kurgu Yumuşatıcı 3 lt;Temizlik;Online;53;7909,06;5237,46;Satış
16.09.2026;F001892;Müşteri 21;Kurgu Yumuşatıcı 3 lt;Temizlik;Bayi;18;2863,99;1778,76;Satış
16.09.2026;F001892;Müşteri 21;Hayali Bulaşık Tableti 60'lı;Temizlik;Bayi;37;12841,48;8116,17;Satış
16.09.2026;F001893;Müşteri 17;Kurgu Deterjan 5 kg;Temizlik;Kurumsal;102;23286,20;16202,09;Satış
16.09.2026;F001893;Müşteri 17;Örnek Şampuan 500 ml;Kişisel Bakım;Kurumsal;168;17958,98;9735,60;Satış
16.09.2026;F001893;Müşteri 17;Hayali Bulaşık Tableti 60'lı;Temizlik;Kurumsal;33;11448,21;7238,75;Satış
16.09.2026;F001894;Müşteri 20;Örnek Şampuan 500 ml;Kişisel Bakım;Online;59;6429,77;3419,05;Satış
16.09.2026;F001895;Müşteri 15;Kurgu Deterjan 5 kg;Temizlik;Bayi;46;11073,78;7306,82;Satış
16.09.2026;F001895;Müşteri 15;Örnek Şampuan 500 ml;Kişisel Bakım;Bayi;35;3614,60;2028,25;Satış
16.09.2026;F001895;Müşteri 15;Örnek Sıvı Sabun 1,5 lt;Kişisel Bakım;Bayi;51;4970,99;2908,78;Satış
17.09.2026;F001896;Müşteri 16;Deneme Kağıt Havlu 12'li;Kağıt;Zincir market;15;2634,43;2049,60;Satış
17.09.2026;F001897;Müşteri 10;Deneme Tuvalet Kağıdı 32'li;Kağıt;Bayi;35;9723,50;7378,56;Satış
17.09.2026;F001898;Müşteri 04;Hayali Bulaşık Tableti 60'lı;Temizlik;Zincir market;54;19541,99;11845,22;Satış
17.09.2026;F001898;Müşteri 04;Deneme Tuvalet Kağıdı 32'li;Kağıt;Zincir market;69;18558,61;14546,30;Satış
17.09.2026;F001898;Müşteri 04;Örnek Şampuan 500 ml;Kişisel Bakım;Zincir market;171;17877,08;9909,45;Satış
18.09.2026;F001899;Müşteri 12;Kurgu Deterjan 5 kg;Temizlik;Bayi;55;12715,72;8736,42;Satış
18.09.2026;F001899;Müşteri 12;Örnek Şampuan 500 ml;Kişisel Bakım;Bayi;18;1905,78;1043,10;Satış
18.09.2026;F001900;Müşteri 24;Deneme Kağıt Havlu 12'li;Kağıt;Online;25;4353,15;3416,00;Satış
18.09.2026;F001900;Müşteri 24;Kurgu Deterjan 5 kg;Temizlik;Online;26;5942,06;4129,94;Satış
18.09.2026;F001901;Müşteri 31;Deneme Tuvalet Kağıdı 32'li;Kağıt;Kurumsal;180;47486,55;37946,88;Satış
19.09.2026;F001902;Müşteri 39;Deneme Kağıt Havlu 12'li;Kağıt;Kurumsal;45;7923,83;6148,80;Satış
19.09.2026;F001902;Müşteri 39;Kurgu Deterjan 5 kg;Temizlik;Kurumsal;81;19906,71;12866,36;Satış
19.09.2026;F001902;Müşteri 39;Kurgu Deterjan 5 kg;Temizlik;Kurumsal;93;23023,63;14772,49;Satış
19.09.2026;F001903;Müşteri 08;Örnek Şampuan 500 ml;Kişisel Bakım;Bayi;31;3435,11;1796,45;Satış
19.09.2026;F001903;Müşteri 08;Deneme Kağıt Havlu 12'li;Kağıt;Bayi;33;5798,96;4509,12;Satış
19.09.2026;F001904;Müşteri 39;Kurgu Deterjan 5 kg;Temizlik;Kurumsal;72;17094,03;11436,77;Satış
19.09.2026;F001904;Müşteri 39;Örnek Sıvı Sabun 1,5 lt;Kişisel Bakım;Kurumsal;39;3699,80;2224,37;Satış
19.09.2026;F001904;Müşteri 39;Deneme Kağıt Havlu 12'li;Kağıt;Kurumsal;84;15804,52;11477,76;Satış
19.09.2026;F001905;Müşteri 07;Örnek Şampuan 500 ml;Kişisel Bakım;Bayi;52;5750,43;3013,40;Satış
19.09.2026;F001905;Müşteri 07;Deneme Kağıt Havlu 12'li;Kağıt;Bayi;17;2985,14;2322,88;Satış
19.09.2026;F001906;Müşteri 33;Hayali Bulaşık Tableti 60'lı;Temizlik;Online;14;4803,91;3070,98;Satış
21.09.2026;F001907;Müşteri 26;Deneme Kağıt Havlu 12'li;Kağıt;Zincir market;33;5856,47;4509,12;Satış
21.09.2026;F001907;Müşteri 26;Örnek Sıvı Sabun 1,5 lt;Kişisel Bakım;Zincir market;48;4710,42;2737,68;Satış
21.09.2026;F001908;Müşteri 20;Deneme Tuvalet Kağıdı 32'li;Kağıt;Online;34;9373,33;7167,74;Satış
21.09.2026;F001908;Müşteri 20;Deneme Kağıt Havlu 12'li;Kağıt;Online;38;6931,71;5192,32;Satış
22.09.2026;F001909;Müşteri 21;Örnek Sıvı Sabun 1,5 lt;Kişisel Bakım;Bayi;47;4391,74;2680,64;Satış
22.09.2026;F001909;Müşteri 21;Deneme Tuvalet Kağıdı 32'li;Kağıt;Bayi;59;15417,85;12438,14;Satış
22.09.2026;F001910;Müşteri 25;Kurgu Deterjan 5 kg;Temizlik;Online;55;12754,45;8736,42;Satış
22.09.2026;F001910;Müşteri 25;Kurgu Yumuşatıcı 3 lt;Temizlik;Online;5;741,89;494,10;Satış
22.09.2026;F001910;Müşteri 25;Kurgu Deterjan 5 kg;Temizlik;Online;58;14136,43;9212,95;Satış
22.09.2026;F001911;Müşteri 11;Örnek Sıvı Sabun 1,5 lt;Kişisel Bakım;Bayi;5;484,33;285,18;Satış
22.09.2026;F001911;Müşteri 11;Örnek Şampuan 500 ml;Kişisel Bakım;Bayi;59;6266,75;3419,05;Satış
23.09.2026;F001912;Müşteri 29;Örnek Şampuan 500 ml;Kişisel Bakım;Bayi;44;4641,51;2549,80;Satış
23.09.2026;F001913;Müşteri 29;Deneme Tuvalet Kağıdı 32'li;Kağıt;Bayi;22;6058,67;4637,95;Satış
23.09.2026;F001914;Müşteri 33;Örnek Sıvı Sabun 1,5 lt;Kişisel Bakım;Online;16;1509,19;912,56;Satış
23.09.2026;F001914;Müşteri 33;Hayali Bulaşık Tableti 60'lı;Temizlik;Online;60;21047,88;13161,36;Satış
23.09.2026;F001915;Müşteri 36;Deneme Tuvalet Kağıdı 32'li;Kağıt;Bayi;11;3032,46;2318,98;Satış
23.09.2026;F001915;Müşteri 36;Örnek Sıvı Sabun 1,5 lt;Kişisel Bakım;Bayi;53;5111,38;3022,86;Satış
23.09.2026;F001916;Müşteri 05;Örnek Şampuan 500 ml;Kişisel Bakım;Zincir market;138;14263,67;7997,10;Satış
23.09.2026;F001916;Müşteri 05;Deneme Kağıt Havlu 12'li;Kağıt;Zincir market;39;6829,86;5328,96;Satış
24.09.2026;F001917;Müşteri 08;Deneme Tuvalet Kağıdı 32'li;Kağıt;Bayi;23;6058,33;4848,77;Satış
24.09.2026;F001917;Müşteri 08;Örnek Sıvı Sabun 1,5 lt;Kişisel Bakım;Bayi;24;2301,78;1368,84;Satış
24.09.2026;F001917;Müşteri 08;Deneme Kağıt Havlu 12'li;Kağıt;Bayi;10;1882,91;1366,40;Satış
24.09.2026;F001918;Müşteri 33;Örnek Şampuan 500 ml;Kişisel Bakım;Online;57;6359,67;3303,15;Satış
25.09.2026;F001919;Müşteri 10;Kurgu Yumuşatıcı 3 lt;Temizlik;Bayi;54;7925,53;5336,28;Satış
25.09.2026;F001919;Müşteri 10;Deneme Tuvalet Kağıdı 32'li;Kağıt;Bayi;52;13965,26;10962,43;Satış
25.09.2026;F001919;Müşteri 10;Deneme Kağıt Havlu 12'li;Kağıt;Bayi;54;9503,37;7378,56;Satış
25.09.2026;F001920;Müşteri 34;Kurgu Deterjan 5 kg;Temizlik;Online;56;13358,54;8895,26;Satış
25.09.2026;F001920;Müşteri 34;Deneme Kağıt Havlu 12'li;Kağıt;Online;19;3499,30;2596,16;Satış
25.09.2026;F001920;Müşteri 34;Deneme Kağıt Havlu 12'li;Kağıt;Online;15;2690,28;2049,60;Satış
25.09.2026;F001921;Müşteri 07;Kurgu Yumuşatıcı 3 lt;Temizlik;Bayi;45;6958,79;4446,90;Satış
25.09.2026;F001921;Müşteri 07;Deneme Kağıt Havlu 12'li;Kağıt;Bayi;19;3542,21;2596,16;Satış
25.09.2026;F001921;Müşteri 07;Hayali Bulaşık Tableti 60'lı;Temizlik;Bayi;50;17049,28;10967,80;Satış
26.09.2026;F001922;Müşteri 13;Kurgu Deterjan 5 kg;Temizlik;Zincir market;90;21046,84;14295,96;Satış
26.09.2026;F001922;Müşteri 13;Deneme Kağıt Havlu 12'li;Kağıt;Zincir market;93;17409,15;12707,52;Satış
26.09.2026;F001923;Müşteri 30;Kurgu Yumuşatıcı 3 lt;Temizlik;Bayi;51;8084,10;5039,82;Satış
26.09.2026;F001923;Müşteri 30;Kurgu Deterjan 5 kg;Temizlik;Bayi;9;2096,63;1429,60;Satış
26.09.2026;F001924;Müşteri 36;Örnek Sıvı Sabun 1,5 lt;Kişisel Bakım;Bayi;18;1794,29;1026,63;Satış
26.09.2026;F001924;Müşteri 36;Deneme Kağıt Havlu 12'li;Kağıt;Bayi;43;8091,95;5875,52;Satış
26.09.2026;F001924;Müşteri 36;Kurgu Deterjan 5 kg;Temizlik;Bayi;53;12513,90;8418,73;Satış
26.09.2026;F001925;Müşteri 10;Hayali Bulaşık Tableti 60'lı;Temizlik;Bayi;15;5383,67;3290,34;Satış
26.09.2026;F001925;Müşteri 10;Hayali Bulaşık Tableti 60'lı;Temizlik;Bayi;20;6959,70;4387,12;Satış
26.09.2026;F001926;Müşteri 11;Örnek Şampuan 500 ml;Kişisel Bakım;Bayi;30;3253,07;1738,50;Satış
26.09.2026;F001926;Müşteri 11;Kurgu Yumuşatıcı 3 lt;Temizlik;Bayi;58;8759,25;5731,56;Satış
26.09.2026;F001926;Müşteri 11;Kurgu Yumuşatıcı 3 lt;Temizlik;Bayi;22;3263,61;2174,04;Satış
28.09.2026;F001927;Müşteri 14;Kurgu Yumuşatıcı 3 lt;Temizlik;Zincir market;144;21609,59;14230,08;Satış
28.09.2026;F001927;Müşteri 14;Örnek Sıvı Sabun 1,5 lt;Kişisel Bakım;Zincir market;15;1460,78;855,52;Satış
28.09.2026;F001928;Müşteri 34;Deneme Kağıt Havlu 12'li;Kağıt;Online;11;2038,86;1503,04;Satış
28.09.2026;F001928;Müşteri 34;Deneme Kağıt Havlu 12'li;Kağıt;Online;35;6202,10;4782,40;Satış
28.09.2026;F001929;Müşteri 29;Hayali Bulaşık Tableti 60'lı;Temizlik;Bayi;12;4228,51;2632,27;Satış
28.09.2026;F001929;Müşteri 29;Deneme Kağıt Havlu 12'li;Kağıt;Bayi;34;5984,58;4645,76;Satış
29.09.2026;F001930;Müşteri 18;Örnek Şampuan 500 ml;Kişisel Bakım;Zincir market;174;19335,50;10083,30;Satış
29.09.2026;F001931;Müşteri 08;Örnek Şampuan 500 ml;Kişisel Bakım;Bayi;32;3468,10;1854,40;Satış
29.09.2026;F001931;Müşteri 08;Deneme Tuvalet Kağıdı 32'li;Kağıt;Bayi;49;13727,49;10329,98;Satış
29.09.2026;F001931;Müşteri 08;Örnek Şampuan 500 ml;Kişisel Bakım;Bayi;53;5604,36;3071,35;Satış
29.09.2026;F001932;Müşteri 34;Kurgu Deterjan 5 kg;Temizlik;Online;51;12236,74;8101,04;Satış
29.09.2026;F001933;Müşteri 39;Kurgu Yumuşatıcı 3 lt;Temizlik;Kurumsal;180;28329,83;17787,60;Satış
29.09.2026;F001933;Müşteri 39;Örnek Şampuan 500 ml;Kişisel Bakım;Kurumsal;174;19039,77;10083,30;Satış
30.09.2026;F001934;Müşteri 07;Hayali Bulaşık Tableti 60'lı;Temizlik;Bayi;51;18256,48;11187,16;Satış
30.09.2026;F001934;Müşteri 07;Örnek Sıvı Sabun 1,5 lt;Kişisel Bakım;Bayi;45;4335,78;2566,57;Satış
30.09.2026;F001935;Müşteri 27;Hayali Bulaşık Tableti 60'lı;Temizlik;Zincir market;63;23014,22;13819,43;Satış
30.09.2026;F001935;Müşteri 27;Kurgu Deterjan 5 kg;Temizlik;Zincir market;15;3449,71;2382,66;Satış
30.09.2026;F001935;Müşteri 27;Hayali Bulaşık Tableti 60'lı;Temizlik;Zincir market;108;37113,08;23690,45;Satış
